review_id,product_type,brand,rating,feedback_text,bert_topic,bert_topic_label,bert_topic_confidence
EV1000,EV Car,Tata Nexon EV,4,"No proper information on how battery degrades over time, company should be transparent.",1,"Topic 1: range, transparent, proper, time company, proper information, battery degrades",0.20627612860575542
EV1001,EV Car,Tesla Model 3,4,"The real world range is much lower than advertised, I only get 100 km on a full charge.",1,"Topic 1: range, transparent, proper, time company, proper information, battery degrades",1.0
EV1002,EV Car,MG ZS EV,4,Emergency braking and collision alert systems work really well in traffic.,0,"Topic 0: collision, systems, braking collision, collision alert, systems work, really traffic",0.01524501052497059
EV1003,EV Car,Mahindra XUV400,4,"Loved the color options and the overall styling of the vehicle. Suspension is too stiff, ride quality is uncomfortable on bad roads.",8,"Topic 8: vehicle good, test ratings, test, purchase decision, ratings, ratings reassured",0.033004562882756376
EV1004,EV Car,Hyundai Kona,4,"Love the app that shows nearby charging stations, very convenient feature.",8,"Topic 8: vehicle good, test ratings, test, purchase decision, ratings, ratings reassured",0.01113673678581985
EV1005,EV Scooter,Ampere Magnus,4,Advanced safety features like ABS and traction control give peace of mind.,10,"Topic 10: battery replacement, cost half, half price, concerning, price vehicle, vehicle concerning",0.00149710114097826
EV1006,EV Scooter,Ola S1,3,Zero tailpipe emissions is the main reason I chose an electric vehicle.,19,"Topic 19: chose, chose electric, emissions, emissions main, reason, reason chose",1.0
EV1007,EV Car,Tata Nexon EV,4,"Running cost is much lower than petrol, saving a lot on fuel every month.",9,"Topic 9: lot, better, expected, attracts lot, attracts, looks futuristic",0.009745946988304461
EV1008,EV Scooter,TVS iQube,4,The motor is powerful and pickup is much better than petrol variants. Concerned about environmental impact of battery disposal and recycling.,9,"Topic 9: lot, better, expected, attracts lot, attracts, looks futuristic",1.0
EV1009,EV Car,BYD Atto 3,3,"Battery replacement cost is almost half the price of the vehicle, very concerning.",10,"Topic 10: battery replacement, cost half, half price, concerning, price vehicle, vehicle concerning",1.0
EV1010,EV Scooter,TVS iQube,3,The upfront price is high but government subsidy makes it affordable.,2,"Topic 2: makes, high, size makes, park, easy, maneuver",0.0016667260434011448
EV1011,EV Scooter,Bajaj Chetak,5,Concerned about environmental impact of battery disposal and recycling.,12,"Topic 12: battery disposal, environmental, disposal, disposal recycling, concerned, concerned environmental",1.0
EV1012,EV Car,Tesla Model 3,4,"Battery health dropped to 85% within 18 months of daily use. There are very few authorized service centers, had to travel 5 km for repair.",13,"Topic 13: 18, 18 months, 85, 85 18, health dropped, months daily",1.0
EV1013,EV Scooter,Hero Vida V1,4,The motor is powerful and pickup is much better than petrol variants.,9,"Topic 9: lot, better, expected, attracts lot, attracts, looks futuristic",1.0
EV1014,EV Car,BYD Atto 3,4,Home charging setup was expensive and took weeks to install.,11,"Topic 11: home, bluetooth, riding frustrating, connectivity, bluetooth connectivity, drops frequently",1.0
EV1015,EV Car,Tesla Model 3,5,"Storage space under the seat is very limited, not practical for daily use.",5,"Topic 5: air software, improving, great feature, keeps improving, updates great, improving time",1.0
EV1016,EV Scooter,Ampere Magnus,4,"Charging takes too long, almost 6 hours for a full charge at home. Stability control on wet roads is impressive and inspires confidence.",3,"Topic 3: low, stability control, control wet, impressive, impressive inspires, wet",0.010396015455196998
EV1017,EV Scooter,Ola S1,4,"The companion app keeps crashing, needs urgent software updates.",17,"Topic 17: app keeps, crashing, crashing needs, companion app, companion, urgent software",1.0
EV1018,EV Scooter,Ampere Magnus,4,"Had a great experience with the service team, they explained everything clearly.",8,"Topic 8: vehicle good, test ratings, test, purchase decision, ratings, ratings reassured",1.0
EV1019,EV Car,MG ZS EV,4,Battery range degrades faster than expected after just one year of use. Acceleration is smooth and instant torque makes overtaking effortless.,9,"Topic 9: lot, better, expected, attracts lot, attracts, looks futuristic",1.0
EV1020,EV Car,Hyundai Kona,5,"Running cost is much lower than petrol, saving a lot on fuel every month.",9,"Topic 9: lot, better, expected, attracts lot, attracts, looks futuristic",0.009748750520590703
EV1021,EV Car,Tesla Model 3,5,Battery health dropped to 85% within 18 months of daily use.,13,"Topic 13: 18, 18 months, 85, 85 18, health dropped, months daily",1.0
EV1022,EV Scooter,Ampere Magnus,4,"Energy used to charge still comes mostly from coal in my region, defeats the purpose somewhat. LED lighting and digital dashboard give it a premium, modern look. Price after subsidy is still higher than a comparable petrol scooter.",6,"Topic 6: coal, defeats purpose, defeats, coal region, comes coal, comes",0.7696989027119853
EV1023,EV Scooter,Bajaj Chetak,4,"Over the air software updates are a great feature, keeps improving over time. Public chargers are often broken or occupied, need more charging stations urgently. Resale value of electric vehicles is still uncertain, worried about depreciation.",5,"Topic 5: air software, improving, great feature, keeps improving, updates great, improving time",1.0
EV1024,EV Car,BYD Atto 3,3,"Range drops badly in winter, I lost almost 30% range in cold weather.",23,"Topic 23: 30 range, badly, badly winter, cold weather, drops badly, cold",1.0
EV1025,EV Car,MG ZS EV,3,Fast charging network needs serious expansion on highways.,2,"Topic 2: makes, high, size makes, park, easy, maneuver",1.0
EV1026,EV Scooter,Hero Vida V1,3,"Zero tailpipe emissions is the main reason I chose an electric vehicle. Smart key and app based lock features work flawlessly, very convenient.",19,"Topic 19: chose, chose electric, emissions, emissions main, reason, reason chose",1.0
EV1027,EV Scooter,Bajaj Chetak,4,Loved the color options and the overall styling of the vehicle.,24,"Topic 24: braking, braking feels, braking works, responsive, regenerative braking, responsive regenerative",0.033073133006838014
EV1028,EV Scooter,Bajaj Chetak,5,For daily commute the range is fine but long trips are stressful because of low range.,1,"Topic 1: range, transparent, proper, time company, proper information, battery degrades",1.0
EV1029,EV Scooter,Ola S1,4,"Read reports about battery fires, safety is my biggest concern before buying. Bluetooth connectivity drops frequently while riding, very frustrating.",11,"Topic 11: home, bluetooth, riding frustrating, connectivity, bluetooth connectivity, drops frequently",1.0
EV1030,EV Car,Hyundai Kona,4,"The companion app keeps crashing, needs urgent software updates. Advanced safety features like ABS and traction control give peace of mind.",17,"Topic 17: app keeps, crashing, crashing needs, companion app, companion, urgent software",1.0
EV1031,EV Car,Tata Nexon EV,3,"Bluetooth connectivity drops frequently while riding, very frustrating.",11,"Topic 11: home, bluetooth, riding frustrating, connectivity, bluetooth connectivity, drops frequently",1.0
EV1032,EV Car,Mahindra XUV400,3,"Range anxiety is real, I plan every trip around charging stops now. LED lighting and digital dashboard give it a premium, modern look.",20,"Topic 20: dashboard, caused, freeze twice, glitches, freeze, glitches caused",0.0006139865863921499
EV1033,EV Scooter,TVS iQube,5,Battery health dropped to 85% within 18 months of daily use.,13,"Topic 13: 18, 18 months, 85, 85 18, health dropped, months daily",1.0
EV1034,EV Scooter,Ather 450X,5,Acceleration is smooth and instant torque makes overtaking effortless.,23,"Topic 23: 30 range, badly, badly winter, cold weather, drops badly, cold",1.0
EV1035,EV Car,BYD Atto 3,3,"Battery performance is stable even after two years of heavy usage. Range drops badly in winter, I lost almost 30% range in cold weather.",23,"Topic 23: 30 range, badly, badly winter, cold weather, drops badly, cold",0.08825772129472723
EV1036,EV Car,Tata Nexon EV,3,"Finding a working charging station in my city is still very difficult. Running cost is much lower than petrol, saving a lot on fuel every month.",0,"Topic 0: collision, systems, braking collision, collision alert, systems work, really traffic",1.0
EV1037,EV Scooter,Hero Vida V1,4,"Braking system feels sharp and responsive, regenerative braking works well. Insurance premium for EV is surprisingly high compared to petrol vehicles.",24,"Topic 24: braking, braking feels, braking works, responsive, regenerative braking, responsive regenerative",1.0
EV1038,EV Car,Tesla Model 3,5,"Charging infrastructure in tier 2 and tier 3 cities is almost non-existent. Range drops badly in winter, I lost almost 30% range in cold weather.",16,"Topic 16: tier, surprisingly, surprisingly high, compared petrol, insurance premium, insurance",1.0
EV1039,EV Car,BYD Atto 3,4,The battery warranty of 100 years gives me confidence in long term reliability.,4,"Topic 4: big motivation, big, motivation going, motivation, contributing, going",1.0
EV1040,EV Car,Hyundai Kona,4,Stability control on wet roads is impressive and inspires confidence.,3,"Topic 3: low, stability control, control wet, impressive, impressive inspires, wet",1.0
EV1041,EV Scooter,Ampere Magnus,4,Home charging setup was expensive and took weeks to install.,11,"Topic 11: home, bluetooth, riding frustrating, connectivity, bluetooth connectivity, drops frequently",1.0
EV1042,EV Scooter,Ola S1,3,"After sales support has been excellent, quick response and doorstep service.",21,"Topic 21: cost warranty, battery degradation, warranty ends, ends, degradation replacement, worried battery",1.0
EV1043,EV Car,Tesla Model 3,5,Emergency braking and collision alert systems work really well in traffic.,0,"Topic 0: collision, systems, braking collision, collision alert, systems work, really traffic",0.015254685014420316
EV1044,EV Scooter,Ola S1,3,"I'm always worried about running out of charge before reaching my destination. Concerned about environmental impact of battery disposal and recycling. Suspension is too stiff, ride quality is uncomfortable on bad roads.",12,"Topic 12: battery disposal, environmental, disposal, disposal recycling, concerned, concerned environmental",0.0414493487233424
EV1045,EV Scooter,Ampere Magnus,3,"Home charging setup was expensive and took weeks to install. Energy used to charge still comes mostly from coal in my region, defeats the purpose somewhat.",6,"Topic 6: coal, defeats purpose, defeats, coal region, comes coal, comes",1.0
EV1046,EV Car,Hyundai Kona,4,"Range anxiety is real, I plan every trip around charging stops now.",15,"Topic 15: highway, discount, ev subsidy, delayed discount, subsidy scheme, state got",0.0006139871922681649
EV1047,EV Scooter,Ola S1,4,"Love the app that shows nearby charging stations, very convenient feature.",8,"Topic 8: vehicle good, test ratings, test, purchase decision, ratings, ratings reassured",0.01113657970728447
EV1048,EV Scooter,Ampere Magnus,5,"Battery health dropped to 85% within 18 months of daily use. Build materials feel sturdy but the design is a bit too plain compared to rivals. AC usage kills the range, on hot days I barely get half the claimed distance.",13,"Topic 13: 18, 18 months, 85, 85 18, health dropped, months daily",0.9471895810565474
EV1049,EV Scooter,Hero Vida V1,5,"Finding a working charging station in my city is still very difficult. LED lighting and digital dashboard give it a premium, modern look.",0,"Topic 0: collision, systems, braking collision, collision alert, systems work, really traffic",1.0
EV1050,EV Scooter,Ather 450X,5,"There are very few authorized service centers, had to travel 80 km for repair. Price after subsidy is still higher than a comparable petrol scooter.",6,"Topic 6: coal, defeats purpose, defeats, coal region, comes coal, comes",0.005800634754560807
EV1051,EV Scooter,TVS iQube,4,"Noise levels are impressively low, riding experience is very smooth and quiet. Stability control on wet roads is impressive and inspires confidence.",3,"Topic 3: low, stability control, control wet, impressive, impressive inspires, wet",0.19806197972764675
EV1052,EV Scooter,Ola S1,4,Concerned about environmental impact of battery disposal and recycling.,12,"Topic 12: battery disposal, environmental, disposal, disposal recycling, concerned, concerned environmental",1.0
EV1053,EV Car,Tata Nexon EV,4,Compact size makes it easy to park and maneuver in city traffic.,2,"Topic 2: makes, high, size makes, park, easy, maneuver",0.09151193190113724
EV1054,EV Car,Mahindra XUV400,3,"Compact size makes it easy to park and maneuver in city traffic. Claimed range of 250 km is misleading, actual range is way less in city traffic.",2,"Topic 2: makes, high, size makes, park, easy, maneuver",0.08959250173704904
EV1055,EV Scooter,Ola S1,4,"Charging takes too long, almost 6 hours for a full charge at home.",11,"Topic 11: home, bluetooth, riding frustrating, connectivity, bluetooth connectivity, drops frequently",0.010413899101479138
EV1056,EV Scooter,Hero Vida V1,4,Customer support over phone is helpful and resolves issues quickly.,0,"Topic 0: collision, systems, braking collision, collision alert, systems work, really traffic",1.0
EV1057,EV Car,MG ZS EV,4,"Energy used to charge still comes mostly from coal in my region, defeats the purpose somewhat.",6,"Topic 6: coal, defeats purpose, defeats, coal region, comes coal, comes",1.0
EV1058,EV Scooter,Bajaj Chetak,3,Insurance premium for EV is surprisingly high compared to petrol vehicles.,16,"Topic 16: tier, surprisingly, surprisingly high, compared petrol, insurance premium, insurance",1.0
EV1059,EV Scooter,Bajaj Chetak,5,"Stability control on wet roads is impressive and inspires confidence. The companion app keeps crashing, needs urgent software updates. The battery warranty of 20 years gives me confidence in long term reliability.",17,"Topic 17: app keeps, crashing, crashing needs, companion app, companion, urgent software",0.8695288450621866
EV1060,EV Scooter,Ola S1,4,The upfront price is high but government subsidy makes it affordable. Battery health dropped to 85% within 18 months of daily use. Battery range degrades faster than expected after just one year of use.,13,"Topic 13: 18, 18 months, 85, 85 18, health dropped, months daily",1.0
EV1061,EV Car,Mahindra XUV400,3,"Storage space under the seat is very limited, not practical for daily use.",5,"Topic 5: air software, improving, great feature, keeps improving, updates great, improving time",1.0
EV1062,EV Scooter,Ather 450X,4,"Interior quality feels cheap for the price point, needs improvement.",18,"Topic 18: infotainment, infotainment lags, touchscreen, touchscreen infotainment, lags intuitive, lags",1.0
EV1063,EV Car,Tesla Model 3,4,Charging infrastructure in tier 2 and tier 3 cities is almost non-existent.,16,"Topic 16: tier, surprisingly, surprisingly high, compared petrol, insurance premium, insurance",1.0
EV1064,EV Car,Mahindra XUV400,4,"LED lighting and digital dashboard give it a premium, modern look.",20,"Topic 20: dashboard, caused, freeze twice, glitches, freeze, glitches caused",0.04841093981619801
EV1065,EV Scooter,Ather 450X,3,EV subsidy scheme in my state got delayed and the discount amount reduced suddenly.,15,"Topic 15: highway, discount, ev subsidy, delayed discount, subsidy scheme, state got",1.0
EV1066,EV Scooter,Hero Vida V1,4,"Charging takes too long, almost 6 hours for a full charge at home.",11,"Topic 11: home, bluetooth, riding frustrating, connectivity, bluetooth connectivity, drops frequently",0.01035911508725247
EV1067,EV Car,Hyundai Kona,4,Battery health dropped to 85% within 18 months of daily use.,13,"Topic 13: 18, 18 months, 85, 85 18, health dropped, months daily",1.0
EV1068,EV Car,Mahindra XUV400,4,"Loved the color options and the overall styling of the vehicle. Energy used to charge still comes mostly from coal in my region, defeats the purpose somewhat.",6,"Topic 6: coal, defeats purpose, defeats, coal region, comes coal, comes",0.03322679428343825
EV1069,EV Scooter,Bajaj Chetak,5,"LED lighting and digital dashboard give it a premium, modern look. For daily commute the range is fine but long trips are stressful because of low range.",1,"Topic 1: range, transparent, proper, time company, proper information, battery degrades",0.0490538493762132
EV1070,EV Scooter,Ola S1,5,Compact size makes it easy to park and maneuver in city traffic.,2,"Topic 2: makes, high, size makes, park, easy, maneuver",0.09136192607106415
EV1071,EV Car,Mahindra XUV400,5,"The companion app keeps crashing, needs urgent software updates.",17,"Topic 17: app keeps, crashing, crashing needs, companion app, companion, urgent software",1.0
EV1072,EV Scooter,TVS iQube,4,Battery performance is stable even after two years of heavy usage.,9,"Topic 9: lot, better, expected, attracts lot, attracts, looks futuristic",0.08866316458256952
EV1073,EV Car,Mahindra XUV400,4,"Battery replacement cost is almost half the price of the vehicle, very concerning.",10,"Topic 10: battery replacement, cost half, half price, concerning, price vehicle, vehicle concerning",1.0
EV1074,EV Car,Tata Nexon EV,5,"For the price, I expected better build quality and more features.",9,"Topic 9: lot, better, expected, attracts lot, attracts, looks futuristic",0.42214736581409273
EV1075,EV Scooter,TVS iQube,5,"Had a great experience with the service team, they explained everything clearly.",8,"Topic 8: vehicle good, test ratings, test, purchase decision, ratings, ratings reassured",1.0
EV1076,EV Car,Mahindra XUV400,5,The motor is powerful and pickup is much better than petrol variants.,9,"Topic 9: lot, better, expected, attracts lot, attracts, looks futuristic",1.0
EV1077,EV Car,Tesla Model 3,3,The upfront price is high but government subsidy makes it affordable.,2,"Topic 2: makes, high, size makes, park, easy, maneuver",0.0016632324938517116
EV1078,EV Car,MG ZS EV,4,Contributing to a cleaner city is a big motivation behind going electric. EV subsidy scheme in my state got delayed and the discount amount reduced suddenly.,4,"Topic 4: big motivation, big, motivation going, motivation, contributing, going",0.21212316245950727
EV1079,EV Scooter,Ather 450X,4,Finding a working charging station in my city is still very difficult.,0,"Topic 0: collision, systems, braking collision, collision alert, systems work, really traffic",1.0
EV1080,EV Scooter,Ampere Magnus,4,Fast charging network needs serious expansion on highways.,2,"Topic 2: makes, high, size makes, park, easy, maneuver",1.0
EV1081,EV Car,Tesla Model 3,5,Concerned about environmental impact of battery disposal and recycling. For daily commute the range is fine but long trips are stressful because of low range.,1,"Topic 1: range, transparent, proper, time company, proper information, battery degrades",1.0
EV1082,EV Scooter,Ola S1,4,"Bluetooth connectivity drops frequently while riding, very frustrating. Love the app that shows nearby charging stations, very convenient feature.",11,"Topic 11: home, bluetooth, riding frustrating, connectivity, bluetooth connectivity, drops frequently",1.0
EV1083,EV Scooter,Hero Vida V1,5,Stability control on wet roads is impressive and inspires confidence.,3,"Topic 3: low, stability control, control wet, impressive, impressive inspires, wet",1.0
EV1084,EV Scooter,Ampere Magnus,3,Concerned about environmental impact of battery disposal and recycling.,12,"Topic 12: battery disposal, environmental, disposal, disposal recycling, concerned, concerned environmental",1.0
EV1085,EV Scooter,Ather 450X,5,"For the price, I expected better build quality and more features.",9,"Topic 9: lot, better, expected, attracts lot, attracts, looks futuristic",0.422175262582773
EV1086,EV Scooter,TVS iQube,5,Battery health dropped to 85% within 18 months of daily use. Touchscreen infotainment system lags and is not very intuitive to use.,13,"Topic 13: 18, 18 months, 85, 85 18, health dropped, months daily",1.0
EV1087,EV Scooter,TVS iQube,5,Advanced safety features like ABS and traction control give peace of mind.,10,"Topic 10: battery replacement, cost half, half price, concerning, price vehicle, vehicle concerning",0.001496546840446987
EV1088,EV Car,Tata Nexon EV,4,"Read reports about battery fires, safety is my biggest concern before buying.",12,"Topic 12: battery disposal, environmental, disposal, disposal recycling, concerned, concerned environmental",0.019765757734697475
EV1089,EV Scooter,Hero Vida V1,5,"Charging takes too long, almost 6 hours for a full charge at home.",11,"Topic 11: home, bluetooth, riding frustrating, connectivity, bluetooth connectivity, drops frequently",0.010384637095375722
EV1090,EV Car,Mahindra XUV400,4,Navigation system integrated with range prediction is genuinely useful.,8,"Topic 8: vehicle good, test ratings, test, purchase decision, ratings, ratings reassured",0.029241624236100317
EV1091,EV Scooter,Bajaj Chetak,3,"After sales support has been excellent, quick response and doorstep service. Zero tailpipe emissions is the main reason I chose an electric vehicle.",19,"Topic 19: chose, chose electric, emissions, emissions main, reason, reason chose",1.0
EV1092,EV Car,Tesla Model 3,5,"Read reports about battery fires, safety is my biggest concern before buying. Battery health dropped to 85% within 18 months of daily use.",12,"Topic 12: battery disposal, environmental, disposal, disposal recycling, concerned, concerned environmental",0.019794178877250525
EV1093,EV Scooter,TVS iQube,4,"There are very few authorized service centers, had to travel 250 km for repair.",10,"Topic 10: battery replacement, cost half, half price, concerning, price vehicle, vehicle concerning",0.003667629581579393
EV1094,EV Car,Hyundai Kona,4,Service center staff are not well trained to handle EV specific issues.,7,"Topic 7: ev, good knowing, knowing, feels good, carbon footprint, knowing reducing",1.0
EV1095,EV Car,BYD Atto 3,5,"Charging takes too long, almost 6 hours for a full charge at home. Battery range degrades faster than expected after just one year of use.",9,"Topic 9: lot, better, expected, attracts lot, attracts, looks futuristic",0.010402545201578389
EV1096,EV Scooter,Bajaj Chetak,3,"Service center staff are not well trained to handle EV specific issues. Smart key and app based lock features work flawlessly, very convenient.",7,"Topic 7: ev, good knowing, knowing, feels good, carbon footprint, knowing reducing",1.0
EV1097,EV Car,Mahindra XUV400,4,Battery health dropped to 85% within 18 months of daily use.,13,"Topic 13: 18, 18 months, 85, 85 18, health dropped, months daily",1.0
EV1098,EV Scooter,Ola S1,5,"Energy used to charge still comes mostly from coal in my region, defeats the purpose somewhat.",6,"Topic 6: coal, defeats purpose, defeats, coal region, comes coal, comes",1.0
EV1099,EV Car,BYD Atto 3,4,"After sales support has been excellent, quick response and doorstep service. Compact size makes it easy to park and maneuver in city traffic.",2,"Topic 2: makes, high, size makes, park, easy, maneuver",0.09126259658644678
EV1100,EV Car,BYD Atto 3,5,"There are very few authorized service centers, had to travel 150 km for repair. Home charging setup was expensive and took weeks to install.",10,"Topic 10: battery replacement, cost half, half price, concerning, price vehicle, vehicle concerning",0.003667412107978858
EV1101,EV Car,MG ZS EV,4,Contributing to a cleaner city is a big motivation behind going electric.,4,"Topic 4: big motivation, big, motivation going, motivation, contributing, going",0.19992685765103585
EV1102,EV Scooter,Ola S1,3,"The companion app keeps crashing, needs urgent software updates.",17,"Topic 17: app keeps, crashing, crashing needs, companion app, companion, urgent software",1.0
EV1103,EV Car,Hyundai Kona,5,"Read reports about battery fires, safety is my biggest concern before buying.",12,"Topic 12: battery disposal, environmental, disposal, disposal recycling, concerned, concerned environmental",0.019856519360126196
EV1104,EV Car,Hyundai Kona,4,"Battery performance is stable even after two years of heavy usage. Waiting time for service appointment is too long, more service centers needed.",14,"Topic 14: service, bit plain, design bit, compared rivals, bit, materials feel",0.0882735018094164
EV1105,EV Scooter,Bajaj Chetak,4,"Storage space under the seat is very limited, not practical for daily use. Service center staff are not well trained to handle EV specific issues. Navigation system integrated with range prediction is genuinely useful.",7,"Topic 7: ev, good knowing, knowing, feels good, carbon footprint, knowing reducing",0.02939243680735363
EV1106,EV Car,Mahindra XUV400,3,"The real world range is much lower than advertised, I only get 8 km on a full charge. Charging takes too long, almost 6 hours for a full charge at home. The upfront price is high but government subsidy makes it affordable.",1,"Topic 1: range, transparent, proper, time company, proper information, battery degrades",1.0
EV1107,EV Car,Mahindra XUV400,5,Contributing to a cleaner city is a big motivation behind going electric.,4,"Topic 4: big motivation, big, motivation going, motivation, contributing, going",0.19961837032961643
EV1108,EV Scooter,Ola S1,3,Handling and stability at high speed feels very confident and safe. Zero tailpipe emissions is the main reason I chose an electric vehicle.,19,"Topic 19: chose, chose electric, emissions, emissions main, reason, reason chose",1.0
EV1109,EV Scooter,Bajaj Chetak,4,"Emergency braking and collision alert systems work really well in traffic. Range drops badly in winter, I lost almost 30% range in cold weather.",0,"Topic 0: collision, systems, braking collision, collision alert, systems work, really traffic",0.015273937683552003
EV1110,EV Scooter,TVS iQube,4,"Emergency braking and collision alert systems work really well in traffic. The real world range is much lower than advertised, I only get 150 km on a full charge. Navigation system integrated with range prediction is genuinely useful.",0,"Topic 0: collision, systems, braking collision, collision alert, systems work, really traffic",0.015267874229538287
EV1111,EV Scooter,Ampere Magnus,5,EV subsidy scheme in my state got delayed and the discount amount reduced suddenly.,15,"Topic 15: highway, discount, ev subsidy, delayed discount, subsidy scheme, state got",1.0
EV1112,EV Car,Hyundai Kona,4,I'm always worried about running out of charge before reaching my destination. EV subsidy scheme in my state got delayed and the discount amount reduced suddenly.,15,"Topic 15: highway, discount, ev subsidy, delayed discount, subsidy scheme, state got",1.0
EV1113,EV Car,BYD Atto 3,4,"Public chargers are often broken or occupied, need more charging stations urgently. Software glitches caused the dashboard to freeze twice in a month.",0,"Topic 0: collision, systems, braking collision, collision alert, systems work, really traffic",0.008612468896234064
EV1114,EV Car,Mahindra XUV400,4,"Storage space under the seat is very limited, not practical for daily use. Over the air software updates are a great feature, keeps improving over time.",5,"Topic 5: air software, improving, great feature, keeps improving, updates great, improving time",1.0
EV1115,EV Scooter,Ampere Magnus,5,"Energy used to charge still comes mostly from coal in my region, defeats the purpose somewhat.",6,"Topic 6: coal, defeats purpose, defeats, coal region, comes coal, comes",1.0
EV1116,EV Car,Tata Nexon EV,4,"Advanced safety features like ABS and traction control give peace of mind. After sales support has been excellent, quick response and doorstep service.",21,"Topic 21: cost warranty, battery degradation, warranty ends, ends, degradation replacement, worried battery",0.0014944416686481874
EV1117,EV Scooter,Ampere Magnus,4,"The vehicle has good crash test ratings which reassured my purchase decision. Navigation system integrated with range prediction is genuinely useful. Noise levels are impressively low, riding experience is very smooth and quiet.",8,"Topic 8: vehicle good, test ratings, test, purchase decision, ratings, ratings reassured",1.0
EV1118,EV Scooter,TVS iQube,5,Insurance premium for EV is surprisingly high compared to petrol vehicles.,16,"Topic 16: tier, surprisingly, surprisingly high, compared petrol, insurance premium, insurance",1.0
EV1119,EV Car,Hyundai Kona,4,"Worried about battery degradation and replacement cost after warranty ends. Over the air software updates are a great feature, keeps improving over time.",5,"Topic 5: air software, improving, great feature, keeps improving, updates great, improving time",1.0
EV1120,EV Scooter,Ola S1,4,Software glitches caused the dashboard to freeze twice in a month. I'm always worried about running out of charge before reaching my destination.,20,"Topic 20: dashboard, caused, freeze twice, glitches, freeze, glitches caused",0.8245774103611023
EV1121,EV Scooter,Hero Vida V1,4,"After sales support has been excellent, quick response and doorstep service.",21,"Topic 21: cost warranty, battery degradation, warranty ends, ends, degradation replacement, worried battery",1.0
EV1122,EV Scooter,Hero Vida V1,4,Build quality feels premium and the ride is extremely comfortable.,18,"Topic 18: infotainment, infotainment lags, touchscreen, touchscreen infotainment, lags intuitive, lags",0.010277424129887977
EV1123,EV Car,BYD Atto 3,3,"Running cost is much lower than petrol, saving a lot on fuel every month.",9,"Topic 9: lot, better, expected, attracts lot, attracts, looks futuristic",0.00974848623109106
EV1124,EV Scooter,Ola S1,3,Service center staff are not well trained to handle EV specific issues.,7,"Topic 7: ev, good knowing, knowing, feels good, carbon footprint, knowing reducing",1.0
EV1125,EV Car,Hyundai Kona,4,"Suspension is too stiff, ride quality is uncomfortable on bad roads. Interior quality feels cheap for the price point, needs improvement.",8,"Topic 8: vehicle good, test ratings, test, purchase decision, ratings, ratings reassured",0.181622487385643
EV1126,EV Scooter,Ampere Magnus,3,"Highway charging stops are rare, long distance travel is a nightmare.",15,"Topic 15: highway, discount, ev subsidy, delayed discount, subsidy scheme, state got",1.0
EV1127,EV Car,Mahindra XUV400,3,"Spare parts availability is a major issue, waited a month for a replacement part.",0,"Topic 0: collision, systems, braking collision, collision alert, systems work, really traffic",0.1903690898603418
EV1128,EV Scooter,Hero Vida V1,4,"Advanced safety features like ABS and traction control give peace of mind. Battery replacement cost is almost half the price of the vehicle, very concerning.",10,"Topic 10: battery replacement, cost half, half price, concerning, price vehicle, vehicle concerning",1.0
EV1129,EV Scooter,Ampere Magnus,3,"Smart key and app based lock features work flawlessly, very convenient.",22,"Topic 22: app based, based, based lock, features work, flawlessly, flawlessly convenient",1.0
EV1130,EV Scooter,Ather 450X,5,Insurance premium for EV is surprisingly high compared to petrol vehicles.,16,"Topic 16: tier, surprisingly, surprisingly high, compared petrol, insurance premium, insurance",1.0
EV1131,EV Scooter,Ampere Magnus,5,The design looks futuristic and attracts a lot of attention on the road. Customer support over phone is helpful and resolves issues quickly.,9,"Topic 9: lot, better, expected, attracts lot, attracts, looks futuristic",1.0
EV1132,EV Car,BYD Atto 3,4,Zero tailpipe emissions is the main reason I chose an electric vehicle. The motor is powerful and pickup is much better than petrol variants.,19,"Topic 19: chose, chose electric, emissions, emissions main, reason, reason chose",1.0
EV1133,EV Scooter,Hero Vida V1,4,"Had a great experience with the service team, they explained everything clearly.",8,"Topic 8: vehicle good, test ratings, test, purchase decision, ratings, ratings reassured",1.0
EV1134,EV Scooter,Ola S1,4,"Waiting time for service appointment is too long, more service centers needed. Noise levels are impressively low, riding experience is very smooth and quiet.",3,"Topic 3: low, stability control, control wet, impressive, impressive inspires, wet",0.1989074318596949
EV1135,EV Car,MG ZS EV,3,"Heard about a thermal runaway incident, this has shaken my trust in EV safety.",7,"Topic 7: ev, good knowing, knowing, feels good, carbon footprint, knowing reducing",0.0017462307894026234
EV1136,EV Scooter,Ather 450X,3,Handling and stability at high speed feels very confident and safe.,2,"Topic 2: makes, high, size makes, park, easy, maneuver",1.0
EV1137,EV Scooter,Ola S1,5,The vehicle has good crash test ratings which reassured my purchase decision.,8,"Topic 8: vehicle good, test ratings, test, purchase decision, ratings, ratings reassured",1.0
EV1138,EV Car,Mahindra XUV400,4,Touchscreen infotainment system lags and is not very intuitive to use.,18,"Topic 18: infotainment, infotainment lags, touchscreen, touchscreen infotainment, lags intuitive, lags",1.0
EV1139,EV Scooter,Ampere Magnus,3,The upfront price is high but government subsidy makes it affordable. Navigation system integrated with range prediction is genuinely useful.,2,"Topic 2: makes, high, size makes, park, easy, maneuver",0.029234421308550165
EV1140,EV Scooter,Ampere Magnus,4,"Service center staff are not well trained to handle EV specific issues. Interior quality feels cheap for the price point, needs improvement.",7,"Topic 7: ev, good knowing, knowing, feels good, carbon footprint, knowing reducing",1.0
EV1141,EV Car,Tata Nexon EV,5,Home charging setup was expensive and took weeks to install. Insurance premium for EV is surprisingly high compared to petrol vehicles.,16,"Topic 16: tier, surprisingly, surprisingly high, compared petrol, insurance premium, insurance",1.0
EV1142,EV Scooter,TVS iQube,4,Build materials feel sturdy but the design is a bit too plain compared to rivals.,14,"Topic 14: service, bit plain, design bit, compared rivals, bit, materials feel",1.0
EV1143,EV Car,Mahindra XUV400,3,"Build quality feels premium and the ride is extremely comfortable. For the price, I expected better build quality and more features.",9,"Topic 9: lot, better, expected, attracts lot, attracts, looks futuristic",0.010276079635631492
EV1144,EV Car,Hyundai Kona,4,For daily commute the range is fine but long trips are stressful because of low range.,1,"Topic 1: range, transparent, proper, time company, proper information, battery degrades",1.0
EV1145,EV Scooter,Ather 450X,5,The upfront price is high but government subsidy makes it affordable.,2,"Topic 2: makes, high, size makes, park, easy, maneuver",0.0016671447455372335
EV1146,EV Car,Hyundai Kona,3,Fast charging network needs serious expansion on highways.,2,"Topic 2: makes, high, size makes, park, easy, maneuver",1.0
EV1147,EV Car,MG ZS EV,4,"Had a great experience with the service team, they explained everything clearly.",8,"Topic 8: vehicle good, test ratings, test, purchase decision, ratings, ratings reassured",1.0
EV1148,EV Car,MG ZS EV,5,I'm always worried about running out of charge before reaching my destination.,15,"Topic 15: highway, discount, ev subsidy, delayed discount, subsidy scheme, state got",0.04144897205024384
EV1149,EV Car,Hyundai Kona,5,I'm always worried about running out of charge before reaching my destination.,15,"Topic 15: highway, discount, ev subsidy, delayed discount, subsidy scheme, state got",0.04150388737831082
EV1150,EV Scooter,Ola S1,4,"Public chargers are often broken or occupied, need more charging stations urgently.",0,"Topic 0: collision, systems, braking collision, collision alert, systems work, really traffic",0.008566029537101697
EV1151,EV Scooter,Bajaj Chetak,5,"Over the air software updates are a great feature, keeps improving over time. Heard about a thermal runaway incident, this has shaken my trust in EV safety.",5,"Topic 5: air software, improving, great feature, keeps improving, updates great, improving time",1.0
EV1152,EV Car,Tesla Model 3,3,"For daily commute the range is fine but long trips are stressful because of low range. Bluetooth connectivity drops frequently while riding, very frustrating.",1,"Topic 1: range, transparent, proper, time company, proper information, battery degrades",1.0
EV1153,EV Car,Mahindra XUV400,4,Handling and stability at high speed feels very confident and safe. Battery health dropped to 85% within 18 months of daily use.,2,"Topic 2: makes, high, size makes, park, easy, maneuver",1.0
EV1154,EV Scooter,Ampere Magnus,3,"Service center staff are not well trained to handle EV specific issues. Smart key and app based lock features work flawlessly, very convenient. Build materials feel sturdy but the design is a bit too plain compared to rivals.",7,"Topic 7: ev, good knowing, knowing, feels good, carbon footprint, knowing reducing",1.0
EV1155,EV Car,Tesla Model 3,4,"Resale value of electric vehicles is still uncertain, worried about depreciation. LED lighting and digital dashboard give it a premium, modern look.",5,"Topic 5: air software, improving, great feature, keeps improving, updates great, improving time",0.04643143472602833
EV1156,EV Scooter,Bajaj Chetak,5,Loved the color options and the overall styling of the vehicle.,24,"Topic 24: braking, braking feels, braking works, responsive, regenerative braking, responsive regenerative",0.03307091894633559
EV1157,EV Scooter,TVS iQube,4,"Public chargers are often broken or occupied, need more charging stations urgently.",0,"Topic 0: collision, systems, braking collision, collision alert, systems work, really traffic",0.008551271194356396
EV1158,EV Car,Mahindra XUV400,4,"Stability control on wet roads is impressive and inspires confidence. Range drops badly in winter, I lost almost 30% range in cold weather. Noise levels are impressively low, riding experience is very smooth and quiet.",3,"Topic 3: low, stability control, control wet, impressive, impressive inspires, wet",1.0
EV1159,EV Scooter,Hero Vida V1,4,Concerned about environmental impact of battery disposal and recycling.,12,"Topic 12: battery disposal, environmental, disposal, disposal recycling, concerned, concerned environmental",1.0
EV1160,EV Scooter,Ola S1,3,"Resale value of electric vehicles is still uncertain, worried about depreciation. Love the app that shows nearby charging stations, very convenient feature.",5,"Topic 5: air software, improving, great feature, keeps improving, updates great, improving time",0.04670698653077334
EV1161,EV Car,Hyundai Kona,4,"Switching to EV feels good knowing I'm reducing my carbon footprint. There are very few authorized service centers, had to travel 200 km for repair.",7,"Topic 7: ev, good knowing, knowing, feels good, carbon footprint, knowing reducing",1.0
EV1162,EV Scooter,TVS iQube,4,"Worried about battery degradation and replacement cost after warranty ends. Interior quality feels cheap for the price point, needs improvement.",21,"Topic 21: cost warranty, battery degradation, warranty ends, ends, degradation replacement, worried battery",1.0
EV1163,EV Car,Tata Nexon EV,4,"Over the air software updates are a great feature, keeps improving over time. Top speed is decent for city use but not enough for highway cruising.",5,"Topic 5: air software, improving, great feature, keeps improving, updates great, improving time",1.0
EV1164,EV Scooter,Hero Vida V1,4,I'm always worried about running out of charge before reaching my destination.,15,"Topic 15: highway, discount, ev subsidy, delayed discount, subsidy scheme, state got",0.04145315130187156
EV1165,EV Car,BYD Atto 3,3,"Bluetooth connectivity drops frequently while riding, very frustrating. Compact size makes it easy to park and maneuver in city traffic.",11,"Topic 11: home, bluetooth, riding frustrating, connectivity, bluetooth connectivity, drops frequently",1.0
EV1166,EV Scooter,Bajaj Chetak,3,"Public chargers are often broken or occupied, need more charging stations urgently. Braking system feels sharp and responsive, regenerative braking works well. Build materials feel sturdy but the design is a bit too plain compared to rivals.",0,"Topic 0: collision, systems, braking collision, collision alert, systems work, really traffic",0.008688488066960228
EV1167,EV Scooter,Ampere Magnus,3,"The design looks futuristic and attracts a lot of attention on the road. Claimed range of 200 km is misleading, actual range is way less in city traffic.",1,"Topic 1: range, transparent, proper, time company, proper information, battery degrades",1.0
EV1168,EV Car,MG ZS EV,5,Finding a working charging station in my city is still very difficult.,0,"Topic 0: collision, systems, braking collision, collision alert, systems work, really traffic",1.0
EV1169,EV Scooter,Hero Vida V1,4,"Build materials feel sturdy but the design is a bit too plain compared to rivals. Read reports about battery fires, safety is my biggest concern before buying.",14,"Topic 14: service, bit plain, design bit, compared rivals, bit, materials feel",1.0
EV1170,EV Scooter,Ola S1,4,Battery range degrades faster than expected after just one year of use.,9,"Topic 9: lot, better, expected, attracts lot, attracts, looks futuristic",1.0
EV1171,EV Car,Hyundai Kona,4,"The design looks futuristic and attracts a lot of attention on the road. Spare parts availability is a major issue, waited a month for a replacement part.",9,"Topic 9: lot, better, expected, attracts lot, attracts, looks futuristic",1.0
EV1172,EV Car,Hyundai Kona,4,Handling and stability at high speed feels very confident and safe.,2,"Topic 2: makes, high, size makes, park, easy, maneuver",1.0
EV1173,EV Scooter,Ola S1,5,Advanced safety features like ABS and traction control give peace of mind.,10,"Topic 10: battery replacement, cost half, half price, concerning, price vehicle, vehicle concerning",0.001496688970608532
EV1174,EV Scooter,TVS iQube,4,Battery performance is stable even after two years of heavy usage. Fast charging network needs serious expansion on highways. The vehicle has good crash test ratings which reassured my purchase decision.,8,"Topic 8: vehicle good, test ratings, test, purchase decision, ratings, ratings reassured",0.08821258883207145
EV1175,EV Scooter,Hero Vida V1,3,Battery health dropped to 85% within 18 months of daily use. Customer support over phone is helpful and resolves issues quickly. Total cost of ownership is great once you factor in low maintenance and fuel savings.,13,"Topic 13: 18, 18 months, 85, 85 18, health dropped, months daily",0.9395052512267829
EV1176,EV Car,MG ZS EV,5,Zero tailpipe emissions is the main reason I chose an electric vehicle. Build quality feels premium and the ride is extremely comfortable. Advanced safety features like ABS and traction control give peace of mind.,19,"Topic 19: chose, chose electric, emissions, emissions main, reason, reason chose",1.0
EV1177,EV Scooter,Bajaj Chetak,4,Handling and stability at high speed feels very confident and safe.,2,"Topic 2: makes, high, size makes, park, easy, maneuver",1.0
EV1178,EV Scooter,Bajaj Chetak,5,"Braking system feels sharp and responsive, regenerative braking works well.",24,"Topic 24: braking, braking feels, braking works, responsive, regenerative braking, responsive regenerative",1.0
EV1179,EV Car,Tesla Model 3,3,Compact size makes it easy to park and maneuver in city traffic. Navigation system integrated with range prediction is genuinely useful.,2,"Topic 2: makes, high, size makes, park, easy, maneuver",0.029197366678673498
EV1180,EV Car,Mahindra XUV400,3,"Advanced safety features like ABS and traction control give peace of mind. Battery replacement cost is almost half the price of the vehicle, very concerning.",10,"Topic 10: battery replacement, cost half, half price, concerning, price vehicle, vehicle concerning",0.9047519014447105
EV1181,EV Car,Hyundai Kona,4,"Claimed range of 5 km is misleading, actual range is way less in city traffic.",1,"Topic 1: range, transparent, proper, time company, proper information, battery degrades",1.0
EV1182,EV Scooter,Bajaj Chetak,3,"Spare parts availability is a major issue, waited a month for a replacement part.",0,"Topic 0: collision, systems, braking collision, collision alert, systems work, really traffic",0.19192299272363234
EV1183,EV Scooter,TVS iQube,4,Handling and stability at high speed feels very confident and safe.,2,"Topic 2: makes, high, size makes, park, easy, maneuver",1.0
EV1184,EV Scooter,TVS iQube,4,Handling and stability at high speed feels very confident and safe.,2,"Topic 2: makes, high, size makes, park, easy, maneuver",1.0
EV1185,EV Car,Hyundai Kona,5,Switching to EV feels good knowing I'm reducing my carbon footprint.,7,"Topic 7: ev, good knowing, knowing, feels good, carbon footprint, knowing reducing",1.0
EV1186,EV Scooter,Ampere Magnus,4,Advanced safety features like ABS and traction control give peace of mind.,10,"Topic 10: battery replacement, cost half, half price, concerning, price vehicle, vehicle concerning",0.0014956261492563053
EV1187,EV Scooter,Ampere Magnus,4,"There are very few authorized service centers, had to travel 250 km for repair. Battery replacement cost is almost half the price of the vehicle, very concerning.",10,"Topic 10: battery replacement, cost half, half price, concerning, price vehicle, vehicle concerning",1.0
EV1188,EV Car,MG ZS EV,4,Customer support over phone is helpful and resolves issues quickly. Finding a working charging station in my city is still very difficult.,0,"Topic 0: collision, systems, braking collision, collision alert, systems work, really traffic",1.0
EV1189,EV Scooter,Ampere Magnus,4,"No proper information on how battery degrades over time, company should be transparent. Energy used to charge still comes mostly from coal in my region, defeats the purpose somewhat. Read reports about battery fires, safety is my biggest concern before buying.",1,"Topic 1: range, transparent, proper, time company, proper information, battery degrades",0.21328491937964947
EV1190,EV Scooter,Ola S1,3,"Over the air software updates are a great feature, keeps improving over time. Customer support over phone is helpful and resolves issues quickly. Zero tailpipe emissions is the main reason I chose an electric vehicle.",5,"Topic 5: air software, improving, great feature, keeps improving, updates great, improving time",1.0
EV1191,EV Scooter,Bajaj Chetak,5,"Smart key and app based lock features work flawlessly, very convenient.",22,"Topic 22: app based, based, based lock, features work, flawlessly, flawlessly convenient",1.0
EV1192,EV Scooter,Bajaj Chetak,3,Concerned about environmental impact of battery disposal and recycling. Worried about battery degradation and replacement cost after warranty ends.,12,"Topic 12: battery disposal, environmental, disposal, disposal recycling, concerned, concerned environmental",1.0
EV1193,EV Scooter,TVS iQube,5,"After sales support has been excellent, quick response and doorstep service. Charging infrastructure in tier 2 and tier 3 cities is almost non-existent. Battery performance is stable even after two years of heavy usage.",16,"Topic 16: tier, surprisingly, surprisingly high, compared petrol, insurance premium, insurance",1.0
EV1194,EV Car,Mahindra XUV400,4,Acceleration is smooth and instant torque makes overtaking effortless.,23,"Topic 23: 30 range, badly, badly winter, cold weather, drops badly, cold",1.0
EV1195,EV Scooter,Ola S1,4,Insurance premium for EV is surprisingly high compared to petrol vehicles.,16,"Topic 16: tier, surprisingly, surprisingly high, compared petrol, insurance premium, insurance",1.0
EV1196,EV Car,Hyundai Kona,5,"Love the app that shows nearby charging stations, very convenient feature.",8,"Topic 8: vehicle good, test ratings, test, purchase decision, ratings, ratings reassured",0.011145998139271533
EV1197,EV Car,MG ZS EV,4,"Battery replacement cost is almost half the price of the vehicle, very concerning. Navigation system integrated with range prediction is genuinely useful.",10,"Topic 10: battery replacement, cost half, half price, concerning, price vehicle, vehicle concerning",1.0
EV1198,EV Car,Tata Nexon EV,3,"Worried about battery degradation and replacement cost after warranty ends. The vehicle has good crash test ratings which reassured my purchase decision. Interior quality feels cheap for the price point, needs improvement.",21,"Topic 21: cost warranty, battery degradation, warranty ends, ends, degradation replacement, worried battery",1.0
EV1199,EV Scooter,Ola S1,3,"Switching to EV feels good knowing I'm reducing my carbon footprint. The companion app keeps crashing, needs urgent software updates.",7,"Topic 7: ev, good knowing, knowing, feels good, carbon footprint, knowing reducing",1.0
EV1200,EV Scooter,Ampere Magnus,4,The battery warranty of 300 years gives me confidence in long term reliability.,4,"Topic 4: big motivation, big, motivation going, motivation, contributing, going",1.0
EV1201,EV Car,BYD Atto 3,4,"Worried about battery degradation and replacement cost after warranty ends. Finding a working charging station in my city is still very difficult. Noise levels are impressively low, riding experience is very smooth and quiet.",0,"Topic 0: collision, systems, braking collision, collision alert, systems work, really traffic",1.0
EV1202,EV Scooter,Ola S1,4,"AC usage kills the range, on hot days I barely get half the claimed distance.",4,"Topic 4: big motivation, big, motivation going, motivation, contributing, going",1.0
EV1203,EV Car,Hyundai Kona,4,Worried about battery degradation and replacement cost after warranty ends.,21,"Topic 21: cost warranty, battery degradation, warranty ends, ends, degradation replacement, worried battery",1.0
EV1204,EV Scooter,Ampere Magnus,4,"Smart key and app based lock features work flawlessly, very convenient. Battery health dropped to 85% within 18 months of daily use.",22,"Topic 22: app based, based, based lock, features work, flawlessly, flawlessly convenient",1.0
EV1205,EV Car,Tesla Model 3,5,"Price after subsidy is still higher than a comparable petrol scooter. The real world range is much lower than advertised, I only get 250 km on a full charge.",6,"Topic 6: coal, defeats purpose, defeats, coal region, comes coal, comes",0.005749182376263939
EV1206,EV Scooter,Ampere Magnus,4,"Had a great experience with the service team, they explained everything clearly. Claimed range of 200 km is misleading, actual range is way less in city traffic.",1,"Topic 1: range, transparent, proper, time company, proper information, battery degrades",1.0
EV1207,EV Scooter,Ola S1,5,"Noise levels are impressively low, riding experience is very smooth and quiet. Build materials feel sturdy but the design is a bit too plain compared to rivals.",3,"Topic 3: low, stability control, control wet, impressive, impressive inspires, wet",0.19821505189785235
EV1208,EV Scooter,Bajaj Chetak,4,Touchscreen infotainment system lags and is not very intuitive to use.,18,"Topic 18: infotainment, infotainment lags, touchscreen, touchscreen infotainment, lags intuitive, lags",1.0
EV1209,EV Scooter,Ola S1,3,Zero tailpipe emissions is the main reason I chose an electric vehicle.,19,"Topic 19: chose, chose electric, emissions, emissions main, reason, reason chose",1.0
EV1210,EV Scooter,TVS iQube,2,"Spare parts availability is a major issue, waited a month for a replacement part. Energy used to charge still comes mostly from coal in my region, defeats the purpose somewhat.",6,"Topic 6: coal, defeats purpose, defeats, coal region, comes coal, comes",1.0
EV1211,EV Scooter,Ather 450X,4,"For daily commute the range is fine but long trips are stressful because of low range. Braking system feels sharp and responsive, regenerative braking works well.",1,"Topic 1: range, transparent, proper, time company, proper information, battery degrades",1.0
EV1212,EV Car,Tata Nexon EV,5,Battery health dropped to 85% within 18 months of daily use. Battery range degrades faster than expected after just one year of use.,13,"Topic 13: 18, 18 months, 85, 85 18, health dropped, months daily",1.0
EV1213,EV Car,MG ZS EV,5,"Noise levels are impressively low, riding experience is very smooth and quiet.",3,"Topic 3: low, stability control, control wet, impressive, impressive inspires, wet",0.19950454356832648
EV1214,EV Car,BYD Atto 3,4,"Suspension is too stiff, ride quality is uncomfortable on bad roads. Navigation system integrated with range prediction is genuinely useful. Love the app that shows nearby charging stations, very convenient feature.",8,"Topic 8: vehicle good, test ratings, test, purchase decision, ratings, ratings reassured",0.01162783551467519
EV1215,EV Scooter,TVS iQube,4,Battery range degrades faster than expected after just one year of use. Battery performance is stable even after two years of heavy usage.,9,"Topic 9: lot, better, expected, attracts lot, attracts, looks futuristic",1.0
EV1216,EV Scooter,Ampere Magnus,4,"Software glitches caused the dashboard to freeze twice in a month. For the price, I expected better build quality and more features. There are very few authorized service centers, had to travel 100 km for repair.",20,"Topic 20: dashboard, caused, freeze twice, glitches, freeze, glitches caused",1.0
EV1217,EV Car,Tata Nexon EV,4,"Love the app that shows nearby charging stations, very convenient feature.",8,"Topic 8: vehicle good, test ratings, test, purchase decision, ratings, ratings reassured",0.011122077638324925
EV1218,EV Scooter,Hero Vida V1,4,"Had a great experience with the service team, they explained everything clearly. The battery warranty of 20 years gives me confidence in long term reliability. Read reports about battery fires, safety is my biggest concern before buying.",4,"Topic 4: big motivation, big, motivation going, motivation, contributing, going",1.0
EV1219,EV Car,MG ZS EV,4,"AC usage kills the range, on hot days I barely get half the claimed distance.",4,"Topic 4: big motivation, big, motivation going, motivation, contributing, going",1.0
EV1220,EV Scooter,Bajaj Chetak,4,"Charging takes too long, almost 6 hours for a full charge at home.",11,"Topic 11: home, bluetooth, riding frustrating, connectivity, bluetooth connectivity, drops frequently",0.010392820504850457
EV1221,EV Scooter,Hero Vida V1,4,"Interior quality feels cheap for the price point, needs improvement. Love the app that shows nearby charging stations, very convenient feature.",18,"Topic 18: infotainment, infotainment lags, touchscreen, touchscreen infotainment, lags intuitive, lags",1.0
EV1222,EV Car,Mahindra XUV400,5,"No proper information on how battery degrades over time, company should be transparent. Heard about a thermal runaway incident, this has shaken my trust in EV safety.",1,"Topic 1: range, transparent, proper, time company, proper information, battery degrades",0.2067901673420192
EV1223,EV Car,MG ZS EV,4,"Charging takes too long, almost 6 hours for a full charge at home. Read reports about battery fires, safety is my biggest concern before buying. Battery health dropped to 85% within 18 months of daily use.",13,"Topic 13: 18, 18 months, 85, 85 18, health dropped, months daily",0.010457452465234643
EV1224,EV Scooter,Hero Vida V1,4,"After sales support has been excellent, quick response and doorstep service. Fast charging network needs serious expansion on highways.",21,"Topic 21: cost warranty, battery degradation, warranty ends, ends, degradation replacement, worried battery",1.0
EV1225,EV Scooter,Ather 450X,3,Stability control on wet roads is impressive and inspires confidence.,3,"Topic 3: low, stability control, control wet, impressive, impressive inspires, wet",1.0
EV1226,EV Car,BYD Atto 3,3,"Switching to EV feels good knowing I'm reducing my carbon footprint. The real world range is much lower than advertised, I only get 3 km on a full charge. Heard about a thermal runaway incident, this has shaken my trust in EV safety.",7,"Topic 7: ev, good knowing, knowing, feels good, carbon footprint, knowing reducing",1.0
EV1227,EV Scooter,Hero Vida V1,5,"Contributing to a cleaner city is a big motivation behind going electric. Range anxiety is real, I plan every trip around charging stops now.",4,"Topic 4: big motivation, big, motivation going, motivation, contributing, going",0.19994788209932124
EV1228,EV Scooter,Bajaj Chetak,3,Software glitches caused the dashboard to freeze twice in a month. Finding a working charging station in my city is still very difficult.,20,"Topic 20: dashboard, caused, freeze twice, glitches, freeze, glitches caused",1.0
EV1229,EV Car,Mahindra XUV400,4,Total cost of ownership is great once you factor in low maintenance and fuel savings. Top speed is decent for city use but not enough for highway cruising.,3,"Topic 3: low, stability control, control wet, impressive, impressive inspires, wet",1.0
EV1230,EV Scooter,Hero Vida V1,4,Handling and stability at high speed feels very confident and safe.,2,"Topic 2: makes, high, size makes, park, easy, maneuver",1.0
EV1231,EV Scooter,Ather 450X,5,"Over the air software updates are a great feature, keeps improving over time. Running cost is much lower than petrol, saving a lot on fuel every month.",5,"Topic 5: air software, improving, great feature, keeps improving, updates great, improving time",1.0
EV1232,EV Car,Hyundai Kona,4,"Resale value of electric vehicles is still uncertain, worried about depreciation. Battery performance is stable even after two years of heavy usage.",5,"Topic 5: air software, improving, great feature, keeps improving, updates great, improving time",0.04542840113862596
EV1233,EV Scooter,Ather 450X,4,"Bluetooth connectivity drops frequently while riding, very frustrating.",11,"Topic 11: home, bluetooth, riding frustrating, connectivity, bluetooth connectivity, drops frequently",1.0
EV1234,EV Scooter,Bajaj Chetak,5,Emergency braking and collision alert systems work really well in traffic.,0,"Topic 0: collision, systems, braking collision, collision alert, systems work, really traffic",0.015237344448042082
EV1235,EV Car,MG ZS EV,4,"Spare parts availability is a major issue, waited a month for a replacement part.",0,"Topic 0: collision, systems, braking collision, collision alert, systems work, really traffic",0.1919694876878408
EV1236,EV Scooter,TVS iQube,3,The battery warranty of 5 years gives me confidence in long term reliability.,4,"Topic 4: big motivation, big, motivation going, motivation, contributing, going",1.0
EV1237,EV Scooter,Bajaj Chetak,5,"Claimed range of 250 km is misleading, actual range is way less in city traffic.",1,"Topic 1: range, transparent, proper, time company, proper information, battery degrades",1.0
EV1238,EV Scooter,Ola S1,3,"Read reports about battery fires, safety is my biggest concern before buying. Service center staff are not well trained to handle EV specific issues. Highway charging stops are rare, long distance travel is a nightmare.",7,"Topic 7: ev, good knowing, knowing, feels good, carbon footprint, knowing reducing",1.0
EV1239,EV Scooter,TVS iQube,3,"Contributing to a cleaner city is a big motivation behind going electric. Heard about a thermal runaway incident, this has shaken my trust in EV safety.",4,"Topic 4: big motivation, big, motivation going, motivation, contributing, going",0.2088444528559834
EV1240,EV Car,Tata Nexon EV,5,Navigation system integrated with range prediction is genuinely useful.,8,"Topic 8: vehicle good, test ratings, test, purchase decision, ratings, ratings reassured",0.029209676219641892
EV1241,EV Scooter,Ather 450X,4,Battery performance is stable even after two years of heavy usage. Loved the color options and the overall styling of the vehicle. Customer support over phone is helpful and resolves issues quickly.,0,"Topic 0: collision, systems, braking collision, collision alert, systems work, really traffic",0.08826310176392975
EV1242,EV Scooter,Hero Vida V1,4,Top speed is decent for city use but not enough for highway cruising.,15,"Topic 15: highway, discount, ev subsidy, delayed discount, subsidy scheme, state got",0.000955566541818251
EV1243,EV Car,Mahindra XUV400,5,"Waiting time for service appointment is too long, more service centers needed.",14,"Topic 14: service, bit plain, design bit, compared rivals, bit, materials feel",1.0
EV1244,EV Car,Tesla Model 3,4,Battery performance is stable even after two years of heavy usage.,9,"Topic 9: lot, better, expected, attracts lot, attracts, looks futuristic",0.08811551451976297
EV1245,EV Scooter,Ather 450X,4,The upfront price is high but government subsidy makes it affordable.,2,"Topic 2: makes, high, size makes, park, easy, maneuver",0.001667568270320812
EV1246,EV Scooter,TVS iQube,4,"For the price, I expected better build quality and more features. LED lighting and digital dashboard give it a premium, modern look.",9,"Topic 9: lot, better, expected, attracts lot, attracts, looks futuristic",0.04838720494801171
EV1247,EV Car,Tesla Model 3,4,The vehicle has good crash test ratings which reassured my purchase decision.,8,"Topic 8: vehicle good, test ratings, test, purchase decision, ratings, ratings reassured",1.0
EV1248,EV Scooter,Ampere Magnus,4,Navigation system integrated with range prediction is genuinely useful.,8,"Topic 8: vehicle good, test ratings, test, purchase decision, ratings, ratings reassured",0.02925440839913832
EV1249,EV Scooter,Ampere Magnus,4,Price after subsidy is still higher than a comparable petrol scooter.,6,"Topic 6: coal, defeats purpose, defeats, coal region, comes coal, comes",0.0058095010214373796
EV1250,EV Scooter,Ampere Magnus,5,"Waiting time for service appointment is too long, more service centers needed. For the price, I expected better build quality and more features.",14,"Topic 14: service, bit plain, design bit, compared rivals, bit, materials feel",1.0
EV1251,EV Scooter,Bajaj Chetak,4,Service center staff are not well trained to handle EV specific issues.,7,"Topic 7: ev, good knowing, knowing, feels good, carbon footprint, knowing reducing",1.0
EV1252,EV Scooter,Bajaj Chetak,4,"Range anxiety is real, I plan every trip around charging stops now.",15,"Topic 15: highway, discount, ev subsidy, delayed discount, subsidy scheme, state got",0.0006139858013036679
EV1253,EV Car,Hyundai Kona,4,Price after subsidy is still higher than a comparable petrol scooter.,6,"Topic 6: coal, defeats purpose, defeats, coal region, comes coal, comes",0.005798148275886412
EV1254,EV Scooter,Ampere Magnus,3,"Energy used to charge still comes mostly from coal in my region, defeats the purpose somewhat.",6,"Topic 6: coal, defeats purpose, defeats, coal region, comes coal, comes",1.0
EV1255,EV Car,MG ZS EV,4,The upfront price is high but government subsidy makes it affordable.,2,"Topic 2: makes, high, size makes, park, easy, maneuver",0.0016670923898065271
EV1256,EV Car,Mahindra XUV400,4,Worried about battery degradation and replacement cost after warranty ends.,21,"Topic 21: cost warranty, battery degradation, warranty ends, ends, degradation replacement, worried battery",1.0
EV1257,EV Car,Mahindra XUV400,4,"After sales support has been excellent, quick response and doorstep service. Acceleration is smooth and instant torque makes overtaking effortless.",21,"Topic 21: cost warranty, battery degradation, warranty ends, ends, degradation replacement, worried battery",1.0
EV1258,EV Car,Tesla Model 3,5,Battery health dropped to 85% within 18 months of daily use. The design looks futuristic and attracts a lot of attention on the road.,13,"Topic 13: 18, 18 months, 85, 85 18, health dropped, months daily",1.0
EV1259,EV Scooter,Bajaj Chetak,3,"Range drops badly in winter, I lost almost 30% range in cold weather. After sales support has been excellent, quick response and doorstep service.",23,"Topic 23: 30 range, badly, badly winter, cold weather, drops badly, cold",1.0
EV1260,EV Scooter,Bajaj Chetak,4,Touchscreen infotainment system lags and is not very intuitive to use.,18,"Topic 18: infotainment, infotainment lags, touchscreen, touchscreen infotainment, lags intuitive, lags",1.0
EV1261,EV Car,Tata Nexon EV,3,"Waiting time for service appointment is too long, more service centers needed.",14,"Topic 14: service, bit plain, design bit, compared rivals, bit, materials feel",1.0
EV1262,EV Car,Tata Nexon EV,3,"Battery replacement cost is almost half the price of the vehicle, very concerning. Compact size makes it easy to park and maneuver in city traffic.",10,"Topic 10: battery replacement, cost half, half price, concerning, price vehicle, vehicle concerning",1.0
EV1263,EV Scooter,Ola S1,3,"The battery warranty of 150 years gives me confidence in long term reliability. The companion app keeps crashing, needs urgent software updates.",17,"Topic 17: app keeps, crashing, crashing needs, companion app, companion, urgent software",1.0
EV1264,EV Scooter,Bajaj Chetak,5,"Braking system feels sharp and responsive, regenerative braking works well.",24,"Topic 24: braking, braking feels, braking works, responsive, regenerative braking, responsive regenerative",1.0
EV1265,EV Car,Hyundai Kona,4,"Charging takes too long, almost 6 hours for a full charge at home. Over the air software updates are a great feature, keeps improving over time.",5,"Topic 5: air software, improving, great feature, keeps improving, updates great, improving time",0.010393783707367089
EV1266,EV Scooter,Hero Vida V1,4,The motor is powerful and pickup is much better than petrol variants.,9,"Topic 9: lot, better, expected, attracts lot, attracts, looks futuristic",1.0
EV1267,EV Car,MG ZS EV,4,Concerned about environmental impact of battery disposal and recycling.,12,"Topic 12: battery disposal, environmental, disposal, disposal recycling, concerned, concerned environmental",1.0
EV1268,EV Scooter,Hero Vida V1,3,"Running cost is much lower than petrol, saving a lot on fuel every month.",9,"Topic 9: lot, better, expected, attracts lot, attracts, looks futuristic",0.00974830058386112
EV1269,EV Scooter,Ampere Magnus,4,"Claimed range of 30 km is misleading, actual range is way less in city traffic.",1,"Topic 1: range, transparent, proper, time company, proper information, battery degrades",1.0
EV1270,EV Car,MG ZS EV,3,Fast charging network needs serious expansion on highways.,2,"Topic 2: makes, high, size makes, park, easy, maneuver",1.0
EV1271,EV Scooter,Ola S1,4,Battery performance is stable even after two years of heavy usage.,9,"Topic 9: lot, better, expected, attracts lot, attracts, looks futuristic",0.08858197081714274
EV1272,EV Scooter,Bajaj Chetak,4,"Waiting time for service appointment is too long, more service centers needed.",14,"Topic 14: service, bit plain, design bit, compared rivals, bit, materials feel",1.0
EV1273,EV Car,Mahindra XUV400,4,"Switching to EV feels good knowing I'm reducing my carbon footprint. Highway charging stops are rare, long distance travel is a nightmare.",7,"Topic 7: ev, good knowing, knowing, feels good, carbon footprint, knowing reducing",1.0
EV1274,EV Scooter,Hero Vida V1,3,Finding a working charging station in my city is still very difficult. Touchscreen infotainment system lags and is not very intuitive to use.,0,"Topic 0: collision, systems, braking collision, collision alert, systems work, really traffic",1.0
EV1275,EV Scooter,Ather 450X,4,"Storage space under the seat is very limited, not practical for daily use.",5,"Topic 5: air software, improving, great feature, keeps improving, updates great, improving time",1.0
EV1276,EV Scooter,Bajaj Chetak,3,"Suspension is too stiff, ride quality is uncomfortable on bad roads. Highway charging stops are rare, long distance travel is a nightmare.",8,"Topic 8: vehicle good, test ratings, test, purchase decision, ratings, ratings reassured",0.17380823523026726
EV1277,EV Car,Tesla Model 3,4,"Spare parts availability is a major issue, waited a month for a replacement part.",0,"Topic 0: collision, systems, braking collision, collision alert, systems work, really traffic",0.192144129863542
EV1278,EV Scooter,Ampere Magnus,5,Touchscreen infotainment system lags and is not very intuitive to use.,18,"Topic 18: infotainment, infotainment lags, touchscreen, touchscreen infotainment, lags intuitive, lags",1.0
EV1279,EV Car,Hyundai Kona,3,"Interior quality feels cheap for the price point, needs improvement. Claimed range of 100 km is misleading, actual range is way less in city traffic.",1,"Topic 1: range, transparent, proper, time company, proper information, battery degrades",1.0
EV1280,EV Car,BYD Atto 3,4,The upfront price is high but government subsidy makes it affordable.,2,"Topic 2: makes, high, size makes, park, easy, maneuver",0.0016605287895115864
EV1281,EV Scooter,Bajaj Chetak,4,I'm always worried about running out of charge before reaching my destination.,15,"Topic 15: highway, discount, ev subsidy, delayed discount, subsidy scheme, state got",0.041398202726387154
EV1282,EV Scooter,Ather 450X,3,EV subsidy scheme in my state got delayed and the discount amount reduced suddenly.,15,"Topic 15: highway, discount, ev subsidy, delayed discount, subsidy scheme, state got",1.0
EV1283,EV Car,Tesla Model 3,3,Service center staff are not well trained to handle EV specific issues.,7,"Topic 7: ev, good knowing, knowing, feels good, carbon footprint, knowing reducing",1.0
EV1284,EV Car,Tesla Model 3,4,"AC usage kills the range, on hot days I barely get half the claimed distance.",4,"Topic 4: big motivation, big, motivation going, motivation, contributing, going",1.0
EV1285,EV Scooter,Ampere Magnus,4,"Battery replacement cost is almost half the price of the vehicle, very concerning. There are very few authorized service centers, had to travel 8 km for repair.",10,"Topic 10: battery replacement, cost half, half price, concerning, price vehicle, vehicle concerning",1.0
EV1286,EV Scooter,Ather 450X,2,"The companion app keeps crashing, needs urgent software updates.",17,"Topic 17: app keeps, crashing, crashing needs, companion app, companion, urgent software",1.0
EV1287,EV Scooter,Bajaj Chetak,4,"Waiting time for service appointment is too long, more service centers needed. Running cost is much lower than petrol, saving a lot on fuel every month. Build quality feels premium and the ride is extremely comfortable.",14,"Topic 14: service, bit plain, design bit, compared rivals, bit, materials feel",0.009766638072675696
EV1288,EV Scooter,Ola S1,4,Build materials feel sturdy but the design is a bit too plain compared to rivals.,14,"Topic 14: service, bit plain, design bit, compared rivals, bit, materials feel",1.0
EV1289,EV Car,Tata Nexon EV,3,"Smart key and app based lock features work flawlessly, very convenient. Resale value of electric vehicles is still uncertain, worried about depreciation.",22,"Topic 22: app based, based, based lock, features work, flawlessly, flawlessly convenient",1.0
EV1290,EV Scooter,Ola S1,3,Software glitches caused the dashboard to freeze twice in a month. Price after subsidy is still higher than a comparable petrol scooter.,20,"Topic 20: dashboard, caused, freeze twice, glitches, freeze, glitches caused",1.0
EV1291,EV Scooter,Ather 450X,4,Software glitches caused the dashboard to freeze twice in a month. The vehicle has good crash test ratings which reassured my purchase decision.,20,"Topic 20: dashboard, caused, freeze twice, glitches, freeze, glitches caused",1.0
EV1292,EV Scooter,TVS iQube,5,"Smart key and app based lock features work flawlessly, very convenient. Love the app that shows nearby charging stations, very convenient feature. Zero tailpipe emissions is the main reason I chose an electric vehicle.",22,"Topic 22: app based, based, based lock, features work, flawlessly, flawlessly convenient",1.0
EV1293,EV Scooter,TVS iQube,5,Worried about battery degradation and replacement cost after warranty ends.,21,"Topic 21: cost warranty, battery degradation, warranty ends, ends, degradation replacement, worried battery",1.0
EV1294,EV Scooter,Ampere Magnus,4,"Price after subsidy is still higher than a comparable petrol scooter. Noise levels are impressively low, riding experience is very smooth and quiet.",6,"Topic 6: coal, defeats purpose, defeats, coal region, comes coal, comes",0.005758225826409387
EV1295,EV Car,Mahindra XUV400,3,"Bluetooth connectivity drops frequently while riding, very frustrating.",11,"Topic 11: home, bluetooth, riding frustrating, connectivity, bluetooth connectivity, drops frequently",1.0
EV1296,EV Car,Tesla Model 3,4,Emergency braking and collision alert systems work really well in traffic.,0,"Topic 0: collision, systems, braking collision, collision alert, systems work, really traffic",0.015222907482147517
EV1297,EV Car,BYD Atto 3,4,Finding a working charging station in my city is still very difficult. For daily commute the range is fine but long trips are stressful because of low range.,0,"Topic 0: collision, systems, braking collision, collision alert, systems work, really traffic",1.0
EV1298,EV Car,Tesla Model 3,4,"Claimed range of 20 km is misleading, actual range is way less in city traffic.",1,"Topic 1: range, transparent, proper, time company, proper information, battery degrades",1.0
EV1299,EV Scooter,TVS iQube,4,"The companion app keeps crashing, needs urgent software updates.",17,"Topic 17: app keeps, crashing, crashing needs, companion app, companion, urgent software",1.0
EV1300,EV Car,BYD Atto 3,4,Stability control on wet roads is impressive and inspires confidence.,3,"Topic 3: low, stability control, control wet, impressive, impressive inspires, wet",1.0
EV1301,EV Scooter,Ampere Magnus,4,"LED lighting and digital dashboard give it a premium, modern look.",20,"Topic 20: dashboard, caused, freeze twice, glitches, freeze, glitches caused",0.04835052726534529
EV1302,EV Car,Tata Nexon EV,3,Price after subsidy is still higher than a comparable petrol scooter.,6,"Topic 6: coal, defeats purpose, defeats, coal region, comes coal, comes",0.005769172950522435
EV1303,EV Scooter,TVS iQube,5,Build quality feels premium and the ride is extremely comfortable. Compact size makes it easy to park and maneuver in city traffic.,2,"Topic 2: makes, high, size makes, park, easy, maneuver",0.010276885894158864
EV1304,EV Car,Tesla Model 3,3,"For daily commute the range is fine but long trips are stressful because of low range. Highway charging stops are rare, long distance travel is a nightmare.",1,"Topic 1: range, transparent, proper, time company, proper information, battery degrades",1.0
EV1305,EV Scooter,Ampere Magnus,5,Worried about battery degradation and replacement cost after warranty ends.,21,"Topic 21: cost warranty, battery degradation, warranty ends, ends, degradation replacement, worried battery",1.0
EV1306,EV Scooter,Bajaj Chetak,4,Advanced safety features like ABS and traction control give peace of mind.,10,"Topic 10: battery replacement, cost half, half price, concerning, price vehicle, vehicle concerning",0.0014966565085832901
EV1307,EV Car,MG ZS EV,4,"Charging takes too long, almost 6 hours for a full charge at home.",11,"Topic 11: home, bluetooth, riding frustrating, connectivity, bluetooth connectivity, drops frequently",0.010409254973110398
EV1308,EV Car,MG ZS EV,4,Zero tailpipe emissions is the main reason I chose an electric vehicle.,19,"Topic 19: chose, chose electric, emissions, emissions main, reason, reason chose",1.0
EV1309,EV Scooter,Ola S1,5,"Energy used to charge still comes mostly from coal in my region, defeats the purpose somewhat. Loved the color options and the overall styling of the vehicle.",6,"Topic 6: coal, defeats purpose, defeats, coal region, comes coal, comes",1.0
EV1310,EV Scooter,Hero Vida V1,4,Acceleration is smooth and instant torque makes overtaking effortless.,23,"Topic 23: 30 range, badly, badly winter, cold weather, drops badly, cold",1.0
EV1311,EV Car,Mahindra XUV400,5,"Energy used to charge still comes mostly from coal in my region, defeats the purpose somewhat.",6,"Topic 6: coal, defeats purpose, defeats, coal region, comes coal, comes",1.0
EV1312,EV Scooter,TVS iQube,5,"Over the air software updates are a great feature, keeps improving over time.",5,"Topic 5: air software, improving, great feature, keeps improving, updates great, improving time",1.0
EV1313,EV Scooter,Ampere Magnus,5,Contributing to a cleaner city is a big motivation behind going electric.,4,"Topic 4: big motivation, big, motivation going, motivation, contributing, going",0.20078968953621598
EV1314,EV Car,BYD Atto 3,4,"Charging takes too long, almost 6 hours for a full charge at home.",11,"Topic 11: home, bluetooth, riding frustrating, connectivity, bluetooth connectivity, drops frequently",0.010380736305860304
EV1315,EV Car,Mahindra XUV400,4,Handling and stability at high speed feels very confident and safe. Finding a working charging station in my city is still very difficult.,2,"Topic 2: makes, high, size makes, park, easy, maneuver",1.0
EV1316,EV Scooter,Bajaj Chetak,3,Worried about battery degradation and replacement cost after warranty ends.,21,"Topic 21: cost warranty, battery degradation, warranty ends, ends, degradation replacement, worried battery",1.0
EV1317,EV Car,Mahindra XUV400,3,The design looks futuristic and attracts a lot of attention on the road.,9,"Topic 9: lot, better, expected, attracts lot, attracts, looks futuristic",1.0
EV1318,EV Car,Tata Nexon EV,3,Contributing to a cleaner city is a big motivation behind going electric. Acceleration is smooth and instant torque makes overtaking effortless.,4,"Topic 4: big motivation, big, motivation going, motivation, contributing, going",0.2010045180803246
EV1319,EV Scooter,Bajaj Chetak,4,Zero tailpipe emissions is the main reason I chose an electric vehicle. Stability control on wet roads is impressive and inspires confidence.,19,"Topic 19: chose, chose electric, emissions, emissions main, reason, reason chose",1.0
EV1320,EV Scooter,Ather 450X,4,"Spare parts availability is a major issue, waited a month for a replacement part.",0,"Topic 0: collision, systems, braking collision, collision alert, systems work, really traffic",0.19198127403107482
EV1321,EV Car,Tata Nexon EV,4,"Storage space under the seat is very limited, not practical for daily use. Had a great experience with the service team, they explained everything clearly.",5,"Topic 5: air software, improving, great feature, keeps improving, updates great, improving time",1.0
EV1322,EV Car,Hyundai Kona,4,"Energy used to charge still comes mostly from coal in my region, defeats the purpose somewhat.",6,"Topic 6: coal, defeats purpose, defeats, coal region, comes coal, comes",1.0
EV1323,EV Car,Mahindra XUV400,5,For daily commute the range is fine but long trips are stressful because of low range.,1,"Topic 1: range, transparent, proper, time company, proper information, battery degrades",1.0
EV1324,EV Scooter,Ampere Magnus,5,"Noise levels are impressively low, riding experience is very smooth and quiet.",3,"Topic 3: low, stability control, control wet, impressive, impressive inspires, wet",0.1986560393049673
EV1325,EV Car,Hyundai Kona,5,Touchscreen infotainment system lags and is not very intuitive to use.,18,"Topic 18: infotainment, infotainment lags, touchscreen, touchscreen infotainment, lags intuitive, lags",1.0
EV1326,EV Car,Mahindra XUV400,4,Concerned about environmental impact of battery disposal and recycling. Insurance premium for EV is surprisingly high compared to petrol vehicles.,16,"Topic 16: tier, surprisingly, surprisingly high, compared petrol, insurance premium, insurance",1.0
EV1327,EV Scooter,Bajaj Chetak,4,"Energy used to charge still comes mostly from coal in my region, defeats the purpose somewhat.",6,"Topic 6: coal, defeats purpose, defeats, coal region, comes coal, comes",1.0
EV1328,EV Car,Tesla Model 3,5,"Smart key and app based lock features work flawlessly, very convenient.",22,"Topic 22: app based, based, based lock, features work, flawlessly, flawlessly convenient",1.0
EV1329,EV Scooter,Hero Vida V1,4,"Battery health dropped to 85% within 18 months of daily use. After sales support has been excellent, quick response and doorstep service.",13,"Topic 13: 18, 18 months, 85, 85 18, health dropped, months daily",1.0
EV1330,EV Car,Tesla Model 3,5,Navigation system integrated with range prediction is genuinely useful.,8,"Topic 8: vehicle good, test ratings, test, purchase decision, ratings, ratings reassured",0.02920969191678977
EV1331,EV Scooter,Ampere Magnus,4,Compact size makes it easy to park and maneuver in city traffic.,2,"Topic 2: makes, high, size makes, park, easy, maneuver",0.09144412424556084
EV1332,EV Car,Hyundai Kona,4,"Suspension is too stiff, ride quality is uncomfortable on bad roads.",8,"Topic 8: vehicle good, test ratings, test, purchase decision, ratings, ratings reassured",0.1766430214622755
EV1333,EV Car,BYD Atto 3,5,"Public chargers are often broken or occupied, need more charging stations urgently. Range anxiety is real, I plan every trip around charging stops now.",0,"Topic 0: collision, systems, braking collision, collision alert, systems work, really traffic",0.00855672994447606
EV1334,EV Car,BYD Atto 3,3,"LED lighting and digital dashboard give it a premium, modern look. Software glitches caused the dashboard to freeze twice in a month.",20,"Topic 20: dashboard, caused, freeze twice, glitches, freeze, glitches caused",1.0
EV1335,EV Car,Hyundai Kona,4,"Spare parts availability is a major issue, waited a month for a replacement part.",0,"Topic 0: collision, systems, braking collision, collision alert, systems work, really traffic",0.19193882918921834
EV1336,EV Car,Tata Nexon EV,4,Build quality feels premium and the ride is extremely comfortable.,18,"Topic 18: infotainment, infotainment lags, touchscreen, touchscreen infotainment, lags intuitive, lags",0.010276660620748307
EV1337,EV Car,BYD Atto 3,5,Charging infrastructure in tier 2 and tier 3 cities is almost non-existent.,16,"Topic 16: tier, surprisingly, surprisingly high, compared petrol, insurance premium, insurance",1.0
EV1338,EV Scooter,TVS iQube,4,Finding a working charging station in my city is still very difficult.,0,"Topic 0: collision, systems, braking collision, collision alert, systems work, really traffic",1.0
EV1339,EV Scooter,Hero Vida V1,5,"Heard about a thermal runaway incident, this has shaken my trust in EV safety. Battery health dropped to 85% within 18 months of daily use.",13,"Topic 13: 18, 18 months, 85, 85 18, health dropped, months daily",0.0017455685935485819
EV1340,EV Scooter,Ampere Magnus,5,Build materials feel sturdy but the design is a bit too plain compared to rivals.,14,"Topic 14: service, bit plain, design bit, compared rivals, bit, materials feel",1.0
EV1341,EV Car,MG ZS EV,4,"Energy used to charge still comes mostly from coal in my region, defeats the purpose somewhat. Insurance premium for EV is surprisingly high compared to petrol vehicles. Bluetooth connectivity drops frequently while riding, very frustrating.",11,"Topic 11: home, bluetooth, riding frustrating, connectivity, bluetooth connectivity, drops frequently",1.0
EV1342,EV Car,Tesla Model 3,4,Home charging setup was expensive and took weeks to install. Concerned about environmental impact of battery disposal and recycling.,11,"Topic 11: home, bluetooth, riding frustrating, connectivity, bluetooth connectivity, drops frequently",1.0
EV1343,EV Scooter,Ather 450X,3,Software glitches caused the dashboard to freeze twice in a month. The vehicle has good crash test ratings which reassured my purchase decision.,20,"Topic 20: dashboard, caused, freeze twice, glitches, freeze, glitches caused",1.0
EV1344,EV Scooter,Ampere Magnus,4,Top speed is decent for city use but not enough for highway cruising.,15,"Topic 15: highway, discount, ev subsidy, delayed discount, subsidy scheme, state got",0.0009559006370209119
EV1345,EV Scooter,Ampere Magnus,4,"Battery health dropped to 85% within 18 months of daily use. Braking system feels sharp and responsive, regenerative braking works well. Public chargers are often broken or occupied, need more charging stations urgently.",13,"Topic 13: 18, 18 months, 85, 85 18, health dropped, months daily",0.6569065679319472
EV1346,EV Car,Hyundai Kona,5,Compact size makes it easy to park and maneuver in city traffic.,2,"Topic 2: makes, high, size makes, park, easy, maneuver",0.09118277374865702
EV1347,EV Car,BYD Atto 3,4,Software glitches caused the dashboard to freeze twice in a month.,20,"Topic 20: dashboard, caused, freeze twice, glitches, freeze, glitches caused",1.0
EV1348,EV Car,BYD Atto 3,5,Battery health dropped to 85% within 18 months of daily use.,13,"Topic 13: 18, 18 months, 85, 85 18, health dropped, months daily",1.0
EV1349,EV Scooter,Bajaj Chetak,4,"Over the air software updates are a great feature, keeps improving over time.",5,"Topic 5: air software, improving, great feature, keeps improving, updates great, improving time",1.0
EV1350,EV Car,Mahindra XUV400,5,Build materials feel sturdy but the design is a bit too plain compared to rivals.,14,"Topic 14: service, bit plain, design bit, compared rivals, bit, materials feel",1.0
EV1351,EV Scooter,Bajaj Chetak,2,"EV subsidy scheme in my state got delayed and the discount amount reduced suddenly. There are very few authorized service centers, had to travel 20 km for repair. Range anxiety is real, I plan every trip around charging stops now.",15,"Topic 15: highway, discount, ev subsidy, delayed discount, subsidy scheme, state got",1.0
EV1352,EV Car,Mahindra XUV400,5,"Public chargers are often broken or occupied, need more charging stations urgently.",0,"Topic 0: collision, systems, braking collision, collision alert, systems work, really traffic",0.008564293124428798
EV1353,EV Scooter,Ampere Magnus,4,Navigation system integrated with range prediction is genuinely useful.,8,"Topic 8: vehicle good, test ratings, test, purchase decision, ratings, ratings reassured",0.02927063906020888
EV1354,EV Car,Mahindra XUV400,4,Battery range degrades faster than expected after just one year of use.,9,"Topic 9: lot, better, expected, attracts lot, attracts, looks futuristic",1.0
EV1355,EV Scooter,TVS iQube,4,Price after subsidy is still higher than a comparable petrol scooter.,6,"Topic 6: coal, defeats purpose, defeats, coal region, comes coal, comes",0.005776980972800674
EV1356,EV Scooter,Hero Vida V1,4,Price after subsidy is still higher than a comparable petrol scooter.,6,"Topic 6: coal, defeats purpose, defeats, coal region, comes coal, comes",0.005767971699184006
EV1357,EV Car,BYD Atto 3,4,"Energy used to charge still comes mostly from coal in my region, defeats the purpose somewhat.",6,"Topic 6: coal, defeats purpose, defeats, coal region, comes coal, comes",1.0
EV1358,EV Car,Hyundai Kona,3,"Read reports about battery fires, safety is my biggest concern before buying. Highway charging stops are rare, long distance travel is a nightmare.",15,"Topic 15: highway, discount, ev subsidy, delayed discount, subsidy scheme, state got",1.0
EV1359,EV Car,Hyundai Kona,5,"No proper information on how battery degrades over time, company should be transparent. Noise levels are impressively low, riding experience is very smooth and quiet. For the price, I expected better build quality and more features.",1,"Topic 1: range, transparent, proper, time company, proper information, battery degrades",0.20760458975294388
EV1360,EV Car,BYD Atto 3,3,"The companion app keeps crashing, needs urgent software updates.",17,"Topic 17: app keeps, crashing, crashing needs, companion app, companion, urgent software",1.0
EV1361,EV Car,Mahindra XUV400,4,"Smart key and app based lock features work flawlessly, very convenient. Handling and stability at high speed feels very confident and safe. Battery range degrades faster than expected after just one year of use.",22,"Topic 22: app based, based, based lock, features work, flawlessly, flawlessly convenient",1.0
EV1362,EV Scooter,Ola S1,4,"For the price, I expected better build quality and more features.",9,"Topic 9: lot, better, expected, attracts lot, attracts, looks futuristic",0.42188618970234026
EV1363,EV Scooter,TVS iQube,4,Concerned about environmental impact of battery disposal and recycling. Software glitches caused the dashboard to freeze twice in a month.,20,"Topic 20: dashboard, caused, freeze twice, glitches, freeze, glitches caused",1.0
EV1364,EV Car,Tata Nexon EV,4,Home charging setup was expensive and took weeks to install.,11,"Topic 11: home, bluetooth, riding frustrating, connectivity, bluetooth connectivity, drops frequently",1.0
EV1365,EV Scooter,Bajaj Chetak,4,"No proper information on how battery degrades over time, company should be transparent.",1,"Topic 1: range, transparent, proper, time company, proper information, battery degrades",0.20485706553633792
EV1366,EV Scooter,Ather 450X,5,Service center staff are not well trained to handle EV specific issues.,7,"Topic 7: ev, good knowing, knowing, feels good, carbon footprint, knowing reducing",1.0
EV1367,EV Scooter,Hero Vida V1,4,"Waiting time for service appointment is too long, more service centers needed.",14,"Topic 14: service, bit plain, design bit, compared rivals, bit, materials feel",1.0
EV1368,EV Car,Mahindra XUV400,5,"Running cost is much lower than petrol, saving a lot on fuel every month. Over the air software updates are a great feature, keeps improving over time.",5,"Topic 5: air software, improving, great feature, keeps improving, updates great, improving time",0.009808938755125014
EV1369,EV Car,BYD Atto 3,2,Handling and stability at high speed feels very confident and safe.,2,"Topic 2: makes, high, size makes, park, easy, maneuver",1.0
EV1370,EV Scooter,Hero Vida V1,3,Insurance premium for EV is surprisingly high compared to petrol vehicles.,16,"Topic 16: tier, surprisingly, surprisingly high, compared petrol, insurance premium, insurance",1.0
EV1371,EV Car,Tesla Model 3,4,"Braking system feels sharp and responsive, regenerative braking works well.",24,"Topic 24: braking, braking feels, braking works, responsive, regenerative braking, responsive regenerative",1.0
EV1372,EV Car,Mahindra XUV400,3,"Heard about a thermal runaway incident, this has shaken my trust in EV safety. I'm always worried about running out of charge before reaching my destination.",15,"Topic 15: highway, discount, ev subsidy, delayed discount, subsidy scheme, state got",0.001745716507226363
EV1373,EV Scooter,TVS iQube,5,Contributing to a cleaner city is a big motivation behind going electric.,4,"Topic 4: big motivation, big, motivation going, motivation, contributing, going",0.19655782723004725
EV1374,EV Car,Tata Nexon EV,4,"Concerned about environmental impact of battery disposal and recycling. Storage space under the seat is very limited, not practical for daily use.",12,"Topic 12: battery disposal, environmental, disposal, disposal recycling, concerned, concerned environmental",1.0
EV1375,EV Scooter,Ather 450X,3,EV subsidy scheme in my state got delayed and the discount amount reduced suddenly.,15,"Topic 15: highway, discount, ev subsidy, delayed discount, subsidy scheme, state got",1.0
EV1376,EV Car,Tesla Model 3,4,Zero tailpipe emissions is the main reason I chose an electric vehicle. Stability control on wet roads is impressive and inspires confidence.,19,"Topic 19: chose, chose electric, emissions, emissions main, reason, reason chose",1.0
EV1377,EV Scooter,TVS iQube,4,The design looks futuristic and attracts a lot of attention on the road.,9,"Topic 9: lot, better, expected, attracts lot, attracts, looks futuristic",1.0
EV1378,EV Car,Mahindra XUV400,4,Top speed is decent for city use but not enough for highway cruising.,15,"Topic 15: highway, discount, ev subsidy, delayed discount, subsidy scheme, state got",0.0009556475303666881
EV1379,EV Car,Mahindra XUV400,4,"Smart key and app based lock features work flawlessly, very convenient.",22,"Topic 22: app based, based, based lock, features work, flawlessly, flawlessly convenient",1.0
EV1380,EV Car,Tata Nexon EV,4,The upfront price is high but government subsidy makes it affordable. For daily commute the range is fine but long trips are stressful because of low range.,1,"Topic 1: range, transparent, proper, time company, proper information, battery degrades",1.0
EV1381,EV Scooter,Hero Vida V1,4,Home charging setup was expensive and took weeks to install.,11,"Topic 11: home, bluetooth, riding frustrating, connectivity, bluetooth connectivity, drops frequently",1.0
EV1382,EV Scooter,Ola S1,3,"Resale value of electric vehicles is still uncertain, worried about depreciation. Battery replacement cost is almost half the price of the vehicle, very concerning.",5,"Topic 5: air software, improving, great feature, keeps improving, updates great, improving time",0.04624592592389237
EV1383,EV Car,Hyundai Kona,4,"Running cost is much lower than petrol, saving a lot on fuel every month.",9,"Topic 9: lot, better, expected, attracts lot, attracts, looks futuristic",0.009739631606138697
EV1384,EV Scooter,Ola S1,3,Service center staff are not well trained to handle EV specific issues. Worried about battery degradation and replacement cost after warranty ends.,7,"Topic 7: ev, good knowing, knowing, feels good, carbon footprint, knowing reducing",1.0
EV1385,EV Car,Tesla Model 3,4,"Braking system feels sharp and responsive, regenerative braking works well. Read reports about battery fires, safety is my biggest concern before buying.",24,"Topic 24: braking, braking feels, braking works, responsive, regenerative braking, responsive regenerative",1.0
EV1386,EV Scooter,Ather 450X,3,"Noise levels are impressively low, riding experience is very smooth and quiet.",3,"Topic 3: low, stability control, control wet, impressive, impressive inspires, wet",0.1984550954253137
EV1387,EV Scooter,Ampere Magnus,5,Navigation system integrated with range prediction is genuinely useful. Concerned about environmental impact of battery disposal and recycling.,12,"Topic 12: battery disposal, environmental, disposal, disposal recycling, concerned, concerned environmental",0.029443633705673357
EV1388,EV Car,Mahindra XUV400,3,"Customer support over phone is helpful and resolves issues quickly. Public chargers are often broken or occupied, need more charging stations urgently.",0,"Topic 0: collision, systems, braking collision, collision alert, systems work, really traffic",0.00848237787094368
EV1389,EV Car,Tesla Model 3,3,The upfront price is high but government subsidy makes it affordable.,2,"Topic 2: makes, high, size makes, park, easy, maneuver",0.0016695855624134029
EV1390,EV Scooter,TVS iQube,5,"For daily commute the range is fine but long trips are stressful because of low range. Read reports about battery fires, safety is my biggest concern before buying.",1,"Topic 1: range, transparent, proper, time company, proper information, battery degrades",1.0
EV1391,EV Scooter,Ather 450X,3,"Love the app that shows nearby charging stations, very convenient feature.",8,"Topic 8: vehicle good, test ratings, test, purchase decision, ratings, ratings reassured",0.011136781269118446
EV1392,EV Car,BYD Atto 3,3,"Emergency braking and collision alert systems work really well in traffic. Range drops badly in winter, I lost almost 30% range in cold weather.",0,"Topic 0: collision, systems, braking collision, collision alert, systems work, really traffic",0.015275362954058033
EV1393,EV Scooter,TVS iQube,4,"The vehicle has good crash test ratings which reassured my purchase decision. Over the air software updates are a great feature, keeps improving over time. Range anxiety is real, I plan every trip around charging stops now.",8,"Topic 8: vehicle good, test ratings, test, purchase decision, ratings, ratings reassured",1.0
EV1394,EV Scooter,Hero Vida V1,4,Zero tailpipe emissions is the main reason I chose an electric vehicle. Software glitches caused the dashboard to freeze twice in a month.,19,"Topic 19: chose, chose electric, emissions, emissions main, reason, reason chose",1.0
EV1395,EV Car,MG ZS EV,3,"Resale value of electric vehicles is still uncertain, worried about depreciation. Stability control on wet roads is impressive and inspires confidence.",5,"Topic 5: air software, improving, great feature, keeps improving, updates great, improving time",0.0459655162291476
EV1396,EV Car,Hyundai Kona,5,Fast charging network needs serious expansion on highways.,2,"Topic 2: makes, high, size makes, park, easy, maneuver",1.0
EV1397,EV Car,Mahindra XUV400,4,Service center staff are not well trained to handle EV specific issues.,7,"Topic 7: ev, good knowing, knowing, feels good, carbon footprint, knowing reducing",1.0
EV1398,EV Car,MG ZS EV,3,"Public chargers are often broken or occupied, need more charging stations urgently.",0,"Topic 0: collision, systems, braking collision, collision alert, systems work, really traffic",0.008592138702639609
EV1399,EV Car,Tesla Model 3,4,Build materials feel sturdy but the design is a bit too plain compared to rivals.,14,"Topic 14: service, bit plain, design bit, compared rivals, bit, materials feel",1.0
EV1400,EV Car,MG ZS EV,3,Build materials feel sturdy but the design is a bit too plain compared to rivals.,14,"Topic 14: service, bit plain, design bit, compared rivals, bit, materials feel",1.0
EV1401,EV Scooter,TVS iQube,4,"Home charging setup was expensive and took weeks to install. Running cost is much lower than petrol, saving a lot on fuel every month.",11,"Topic 11: home, bluetooth, riding frustrating, connectivity, bluetooth connectivity, drops frequently",1.0
EV1402,EV Car,Tata Nexon EV,4,Handling and stability at high speed feels very confident and safe. Compact size makes it easy to park and maneuver in city traffic.,2,"Topic 2: makes, high, size makes, park, easy, maneuver",0.09200887027764511
EV1403,EV Scooter,Ather 450X,5,"Had a great experience with the service team, they explained everything clearly.",8,"Topic 8: vehicle good, test ratings, test, purchase decision, ratings, ratings reassured",1.0
EV1404,EV Car,Tata Nexon EV,4,"Resale value of electric vehicles is still uncertain, worried about depreciation.",5,"Topic 5: air software, improving, great feature, keeps improving, updates great, improving time",0.045736917666987106
EV1405,EV Car,Tata Nexon EV,5,"Stability control on wet roads is impressive and inspires confidence. Range anxiety is real, I plan every trip around charging stops now.",3,"Topic 3: low, stability control, control wet, impressive, impressive inspires, wet",1.0
EV1406,EV Scooter,Ather 450X,4,Stability control on wet roads is impressive and inspires confidence.,3,"Topic 3: low, stability control, control wet, impressive, impressive inspires, wet",1.0
EV1407,EV Car,Tata Nexon EV,4,Finding a working charging station in my city is still very difficult.,0,"Topic 0: collision, systems, braking collision, collision alert, systems work, really traffic",1.0
EV1408,EV Car,MG ZS EV,4,Handling and stability at high speed feels very confident and safe.,2,"Topic 2: makes, high, size makes, park, easy, maneuver",1.0
EV1409,EV Scooter,Ola S1,4,"The companion app keeps crashing, needs urgent software updates. The battery warranty of 100 years gives me confidence in long term reliability.",17,"Topic 17: app keeps, crashing, crashing needs, companion app, companion, urgent software",1.0
EV1410,EV Car,Mahindra XUV400,3,"Storage space under the seat is very limited, not practical for daily use.",5,"Topic 5: air software, improving, great feature, keeps improving, updates great, improving time",1.0
EV1411,EV Car,Mahindra XUV400,4,Total cost of ownership is great once you factor in low maintenance and fuel savings.,3,"Topic 3: low, stability control, control wet, impressive, impressive inspires, wet",1.0
EV1412,EV Scooter,TVS iQube,5,"Concerned about environmental impact of battery disposal and recycling. For the price, I expected better build quality and more features.",12,"Topic 12: battery disposal, environmental, disposal, disposal recycling, concerned, concerned environmental",1.0
EV1413,EV Scooter,Ampere Magnus,2,"Spare parts availability is a major issue, waited a month for a replacement part.",0,"Topic 0: collision, systems, braking collision, collision alert, systems work, really traffic",0.19198549856605135
EV1414,EV Car,Mahindra XUV400,4,"Emergency braking and collision alert systems work really well in traffic. AC usage kills the range, on hot days I barely get half the claimed distance.",0,"Topic 0: collision, systems, braking collision, collision alert, systems work, really traffic",0.015266302740966553
EV1415,EV Scooter,Ampere Magnus,4,"Noise levels are impressively low, riding experience is very smooth and quiet.",3,"Topic 3: low, stability control, control wet, impressive, impressive inspires, wet",0.19862895472946795
EV1416,EV Scooter,Ather 450X,5,"Range anxiety is real, I plan every trip around charging stops now.",15,"Topic 15: highway, discount, ev subsidy, delayed discount, subsidy scheme, state got",0.0006139867545733012
EV1417,EV Car,Mahindra XUV400,3,Worried about battery degradation and replacement cost after warranty ends.,21,"Topic 21: cost warranty, battery degradation, warranty ends, ends, degradation replacement, worried battery",1.0
EV1418,EV Car,Tesla Model 3,3,Insurance premium for EV is surprisingly high compared to petrol vehicles.,16,"Topic 16: tier, surprisingly, surprisingly high, compared petrol, insurance premium, insurance",1.0
EV1419,EV Scooter,Ather 450X,4,Top speed is decent for city use but not enough for highway cruising. I'm always worried about running out of charge before reaching my destination.,15,"Topic 15: highway, discount, ev subsidy, delayed discount, subsidy scheme, state got",0.0009558658892781427
EV1420,EV Car,Mahindra XUV400,4,"Range drops badly in winter, I lost almost 30% range in cold weather.",23,"Topic 23: 30 range, badly, badly winter, cold weather, drops badly, cold",1.0
EV1421,EV Car,MG ZS EV,4,"The companion app keeps crashing, needs urgent software updates.",17,"Topic 17: app keeps, crashing, crashing needs, companion app, companion, urgent software",1.0
EV1422,EV Scooter,Ampere Magnus,3,Worried about battery degradation and replacement cost after warranty ends. Acceleration is smooth and instant torque makes overtaking effortless.,23,"Topic 23: 30 range, badly, badly winter, cold weather, drops badly, cold",1.0
EV1423,EV Car,BYD Atto 3,3,"Top speed is decent for city use but not enough for highway cruising. Highway charging stops are rare, long distance travel is a nightmare.",15,"Topic 15: highway, discount, ev subsidy, delayed discount, subsidy scheme, state got",0.0009562713572145361
EV1424,EV Car,Hyundai Kona,4,"No proper information on how battery degrades over time, company should be transparent. Storage space under the seat is very limited, not practical for daily use.",1,"Topic 1: range, transparent, proper, time company, proper information, battery degrades",0.20661225163968913
EV1425,EV Scooter,Ather 450X,5,"Build materials feel sturdy but the design is a bit too plain compared to rivals. Waiting time for service appointment is too long, more service centers needed.",14,"Topic 14: service, bit plain, design bit, compared rivals, bit, materials feel",1.0
EV1426,EV Scooter,Ather 450X,3,Switching to EV feels good knowing I'm reducing my carbon footprint.,7,"Topic 7: ev, good knowing, knowing, feels good, carbon footprint, knowing reducing",1.0
EV1427,EV Car,BYD Atto 3,4,Switching to EV feels good knowing I'm reducing my carbon footprint.,7,"Topic 7: ev, good knowing, knowing, feels good, carbon footprint, knowing reducing",1.0
EV1428,EV Scooter,Ather 450X,4,"Suspension is too stiff, ride quality is uncomfortable on bad roads. Switching to EV feels good knowing I'm reducing my carbon footprint.",7,"Topic 7: ev, good knowing, knowing, feels good, carbon footprint, knowing reducing",1.0
EV1429,EV Scooter,Bajaj Chetak,4,"Resale value of electric vehicles is still uncertain, worried about depreciation. Charging takes too long, almost 6 hours for a full charge at home.",5,"Topic 5: air software, improving, great feature, keeps improving, updates great, improving time",0.0470396180990029
EV1430,EV Car,Tesla Model 3,4,"Over the air software updates are a great feature, keeps improving over time. Storage space under the seat is very limited, not practical for daily use.",5,"Topic 5: air software, improving, great feature, keeps improving, updates great, improving time",1.0
EV1431,EV Scooter,Bajaj Chetak,5,Charging infrastructure in tier 2 and tier 3 cities is almost non-existent.,16,"Topic 16: tier, surprisingly, surprisingly high, compared petrol, insurance premium, insurance",1.0
EV1432,EV Car,MG ZS EV,4,Service center staff are not well trained to handle EV specific issues.,7,"Topic 7: ev, good knowing, knowing, feels good, carbon footprint, knowing reducing",1.0
EV1433,EV Scooter,TVS iQube,4,"Battery replacement cost is almost half the price of the vehicle, very concerning.",10,"Topic 10: battery replacement, cost half, half price, concerning, price vehicle, vehicle concerning",1.0
EV1434,EV Car,Tesla Model 3,4,"Acceleration is smooth and instant torque makes overtaking effortless. Bluetooth connectivity drops frequently while riding, very frustrating.",11,"Topic 11: home, bluetooth, riding frustrating, connectivity, bluetooth connectivity, drops frequently",1.0
EV1435,EV Car,BYD Atto 3,3,"Fast charging network needs serious expansion on highways. Noise levels are impressively low, riding experience is very smooth and quiet. EV subsidy scheme in my state got delayed and the discount amount reduced suddenly.",2,"Topic 2: makes, high, size makes, park, easy, maneuver",1.0
EV1436,EV Scooter,TVS iQube,5,"Interior quality feels cheap for the price point, needs improvement. Advanced safety features like ABS and traction control give peace of mind. Touchscreen infotainment system lags and is not very intuitive to use.",18,"Topic 18: infotainment, infotainment lags, touchscreen, touchscreen infotainment, lags intuitive, lags",1.0
EV1437,EV Car,Mahindra XUV400,4,The upfront price is high but government subsidy makes it affordable. Fast charging network needs serious expansion on highways.,2,"Topic 2: makes, high, size makes, park, easy, maneuver",0.0016685580452353507
EV1438,EV Car,Tesla Model 3,3,"Charging takes too long, almost 6 hours for a full charge at home.",11,"Topic 11: home, bluetooth, riding frustrating, connectivity, bluetooth connectivity, drops frequently",0.010389643687962883
EV1439,EV Scooter,Bajaj Chetak,5,Emergency braking and collision alert systems work really well in traffic.,0,"Topic 0: collision, systems, braking collision, collision alert, systems work, really traffic",0.015237781286558259
EV1440,EV Car,Hyundai Kona,3,"The companion app keeps crashing, needs urgent software updates.",17,"Topic 17: app keeps, crashing, crashing needs, companion app, companion, urgent software",1.0
EV1441,EV Scooter,Bajaj Chetak,5,"There are very few authorized service centers, had to travel 8 km for repair. Range drops badly in winter, I lost almost 30% range in cold weather.",10,"Topic 10: battery replacement, cost half, half price, concerning, price vehicle, vehicle concerning",0.003668146612453817
EV1442,EV Car,Tesla Model 3,4,Zero tailpipe emissions is the main reason I chose an electric vehicle.,19,"Topic 19: chose, chose electric, emissions, emissions main, reason, reason chose",1.0
EV1443,EV Car,Mahindra XUV400,2,Contributing to a cleaner city is a big motivation behind going electric. EV subsidy scheme in my state got delayed and the discount amount reduced suddenly.,4,"Topic 4: big motivation, big, motivation going, motivation, contributing, going",0.2098511538432182
EV1444,EV Car,Mahindra XUV400,5,"Energy used to charge still comes mostly from coal in my region, defeats the purpose somewhat.",6,"Topic 6: coal, defeats purpose, defeats, coal region, comes coal, comes",1.0
EV1445,EV Car,Tata Nexon EV,4,Total cost of ownership is great once you factor in low maintenance and fuel savings. Switching to EV feels good knowing I'm reducing my carbon footprint.,7,"Topic 7: ev, good knowing, knowing, feels good, carbon footprint, knowing reducing",1.0
EV1446,EV Scooter,Ola S1,5,Concerned about environmental impact of battery disposal and recycling.,12,"Topic 12: battery disposal, environmental, disposal, disposal recycling, concerned, concerned environmental",1.0
EV1447,EV Scooter,Hero Vida V1,4,"Heard about a thermal runaway incident, this has shaken my trust in EV safety. Loved the color options and the overall styling of the vehicle.",24,"Topic 24: braking, braking feels, braking works, responsive, regenerative braking, responsive regenerative",0.0017455095944144351
EV1448,EV Scooter,Ampere Magnus,5,"Interior quality feels cheap for the price point, needs improvement. Home charging setup was expensive and took weeks to install. Energy used to charge still comes mostly from coal in my region, defeats the purpose somewhat.",18,"Topic 18: infotainment, infotainment lags, touchscreen, touchscreen infotainment, lags intuitive, lags",1.0
EV1449,EV Car,Tata Nexon EV,4,Loved the color options and the overall styling of the vehicle.,24,"Topic 24: braking, braking feels, braking works, responsive, regenerative braking, responsive regenerative",0.03305232279245021
EV1450,EV Scooter,Hero Vida V1,4,I'm always worried about running out of charge before reaching my destination.,15,"Topic 15: highway, discount, ev subsidy, delayed discount, subsidy scheme, state got",0.041427611986759955
EV1451,EV Scooter,Bajaj Chetak,4,"Claimed range of 80 km is misleading, actual range is way less in city traffic. Build materials feel sturdy but the design is a bit too plain compared to rivals. Build quality feels premium and the ride is extremely comfortable.",1,"Topic 1: range, transparent, proper, time company, proper information, battery degrades",1.0
EV1452,EV Scooter,TVS iQube,3,"Had a great experience with the service team, they explained everything clearly. Contributing to a cleaner city is a big motivation behind going electric.",4,"Topic 4: big motivation, big, motivation going, motivation, contributing, going",0.2034560400975748
EV1453,EV Car,MG ZS EV,3,"Noise levels are impressively low, riding experience is very smooth and quiet. Customer support over phone is helpful and resolves issues quickly.",3,"Topic 3: low, stability control, control wet, impressive, impressive inspires, wet",0.1990436834149406
EV1454,EV Car,MG ZS EV,4,"Smart key and app based lock features work flawlessly, very convenient.",22,"Topic 22: app based, based, based lock, features work, flawlessly, flawlessly convenient",1.0
EV1455,EV Scooter,Ola S1,4,Emergency braking and collision alert systems work really well in traffic.,0,"Topic 0: collision, systems, braking collision, collision alert, systems work, really traffic",0.015245229436964606
EV1456,EV Car,BYD Atto 3,3,The upfront price is high but government subsidy makes it affordable.,2,"Topic 2: makes, high, size makes, park, easy, maneuver",0.0016677183181751441
EV1457,EV Car,Tata Nexon EV,3,"Resale value of electric vehicles is still uncertain, worried about depreciation. Had a great experience with the service team, they explained everything clearly.",5,"Topic 5: air software, improving, great feature, keeps improving, updates great, improving time",0.04606457052850928
EV1458,EV Scooter,Ampere Magnus,3,"Resale value of electric vehicles is still uncertain, worried about depreciation.",5,"Topic 5: air software, improving, great feature, keeps improving, updates great, improving time",0.045745383735129784
EV1459,EV Scooter,Ampere Magnus,4,Concerned about environmental impact of battery disposal and recycling. The vehicle has good crash test ratings which reassured my purchase decision.,8,"Topic 8: vehicle good, test ratings, test, purchase decision, ratings, ratings reassured",1.0
EV1460,EV Car,Hyundai Kona,5,"LED lighting and digital dashboard give it a premium, modern look. Claimed range of 150 km is misleading, actual range is way less in city traffic. No proper information on how battery degrades over time, company should be transparent.",1,"Topic 1: range, transparent, proper, time company, proper information, battery degrades",0.23875157808551226
EV1461,EV Car,Tesla Model 3,4,Advanced safety features like ABS and traction control give peace of mind.,10,"Topic 10: battery replacement, cost half, half price, concerning, price vehicle, vehicle concerning",0.0014967545757712322
EV1462,EV Car,Mahindra XUV400,4,"EV subsidy scheme in my state got delayed and the discount amount reduced suddenly. Spare parts availability is a major issue, waited a month for a replacement part. Emergency braking and collision alert systems work really well in traffic.",15,"Topic 15: highway, discount, ev subsidy, delayed discount, subsidy scheme, state got",1.0
EV1463,EV Scooter,Bajaj Chetak,5,"Waiting time for service appointment is too long, more service centers needed.",14,"Topic 14: service, bit plain, design bit, compared rivals, bit, materials feel",1.0
EV1464,EV Scooter,Ampere Magnus,4,"Braking system feels sharp and responsive, regenerative braking works well.",24,"Topic 24: braking, braking feels, braking works, responsive, regenerative braking, responsive regenerative",1.0
EV1465,EV Scooter,Hero Vida V1,4,"Braking system feels sharp and responsive, regenerative braking works well.",24,"Topic 24: braking, braking feels, braking works, responsive, regenerative braking, responsive regenerative",1.0
EV1466,EV Scooter,TVS iQube,4,Battery health dropped to 85% within 18 months of daily use. Advanced safety features like ABS and traction control give peace of mind.,13,"Topic 13: 18, 18 months, 85, 85 18, health dropped, months daily",0.5594474298061568
EV1467,EV Scooter,Hero Vida V1,3,"Bluetooth connectivity drops frequently while riding, very frustrating. Spare parts availability is a major issue, waited a month for a replacement part. Emergency braking and collision alert systems work really well in traffic.",11,"Topic 11: home, bluetooth, riding frustrating, connectivity, bluetooth connectivity, drops frequently",1.0
EV1468,EV Car,BYD Atto 3,4,Stability control on wet roads is impressive and inspires confidence. Touchscreen infotainment system lags and is not very intuitive to use.,3,"Topic 3: low, stability control, control wet, impressive, impressive inspires, wet",1.0
EV1469,EV Scooter,Ather 450X,3,Software glitches caused the dashboard to freeze twice in a month. The battery warranty of 5 years gives me confidence in long term reliability.,20,"Topic 20: dashboard, caused, freeze twice, glitches, freeze, glitches caused",1.0
EV1470,EV Car,Tesla Model 3,4,"Braking system feels sharp and responsive, regenerative braking works well. Insurance premium for EV is surprisingly high compared to petrol vehicles.",24,"Topic 24: braking, braking feels, braking works, responsive, regenerative braking, responsive regenerative",1.0
EV1471,EV Scooter,TVS iQube,4,"Smart key and app based lock features work flawlessly, very convenient.",22,"Topic 22: app based, based, based lock, features work, flawlessly, flawlessly convenient",1.0
EV1472,EV Car,Mahindra XUV400,5,"Over the air software updates are a great feature, keeps improving over time.",5,"Topic 5: air software, improving, great feature, keeps improving, updates great, improving time",1.0
EV1473,EV Car,Tesla Model 3,4,"LED lighting and digital dashboard give it a premium, modern look. I'm always worried about running out of charge before reaching my destination.",20,"Topic 20: dashboard, caused, freeze twice, glitches, freeze, glitches caused",0.048467362557886084
EV1474,EV Car,MG ZS EV,4,The battery warranty of 5 years gives me confidence in long term reliability.,4,"Topic 4: big motivation, big, motivation going, motivation, contributing, going",1.0
EV1475,EV Car,Tata Nexon EV,5,Acceleration is smooth and instant torque makes overtaking effortless.,23,"Topic 23: 30 range, badly, badly winter, cold weather, drops badly, cold",1.0
EV1476,EV Car,Mahindra XUV400,4,Contributing to a cleaner city is a big motivation behind going electric. Worried about battery degradation and replacement cost after warranty ends.,4,"Topic 4: big motivation, big, motivation going, motivation, contributing, going",0.1999431270654785
EV1477,EV Car,BYD Atto 3,5,"Storage space under the seat is very limited, not practical for daily use. The companion app keeps crashing, needs urgent software updates.",5,"Topic 5: air software, improving, great feature, keeps improving, updates great, improving time",1.0
EV1478,EV Car,BYD Atto 3,3,The motor is powerful and pickup is much better than petrol variants.,9,"Topic 9: lot, better, expected, attracts lot, attracts, looks futuristic",1.0
EV1479,EV Car,Tesla Model 3,3,"Braking system feels sharp and responsive, regenerative braking works well.",24,"Topic 24: braking, braking feels, braking works, responsive, regenerative braking, responsive regenerative",1.0
EV1480,EV Car,Tata Nexon EV,3,"Worried about battery degradation and replacement cost after warranty ends. Charging takes too long, almost 6 hours for a full charge at home.",21,"Topic 21: cost warranty, battery degradation, warranty ends, ends, degradation replacement, worried battery",1.0
EV1481,EV Scooter,Bajaj Chetak,4,Build quality feels premium and the ride is extremely comfortable.,18,"Topic 18: infotainment, infotainment lags, touchscreen, touchscreen infotainment, lags intuitive, lags",0.010273225429579078
EV1482,EV Scooter,Ather 450X,2,Total cost of ownership is great once you factor in low maintenance and fuel savings. Zero tailpipe emissions is the main reason I chose an electric vehicle.,19,"Topic 19: chose, chose electric, emissions, emissions main, reason, reason chose",1.0
EV1483,EV Car,BYD Atto 3,4,"Range anxiety is real, I plan every trip around charging stops now. LED lighting and digital dashboard give it a premium, modern look.",20,"Topic 20: dashboard, caused, freeze twice, glitches, freeze, glitches caused",0.0006139862522046389
EV1484,EV Car,BYD Atto 3,5,For daily commute the range is fine but long trips are stressful because of low range. Charging infrastructure in tier 2 and tier 3 cities is almost non-existent.,1,"Topic 1: range, transparent, proper, time company, proper information, battery degrades",1.0
EV1485,EV Scooter,Ola S1,3,EV subsidy scheme in my state got delayed and the discount amount reduced suddenly. For daily commute the range is fine but long trips are stressful because of low range.,15,"Topic 15: highway, discount, ev subsidy, delayed discount, subsidy scheme, state got",1.0
EV1486,EV Car,Tesla Model 3,4,"LED lighting and digital dashboard give it a premium, modern look.",20,"Topic 20: dashboard, caused, freeze twice, glitches, freeze, glitches caused",0.04838911884750084
EV1487,EV Car,BYD Atto 3,4,Fast charging network needs serious expansion on highways. Navigation system integrated with range prediction is genuinely useful.,2,"Topic 2: makes, high, size makes, park, easy, maneuver",1.0
EV1488,EV Car,Hyundai Kona,4,Service center staff are not well trained to handle EV specific issues. Battery performance is stable even after two years of heavy usage.,7,"Topic 7: ev, good knowing, knowing, feels good, carbon footprint, knowing reducing",1.0
EV1489,EV Scooter,Ather 450X,4,"Range drops badly in winter, I lost almost 30% range in cold weather. Switching to EV feels good knowing I'm reducing my carbon footprint.",23,"Topic 23: 30 range, badly, badly winter, cold weather, drops badly, cold",1.0
EV1490,EV Scooter,Ather 450X,4,"Fast charging network needs serious expansion on highways. Spare parts availability is a major issue, waited a month for a replacement part.",2,"Topic 2: makes, high, size makes, park, easy, maneuver",1.0
EV1491,EV Scooter,TVS iQube,5,"The battery warranty of 250 years gives me confidence in long term reliability. AC usage kills the range, on hot days I barely get half the claimed distance.",4,"Topic 4: big motivation, big, motivation going, motivation, contributing, going",1.0
EV1492,EV Scooter,Hero Vida V1,4,I'm always worried about running out of charge before reaching my destination.,15,"Topic 15: highway, discount, ev subsidy, delayed discount, subsidy scheme, state got",0.04144988275691127
EV1493,EV Car,Hyundai Kona,3,"Love the app that shows nearby charging stations, very convenient feature. Suspension is too stiff, ride quality is uncomfortable on bad roads.",8,"Topic 8: vehicle good, test ratings, test, purchase decision, ratings, ratings reassured",0.011328339087350404
EV1494,EV Car,Mahindra XUV400,4,Build materials feel sturdy but the design is a bit too plain compared to rivals.,14,"Topic 14: service, bit plain, design bit, compared rivals, bit, materials feel",1.0
EV1495,EV Scooter,Bajaj Chetak,4,I'm always worried about running out of charge before reaching my destination.,15,"Topic 15: highway, discount, ev subsidy, delayed discount, subsidy scheme, state got",0.041450923645883604
EV1496,EV Car,Mahindra XUV400,5,Battery performance is stable even after two years of heavy usage.,9,"Topic 9: lot, better, expected, attracts lot, attracts, looks futuristic",0.08833095360597082
EV1497,EV Scooter,TVS iQube,2,"Bluetooth connectivity drops frequently while riding, very frustrating. Finding a working charging station in my city is still very difficult. The design looks futuristic and attracts a lot of attention on the road.",11,"Topic 11: home, bluetooth, riding frustrating, connectivity, bluetooth connectivity, drops frequently",1.0
EV1498,EV Scooter,Hero Vida V1,4,"Concerned about environmental impact of battery disposal and recycling. Running cost is much lower than petrol, saving a lot on fuel every month.",12,"Topic 12: battery disposal, environmental, disposal, disposal recycling, concerned, concerned environmental",1.0
EV1499,EV Scooter,Hero Vida V1,3,"Interior quality feels cheap for the price point, needs improvement.",18,"Topic 18: infotainment, infotainment lags, touchscreen, touchscreen infotainment, lags intuitive, lags",1.0
EV1500,EV Car,Tata Nexon EV,4,"The companion app keeps crashing, needs urgent software updates. Battery replacement cost is almost half the price of the vehicle, very concerning.",17,"Topic 17: app keeps, crashing, crashing needs, companion app, companion, urgent software",1.0
EV1501,EV Scooter,Ather 450X,4,"Read reports about battery fires, safety is my biggest concern before buying.",12,"Topic 12: battery disposal, environmental, disposal, disposal recycling, concerned, concerned environmental",0.0198665061594133
EV1502,EV Scooter,Bajaj Chetak,5,"Smart key and app based lock features work flawlessly, very convenient. Contributing to a cleaner city is a big motivation behind going electric. Charging infrastructure in tier 2 and tier 3 cities is almost non-existent.",22,"Topic 22: app based, based, based lock, features work, flawlessly, flawlessly convenient",1.0
EV1503,EV Scooter,Ola S1,3,"Compact size makes it easy to park and maneuver in city traffic. Energy used to charge still comes mostly from coal in my region, defeats the purpose somewhat. The real world range is much lower than advertised, I only get 100 km on a full charge.",2,"Topic 2: makes, high, size makes, park, easy, maneuver",0.09178765155231162
EV1504,EV Scooter,Ampere Magnus,4,Acceleration is smooth and instant torque makes overtaking effortless.,23,"Topic 23: 30 range, badly, badly winter, cold weather, drops badly, cold",1.0
EV1505,EV Car,Mahindra XUV400,4,Build quality feels premium and the ride is extremely comfortable.,18,"Topic 18: infotainment, infotainment lags, touchscreen, touchscreen infotainment, lags intuitive, lags",0.010276596143771742
EV1506,EV Car,Tata Nexon EV,4,"Braking system feels sharp and responsive, regenerative braking works well.",24,"Topic 24: braking, braking feels, braking works, responsive, regenerative braking, responsive regenerative",1.0
EV1507,EV Scooter,Hero Vida V1,4,"Smart key and app based lock features work flawlessly, very convenient. No proper information on how battery degrades over time, company should be transparent.",22,"Topic 22: app based, based, based lock, features work, flawlessly, flawlessly convenient",1.0
EV1508,EV Scooter,Ola S1,4,"Running cost is much lower than petrol, saving a lot on fuel every month.",9,"Topic 9: lot, better, expected, attracts lot, attracts, looks futuristic",0.009761533277709197
EV1509,EV Scooter,Ather 450X,4,Finding a working charging station in my city is still very difficult. Build materials feel sturdy but the design is a bit too plain compared to rivals.,0,"Topic 0: collision, systems, braking collision, collision alert, systems work, really traffic",1.0
EV1510,EV Car,Mahindra XUV400,4,"Battery performance is stable even after two years of heavy usage. Software glitches caused the dashboard to freeze twice in a month. The real world range is much lower than advertised, I only get 20 km on a full charge.",20,"Topic 20: dashboard, caused, freeze twice, glitches, freeze, glitches caused",0.08734219126100855
EV1511,EV Scooter,Ampere Magnus,4,Zero tailpipe emissions is the main reason I chose an electric vehicle.,19,"Topic 19: chose, chose electric, emissions, emissions main, reason, reason chose",1.0
EV1512,EV Car,Tata Nexon EV,4,Emergency braking and collision alert systems work really well in traffic.,0,"Topic 0: collision, systems, braking collision, collision alert, systems work, really traffic",0.015242807513679723
EV1513,EV Scooter,Ampere Magnus,3,"Build quality feels premium and the ride is extremely comfortable. Had a great experience with the service team, they explained everything clearly.",8,"Topic 8: vehicle good, test ratings, test, purchase decision, ratings, ratings reassured",0.010276715753986079
EV1514,EV Car,MG ZS EV,3,"Had a great experience with the service team, they explained everything clearly. The vehicle has good crash test ratings which reassured my purchase decision.",8,"Topic 8: vehicle good, test ratings, test, purchase decision, ratings, ratings reassured",1.0
EV1515,EV Car,MG ZS EV,4,"Top speed is decent for city use but not enough for highway cruising. No proper information on how battery degrades over time, company should be transparent. Advanced safety features like ABS and traction control give peace of mind.",1,"Topic 1: range, transparent, proper, time company, proper information, battery degrades",0.0009560008469877057
EV1516,EV Scooter,Ampere Magnus,3,The vehicle has good crash test ratings which reassured my purchase decision.,8,"Topic 8: vehicle good, test ratings, test, purchase decision, ratings, ratings reassured",1.0
EV1517,EV Scooter,Ola S1,4,"No proper information on how battery degrades over time, company should be transparent. The real world range is much lower than advertised, I only get 150 km on a full charge.",1,"Topic 1: range, transparent, proper, time company, proper information, battery degrades",0.21916109590925512
EV1518,EV Scooter,Ather 450X,5,"Claimed range of 8 km is misleading, actual range is way less in city traffic. Customer support over phone is helpful and resolves issues quickly.",1,"Topic 1: range, transparent, proper, time company, proper information, battery degrades",1.0
EV1519,EV Car,Hyundai Kona,5,Emergency braking and collision alert systems work really well in traffic.,0,"Topic 0: collision, systems, braking collision, collision alert, systems work, really traffic",0.015328138881007926
EV1520,EV Car,BYD Atto 3,4,Compact size makes it easy to park and maneuver in city traffic. Switching to EV feels good knowing I'm reducing my carbon footprint. Acceleration is smooth and instant torque makes overtaking effortless.,2,"Topic 2: makes, high, size makes, park, easy, maneuver",0.09140860645036378
EV1521,EV Scooter,Ather 450X,4,"Zero tailpipe emissions is the main reason I chose an electric vehicle. The vehicle has good crash test ratings which reassured my purchase decision. For the price, I expected better build quality and more features.",19,"Topic 19: chose, chose electric, emissions, emissions main, reason, reason chose",1.0
EV1522,EV Car,Tesla Model 3,3,Advanced safety features like ABS and traction control give peace of mind.,10,"Topic 10: battery replacement, cost half, half price, concerning, price vehicle, vehicle concerning",0.0014951513218521325
EV1523,EV Scooter,Ola S1,5,Battery health dropped to 85% within 18 months of daily use.,13,"Topic 13: 18, 18 months, 85, 85 18, health dropped, months daily",1.0
EV1524,EV Scooter,Ola S1,4,"The real world range is much lower than advertised, I only get 8 km on a full charge. No proper information on how battery degrades over time, company should be transparent. Braking system feels sharp and responsive, regenerative braking works well.",1,"Topic 1: range, transparent, proper, time company, proper information, battery degrades",0.23692006677831293
EV1525,EV Scooter,Ampere Magnus,4,"Read reports about battery fires, safety is my biggest concern before buying.",12,"Topic 12: battery disposal, environmental, disposal, disposal recycling, concerned, concerned environmental",0.019848159918578873
EV1526,EV Car,BYD Atto 3,4,Compact size makes it easy to park and maneuver in city traffic.,2,"Topic 2: makes, high, size makes, park, easy, maneuver",0.09140639167880676
EV1527,EV Scooter,Ola S1,4,Top speed is decent for city use but not enough for highway cruising.,15,"Topic 15: highway, discount, ev subsidy, delayed discount, subsidy scheme, state got",0.0009557131180117096
EV1528,EV Scooter,TVS iQube,5,"Smart key and app based lock features work flawlessly, very convenient. Stability control on wet roads is impressive and inspires confidence.",22,"Topic 22: app based, based, based lock, features work, flawlessly, flawlessly convenient",1.0
EV1529,EV Car,Tata Nexon EV,4,"Energy used to charge still comes mostly from coal in my region, defeats the purpose somewhat.",6,"Topic 6: coal, defeats purpose, defeats, coal region, comes coal, comes",1.0
EV1530,EV Car,Tata Nexon EV,5,"Compact size makes it easy to park and maneuver in city traffic. Waiting time for service appointment is too long, more service centers needed.",2,"Topic 2: makes, high, size makes, park, easy, maneuver",0.09138515172912835
EV1531,EV Scooter,Ola S1,4,"The companion app keeps crashing, needs urgent software updates. Concerned about environmental impact of battery disposal and recycling.",17,"Topic 17: app keeps, crashing, crashing needs, companion app, companion, urgent software",1.0
EV1532,EV Car,Hyundai Kona,4,Advanced safety features like ABS and traction control give peace of mind. Switching to EV feels good knowing I'm reducing my carbon footprint.,7,"Topic 7: ev, good knowing, knowing, feels good, carbon footprint, knowing reducing",1.0
EV1533,EV Car,Tesla Model 3,4,Insurance premium for EV is surprisingly high compared to petrol vehicles.,16,"Topic 16: tier, surprisingly, surprisingly high, compared petrol, insurance premium, insurance",1.0
EV1534,EV Car,Tesla Model 3,4,"Handling and stability at high speed feels very confident and safe. The real world range is much lower than advertised, I only get 120 km on a full charge. Charging takes too long, almost 6 hours for a full charge at home.",2,"Topic 2: makes, high, size makes, park, easy, maneuver",1.0
EV1535,EV Car,BYD Atto 3,4,"Storage space under the seat is very limited, not practical for daily use.",5,"Topic 5: air software, improving, great feature, keeps improving, updates great, improving time",1.0
EV1536,EV Scooter,Bajaj Chetak,4,Finding a working charging station in my city is still very difficult.,0,"Topic 0: collision, systems, braking collision, collision alert, systems work, really traffic",1.0
EV1537,EV Car,Tesla Model 3,4,Advanced safety features like ABS and traction control give peace of mind.,10,"Topic 10: battery replacement, cost half, half price, concerning, price vehicle, vehicle concerning",0.0014965006389001901
EV1538,EV Scooter,Hero Vida V1,4,"Had a great experience with the service team, they explained everything clearly.",8,"Topic 8: vehicle good, test ratings, test, purchase decision, ratings, ratings reassured",1.0
EV1539,EV Scooter,Bajaj Chetak,4,"Battery health dropped to 85% within 18 months of daily use. Read reports about battery fires, safety is my biggest concern before buying.",13,"Topic 13: 18, 18 months, 85, 85 18, health dropped, months daily",1.0
EV1540,EV Scooter,Ampere Magnus,4,Acceleration is smooth and instant torque makes overtaking effortless.,23,"Topic 23: 30 range, badly, badly winter, cold weather, drops badly, cold",1.0
EV1541,EV Car,Tata Nexon EV,4,"Heard about a thermal runaway incident, this has shaken my trust in EV safety.",7,"Topic 7: ev, good knowing, knowing, feels good, carbon footprint, knowing reducing",0.0017461237134035474
EV1542,EV Car,Hyundai Kona,4,Build materials feel sturdy but the design is a bit too plain compared to rivals.,14,"Topic 14: service, bit plain, design bit, compared rivals, bit, materials feel",1.0
EV1543,EV Car,MG ZS EV,3,"Running cost is much lower than petrol, saving a lot on fuel every month.",9,"Topic 9: lot, better, expected, attracts lot, attracts, looks futuristic",0.00974875551456668
EV1544,EV Car,Tesla Model 3,5,"The vehicle has good crash test ratings which reassured my purchase decision. Public chargers are often broken or occupied, need more charging stations urgently.",0,"Topic 0: collision, systems, braking collision, collision alert, systems work, really traffic",0.008660837564241018
EV1545,EV Scooter,Ola S1,3,"Suspension is too stiff, ride quality is uncomfortable on bad roads. Zero tailpipe emissions is the main reason I chose an electric vehicle.",19,"Topic 19: chose, chose electric, emissions, emissions main, reason, reason chose",1.0
EV1546,EV Car,Hyundai Kona,4,"Touchscreen infotainment system lags and is not very intuitive to use. Energy used to charge still comes mostly from coal in my region, defeats the purpose somewhat.",18,"Topic 18: infotainment, infotainment lags, touchscreen, touchscreen infotainment, lags intuitive, lags",1.0
EV1547,EV Scooter,Hero Vida V1,4,"Noise levels are impressively low, riding experience is very smooth and quiet.",3,"Topic 3: low, stability control, control wet, impressive, impressive inspires, wet",0.1988658050491832
EV1548,EV Car,Tata Nexon EV,5,Loved the color options and the overall styling of the vehicle.,24,"Topic 24: braking, braking feels, braking works, responsive, regenerative braking, responsive regenerative",0.03306300122597827
EV1549,EV Scooter,Ather 450X,4,"Smart key and app based lock features work flawlessly, very convenient. Braking system feels sharp and responsive, regenerative braking works well.",22,"Topic 22: app based, based, based lock, features work, flawlessly, flawlessly convenient",0.909235892058573
EV1550,EV Scooter,Ampere Magnus,3,Customer support over phone is helpful and resolves issues quickly. Battery health dropped to 85% within 18 months of daily use.,13,"Topic 13: 18, 18 months, 85, 85 18, health dropped, months daily",1.0
EV1551,EV Scooter,Hero Vida V1,4,Stability control on wet roads is impressive and inspires confidence.,3,"Topic 3: low, stability control, control wet, impressive, impressive inspires, wet",1.0
EV1552,EV Car,BYD Atto 3,4,"Range anxiety is real, I plan every trip around charging stops now.",15,"Topic 15: highway, discount, ev subsidy, delayed discount, subsidy scheme, state got",0.0006139864573808161
EV1553,EV Scooter,Hero Vida V1,3,EV subsidy scheme in my state got delayed and the discount amount reduced suddenly.,15,"Topic 15: highway, discount, ev subsidy, delayed discount, subsidy scheme, state got",1.0
EV1554,EV Car,Mahindra XUV400,5,"Stability control on wet roads is impressive and inspires confidence. Claimed range of 8 km is misleading, actual range is way less in city traffic.",3,"Topic 3: low, stability control, control wet, impressive, impressive inspires, wet",1.0
EV1555,EV Car,BYD Atto 3,5,Battery performance is stable even after two years of heavy usage.,9,"Topic 9: lot, better, expected, attracts lot, attracts, looks futuristic",0.0882080869042168
EV1556,EV Car,Tesla Model 3,4,"For the price, I expected better build quality and more features.",9,"Topic 9: lot, better, expected, attracts lot, attracts, looks futuristic",0.42180096625512764
EV1557,EV Car,Tata Nexon EV,3,"AC usage kills the range, on hot days I barely get half the claimed distance. Insurance premium for EV is surprisingly high compared to petrol vehicles.",4,"Topic 4: big motivation, big, motivation going, motivation, contributing, going",1.0
EV1558,EV Scooter,Bajaj Chetak,5,"Charging takes too long, almost 6 hours for a full charge at home.",11,"Topic 11: home, bluetooth, riding frustrating, connectivity, bluetooth connectivity, drops frequently",0.010380974791908817
EV1559,EV Scooter,Ampere Magnus,4,"Braking system feels sharp and responsive, regenerative braking works well. Highway charging stops are rare, long distance travel is a nightmare.",24,"Topic 24: braking, braking feels, braking works, responsive, regenerative braking, responsive regenerative",1.0
EV1560,EV Car,BYD Atto 3,4,Navigation system integrated with range prediction is genuinely useful. Switching to EV feels good knowing I'm reducing my carbon footprint.,7,"Topic 7: ev, good knowing, knowing, feels good, carbon footprint, knowing reducing",0.029193566220532253
EV1561,EV Car,Mahindra XUV400,5,"Read reports about battery fires, safety is my biggest concern before buying. There are very few authorized service centers, had to travel 120 km for repair.",12,"Topic 12: battery disposal, environmental, disposal, disposal recycling, concerned, concerned environmental",0.019616690754064282
EV1562,EV Car,Hyundai Kona,4,Handling and stability at high speed feels very confident and safe.,2,"Topic 2: makes, high, size makes, park, easy, maneuver",1.0
EV1563,EV Scooter,Hero Vida V1,4,Contributing to a cleaner city is a big motivation behind going electric. Worried about battery degradation and replacement cost after warranty ends.,4,"Topic 4: big motivation, big, motivation going, motivation, contributing, going",0.19976294312828022
EV1564,EV Car,Tata Nexon EV,4,"No proper information on how battery degrades over time, company should be transparent.",1,"Topic 1: range, transparent, proper, time company, proper information, battery degrades",0.20670458569162412
EV1565,EV Car,BYD Atto 3,5,"Customer support over phone is helpful and resolves issues quickly. Battery replacement cost is almost half the price of the vehicle, very concerning.",10,"Topic 10: battery replacement, cost half, half price, concerning, price vehicle, vehicle concerning",1.0
EV1566,EV Car,Tesla Model 3,4,Navigation system integrated with range prediction is genuinely useful.,8,"Topic 8: vehicle good, test ratings, test, purchase decision, ratings, ratings reassured",0.02924290429070136
EV1567,EV Scooter,Bajaj Chetak,4,"Energy used to charge still comes mostly from coal in my region, defeats the purpose somewhat. Battery health dropped to 85% within 18 months of daily use.",6,"Topic 6: coal, defeats purpose, defeats, coal region, comes coal, comes",1.0
EV1568,EV Scooter,Ather 450X,5,"Insurance premium for EV is surprisingly high compared to petrol vehicles. Interior quality feels cheap for the price point, needs improvement.",16,"Topic 16: tier, surprisingly, surprisingly high, compared petrol, insurance premium, insurance",1.0
EV1569,EV Car,Tata Nexon EV,4,Compact size makes it easy to park and maneuver in city traffic. Worried about battery degradation and replacement cost after warranty ends.,2,"Topic 2: makes, high, size makes, park, easy, maneuver",0.09154901188720731
EV1570,EV Car,Mahindra XUV400,4,"Public chargers are often broken or occupied, need more charging stations urgently.",0,"Topic 0: collision, systems, braking collision, collision alert, systems work, really traffic",0.008547933420298841
EV1571,EV Scooter,Hero Vida V1,5,"Storage space under the seat is very limited, not practical for daily use. The vehicle has good crash test ratings which reassured my purchase decision.",5,"Topic 5: air software, improving, great feature, keeps improving, updates great, improving time",1.0
EV1572,EV Car,Tesla Model 3,5,Loved the color options and the overall styling of the vehicle.,24,"Topic 24: braking, braking feels, braking works, responsive, regenerative braking, responsive regenerative",0.03310016518399354
EV1573,EV Car,Mahindra XUV400,3,"EV subsidy scheme in my state got delayed and the discount amount reduced suddenly. Highway charging stops are rare, long distance travel is a nightmare.",15,"Topic 15: highway, discount, ev subsidy, delayed discount, subsidy scheme, state got",1.0
EV1574,EV Scooter,Ather 450X,3,Finding a working charging station in my city is still very difficult. Emergency braking and collision alert systems work really well in traffic.,0,"Topic 0: collision, systems, braking collision, collision alert, systems work, really traffic",1.0
EV1575,EV Car,Tesla Model 3,4,Home charging setup was expensive and took weeks to install.,11,"Topic 11: home, bluetooth, riding frustrating, connectivity, bluetooth connectivity, drops frequently",1.0
EV1576,EV Scooter,Hero Vida V1,3,"Contributing to a cleaner city is a big motivation behind going electric. The motor is powerful and pickup is much better than petrol variants. Spare parts availability is a major issue, waited a month for a replacement part.",4,"Topic 4: big motivation, big, motivation going, motivation, contributing, going",0.20568634944498926
EV1577,EV Scooter,Ather 450X,5,Customer support over phone is helpful and resolves issues quickly. Concerned about environmental impact of battery disposal and recycling.,12,"Topic 12: battery disposal, environmental, disposal, disposal recycling, concerned, concerned environmental",1.0
EV1578,EV Scooter,Hero Vida V1,3,"Smart key and app based lock features work flawlessly, very convenient.",22,"Topic 22: app based, based, based lock, features work, flawlessly, flawlessly convenient",1.0
EV1579,EV Car,Tata Nexon EV,4,"Acceleration is smooth and instant torque makes overtaking effortless. Read reports about battery fires, safety is my biggest concern before buying.",23,"Topic 23: 30 range, badly, badly winter, cold weather, drops badly, cold",1.0
EV1580,EV Scooter,Hero Vida V1,4,"The companion app keeps crashing, needs urgent software updates. Loved the color options and the overall styling of the vehicle. Fast charging network needs serious expansion on highways.",17,"Topic 17: app keeps, crashing, crashing needs, companion app, companion, urgent software",1.0
EV1581,EV Scooter,Ola S1,3,Concerned about environmental impact of battery disposal and recycling. Stability control on wet roads is impressive and inspires confidence.,12,"Topic 12: battery disposal, environmental, disposal, disposal recycling, concerned, concerned environmental",0.08431515801246395
EV1582,EV Car,MG ZS EV,4,"EV subsidy scheme in my state got delayed and the discount amount reduced suddenly. Read reports about battery fires, safety is my biggest concern before buying.",15,"Topic 15: highway, discount, ev subsidy, delayed discount, subsidy scheme, state got",1.0
EV1583,EV Car,BYD Atto 3,2,"The real world range is much lower than advertised, I only get 120 km on a full charge. Handling and stability at high speed feels very confident and safe. EV subsidy scheme in my state got delayed and the discount amount reduced suddenly.",15,"Topic 15: highway, discount, ev subsidy, delayed discount, subsidy scheme, state got",1.0
EV1584,EV Scooter,TVS iQube,4,Advanced safety features like ABS and traction control give peace of mind.,10,"Topic 10: battery replacement, cost half, half price, concerning, price vehicle, vehicle concerning",0.001497136464083283
EV1585,EV Car,Tata Nexon EV,4,"Braking system feels sharp and responsive, regenerative braking works well.",24,"Topic 24: braking, braking feels, braking works, responsive, regenerative braking, responsive regenerative",1.0
EV1586,EV Car,BYD Atto 3,4,Switching to EV feels good knowing I'm reducing my carbon footprint.,7,"Topic 7: ev, good knowing, knowing, feels good, carbon footprint, knowing reducing",1.0
EV1587,EV Scooter,Ather 450X,5,Advanced safety features like ABS and traction control give peace of mind.,10,"Topic 10: battery replacement, cost half, half price, concerning, price vehicle, vehicle concerning",0.0015005968353287837
EV1588,EV Scooter,TVS iQube,3,"Heard about a thermal runaway incident, this has shaken my trust in EV safety.",7,"Topic 7: ev, good knowing, knowing, feels good, carbon footprint, knowing reducing",0.00174653309649447
EV1589,EV Scooter,Hero Vida V1,4,"Resale value of electric vehicles is still uncertain, worried about depreciation.",5,"Topic 5: air software, improving, great feature, keeps improving, updates great, improving time",0.04580443368196269
EV1590,EV Scooter,Hero Vida V1,4,"The companion app keeps crashing, needs urgent software updates. Highway charging stops are rare, long distance travel is a nightmare. Waiting time for service appointment is too long, more service centers needed.",17,"Topic 17: app keeps, crashing, crashing needs, companion app, companion, urgent software",1.0
EV1591,EV Car,Tesla Model 3,3,Acceleration is smooth and instant torque makes overtaking effortless.,23,"Topic 23: 30 range, badly, badly winter, cold weather, drops badly, cold",1.0
EV1592,EV Scooter,Ather 450X,3,"Suspension is too stiff, ride quality is uncomfortable on bad roads. Charging infrastructure in tier 2 and tier 3 cities is almost non-existent.",8,"Topic 8: vehicle good, test ratings, test, purchase decision, ratings, ratings reassured",0.1758462957940163
EV1593,EV Scooter,TVS iQube,4,"No proper information on how battery degrades over time, company should be transparent.",1,"Topic 1: range, transparent, proper, time company, proper information, battery degrades",0.20696641700131055
EV1594,EV Car,Mahindra XUV400,3,"There are very few authorized service centers, had to travel 150 km for repair.",10,"Topic 10: battery replacement, cost half, half price, concerning, price vehicle, vehicle concerning",0.003667779057609174
EV1595,EV Car,MG ZS EV,4,"Charging infrastructure in tier 2 and tier 3 cities is almost non-existent. Energy used to charge still comes mostly from coal in my region, defeats the purpose somewhat.",16,"Topic 16: tier, surprisingly, surprisingly high, compared petrol, insurance premium, insurance",1.0
EV1596,EV Car,BYD Atto 3,5,Concerned about environmental impact of battery disposal and recycling.,12,"Topic 12: battery disposal, environmental, disposal, disposal recycling, concerned, concerned environmental",1.0
EV1597,EV Scooter,Ampere Magnus,3,"Emergency braking and collision alert systems work really well in traffic. There are very few authorized service centers, had to travel 8 km for repair.",0,"Topic 0: collision, systems, braking collision, collision alert, systems work, really traffic",0.015228422336008506
EV1598,EV Car,Tata Nexon EV,5,The vehicle has good crash test ratings which reassured my purchase decision.,8,"Topic 8: vehicle good, test ratings, test, purchase decision, ratings, ratings reassured",1.0
EV1599,EV Scooter,Hero Vida V1,5,Emergency braking and collision alert systems work really well in traffic.,0,"Topic 0: collision, systems, braking collision, collision alert, systems work, really traffic",0.015243646948090887
EV1600,EV Scooter,Hero Vida V1,4,"Loved the color options and the overall styling of the vehicle. Love the app that shows nearby charging stations, very convenient feature.",8,"Topic 8: vehicle good, test ratings, test, purchase decision, ratings, ratings reassured",0.03300669545626764
EV1601,EV Scooter,Ather 450X,5,"Touchscreen infotainment system lags and is not very intuitive to use. Suspension is too stiff, ride quality is uncomfortable on bad roads.",18,"Topic 18: infotainment, infotainment lags, touchscreen, touchscreen infotainment, lags intuitive, lags",1.0
EV1602,EV Scooter,Bajaj Chetak,4,"Noise levels are impressively low, riding experience is very smooth and quiet.",3,"Topic 3: low, stability control, control wet, impressive, impressive inspires, wet",0.19920427168554666
EV1603,EV Scooter,Bajaj Chetak,4,Zero tailpipe emissions is the main reason I chose an electric vehicle.,19,"Topic 19: chose, chose electric, emissions, emissions main, reason, reason chose",1.0
EV1604,EV Car,Tesla Model 3,4,"Interior quality feels cheap for the price point, needs improvement.",18,"Topic 18: infotainment, infotainment lags, touchscreen, touchscreen infotainment, lags intuitive, lags",1.0
EV1605,EV Car,Tesla Model 3,3,"Battery health dropped to 85% within 18 months of daily use. LED lighting and digital dashboard give it a premium, modern look. Software glitches caused the dashboard to freeze twice in a month.",13,"Topic 13: 18, 18 months, 85, 85 18, health dropped, months daily",0.764233207163562
EV1606,EV Scooter,Bajaj Chetak,4,The design looks futuristic and attracts a lot of attention on the road.,9,"Topic 9: lot, better, expected, attracts lot, attracts, looks futuristic",1.0
EV1607,EV Car,Tata Nexon EV,4,Charging infrastructure in tier 2 and tier 3 cities is almost non-existent.,16,"Topic 16: tier, surprisingly, surprisingly high, compared petrol, insurance premium, insurance",1.0
EV1608,EV Scooter,TVS iQube,4,"Handling and stability at high speed feels very confident and safe. AC usage kills the range, on hot days I barely get half the claimed distance. LED lighting and digital dashboard give it a premium, modern look.",2,"Topic 2: makes, high, size makes, park, easy, maneuver",1.0
EV1609,EV Car,BYD Atto 3,4,Build quality feels premium and the ride is extremely comfortable. Stability control on wet roads is impressive and inspires confidence.,3,"Topic 3: low, stability control, control wet, impressive, impressive inspires, wet",1.0
EV1610,EV Scooter,Ola S1,3,Software glitches caused the dashboard to freeze twice in a month.,20,"Topic 20: dashboard, caused, freeze twice, glitches, freeze, glitches caused",1.0
EV1611,EV Car,MG ZS EV,5,Home charging setup was expensive and took weeks to install. Concerned about environmental impact of battery disposal and recycling.,11,"Topic 11: home, bluetooth, riding frustrating, connectivity, bluetooth connectivity, drops frequently",1.0
EV1612,EV Car,Hyundai Kona,4,Contributing to a cleaner city is a big motivation behind going electric.,4,"Topic 4: big motivation, big, motivation going, motivation, contributing, going",0.2011896209064446
EV1613,EV Scooter,Bajaj Chetak,4,"Over the air software updates are a great feature, keeps improving over time. Interior quality feels cheap for the price point, needs improvement.",5,"Topic 5: air software, improving, great feature, keeps improving, updates great, improving time",1.0
EV1614,EV Car,MG ZS EV,4,"Running cost is much lower than petrol, saving a lot on fuel every month. Worried about battery degradation and replacement cost after warranty ends. The design looks futuristic and attracts a lot of attention on the road.",9,"Topic 9: lot, better, expected, attracts lot, attracts, looks futuristic",0.009768348541628369
EV1615,EV Scooter,Ampere Magnus,4,Advanced safety features like ABS and traction control give peace of mind.,10,"Topic 10: battery replacement, cost half, half price, concerning, price vehicle, vehicle concerning",0.001496628518212693
EV1616,EV Car,Hyundai Kona,4,"There are very few authorized service centers, had to travel 5 km for repair. EV subsidy scheme in my state got delayed and the discount amount reduced suddenly.",15,"Topic 15: highway, discount, ev subsidy, delayed discount, subsidy scheme, state got",1.0
EV1617,EV Scooter,Hero Vida V1,3,"Worried about battery degradation and replacement cost after warranty ends. AC usage kills the range, on hot days I barely get half the claimed distance.",4,"Topic 4: big motivation, big, motivation going, motivation, contributing, going",1.0
EV1618,EV Scooter,Bajaj Chetak,4,Stability control on wet roads is impressive and inspires confidence. Navigation system integrated with range prediction is genuinely useful. Battery health dropped to 85% within 18 months of daily use.,3,"Topic 3: low, stability control, control wet, impressive, impressive inspires, wet",1.0
EV1619,EV Scooter,Hero Vida V1,5,"The motor is powerful and pickup is much better than petrol variants. Smart key and app based lock features work flawlessly, very convenient.",9,"Topic 9: lot, better, expected, attracts lot, attracts, looks futuristic",1.0
EV1620,EV Car,Mahindra XUV400,4,"After sales support has been excellent, quick response and doorstep service. Worried about battery degradation and replacement cost after warranty ends.",21,"Topic 21: cost warranty, battery degradation, warranty ends, ends, degradation replacement, worried battery",1.0
EV1621,EV Car,BYD Atto 3,4,Software glitches caused the dashboard to freeze twice in a month. Emergency braking and collision alert systems work really well in traffic. Battery range degrades faster than expected after just one year of use.,20,"Topic 20: dashboard, caused, freeze twice, glitches, freeze, glitches caused",1.0
EV1622,EV Scooter,Ola S1,4,"AC usage kills the range, on hot days I barely get half the claimed distance. Read reports about battery fires, safety is my biggest concern before buying.",4,"Topic 4: big motivation, big, motivation going, motivation, contributing, going",1.0
EV1623,EV Scooter,Ampere Magnus,4,"Battery replacement cost is almost half the price of the vehicle, very concerning. Interior quality feels cheap for the price point, needs improvement.",10,"Topic 10: battery replacement, cost half, half price, concerning, price vehicle, vehicle concerning",1.0
EV1624,EV Scooter,Ola S1,4,Concerned about environmental impact of battery disposal and recycling.,12,"Topic 12: battery disposal, environmental, disposal, disposal recycling, concerned, concerned environmental",1.0
EV1625,EV Scooter,Hero Vida V1,4,Home charging setup was expensive and took weeks to install. The battery warranty of 100 years gives me confidence in long term reliability.,11,"Topic 11: home, bluetooth, riding frustrating, connectivity, bluetooth connectivity, drops frequently",1.0
EV1626,EV Scooter,Ampere Magnus,4,"Total cost of ownership is great once you factor in low maintenance and fuel savings. Acceleration is smooth and instant torque makes overtaking effortless. The real world range is much lower than advertised, I only get 120 km on a full charge.",3,"Topic 3: low, stability control, control wet, impressive, impressive inspires, wet",1.0
EV1627,EV Car,Hyundai Kona,4,"Range drops badly in winter, I lost almost 30% range in cold weather. Total cost of ownership is great once you factor in low maintenance and fuel savings.",23,"Topic 23: 30 range, badly, badly winter, cold weather, drops badly, cold",1.0
EV1628,EV Car,Mahindra XUV400,4,"After sales support has been excellent, quick response and doorstep service. Bluetooth connectivity drops frequently while riding, very frustrating.",11,"Topic 11: home, bluetooth, riding frustrating, connectivity, bluetooth connectivity, drops frequently",1.0
EV1629,EV Car,Hyundai Kona,4,"Had a great experience with the service team, they explained everything clearly.",8,"Topic 8: vehicle good, test ratings, test, purchase decision, ratings, ratings reassured",1.0
EV1630,EV Scooter,Ola S1,5,"Had a great experience with the service team, they explained everything clearly.",8,"Topic 8: vehicle good, test ratings, test, purchase decision, ratings, ratings reassured",1.0
EV1631,EV Scooter,Ola S1,4,Software glitches caused the dashboard to freeze twice in a month. The upfront price is high but government subsidy makes it affordable.,20,"Topic 20: dashboard, caused, freeze twice, glitches, freeze, glitches caused",1.0
EV1632,EV Car,Mahindra XUV400,5,Software glitches caused the dashboard to freeze twice in a month. Loved the color options and the overall styling of the vehicle.,20,"Topic 20: dashboard, caused, freeze twice, glitches, freeze, glitches caused",1.0
EV1633,EV Scooter,Ather 450X,4,"Charging takes too long, almost 6 hours for a full charge at home.",11,"Topic 11: home, bluetooth, riding frustrating, connectivity, bluetooth connectivity, drops frequently",0.010378976850538334
EV1634,EV Scooter,Hero Vida V1,3,"Claimed range of 100 km is misleading, actual range is way less in city traffic.",1,"Topic 1: range, transparent, proper, time company, proper information, battery degrades",1.0
EV1635,EV Car,Tesla Model 3,3,Battery performance is stable even after two years of heavy usage. Service center staff are not well trained to handle EV specific issues.,7,"Topic 7: ev, good knowing, knowing, feels good, carbon footprint, knowing reducing",0.0917567501466567
EV1636,EV Scooter,Ather 450X,3,Zero tailpipe emissions is the main reason I chose an electric vehicle.,19,"Topic 19: chose, chose electric, emissions, emissions main, reason, reason chose",1.0
EV1637,EV Scooter,Ola S1,4,"Love the app that shows nearby charging stations, very convenient feature.",8,"Topic 8: vehicle good, test ratings, test, purchase decision, ratings, ratings reassured",0.011146979357528577
EV1638,EV Car,Tata Nexon EV,4,"Battery replacement cost is almost half the price of the vehicle, very concerning.",10,"Topic 10: battery replacement, cost half, half price, concerning, price vehicle, vehicle concerning",1.0
EV1639,EV Car,Hyundai Kona,4,"AC usage kills the range, on hot days I barely get half the claimed distance. Build materials feel sturdy but the design is a bit too plain compared to rivals.",4,"Topic 4: big motivation, big, motivation going, motivation, contributing, going",1.0
EV1640,EV Car,Hyundai Kona,3,"Heard about a thermal runaway incident, this has shaken my trust in EV safety. Waiting time for service appointment is too long, more service centers needed.",14,"Topic 14: service, bit plain, design bit, compared rivals, bit, materials feel",0.0017460990109375706
EV1641,EV Scooter,Ather 450X,4,"Braking system feels sharp and responsive, regenerative braking works well. Smart key and app based lock features work flawlessly, very convenient.",24,"Topic 24: braking, braking feels, braking works, responsive, regenerative braking, responsive regenerative",1.0
EV1642,EV Car,Tata Nexon EV,4,Customer support over phone is helpful and resolves issues quickly.,0,"Topic 0: collision, systems, braking collision, collision alert, systems work, really traffic",1.0
EV1643,EV Scooter,Bajaj Chetak,4,Worried about battery degradation and replacement cost after warranty ends.,21,"Topic 21: cost warranty, battery degradation, warranty ends, ends, degradation replacement, worried battery",1.0
EV1644,EV Scooter,Ampere Magnus,5,Emergency braking and collision alert systems work really well in traffic.,0,"Topic 0: collision, systems, braking collision, collision alert, systems work, really traffic",0.015205293178189519
EV1645,EV Car,BYD Atto 3,3,Concerned about environmental impact of battery disposal and recycling.,12,"Topic 12: battery disposal, environmental, disposal, disposal recycling, concerned, concerned environmental",1.0
EV1646,EV Scooter,Bajaj Chetak,5,Advanced safety features like ABS and traction control give peace of mind. Home charging setup was expensive and took weeks to install.,11,"Topic 11: home, bluetooth, riding frustrating, connectivity, bluetooth connectivity, drops frequently",1.0
EV1647,EV Car,Tata Nexon EV,4,"The upfront price is high but government subsidy makes it affordable. Highway charging stops are rare, long distance travel is a nightmare.",15,"Topic 15: highway, discount, ev subsidy, delayed discount, subsidy scheme, state got",0.0016658101648462321
EV1648,EV Scooter,Ampere Magnus,3,"Price after subsidy is still higher than a comparable petrol scooter. Charging infrastructure in tier 2 and tier 3 cities is almost non-existent. Range drops badly in winter, I lost almost 30% range in cold weather.",6,"Topic 6: coal, defeats purpose, defeats, coal region, comes coal, comes",0.005819294746202672
EV1649,EV Scooter,Hero Vida V1,4,"Acceleration is smooth and instant torque makes overtaking effortless. Range drops badly in winter, I lost almost 30% range in cold weather. Had a great experience with the service team, they explained everything clearly.",23,"Topic 23: 30 range, badly, badly winter, cold weather, drops badly, cold",1.0
EV1650,EV Scooter,Ola S1,4,Fast charging network needs serious expansion on highways.,2,"Topic 2: makes, high, size makes, park, easy, maneuver",1.0
EV1651,EV Scooter,Ather 450X,5,Zero tailpipe emissions is the main reason I chose an electric vehicle.,19,"Topic 19: chose, chose electric, emissions, emissions main, reason, reason chose",1.0
EV1652,EV Scooter,Hero Vida V1,3,Software glitches caused the dashboard to freeze twice in a month.,20,"Topic 20: dashboard, caused, freeze twice, glitches, freeze, glitches caused",1.0
EV1653,EV Scooter,Ola S1,4,The vehicle has good crash test ratings which reassured my purchase decision.,8,"Topic 8: vehicle good, test ratings, test, purchase decision, ratings, ratings reassured",1.0
EV1654,EV Car,BYD Atto 3,3,"The vehicle has good crash test ratings which reassured my purchase decision. Noise levels are impressively low, riding experience is very smooth and quiet.",8,"Topic 8: vehicle good, test ratings, test, purchase decision, ratings, ratings reassured",1.0
EV1655,EV Scooter,Hero Vida V1,4,Zero tailpipe emissions is the main reason I chose an electric vehicle. Emergency braking and collision alert systems work really well in traffic.,19,"Topic 19: chose, chose electric, emissions, emissions main, reason, reason chose",1.0
EV1656,EV Scooter,TVS iQube,4,"Range anxiety is real, I plan every trip around charging stops now. Energy used to charge still comes mostly from coal in my region, defeats the purpose somewhat.",6,"Topic 6: coal, defeats purpose, defeats, coal region, comes coal, comes",0.0006139862144672947
EV1657,EV Car,BYD Atto 3,3,"There are very few authorized service centers, had to travel 150 km for repair.",10,"Topic 10: battery replacement, cost half, half price, concerning, price vehicle, vehicle concerning",0.0036677870948569145
EV1658,EV Scooter,Ola S1,3,"Heard about a thermal runaway incident, this has shaken my trust in EV safety.",7,"Topic 7: ev, good knowing, knowing, feels good, carbon footprint, knowing reducing",0.001745735618138951
EV1659,EV Car,Tata Nexon EV,5,Battery health dropped to 85% within 18 months of daily use.,13,"Topic 13: 18, 18 months, 85, 85 18, health dropped, months daily",1.0
EV1660,EV Scooter,TVS iQube,3,"Customer support over phone is helpful and resolves issues quickly. Highway charging stops are rare, long distance travel is a nightmare.",15,"Topic 15: highway, discount, ev subsidy, delayed discount, subsidy scheme, state got",1.0
EV1661,EV Car,Tesla Model 3,3,"Battery replacement cost is almost half the price of the vehicle, very concerning.",10,"Topic 10: battery replacement, cost half, half price, concerning, price vehicle, vehicle concerning",1.0
EV1662,EV Car,BYD Atto 3,5,"Love the app that shows nearby charging stations, very convenient feature. For daily commute the range is fine but long trips are stressful because of low range. Noise levels are impressively low, riding experience is very smooth and quiet.",1,"Topic 1: range, transparent, proper, time company, proper information, battery degrades",1.0
EV1663,EV Car,MG ZS EV,4,Service center staff are not well trained to handle EV specific issues. The vehicle has good crash test ratings which reassured my purchase decision.,7,"Topic 7: ev, good knowing, knowing, feels good, carbon footprint, knowing reducing",1.0
EV1664,EV Car,Hyundai Kona,4,"Storage space under the seat is very limited, not practical for daily use.",5,"Topic 5: air software, improving, great feature, keeps improving, updates great, improving time",1.0
EV1665,EV Car,MG ZS EV,4,The battery warranty of 100 years gives me confidence in long term reliability. Contributing to a cleaner city is a big motivation behind going electric.,4,"Topic 4: big motivation, big, motivation going, motivation, contributing, going",1.0
EV1666,EV Car,BYD Atto 3,4,"Storage space under the seat is very limited, not practical for daily use. Stability control on wet roads is impressive and inspires confidence.",5,"Topic 5: air software, improving, great feature, keeps improving, updates great, improving time",1.0
EV1667,EV Car,MG ZS EV,4,"Bluetooth connectivity drops frequently while riding, very frustrating.",11,"Topic 11: home, bluetooth, riding frustrating, connectivity, bluetooth connectivity, drops frequently",1.0
EV1668,EV Car,BYD Atto 3,5,"After sales support has been excellent, quick response and doorstep service. Build materials feel sturdy but the design is a bit too plain compared to rivals.",14,"Topic 14: service, bit plain, design bit, compared rivals, bit, materials feel",1.0
EV1669,EV Car,Tata Nexon EV,4,Top speed is decent for city use but not enough for highway cruising. The upfront price is high but government subsidy makes it affordable. Concerned about environmental impact of battery disposal and recycling.,12,"Topic 12: battery disposal, environmental, disposal, disposal recycling, concerned, concerned environmental",0.000955957330679449
EV1670,EV Car,Hyundai Kona,4,"The companion app keeps crashing, needs urgent software updates.",17,"Topic 17: app keeps, crashing, crashing needs, companion app, companion, urgent software",1.0
EV1671,EV Car,MG ZS EV,3,Finding a working charging station in my city is still very difficult.,0,"Topic 0: collision, systems, braking collision, collision alert, systems work, really traffic",1.0
EV1672,EV Car,BYD Atto 3,5,"Braking system feels sharp and responsive, regenerative braking works well. Charging infrastructure in tier 2 and tier 3 cities is almost non-existent.",24,"Topic 24: braking, braking feels, braking works, responsive, regenerative braking, responsive regenerative",1.0
EV1673,EV Scooter,Ola S1,3,EV subsidy scheme in my state got delayed and the discount amount reduced suddenly.,15,"Topic 15: highway, discount, ev subsidy, delayed discount, subsidy scheme, state got",1.0
EV1674,EV Scooter,Ampere Magnus,5,Switching to EV feels good knowing I'm reducing my carbon footprint. The vehicle has good crash test ratings which reassured my purchase decision.,7,"Topic 7: ev, good knowing, knowing, feels good, carbon footprint, knowing reducing",1.0
EV1675,EV Car,Tata Nexon EV,3,Battery range degrades faster than expected after just one year of use.,9,"Topic 9: lot, better, expected, attracts lot, attracts, looks futuristic",1.0
EV1676,EV Car,Tata Nexon EV,4,"Charging takes too long, almost 6 hours for a full charge at home. For daily commute the range is fine but long trips are stressful because of low range.",1,"Topic 1: range, transparent, proper, time company, proper information, battery degrades",0.010416399814394028
EV1677,EV Car,Mahindra XUV400,4,"Energy used to charge still comes mostly from coal in my region, defeats the purpose somewhat.",6,"Topic 6: coal, defeats purpose, defeats, coal region, comes coal, comes",1.0
EV1678,EV Car,MG ZS EV,5,Stability control on wet roads is impressive and inspires confidence.,3,"Topic 3: low, stability control, control wet, impressive, impressive inspires, wet",1.0
EV1679,EV Car,Tata Nexon EV,5,Build quality feels premium and the ride is extremely comfortable.,18,"Topic 18: infotainment, infotainment lags, touchscreen, touchscreen infotainment, lags intuitive, lags",0.010276747182332518
EV1680,EV Scooter,Hero Vida V1,5,Top speed is decent for city use but not enough for highway cruising.,15,"Topic 15: highway, discount, ev subsidy, delayed discount, subsidy scheme, state got",0.0009554333273155409
EV1681,EV Scooter,Ather 450X,3,"LED lighting and digital dashboard give it a premium, modern look.",20,"Topic 20: dashboard, caused, freeze twice, glitches, freeze, glitches caused",0.048387412521874694
EV1682,EV Car,BYD Atto 3,4,"Handling and stability at high speed feels very confident and safe. Build materials feel sturdy but the design is a bit too plain compared to rivals. Battery replacement cost is almost half the price of the vehicle, very concerning.",2,"Topic 2: makes, high, size makes, park, easy, maneuver",1.0
EV1683,EV Car,Mahindra XUV400,4,Loved the color options and the overall styling of the vehicle.,24,"Topic 24: braking, braking feels, braking works, responsive, regenerative braking, responsive regenerative",0.03308321442675546
EV1684,EV Scooter,Bajaj Chetak,5,"Energy used to charge still comes mostly from coal in my region, defeats the purpose somewhat.",6,"Topic 6: coal, defeats purpose, defeats, coal region, comes coal, comes",1.0
EV1685,EV Car,MG ZS EV,4,"Loved the color options and the overall styling of the vehicle. Worried about battery degradation and replacement cost after warranty ends. Heard about a thermal runaway incident, this has shaken my trust in EV safety.",21,"Topic 21: cost warranty, battery degradation, warranty ends, ends, degradation replacement, worried battery",0.03346902961415518
EV1686,EV Car,MG ZS EV,4,"Noise levels are impressively low, riding experience is very smooth and quiet.",3,"Topic 3: low, stability control, control wet, impressive, impressive inspires, wet",0.19842095353066858
EV1687,EV Scooter,TVS iQube,4,Total cost of ownership is great once you factor in low maintenance and fuel savings. Home charging setup was expensive and took weeks to install.,3,"Topic 3: low, stability control, control wet, impressive, impressive inspires, wet",1.0
EV1688,EV Car,BYD Atto 3,4,Zero tailpipe emissions is the main reason I chose an electric vehicle.,19,"Topic 19: chose, chose electric, emissions, emissions main, reason, reason chose",1.0
EV1689,EV Car,Tesla Model 3,4,"Over the air software updates are a great feature, keeps improving over time.",5,"Topic 5: air software, improving, great feature, keeps improving, updates great, improving time",1.0
EV1690,EV Scooter,Hero Vida V1,3,"Bluetooth connectivity drops frequently while riding, very frustrating.",11,"Topic 11: home, bluetooth, riding frustrating, connectivity, bluetooth connectivity, drops frequently",1.0
EV1691,EV Car,MG ZS EV,4,Loved the color options and the overall styling of the vehicle. For daily commute the range is fine but long trips are stressful because of low range.,1,"Topic 1: range, transparent, proper, time company, proper information, battery degrades",0.03331426094992029
EV1692,EV Car,Tesla Model 3,4,"Battery replacement cost is almost half the price of the vehicle, very concerning.",10,"Topic 10: battery replacement, cost half, half price, concerning, price vehicle, vehicle concerning",1.0
EV1693,EV Scooter,Hero Vida V1,4,"LED lighting and digital dashboard give it a premium, modern look. Switching to EV feels good knowing I'm reducing my carbon footprint.",7,"Topic 7: ev, good knowing, knowing, feels good, carbon footprint, knowing reducing",0.04831868929158438
EV1694,EV Scooter,Hero Vida V1,3,"Range drops badly in winter, I lost almost 30% range in cold weather.",23,"Topic 23: 30 range, badly, badly winter, cold weather, drops badly, cold",1.0
EV1695,EV Scooter,Bajaj Chetak,3,Stability control on wet roads is impressive and inspires confidence. The design looks futuristic and attracts a lot of attention on the road.,3,"Topic 3: low, stability control, control wet, impressive, impressive inspires, wet",1.0
EV1696,EV Scooter,Ampere Magnus,5,"Smart key and app based lock features work flawlessly, very convenient. LED lighting and digital dashboard give it a premium, modern look. After sales support has been excellent, quick response and doorstep service.",22,"Topic 22: app based, based, based lock, features work, flawlessly, flawlessly convenient",1.0
EV1697,EV Scooter,Ather 450X,5,"Emergency braking and collision alert systems work really well in traffic. No proper information on how battery degrades over time, company should be transparent.",0,"Topic 0: collision, systems, braking collision, collision alert, systems work, really traffic",0.015253611252011117
EV1698,EV Scooter,Ola S1,4,"Storage space under the seat is very limited, not practical for daily use.",5,"Topic 5: air software, improving, great feature, keeps improving, updates great, improving time",1.0
EV1699,EV Scooter,Bajaj Chetak,3,Switching to EV feels good knowing I'm reducing my carbon footprint. EV subsidy scheme in my state got delayed and the discount amount reduced suddenly. Touchscreen infotainment system lags and is not very intuitive to use.,7,"Topic 7: ev, good knowing, knowing, feels good, carbon footprint, knowing reducing",1.0
EV1700,EV Car,Tesla Model 3,3,Software glitches caused the dashboard to freeze twice in a month.,20,"Topic 20: dashboard, caused, freeze twice, glitches, freeze, glitches caused",1.0
EV1701,EV Scooter,Ola S1,5,Compact size makes it easy to park and maneuver in city traffic.,2,"Topic 2: makes, high, size makes, park, easy, maneuver",0.09143144254976918
EV1702,EV Scooter,Ola S1,5,Battery health dropped to 85% within 18 months of daily use.,13,"Topic 13: 18, 18 months, 85, 85 18, health dropped, months daily",1.0
EV1703,EV Car,Tesla Model 3,4,"Waiting time for service appointment is too long, more service centers needed.",14,"Topic 14: service, bit plain, design bit, compared rivals, bit, materials feel",1.0
EV1704,EV Scooter,TVS iQube,3,"EV subsidy scheme in my state got delayed and the discount amount reduced suddenly. The real world range is much lower than advertised, I only get 15 km on a full charge.",15,"Topic 15: highway, discount, ev subsidy, delayed discount, subsidy scheme, state got",1.0
EV1705,EV Scooter,Bajaj Chetak,3,Price after subsidy is still higher than a comparable petrol scooter.,6,"Topic 6: coal, defeats purpose, defeats, coal region, comes coal, comes",0.005800023808465483
EV1706,EV Scooter,Bajaj Chetak,4,"Energy used to charge still comes mostly from coal in my region, defeats the purpose somewhat. Range anxiety is real, I plan every trip around charging stops now. Price after subsidy is still higher than a comparable petrol scooter.",6,"Topic 6: coal, defeats purpose, defeats, coal region, comes coal, comes",0.5886369160701916
EV1707,EV Car,MG ZS EV,4,"The real world range is much lower than advertised, I only get 3 km on a full charge. Battery performance is stable even after two years of heavy usage.",1,"Topic 1: range, transparent, proper, time company, proper information, battery degrades",1.0
EV1708,EV Scooter,TVS iQube,3,"Interior quality feels cheap for the price point, needs improvement.",18,"Topic 18: infotainment, infotainment lags, touchscreen, touchscreen infotainment, lags intuitive, lags",1.0
EV1709,EV Car,Tesla Model 3,4,"The companion app keeps crashing, needs urgent software updates. Handling and stability at high speed feels very confident and safe.",17,"Topic 17: app keeps, crashing, crashing needs, companion app, companion, urgent software",1.0
EV1710,EV Scooter,TVS iQube,5,"LED lighting and digital dashboard give it a premium, modern look.",20,"Topic 20: dashboard, caused, freeze twice, glitches, freeze, glitches caused",0.04839878478616413
EV1711,EV Car,Hyundai Kona,4,"Customer support over phone is helpful and resolves issues quickly. Noise levels are impressively low, riding experience is very smooth and quiet.",3,"Topic 3: low, stability control, control wet, impressive, impressive inspires, wet",0.19905692752891987
EV1712,EV Car,Tesla Model 3,4,"Public chargers are often broken or occupied, need more charging stations urgently.",0,"Topic 0: collision, systems, braking collision, collision alert, systems work, really traffic",0.008556800626313784
EV1713,EV Scooter,Hero Vida V1,3,Customer support over phone is helpful and resolves issues quickly.,0,"Topic 0: collision, systems, braking collision, collision alert, systems work, really traffic",1.0
EV1714,EV Scooter,Ather 450X,4,"Smart key and app based lock features work flawlessly, very convenient.",22,"Topic 22: app based, based, based lock, features work, flawlessly, flawlessly convenient",1.0
EV1715,EV Car,BYD Atto 3,4,"Range drops badly in winter, I lost almost 30% range in cold weather.",23,"Topic 23: 30 range, badly, badly winter, cold weather, drops badly, cold",1.0
EV1716,EV Car,Mahindra XUV400,5,The design looks futuristic and attracts a lot of attention on the road.,9,"Topic 9: lot, better, expected, attracts lot, attracts, looks futuristic",1.0
EV1717,EV Scooter,TVS iQube,4,"After sales support has been excellent, quick response and doorstep service.",21,"Topic 21: cost warranty, battery degradation, warranty ends, ends, degradation replacement, worried battery",1.0
EV1718,EV Car,Hyundai Kona,4,"AC usage kills the range, on hot days I barely get half the claimed distance. Highway charging stops are rare, long distance travel is a nightmare. Acceleration is smooth and instant torque makes overtaking effortless.",4,"Topic 4: big motivation, big, motivation going, motivation, contributing, going",1.0
EV1719,EV Car,MG ZS EV,3,Software glitches caused the dashboard to freeze twice in a month. I'm always worried about running out of charge before reaching my destination.,20,"Topic 20: dashboard, caused, freeze twice, glitches, freeze, glitches caused",0.8453584270126545
EV1720,EV Scooter,Ather 450X,4,"Smart key and app based lock features work flawlessly, very convenient.",22,"Topic 22: app based, based, based lock, features work, flawlessly, flawlessly convenient",1.0
EV1721,EV Scooter,Hero Vida V1,5,"Energy used to charge still comes mostly from coal in my region, defeats the purpose somewhat. Acceleration is smooth and instant torque makes overtaking effortless.",6,"Topic 6: coal, defeats purpose, defeats, coal region, comes coal, comes",1.0
EV1722,EV Car,BYD Atto 3,4,"Worried about battery degradation and replacement cost after warranty ends. After sales support has been excellent, quick response and doorstep service.",21,"Topic 21: cost warranty, battery degradation, warranty ends, ends, degradation replacement, worried battery",1.0
EV1723,EV Scooter,Hero Vida V1,5,Battery performance is stable even after two years of heavy usage.,9,"Topic 9: lot, better, expected, attracts lot, attracts, looks futuristic",0.08788252997879625
EV1724,EV Car,Hyundai Kona,3,The design looks futuristic and attracts a lot of attention on the road.,9,"Topic 9: lot, better, expected, attracts lot, attracts, looks futuristic",1.0
EV1725,EV Scooter,Ather 450X,3,"EV subsidy scheme in my state got delayed and the discount amount reduced suddenly. Read reports about battery fires, safety is my biggest concern before buying.",15,"Topic 15: highway, discount, ev subsidy, delayed discount, subsidy scheme, state got",1.0
EV1726,EV Car,Hyundai Kona,4,Navigation system integrated with range prediction is genuinely useful.,8,"Topic 8: vehicle good, test ratings, test, purchase decision, ratings, ratings reassured",0.02917507061291401
EV1727,EV Car,Mahindra XUV400,4,Touchscreen infotainment system lags and is not very intuitive to use. The vehicle has good crash test ratings which reassured my purchase decision.,18,"Topic 18: infotainment, infotainment lags, touchscreen, touchscreen infotainment, lags intuitive, lags",1.0
EV1728,EV Car,Tata Nexon EV,5,"Bluetooth connectivity drops frequently while riding, very frustrating.",11,"Topic 11: home, bluetooth, riding frustrating, connectivity, bluetooth connectivity, drops frequently",1.0
EV1729,EV Car,Tata Nexon EV,4,"Acceleration is smooth and instant torque makes overtaking effortless. The companion app keeps crashing, needs urgent software updates.",17,"Topic 17: app keeps, crashing, crashing needs, companion app, companion, urgent software",1.0
EV1730,EV Scooter,Ola S1,2,Price after subsidy is still higher than a comparable petrol scooter.,6,"Topic 6: coal, defeats purpose, defeats, coal region, comes coal, comes",0.005794273021155719
EV1731,EV Scooter,TVS iQube,4,"There are very few authorized service centers, had to travel 120 km for repair.",10,"Topic 10: battery replacement, cost half, half price, concerning, price vehicle, vehicle concerning",0.0036677362586224945
EV1732,EV Scooter,Ola S1,4,Fast charging network needs serious expansion on highways.,2,"Topic 2: makes, high, size makes, park, easy, maneuver",1.0
EV1733,EV Scooter,Ampere Magnus,4,Customer support over phone is helpful and resolves issues quickly.,0,"Topic 0: collision, systems, braking collision, collision alert, systems work, really traffic",1.0
EV1734,EV Car,MG ZS EV,2,Emergency braking and collision alert systems work really well in traffic.,0,"Topic 0: collision, systems, braking collision, collision alert, systems work, really traffic",0.015282464029188002
EV1735,EV Car,MG ZS EV,4,"Highway charging stops are rare, long distance travel is a nightmare.",15,"Topic 15: highway, discount, ev subsidy, delayed discount, subsidy scheme, state got",1.0
EV1736,EV Car,Tata Nexon EV,5,"Energy used to charge still comes mostly from coal in my region, defeats the purpose somewhat. Touchscreen infotainment system lags and is not very intuitive to use.",6,"Topic 6: coal, defeats purpose, defeats, coal region, comes coal, comes",1.0
EV1737,EV Scooter,TVS iQube,3,"The companion app keeps crashing, needs urgent software updates. No proper information on how battery degrades over time, company should be transparent.",17,"Topic 17: app keeps, crashing, crashing needs, companion app, companion, urgent software",1.0
EV1738,EV Scooter,Ola S1,4,"Over the air software updates are a great feature, keeps improving over time.",5,"Topic 5: air software, improving, great feature, keeps improving, updates great, improving time",1.0
EV1739,EV Car,MG ZS EV,4,"Battery replacement cost is almost half the price of the vehicle, very concerning. Build quality feels premium and the ride is extremely comfortable. Advanced safety features like ABS and traction control give peace of mind.",10,"Topic 10: battery replacement, cost half, half price, concerning, price vehicle, vehicle concerning",1.0
EV1740,EV Car,Mahindra XUV400,4,"Smart key and app based lock features work flawlessly, very convenient.",22,"Topic 22: app based, based, based lock, features work, flawlessly, flawlessly convenient",1.0
EV1741,EV Car,Hyundai Kona,4,Advanced safety features like ABS and traction control give peace of mind.,10,"Topic 10: battery replacement, cost half, half price, concerning, price vehicle, vehicle concerning",0.001496910823725502
EV1742,EV Scooter,Hero Vida V1,4,Customer support over phone is helpful and resolves issues quickly.,0,"Topic 0: collision, systems, braking collision, collision alert, systems work, really traffic",1.0
EV1743,EV Scooter,Bajaj Chetak,4,"Read reports about battery fires, safety is my biggest concern before buying.",12,"Topic 12: battery disposal, environmental, disposal, disposal recycling, concerned, concerned environmental",0.01980131845785314
EV1744,EV Scooter,Bajaj Chetak,3,Contributing to a cleaner city is a big motivation behind going electric.,4,"Topic 4: big motivation, big, motivation going, motivation, contributing, going",0.1981684340722376
EV1745,EV Scooter,Ampere Magnus,5,"No proper information on how battery degrades over time, company should be transparent. Charging infrastructure in tier 2 and tier 3 cities is almost non-existent.",1,"Topic 1: range, transparent, proper, time company, proper information, battery degrades",0.21048447959058916
EV1746,EV Car,BYD Atto 3,4,"Over the air software updates are a great feature, keeps improving over time.",5,"Topic 5: air software, improving, great feature, keeps improving, updates great, improving time",1.0
EV1747,EV Scooter,Bajaj Chetak,4,"Concerned about environmental impact of battery disposal and recycling. Storage space under the seat is very limited, not practical for daily use.",12,"Topic 12: battery disposal, environmental, disposal, disposal recycling, concerned, concerned environmental",1.0
EV1748,EV Car,Tata Nexon EV,4,"No proper information on how battery degrades over time, company should be transparent.",1,"Topic 1: range, transparent, proper, time company, proper information, battery degrades",0.2073120376803341
EV1749,EV Car,Mahindra XUV400,3,Price after subsidy is still higher than a comparable petrol scooter.,6,"Topic 6: coal, defeats purpose, defeats, coal region, comes coal, comes",0.005804203241733955
EV1750,EV Scooter,TVS iQube,4,"Highway charging stops are rare, long distance travel is a nightmare. I'm always worried about running out of charge before reaching my destination.",15,"Topic 15: highway, discount, ev subsidy, delayed discount, subsidy scheme, state got",1.0
EV1751,EV Scooter,Ola S1,5,"AC usage kills the range, on hot days I barely get half the claimed distance.",4,"Topic 4: big motivation, big, motivation going, motivation, contributing, going",1.0
EV1752,EV Car,Hyundai Kona,4,Contributing to a cleaner city is a big motivation behind going electric.,4,"Topic 4: big motivation, big, motivation going, motivation, contributing, going",0.19760206100822963
EV1753,EV Scooter,Hero Vida V1,4,Compact size makes it easy to park and maneuver in city traffic.,2,"Topic 2: makes, high, size makes, park, easy, maneuver",0.09142750350615704
EV1754,EV Car,Tesla Model 3,4,Insurance premium for EV is surprisingly high compared to petrol vehicles. The vehicle has good crash test ratings which reassured my purchase decision.,16,"Topic 16: tier, surprisingly, surprisingly high, compared petrol, insurance premium, insurance",1.0
EV1755,EV Scooter,Ather 450X,3,"Range drops badly in winter, I lost almost 30% range in cold weather.",23,"Topic 23: 30 range, badly, badly winter, cold weather, drops badly, cold",1.0
EV1756,EV Car,MG ZS EV,4,Home charging setup was expensive and took weeks to install.,11,"Topic 11: home, bluetooth, riding frustrating, connectivity, bluetooth connectivity, drops frequently",1.0
EV1757,EV Scooter,Bajaj Chetak,4,Navigation system integrated with range prediction is genuinely useful.,8,"Topic 8: vehicle good, test ratings, test, purchase decision, ratings, ratings reassured",0.029212149680110256
EV1758,EV Scooter,Ampere Magnus,3,Total cost of ownership is great once you factor in low maintenance and fuel savings.,3,"Topic 3: low, stability control, control wet, impressive, impressive inspires, wet",1.0
EV1759,EV Scooter,Ampere Magnus,3,EV subsidy scheme in my state got delayed and the discount amount reduced suddenly.,15,"Topic 15: highway, discount, ev subsidy, delayed discount, subsidy scheme, state got",1.0
EV1760,EV Scooter,Ampere Magnus,2,"Concerned about environmental impact of battery disposal and recycling. The companion app keeps crashing, needs urgent software updates.",17,"Topic 17: app keeps, crashing, crashing needs, companion app, companion, urgent software",1.0
EV1761,EV Scooter,Hero Vida V1,3,"Spare parts availability is a major issue, waited a month for a replacement part.",0,"Topic 0: collision, systems, braking collision, collision alert, systems work, really traffic",0.19201428116808925
EV1762,EV Car,BYD Atto 3,4,"Charging takes too long, almost 6 hours for a full charge at home.",11,"Topic 11: home, bluetooth, riding frustrating, connectivity, bluetooth connectivity, drops frequently",0.010375253001710672
EV1763,EV Car,Hyundai Kona,4,"Emergency braking and collision alert systems work really well in traffic. Touchscreen infotainment system lags and is not very intuitive to use. Braking system feels sharp and responsive, regenerative braking works well.",0,"Topic 0: collision, systems, braking collision, collision alert, systems work, really traffic",0.015230560982120432
EV1764,EV Scooter,Ather 450X,5,"Switching to EV feels good knowing I'm reducing my carbon footprint. Waiting time for service appointment is too long, more service centers needed.",7,"Topic 7: ev, good knowing, knowing, feels good, carbon footprint, knowing reducing",1.0
EV1765,EV Scooter,Ampere Magnus,4,"Had a great experience with the service team, they explained everything clearly.",8,"Topic 8: vehicle good, test ratings, test, purchase decision, ratings, ratings reassured",1.0
EV1766,EV Car,Hyundai Kona,4,Advanced safety features like ABS and traction control give peace of mind.,10,"Topic 10: battery replacement, cost half, half price, concerning, price vehicle, vehicle concerning",0.0014969088287797453
EV1767,EV Scooter,TVS iQube,4,Service center staff are not well trained to handle EV specific issues. Switching to EV feels good knowing I'm reducing my carbon footprint.,7,"Topic 7: ev, good knowing, knowing, feels good, carbon footprint, knowing reducing",1.0
EV1768,EV Car,BYD Atto 3,4,"No proper information on how battery degrades over time, company should be transparent. There are very few authorized service centers, had to travel 15 km for repair.",1,"Topic 1: range, transparent, proper, time company, proper information, battery degrades",0.2085901730668358
EV1769,EV Car,BYD Atto 3,4,"Battery replacement cost is almost half the price of the vehicle, very concerning. Contributing to a cleaner city is a big motivation behind going electric.",10,"Topic 10: battery replacement, cost half, half price, concerning, price vehicle, vehicle concerning",1.0
EV1770,EV Scooter,Ather 450X,3,Concerned about environmental impact of battery disposal and recycling.,12,"Topic 12: battery disposal, environmental, disposal, disposal recycling, concerned, concerned environmental",1.0
EV1771,EV Car,Tesla Model 3,3,"Battery replacement cost is almost half the price of the vehicle, very concerning. Bluetooth connectivity drops frequently while riding, very frustrating.",10,"Topic 10: battery replacement, cost half, half price, concerning, price vehicle, vehicle concerning",1.0
EV1772,EV Scooter,Bajaj Chetak,4,Touchscreen infotainment system lags and is not very intuitive to use.,18,"Topic 18: infotainment, infotainment lags, touchscreen, touchscreen infotainment, lags intuitive, lags",1.0
EV1773,EV Car,BYD Atto 3,4,"Bluetooth connectivity drops frequently while riding, very frustrating.",11,"Topic 11: home, bluetooth, riding frustrating, connectivity, bluetooth connectivity, drops frequently",1.0
EV1774,EV Scooter,Ampere Magnus,4,"Braking system feels sharp and responsive, regenerative braking works well. Loved the color options and the overall styling of the vehicle.",24,"Topic 24: braking, braking feels, braking works, responsive, regenerative braking, responsive regenerative",1.0
EV1775,EV Scooter,TVS iQube,5,"Smart key and app based lock features work flawlessly, very convenient.",22,"Topic 22: app based, based, based lock, features work, flawlessly, flawlessly convenient",1.0
EV1776,EV Car,Tesla Model 3,5,The battery warranty of 20 years gives me confidence in long term reliability.,4,"Topic 4: big motivation, big, motivation going, motivation, contributing, going",1.0
EV1777,EV Car,Tesla Model 3,5,The design looks futuristic and attracts a lot of attention on the road.,9,"Topic 9: lot, better, expected, attracts lot, attracts, looks futuristic",1.0
EV1778,EV Car,Tesla Model 3,4,"After sales support has been excellent, quick response and doorstep service.",21,"Topic 21: cost warranty, battery degradation, warranty ends, ends, degradation replacement, worried battery",1.0
EV1779,EV Car,Tata Nexon EV,3,"Range drops badly in winter, I lost almost 30% range in cold weather. Running cost is much lower than petrol, saving a lot on fuel every month.",23,"Topic 23: 30 range, badly, badly winter, cold weather, drops badly, cold",1.0
EV1780,EV Car,BYD Atto 3,5,Home charging setup was expensive and took weeks to install.,11,"Topic 11: home, bluetooth, riding frustrating, connectivity, bluetooth connectivity, drops frequently",1.0
EV1781,EV Scooter,TVS iQube,5,"Had a great experience with the service team, they explained everything clearly.",8,"Topic 8: vehicle good, test ratings, test, purchase decision, ratings, ratings reassured",1.0
EV1782,EV Scooter,Hero Vida V1,4,"Charging takes too long, almost 6 hours for a full charge at home.",11,"Topic 11: home, bluetooth, riding frustrating, connectivity, bluetooth connectivity, drops frequently",0.010359161683166269
EV1783,EV Car,Mahindra XUV400,4,"There are very few authorized service centers, had to travel 15 km for repair. Switching to EV feels good knowing I'm reducing my carbon footprint.",7,"Topic 7: ev, good knowing, knowing, feels good, carbon footprint, knowing reducing",1.0
EV1784,EV Scooter,Ather 450X,3,"Highway charging stops are rare, long distance travel is a nightmare. Battery health dropped to 85% within 18 months of daily use.",15,"Topic 15: highway, discount, ev subsidy, delayed discount, subsidy scheme, state got",1.0
EV1785,EV Car,Mahindra XUV400,4,"Charging infrastructure in tier 2 and tier 3 cities is almost non-existent. Switching to EV feels good knowing I'm reducing my carbon footprint. Spare parts availability is a major issue, waited a month for a replacement part.",16,"Topic 16: tier, surprisingly, surprisingly high, compared petrol, insurance premium, insurance",1.0
EV1786,EV Car,Tesla Model 3,5,"Waiting time for service appointment is too long, more service centers needed. The battery warranty of 300 years gives me confidence in long term reliability.",4,"Topic 4: big motivation, big, motivation going, motivation, contributing, going",1.0
EV1787,EV Car,BYD Atto 3,5,Compact size makes it easy to park and maneuver in city traffic. Fast charging network needs serious expansion on highways.,2,"Topic 2: makes, high, size makes, park, easy, maneuver",0.09402909680496113
EV1788,EV Car,Mahindra XUV400,3,"Noise levels are impressively low, riding experience is very smooth and quiet. Service center staff are not well trained to handle EV specific issues.",3,"Topic 3: low, stability control, control wet, impressive, impressive inspires, wet",0.19731070781413526
EV1789,EV Car,Hyundai Kona,4,"Waiting time for service appointment is too long, more service centers needed.",14,"Topic 14: service, bit plain, design bit, compared rivals, bit, materials feel",1.0
EV1790,EV Car,MG ZS EV,4,"Waiting time for service appointment is too long, more service centers needed. Build materials feel sturdy but the design is a bit too plain compared to rivals. Love the app that shows nearby charging stations, very convenient feature.",14,"Topic 14: service, bit plain, design bit, compared rivals, bit, materials feel",1.0
EV1791,EV Scooter,Ola S1,3,"Claimed range of 80 km is misleading, actual range is way less in city traffic.",1,"Topic 1: range, transparent, proper, time company, proper information, battery degrades",1.0
EV1792,EV Car,Mahindra XUV400,5,Navigation system integrated with range prediction is genuinely useful.,8,"Topic 8: vehicle good, test ratings, test, purchase decision, ratings, ratings reassured",0.02921738734298692
EV1793,EV Scooter,Ola S1,4,Acceleration is smooth and instant torque makes overtaking effortless.,23,"Topic 23: 30 range, badly, badly winter, cold weather, drops badly, cold",1.0
EV1794,EV Scooter,Ola S1,4,"Read reports about battery fires, safety is my biggest concern before buying.",12,"Topic 12: battery disposal, environmental, disposal, disposal recycling, concerned, concerned environmental",0.019839421634438036
EV1795,EV Car,Tata Nexon EV,3,"The real world range is much lower than advertised, I only get 150 km on a full charge. Software glitches caused the dashboard to freeze twice in a month.",1,"Topic 1: range, transparent, proper, time company, proper information, battery degrades",1.0
EV1796,EV Car,Tata Nexon EV,4,Charging infrastructure in tier 2 and tier 3 cities is almost non-existent.,16,"Topic 16: tier, surprisingly, surprisingly high, compared petrol, insurance premium, insurance",1.0
EV1797,EV Car,BYD Atto 3,4,"The companion app keeps crashing, needs urgent software updates. Price after subsidy is still higher than a comparable petrol scooter.",17,"Topic 17: app keeps, crashing, crashing needs, companion app, companion, urgent software",1.0
EV1798,EV Scooter,TVS iQube,4,"Concerned about environmental impact of battery disposal and recycling. Read reports about battery fires, safety is my biggest concern before buying. Worried about battery degradation and replacement cost after warranty ends.",12,"Topic 12: battery disposal, environmental, disposal, disposal recycling, concerned, concerned environmental",1.0
EV1799,EV Car,Hyundai Kona,3,"Battery replacement cost is almost half the price of the vehicle, very concerning.",10,"Topic 10: battery replacement, cost half, half price, concerning, price vehicle, vehicle concerning",1.0
EV1800,EV Car,Tesla Model 3,4,Navigation system integrated with range prediction is genuinely useful. The upfront price is high but government subsidy makes it affordable.,2,"Topic 2: makes, high, size makes, park, easy, maneuver",0.02922762786810798
EV1801,EV Car,Tata Nexon EV,4,"The companion app keeps crashing, needs urgent software updates. Finding a working charging station in my city is still very difficult.",17,"Topic 17: app keeps, crashing, crashing needs, companion app, companion, urgent software",0.82806515936305
EV1802,EV Car,Tata Nexon EV,4,Battery health dropped to 85% within 18 months of daily use.,13,"Topic 13: 18, 18 months, 85, 85 18, health dropped, months daily",1.0
EV1803,EV Car,Tesla Model 3,4,Compact size makes it easy to park and maneuver in city traffic. The upfront price is high but government subsidy makes it affordable. Battery performance is stable even after two years of heavy usage.,2,"Topic 2: makes, high, size makes, park, easy, maneuver",0.09143709761744614
EV1804,EV Car,Tesla Model 3,4,"After sales support has been excellent, quick response and doorstep service.",21,"Topic 21: cost warranty, battery degradation, warranty ends, ends, degradation replacement, worried battery",1.0
EV1805,EV Scooter,Ola S1,4,"Heard about a thermal runaway incident, this has shaken my trust in EV safety. Love the app that shows nearby charging stations, very convenient feature.",8,"Topic 8: vehicle good, test ratings, test, purchase decision, ratings, ratings reassured",0.0017458531408938598
EV1806,EV Car,Mahindra XUV400,4,Total cost of ownership is great once you factor in low maintenance and fuel savings. Charging infrastructure in tier 2 and tier 3 cities is almost non-existent.,16,"Topic 16: tier, surprisingly, surprisingly high, compared petrol, insurance premium, insurance",1.0
EV1807,EV Scooter,Ather 450X,3,"The motor is powerful and pickup is much better than petrol variants. Spare parts availability is a major issue, waited a month for a replacement part.",9,"Topic 9: lot, better, expected, attracts lot, attracts, looks futuristic",1.0
EV1808,EV Scooter,TVS iQube,5,"I'm always worried about running out of charge before reaching my destination. Read reports about battery fires, safety is my biggest concern before buying.",12,"Topic 12: battery disposal, environmental, disposal, disposal recycling, concerned, concerned environmental",0.041512471733045654
EV1809,EV Car,Mahindra XUV400,5,Navigation system integrated with range prediction is genuinely useful.,8,"Topic 8: vehicle good, test ratings, test, purchase decision, ratings, ratings reassured",0.029165192072891415
EV1810,EV Scooter,Bajaj Chetak,5,"Love the app that shows nearby charging stations, very convenient feature.",8,"Topic 8: vehicle good, test ratings, test, purchase decision, ratings, ratings reassured",0.011137645405069532
EV1811,EV Car,Tata Nexon EV,5,"The design looks futuristic and attracts a lot of attention on the road. For the price, I expected better build quality and more features.",9,"Topic 9: lot, better, expected, attracts lot, attracts, looks futuristic",1.0
EV1812,EV Scooter,Ola S1,3,"Zero tailpipe emissions is the main reason I chose an electric vehicle. Bluetooth connectivity drops frequently while riding, very frustrating.",19,"Topic 19: chose, chose electric, emissions, emissions main, reason, reason chose",0.7099904363819589
EV1813,EV Scooter,Ather 450X,4,"There are very few authorized service centers, had to travel 250 km for repair.",10,"Topic 10: battery replacement, cost half, half price, concerning, price vehicle, vehicle concerning",0.0036677049385768676
EV1814,EV Car,Tata Nexon EV,5,Charging infrastructure in tier 2 and tier 3 cities is almost non-existent.,16,"Topic 16: tier, surprisingly, surprisingly high, compared petrol, insurance premium, insurance",1.0
EV1815,EV Scooter,Bajaj Chetak,3,"Customer support over phone is helpful and resolves issues quickly. Battery performance is stable even after two years of heavy usage. Read reports about battery fires, safety is my biggest concern before buying.",12,"Topic 12: battery disposal, environmental, disposal, disposal recycling, concerned, concerned environmental",0.08890894847166304
EV1816,EV Car,Mahindra XUV400,5,Touchscreen infotainment system lags and is not very intuitive to use.,18,"Topic 18: infotainment, infotainment lags, touchscreen, touchscreen infotainment, lags intuitive, lags",1.0
EV1817,EV Car,Tesla Model 3,4,"Noise levels are impressively low, riding experience is very smooth and quiet.",3,"Topic 3: low, stability control, control wet, impressive, impressive inspires, wet",0.19974870369441208
EV1818,EV Car,BYD Atto 3,5,The design looks futuristic and attracts a lot of attention on the road. Battery range degrades faster than expected after just one year of use.,9,"Topic 9: lot, better, expected, attracts lot, attracts, looks futuristic",1.0
EV1819,EV Car,Mahindra XUV400,4,"Bluetooth connectivity drops frequently while riding, very frustrating.",11,"Topic 11: home, bluetooth, riding frustrating, connectivity, bluetooth connectivity, drops frequently",1.0
EV1820,EV Car,Tata Nexon EV,4,The battery warranty of 200 years gives me confidence in long term reliability.,4,"Topic 4: big motivation, big, motivation going, motivation, contributing, going",1.0
EV1821,EV Car,Tesla Model 3,5,"There are very few authorized service centers, had to travel 5 km for repair.",10,"Topic 10: battery replacement, cost half, half price, concerning, price vehicle, vehicle concerning",0.0036680321931437
EV1822,EV Scooter,Ampere Magnus,3,"Battery health dropped to 85% within 18 months of daily use. LED lighting and digital dashboard give it a premium, modern look.",13,"Topic 13: 18, 18 months, 85, 85 18, health dropped, months daily",1.0
EV1823,EV Scooter,Hero Vida V1,4,Build materials feel sturdy but the design is a bit too plain compared to rivals.,14,"Topic 14: service, bit plain, design bit, compared rivals, bit, materials feel",1.0
EV1824,EV Scooter,Ampere Magnus,4,"Waiting time for service appointment is too long, more service centers needed.",14,"Topic 14: service, bit plain, design bit, compared rivals, bit, materials feel",1.0
EV1825,EV Car,Tesla Model 3,3,"AC usage kills the range, on hot days I barely get half the claimed distance. Advanced safety features like ABS and traction control give peace of mind.",4,"Topic 4: big motivation, big, motivation going, motivation, contributing, going",1.0
EV1826,EV Car,Mahindra XUV400,3,"Suspension is too stiff, ride quality is uncomfortable on bad roads. Energy used to charge still comes mostly from coal in my region, defeats the purpose somewhat.",8,"Topic 8: vehicle good, test ratings, test, purchase decision, ratings, ratings reassured",0.17566504079446427
EV1827,EV Car,BYD Atto 3,5,"Running cost is much lower than petrol, saving a lot on fuel every month.",9,"Topic 9: lot, better, expected, attracts lot, attracts, looks futuristic",0.009724213040108027
EV1828,EV Scooter,Hero Vida V1,5,"Noise levels are impressively low, riding experience is very smooth and quiet. After sales support has been excellent, quick response and doorstep service.",3,"Topic 3: low, stability control, control wet, impressive, impressive inspires, wet",0.20075603983584098
EV1829,EV Car,Tata Nexon EV,4,Navigation system integrated with range prediction is genuinely useful.,8,"Topic 8: vehicle good, test ratings, test, purchase decision, ratings, ratings reassured",0.02916952479785691
EV1830,EV Car,Mahindra XUV400,5,"Charging infrastructure in tier 2 and tier 3 cities is almost non-existent. Running cost is much lower than petrol, saving a lot on fuel every month.",16,"Topic 16: tier, surprisingly, surprisingly high, compared petrol, insurance premium, insurance",1.0
EV1831,EV Car,Mahindra XUV400,4,Home charging setup was expensive and took weeks to install.,11,"Topic 11: home, bluetooth, riding frustrating, connectivity, bluetooth connectivity, drops frequently",1.0
EV1832,EV Scooter,Ola S1,5,The upfront price is high but government subsidy makes it affordable. The vehicle has good crash test ratings which reassured my purchase decision.,8,"Topic 8: vehicle good, test ratings, test, purchase decision, ratings, ratings reassured",0.0016648410890092702
EV1833,EV Scooter,Hero Vida V1,5,Build materials feel sturdy but the design is a bit too plain compared to rivals. Software glitches caused the dashboard to freeze twice in a month.,14,"Topic 14: service, bit plain, design bit, compared rivals, bit, materials feel",1.0
EV1834,EV Car,Hyundai Kona,3,"Resale value of electric vehicles is still uncertain, worried about depreciation. Emergency braking and collision alert systems work really well in traffic.",5,"Topic 5: air software, improving, great feature, keeps improving, updates great, improving time",0.04585382628117737
EV1835,EV Scooter,Hero Vida V1,5,Emergency braking and collision alert systems work really well in traffic. Touchscreen infotainment system lags and is not very intuitive to use.,0,"Topic 0: collision, systems, braking collision, collision alert, systems work, really traffic",0.015220798700395671
EV1836,EV Car,Hyundai Kona,5,Touchscreen infotainment system lags and is not very intuitive to use.,18,"Topic 18: infotainment, infotainment lags, touchscreen, touchscreen infotainment, lags intuitive, lags",1.0
EV1837,EV Scooter,Ola S1,4,Navigation system integrated with range prediction is genuinely useful. Battery health dropped to 85% within 18 months of daily use.,13,"Topic 13: 18, 18 months, 85, 85 18, health dropped, months daily",0.02941325451670617
EV1838,EV Scooter,Ather 450X,2,"The upfront price is high but government subsidy makes it affordable. Love the app that shows nearby charging stations, very convenient feature.",8,"Topic 8: vehicle good, test ratings, test, purchase decision, ratings, ratings reassured",0.0016669256628768052
EV1839,EV Car,Mahindra XUV400,4,The upfront price is high but government subsidy makes it affordable.,2,"Topic 2: makes, high, size makes, park, easy, maneuver",0.0016629071462792094
EV1840,EV Scooter,TVS iQube,4,"Read reports about battery fires, safety is my biggest concern before buying.",12,"Topic 12: battery disposal, environmental, disposal, disposal recycling, concerned, concerned environmental",0.020051564725597094
EV1841,EV Scooter,Ola S1,4,"Battery replacement cost is almost half the price of the vehicle, very concerning.",10,"Topic 10: battery replacement, cost half, half price, concerning, price vehicle, vehicle concerning",1.0
EV1842,EV Scooter,Ather 450X,4,"Build quality feels premium and the ride is extremely comfortable. After sales support has been excellent, quick response and doorstep service.",21,"Topic 21: cost warranty, battery degradation, warranty ends, ends, degradation replacement, worried battery",0.01026189841061808
EV1843,EV Car,BYD Atto 3,4,"The companion app keeps crashing, needs urgent software updates.",17,"Topic 17: app keeps, crashing, crashing needs, companion app, companion, urgent software",1.0
EV1844,EV Car,Tesla Model 3,3,"Storage space under the seat is very limited, not practical for daily use. Resale value of electric vehicles is still uncertain, worried about depreciation.",5,"Topic 5: air software, improving, great feature, keeps improving, updates great, improving time",0.0454334304365957
EV1845,EV Car,Hyundai Kona,4,"Energy used to charge still comes mostly from coal in my region, defeats the purpose somewhat.",6,"Topic 6: coal, defeats purpose, defeats, coal region, comes coal, comes",1.0
EV1846,EV Car,Hyundai Kona,5,Stability control on wet roads is impressive and inspires confidence. Software glitches caused the dashboard to freeze twice in a month.,3,"Topic 3: low, stability control, control wet, impressive, impressive inspires, wet",1.0
EV1847,EV Car,BYD Atto 3,3,Acceleration is smooth and instant torque makes overtaking effortless. Stability control on wet roads is impressive and inspires confidence.,3,"Topic 3: low, stability control, control wet, impressive, impressive inspires, wet",1.0
EV1848,EV Scooter,Bajaj Chetak,3,Loved the color options and the overall styling of the vehicle.,24,"Topic 24: braking, braking feels, braking works, responsive, regenerative braking, responsive regenerative",0.03309384140893881
EV1849,EV Car,Hyundai Kona,3,"Smart key and app based lock features work flawlessly, very convenient.",22,"Topic 22: app based, based, based lock, features work, flawlessly, flawlessly convenient",0.8948698287303163
EV1850,EV Car,MG ZS EV,4,"There are very few authorized service centers, had to travel 8 km for repair.",10,"Topic 10: battery replacement, cost half, half price, concerning, price vehicle, vehicle concerning",0.003667355409422932
EV1851,EV Scooter,Hero Vida V1,5,Battery health dropped to 85% within 18 months of daily use.,13,"Topic 13: 18, 18 months, 85, 85 18, health dropped, months daily",1.0
EV1852,EV Scooter,Bajaj Chetak,4,Finding a working charging station in my city is still very difficult.,0,"Topic 0: collision, systems, braking collision, collision alert, systems work, really traffic",1.0
EV1853,EV Scooter,Hero Vida V1,4,Stability control on wet roads is impressive and inspires confidence. Navigation system integrated with range prediction is genuinely useful.,3,"Topic 3: low, stability control, control wet, impressive, impressive inspires, wet",1.0
EV1854,EV Car,MG ZS EV,4,Emergency braking and collision alert systems work really well in traffic.,0,"Topic 0: collision, systems, braking collision, collision alert, systems work, really traffic",0.015236466811926022
EV1855,EV Car,Hyundai Kona,5,The upfront price is high but government subsidy makes it affordable.,2,"Topic 2: makes, high, size makes, park, easy, maneuver",0.0016666344161544394
EV1856,EV Car,MG ZS EV,4,"Charging takes too long, almost 6 hours for a full charge at home.",11,"Topic 11: home, bluetooth, riding frustrating, connectivity, bluetooth connectivity, drops frequently",0.0103866646815138
EV1857,EV Scooter,Ather 450X,4,"Charging takes too long, almost 6 hours for a full charge at home.",11,"Topic 11: home, bluetooth, riding frustrating, connectivity, bluetooth connectivity, drops frequently",0.010392397675523983
EV1858,EV Scooter,Ola S1,5,Contributing to a cleaner city is a big motivation behind going electric.,4,"Topic 4: big motivation, big, motivation going, motivation, contributing, going",0.2013942414508832
EV1859,EV Scooter,Hero Vida V1,5,Stability control on wet roads is impressive and inspires confidence.,3,"Topic 3: low, stability control, control wet, impressive, impressive inspires, wet",1.0
EV1860,EV Car,Hyundai Kona,4,"Battery replacement cost is almost half the price of the vehicle, very concerning. Suspension is too stiff, ride quality is uncomfortable on bad roads.",10,"Topic 10: battery replacement, cost half, half price, concerning, price vehicle, vehicle concerning",1.0
EV1861,EV Scooter,Ather 450X,4,"The design looks futuristic and attracts a lot of attention on the road. Braking system feels sharp and responsive, regenerative braking works well.",24,"Topic 24: braking, braking feels, braking works, responsive, regenerative braking, responsive regenerative",0.5295759187324406
EV1862,EV Scooter,Ampere Magnus,4,"Battery performance is stable even after two years of heavy usage. Love the app that shows nearby charging stations, very convenient feature. Concerned about environmental impact of battery disposal and recycling.",12,"Topic 12: battery disposal, environmental, disposal, disposal recycling, concerned, concerned environmental",0.08881801316812311
EV1863,EV Scooter,TVS iQube,3,Worried about battery degradation and replacement cost after warranty ends.,21,"Topic 21: cost warranty, battery degradation, warranty ends, ends, degradation replacement, worried battery",1.0
EV1864,EV Car,BYD Atto 3,4,The design looks futuristic and attracts a lot of attention on the road. The motor is powerful and pickup is much better than petrol variants. Battery health dropped to 85% within 18 months of daily use.,9,"Topic 9: lot, better, expected, attracts lot, attracts, looks futuristic",1.0
EV1865,EV Car,MG ZS EV,4,Home charging setup was expensive and took weeks to install. Switching to EV feels good knowing I'm reducing my carbon footprint.,7,"Topic 7: ev, good knowing, knowing, feels good, carbon footprint, knowing reducing",1.0
EV1866,EV Scooter,TVS iQube,4,Navigation system integrated with range prediction is genuinely useful.,8,"Topic 8: vehicle good, test ratings, test, purchase decision, ratings, ratings reassured",0.029308968639529087
EV1867,EV Scooter,Ather 450X,4,Total cost of ownership is great once you factor in low maintenance and fuel savings.,3,"Topic 3: low, stability control, control wet, impressive, impressive inspires, wet",1.0
EV1868,EV Car,Tesla Model 3,4,"Insurance premium for EV is surprisingly high compared to petrol vehicles. No proper information on how battery degrades over time, company should be transparent. Public chargers are often broken or occupied, need more charging stations urgently.",16,"Topic 16: tier, surprisingly, surprisingly high, compared petrol, insurance premium, insurance",1.0
EV1869,EV Car,Tata Nexon EV,3,"Running cost is much lower than petrol, saving a lot on fuel every month.",9,"Topic 9: lot, better, expected, attracts lot, attracts, looks futuristic",0.009753682868214276
EV1870,EV Car,Tesla Model 3,4,Service center staff are not well trained to handle EV specific issues.,7,"Topic 7: ev, good knowing, knowing, feels good, carbon footprint, knowing reducing",1.0
EV1871,EV Car,Hyundai Kona,4,"Energy used to charge still comes mostly from coal in my region, defeats the purpose somewhat. Price after subsidy is still higher than a comparable petrol scooter.",6,"Topic 6: coal, defeats purpose, defeats, coal region, comes coal, comes",0.7200879494705041
EV1872,EV Car,Tesla Model 3,4,"The battery warranty of 120 years gives me confidence in long term reliability. Had a great experience with the service team, they explained everything clearly. The motor is powerful and pickup is much better than petrol variants.",4,"Topic 4: big motivation, big, motivation going, motivation, contributing, going",1.0
EV1873,EV Car,Tata Nexon EV,3,EV subsidy scheme in my state got delayed and the discount amount reduced suddenly.,15,"Topic 15: highway, discount, ev subsidy, delayed discount, subsidy scheme, state got",1.0
EV1874,EV Car,BYD Atto 3,3,The vehicle has good crash test ratings which reassured my purchase decision. Software glitches caused the dashboard to freeze twice in a month.,20,"Topic 20: dashboard, caused, freeze twice, glitches, freeze, glitches caused",0.866713348180094
EV1875,EV Car,Mahindra XUV400,4,"Interior quality feels cheap for the price point, needs improvement. Energy used to charge still comes mostly from coal in my region, defeats the purpose somewhat.",18,"Topic 18: infotainment, infotainment lags, touchscreen, touchscreen infotainment, lags intuitive, lags",1.0
EV1876,EV Car,Mahindra XUV400,4,"The companion app keeps crashing, needs urgent software updates.",17,"Topic 17: app keeps, crashing, crashing needs, companion app, companion, urgent software",1.0
EV1877,EV Car,Mahindra XUV400,4,"Love the app that shows nearby charging stations, very convenient feature.",8,"Topic 8: vehicle good, test ratings, test, purchase decision, ratings, ratings reassured",0.011137536363220587
EV1878,EV Scooter,Ola S1,4,Concerned about environmental impact of battery disposal and recycling.,12,"Topic 12: battery disposal, environmental, disposal, disposal recycling, concerned, concerned environmental",1.0
EV1879,EV Scooter,Ather 450X,4,"Running cost is much lower than petrol, saving a lot on fuel every month.",9,"Topic 9: lot, better, expected, attracts lot, attracts, looks futuristic",0.009747559493421912
EV1880,EV Scooter,Hero Vida V1,4,"Bluetooth connectivity drops frequently while riding, very frustrating. Charging infrastructure in tier 2 and tier 3 cities is almost non-existent.",11,"Topic 11: home, bluetooth, riding frustrating, connectivity, bluetooth connectivity, drops frequently",1.0
EV1881,EV Car,Tata Nexon EV,5,Switching to EV feels good knowing I'm reducing my carbon footprint.,7,"Topic 7: ev, good knowing, knowing, feels good, carbon footprint, knowing reducing",1.0
EV1882,EV Car,Tata Nexon EV,3,"Running cost is much lower than petrol, saving a lot on fuel every month. Interior quality feels cheap for the price point, needs improvement.",18,"Topic 18: infotainment, infotainment lags, touchscreen, touchscreen infotainment, lags intuitive, lags",0.00973131240862636
EV1883,EV Scooter,Hero Vida V1,4,"Storage space under the seat is very limited, not practical for daily use. Noise levels are impressively low, riding experience is very smooth and quiet.",5,"Topic 5: air software, improving, great feature, keeps improving, updates great, improving time",1.0
EV1884,EV Scooter,Ampere Magnus,4,"Public chargers are often broken or occupied, need more charging stations urgently.",0,"Topic 0: collision, systems, braking collision, collision alert, systems work, really traffic",0.0085598313227888
EV1885,EV Scooter,Bajaj Chetak,3,"Range drops badly in winter, I lost almost 30% range in cold weather.",23,"Topic 23: 30 range, badly, badly winter, cold weather, drops badly, cold",1.0
EV1886,EV Car,Tata Nexon EV,4,Compact size makes it easy to park and maneuver in city traffic.,2,"Topic 2: makes, high, size makes, park, easy, maneuver",0.09141845238585079
EV1887,EV Scooter,Ather 450X,5,Charging infrastructure in tier 2 and tier 3 cities is almost non-existent.,16,"Topic 16: tier, surprisingly, surprisingly high, compared petrol, insurance premium, insurance",1.0
EV1888,EV Scooter,Ather 450X,3,"Heard about a thermal runaway incident, this has shaken my trust in EV safety. After sales support has been excellent, quick response and doorstep service.",21,"Topic 21: cost warranty, battery degradation, warranty ends, ends, degradation replacement, worried battery",0.0017462789162654825
EV1889,EV Car,Tata Nexon EV,4,Touchscreen infotainment system lags and is not very intuitive to use.,18,"Topic 18: infotainment, infotainment lags, touchscreen, touchscreen infotainment, lags intuitive, lags",1.0
EV1890,EV Scooter,Bajaj Chetak,4,"No proper information on how battery degrades over time, company should be transparent. The vehicle has good crash test ratings which reassured my purchase decision.",1,"Topic 1: range, transparent, proper, time company, proper information, battery degrades",0.20558015407438465
EV1891,EV Car,Mahindra XUV400,4,"LED lighting and digital dashboard give it a premium, modern look. The companion app keeps crashing, needs urgent software updates.",17,"Topic 17: app keeps, crashing, crashing needs, companion app, companion, urgent software",1.0
EV1892,EV Scooter,Hero Vida V1,4,Advanced safety features like ABS and traction control give peace of mind.,10,"Topic 10: battery replacement, cost half, half price, concerning, price vehicle, vehicle concerning",0.0014966112845409471
EV1893,EV Scooter,TVS iQube,4,Concerned about environmental impact of battery disposal and recycling.,12,"Topic 12: battery disposal, environmental, disposal, disposal recycling, concerned, concerned environmental",1.0
EV1894,EV Scooter,TVS iQube,3,The battery warranty of 8 years gives me confidence in long term reliability. Acceleration is smooth and instant torque makes overtaking effortless.,4,"Topic 4: big motivation, big, motivation going, motivation, contributing, going",1.0
EV1895,EV Scooter,Bajaj Chetak,4,Top speed is decent for city use but not enough for highway cruising. The design looks futuristic and attracts a lot of attention on the road.,9,"Topic 9: lot, better, expected, attracts lot, attracts, looks futuristic",0.0009555143673265426
EV1896,EV Car,MG ZS EV,4,"Public chargers are often broken or occupied, need more charging stations urgently. After sales support has been excellent, quick response and doorstep service.",0,"Topic 0: collision, systems, braking collision, collision alert, systems work, really traffic",0.008546462336250362
EV1897,EV Car,Tata Nexon EV,5,Compact size makes it easy to park and maneuver in city traffic.,2,"Topic 2: makes, high, size makes, park, easy, maneuver",0.09142492876755424
EV1898,EV Scooter,TVS iQube,4,Top speed is decent for city use but not enough for highway cruising. Compact size makes it easy to park and maneuver in city traffic. Advanced safety features like ABS and traction control give peace of mind.,2,"Topic 2: makes, high, size makes, park, easy, maneuver",0.000955487181817074
EV1899,EV Scooter,Ola S1,3,"Heard about a thermal runaway incident, this has shaken my trust in EV safety. Braking system feels sharp and responsive, regenerative braking works well. The battery warranty of 300 years gives me confidence in long term reliability.",24,"Topic 24: braking, braking feels, braking works, responsive, regenerative braking, responsive regenerative",1.0
EV1900,EV Car,Mahindra XUV400,4,"After sales support has been excellent, quick response and doorstep service.",21,"Topic 21: cost warranty, battery degradation, warranty ends, ends, degradation replacement, worried battery",1.0
EV1901,EV Car,Hyundai Kona,4,"Energy used to charge still comes mostly from coal in my region, defeats the purpose somewhat. Love the app that shows nearby charging stations, very convenient feature.",6,"Topic 6: coal, defeats purpose, defeats, coal region, comes coal, comes",1.0
EV1902,EV Scooter,Ola S1,5,"Braking system feels sharp and responsive, regenerative braking works well. Charging takes too long, almost 6 hours for a full charge at home.",24,"Topic 24: braking, braking feels, braking works, responsive, regenerative braking, responsive regenerative",1.0
EV1903,EV Scooter,Hero Vida V1,4,"Build materials feel sturdy but the design is a bit too plain compared to rivals. Had a great experience with the service team, they explained everything clearly. Navigation system integrated with range prediction is genuinely useful.",14,"Topic 14: service, bit plain, design bit, compared rivals, bit, materials feel",1.0
EV1904,EV Car,Tata Nexon EV,3,"For the price, I expected better build quality and more features.",9,"Topic 9: lot, better, expected, attracts lot, attracts, looks futuristic",0.422205324262579
EV1905,EV Scooter,Hero Vida V1,4,"The vehicle has good crash test ratings which reassured my purchase decision. For the price, I expected better build quality and more features.",8,"Topic 8: vehicle good, test ratings, test, purchase decision, ratings, ratings reassured",1.0
EV1906,EV Car,MG ZS EV,5,"LED lighting and digital dashboard give it a premium, modern look. Handling and stability at high speed feels very confident and safe.",2,"Topic 2: makes, high, size makes, park, easy, maneuver",0.048423202011133294
EV1907,EV Car,Mahindra XUV400,5,"Waiting time for service appointment is too long, more service centers needed.",14,"Topic 14: service, bit plain, design bit, compared rivals, bit, materials feel",1.0
EV1908,EV Car,Mahindra XUV400,3,EV subsidy scheme in my state got delayed and the discount amount reduced suddenly. Battery range degrades faster than expected after just one year of use. Contributing to a cleaner city is a big motivation behind going electric.,4,"Topic 4: big motivation, big, motivation going, motivation, contributing, going",0.21313995622790283
EV1909,EV Scooter,Bajaj Chetak,4,Service center staff are not well trained to handle EV specific issues. The battery warranty of 8 years gives me confidence in long term reliability.,7,"Topic 7: ev, good knowing, knowing, feels good, carbon footprint, knowing reducing",1.0
EV1910,EV Scooter,Hero Vida V1,4,"Range drops badly in winter, I lost almost 30% range in cold weather. Concerned about environmental impact of battery disposal and recycling.",23,"Topic 23: 30 range, badly, badly winter, cold weather, drops badly, cold",1.0
EV1911,EV Scooter,Ola S1,4,"The design looks futuristic and attracts a lot of attention on the road. Battery performance is stable even after two years of heavy usage. Running cost is much lower than petrol, saving a lot on fuel every month.",9,"Topic 9: lot, better, expected, attracts lot, attracts, looks futuristic",1.0
EV1912,EV Scooter,Bajaj Chetak,4,Top speed is decent for city use but not enough for highway cruising.,15,"Topic 15: highway, discount, ev subsidy, delayed discount, subsidy scheme, state got",0.000955559107013926
EV1913,EV Scooter,Hero Vida V1,4,Battery health dropped to 85% within 18 months of daily use. Fast charging network needs serious expansion on highways.,13,"Topic 13: 18, 18 months, 85, 85 18, health dropped, months daily",1.0
EV1914,EV Scooter,Bajaj Chetak,4,Touchscreen infotainment system lags and is not very intuitive to use. Stability control on wet roads is impressive and inspires confidence.,18,"Topic 18: infotainment, infotainment lags, touchscreen, touchscreen infotainment, lags intuitive, lags",1.0
EV1915,EV Car,Hyundai Kona,3,"After sales support has been excellent, quick response and doorstep service. Battery replacement cost is almost half the price of the vehicle, very concerning.",10,"Topic 10: battery replacement, cost half, half price, concerning, price vehicle, vehicle concerning",1.0
EV1916,EV Scooter,TVS iQube,4,"Claimed range of 200 km is misleading, actual range is way less in city traffic.",1,"Topic 1: range, transparent, proper, time company, proper information, battery degrades",1.0
EV1917,EV Scooter,TVS iQube,4,"Bluetooth connectivity drops frequently while riding, very frustrating.",11,"Topic 11: home, bluetooth, riding frustrating, connectivity, bluetooth connectivity, drops frequently",1.0
EV1918,EV Car,Mahindra XUV400,4,"Total cost of ownership is great once you factor in low maintenance and fuel savings. Spare parts availability is a major issue, waited a month for a replacement part. Concerned about environmental impact of battery disposal and recycling.",3,"Topic 3: low, stability control, control wet, impressive, impressive inspires, wet",1.0
EV1919,EV Scooter,Ola S1,4,"Smart key and app based lock features work flawlessly, very convenient. Loved the color options and the overall styling of the vehicle.",22,"Topic 22: app based, based, based lock, features work, flawlessly, flawlessly convenient",1.0
EV1920,EV Scooter,Ola S1,3,"Highway charging stops are rare, long distance travel is a nightmare. Top speed is decent for city use but not enough for highway cruising.",15,"Topic 15: highway, discount, ev subsidy, delayed discount, subsidy scheme, state got",1.0
EV1921,EV Scooter,Hero Vida V1,4,"Smart key and app based lock features work flawlessly, very convenient.",22,"Topic 22: app based, based, based lock, features work, flawlessly, flawlessly convenient",1.0
EV1922,EV Car,Tata Nexon EV,5,Handling and stability at high speed feels very confident and safe. Home charging setup was expensive and took weeks to install.,2,"Topic 2: makes, high, size makes, park, easy, maneuver",1.0
EV1923,EV Car,BYD Atto 3,4,"Build quality feels premium and the ride is extremely comfortable. Smart key and app based lock features work flawlessly, very convenient.",22,"Topic 22: app based, based, based lock, features work, flawlessly, flawlessly convenient",1.0
EV1924,EV Car,Hyundai Kona,4,"There are very few authorized service centers, had to travel 100 km for repair.",10,"Topic 10: battery replacement, cost half, half price, concerning, price vehicle, vehicle concerning",0.003667995081011024
EV1925,EV Scooter,TVS iQube,4,Switching to EV feels good knowing I'm reducing my carbon footprint. The upfront price is high but government subsidy makes it affordable.,7,"Topic 7: ev, good knowing, knowing, feels good, carbon footprint, knowing reducing",1.0
EV1926,EV Car,Tata Nexon EV,5,"Battery replacement cost is almost half the price of the vehicle, very concerning. For daily commute the range is fine but long trips are stressful because of low range.",10,"Topic 10: battery replacement, cost half, half price, concerning, price vehicle, vehicle concerning",1.0
EV1927,EV Scooter,Ather 450X,4,Switching to EV feels good knowing I'm reducing my carbon footprint.,7,"Topic 7: ev, good knowing, knowing, feels good, carbon footprint, knowing reducing",1.0
EV1928,EV Car,Tesla Model 3,4,Fast charging network needs serious expansion on highways.,2,"Topic 2: makes, high, size makes, park, easy, maneuver",1.0
EV1929,EV Car,MG ZS EV,5,"Interior quality feels cheap for the price point, needs improvement.",18,"Topic 18: infotainment, infotainment lags, touchscreen, touchscreen infotainment, lags intuitive, lags",1.0
EV1930,EV Scooter,Ather 450X,4,"Interior quality feels cheap for the price point, needs improvement.",18,"Topic 18: infotainment, infotainment lags, touchscreen, touchscreen infotainment, lags intuitive, lags",1.0
EV1931,EV Scooter,Ather 450X,5,"For the price, I expected better build quality and more features.",9,"Topic 9: lot, better, expected, attracts lot, attracts, looks futuristic",0.4227537429375735
EV1932,EV Car,Hyundai Kona,4,"Smart key and app based lock features work flawlessly, very convenient. The battery warranty of 5 years gives me confidence in long term reliability.",22,"Topic 22: app based, based, based lock, features work, flawlessly, flawlessly convenient",1.0
EV1933,EV Scooter,Hero Vida V1,4,Concerned about environmental impact of battery disposal and recycling.,12,"Topic 12: battery disposal, environmental, disposal, disposal recycling, concerned, concerned environmental",1.0
EV1934,EV Car,Tata Nexon EV,5,"For the price, I expected better build quality and more features.",9,"Topic 9: lot, better, expected, attracts lot, attracts, looks futuristic",0.42064274936332896
EV1935,EV Scooter,Ampere Magnus,5,"The vehicle has good crash test ratings which reassured my purchase decision. Storage space under the seat is very limited, not practical for daily use.",5,"Topic 5: air software, improving, great feature, keeps improving, updates great, improving time",1.0
EV1936,EV Scooter,Ather 450X,4,"There are very few authorized service centers, had to travel 20 km for repair.",10,"Topic 10: battery replacement, cost half, half price, concerning, price vehicle, vehicle concerning",0.003667933375892405
EV1937,EV Scooter,TVS iQube,5,"Suspension is too stiff, ride quality is uncomfortable on bad roads. The vehicle has good crash test ratings which reassured my purchase decision. The design looks futuristic and attracts a lot of attention on the road.",8,"Topic 8: vehicle good, test ratings, test, purchase decision, ratings, ratings reassured",0.19373046720890816
EV1938,EV Scooter,Ola S1,4,"Braking system feels sharp and responsive, regenerative braking works well. Loved the color options and the overall styling of the vehicle.",24,"Topic 24: braking, braking feels, braking works, responsive, regenerative braking, responsive regenerative",1.0
EV1939,EV Scooter,Ampere Magnus,4,Build quality feels premium and the ride is extremely comfortable.,18,"Topic 18: infotainment, infotainment lags, touchscreen, touchscreen infotainment, lags intuitive, lags",0.010290982380512768
EV1940,EV Car,BYD Atto 3,4,Battery health dropped to 85% within 18 months of daily use. I'm always worried about running out of charge before reaching my destination.,13,"Topic 13: 18, 18 months, 85, 85 18, health dropped, months daily",1.0
EV1941,EV Car,Mahindra XUV400,4,"Storage space under the seat is very limited, not practical for daily use. Finding a working charging station in my city is still very difficult.",5,"Topic 5: air software, improving, great feature, keeps improving, updates great, improving time",1.0
EV1942,EV Scooter,TVS iQube,5,Home charging setup was expensive and took weeks to install.,11,"Topic 11: home, bluetooth, riding frustrating, connectivity, bluetooth connectivity, drops frequently",1.0
EV1943,EV Car,Hyundai Kona,5,Battery health dropped to 85% within 18 months of daily use.,13,"Topic 13: 18, 18 months, 85, 85 18, health dropped, months daily",1.0
EV1944,EV Scooter,Ampere Magnus,4,"Heard about a thermal runaway incident, this has shaken my trust in EV safety.",7,"Topic 7: ev, good knowing, knowing, feels good, carbon footprint, knowing reducing",0.0017462125254617516
EV1945,EV Car,Mahindra XUV400,3,"Charging takes too long, almost 6 hours for a full charge at home. Handling and stability at high speed feels very confident and safe. For daily commute the range is fine but long trips are stressful because of low range.",1,"Topic 1: range, transparent, proper, time company, proper information, battery degrades",0.010529045328980578
EV1946,EV Scooter,Ampere Magnus,5,Battery range degrades faster than expected after just one year of use. Charging infrastructure in tier 2 and tier 3 cities is almost non-existent.,9,"Topic 9: lot, better, expected, attracts lot, attracts, looks futuristic",1.0
EV1947,EV Scooter,Hero Vida V1,5,"Build quality feels premium and the ride is extremely comfortable. AC usage kills the range, on hot days I barely get half the claimed distance.",4,"Topic 4: big motivation, big, motivation going, motivation, contributing, going",0.010276836350411244
EV1948,EV Car,MG ZS EV,4,"Range drops badly in winter, I lost almost 30% range in cold weather.",23,"Topic 23: 30 range, badly, badly winter, cold weather, drops badly, cold",1.0
EV1949,EV Scooter,Ola S1,4,"Running cost is much lower than petrol, saving a lot on fuel every month. The design looks futuristic and attracts a lot of attention on the road.",9,"Topic 9: lot, better, expected, attracts lot, attracts, looks futuristic",0.009773706657384309
EV1950,EV Car,MG ZS EV,3,Worried about battery degradation and replacement cost after warranty ends.,21,"Topic 21: cost warranty, battery degradation, warranty ends, ends, degradation replacement, worried battery",1.0
EV1951,EV Scooter,Bajaj Chetak,2,Top speed is decent for city use but not enough for highway cruising. Fast charging network needs serious expansion on highways.,2,"Topic 2: makes, high, size makes, park, easy, maneuver",0.0009572227612150747
EV1952,EV Scooter,Bajaj Chetak,4,"Energy used to charge still comes mostly from coal in my region, defeats the purpose somewhat.",6,"Topic 6: coal, defeats purpose, defeats, coal region, comes coal, comes",1.0
EV1953,EV Scooter,Ola S1,4,Build materials feel sturdy but the design is a bit too plain compared to rivals.,14,"Topic 14: service, bit plain, design bit, compared rivals, bit, materials feel",1.0
EV1954,EV Scooter,Ola S1,4,Software glitches caused the dashboard to freeze twice in a month.,20,"Topic 20: dashboard, caused, freeze twice, glitches, freeze, glitches caused",1.0
EV1955,EV Car,Tesla Model 3,4,The vehicle has good crash test ratings which reassured my purchase decision. Charging infrastructure in tier 2 and tier 3 cities is almost non-existent.,8,"Topic 8: vehicle good, test ratings, test, purchase decision, ratings, ratings reassured",0.3761741266818139
EV1956,EV Scooter,Ola S1,4,"No proper information on how battery degrades over time, company should be transparent.",1,"Topic 1: range, transparent, proper, time company, proper information, battery degrades",0.20577213551829715
EV1957,EV Scooter,Ather 450X,4,"Advanced safety features like ABS and traction control give peace of mind. Public chargers are often broken or occupied, need more charging stations urgently.",0,"Topic 0: collision, systems, braking collision, collision alert, systems work, really traffic",0.008739079323636004
EV1958,EV Scooter,Bajaj Chetak,5,"Braking system feels sharp and responsive, regenerative braking works well.",24,"Topic 24: braking, braking feels, braking works, responsive, regenerative braking, responsive regenerative",1.0
EV1959,EV Car,BYD Atto 3,4,Battery health dropped to 85% within 18 months of daily use.,13,"Topic 13: 18, 18 months, 85, 85 18, health dropped, months daily",1.0
EV1960,EV Scooter,Ola S1,4,Build quality feels premium and the ride is extremely comfortable. Navigation system integrated with range prediction is genuinely useful.,8,"Topic 8: vehicle good, test ratings, test, purchase decision, ratings, ratings reassured",0.02901604014586364
EV1961,EV Scooter,TVS iQube,4,"Charging takes too long, almost 6 hours for a full charge at home.",11,"Topic 11: home, bluetooth, riding frustrating, connectivity, bluetooth connectivity, drops frequently",0.010332733745582332
EV1962,EV Car,Mahindra XUV400,3,Finding a working charging station in my city is still very difficult.,0,"Topic 0: collision, systems, braking collision, collision alert, systems work, really traffic",1.0
EV1963,EV Car,Tesla Model 3,4,Concerned about environmental impact of battery disposal and recycling. Navigation system integrated with range prediction is genuinely useful.,12,"Topic 12: battery disposal, environmental, disposal, disposal recycling, concerned, concerned environmental",0.029423431069792807
EV1964,EV Scooter,Hero Vida V1,5,Battery health dropped to 85% within 18 months of daily use.,13,"Topic 13: 18, 18 months, 85, 85 18, health dropped, months daily",1.0
EV1965,EV Car,MG ZS EV,4,"Claimed range of 15 km is misleading, actual range is way less in city traffic.",1,"Topic 1: range, transparent, proper, time company, proper information, battery degrades",1.0
EV1966,EV Car,Tesla Model 3,3,"Home charging setup was expensive and took weeks to install. Spare parts availability is a major issue, waited a month for a replacement part. Bluetooth connectivity drops frequently while riding, very frustrating.",11,"Topic 11: home, bluetooth, riding frustrating, connectivity, bluetooth connectivity, drops frequently",1.0
EV1967,EV Car,Tata Nexon EV,4,"The companion app keeps crashing, needs urgent software updates. Contributing to a cleaner city is a big motivation behind going electric.",17,"Topic 17: app keeps, crashing, crashing needs, companion app, companion, urgent software",1.0
EV1968,EV Car,MG ZS EV,4,"The real world range is much lower than advertised, I only get 100 km on a full charge. Noise levels are impressively low, riding experience is very smooth and quiet.",1,"Topic 1: range, transparent, proper, time company, proper information, battery degrades",1.0
EV1969,EV Scooter,Bajaj Chetak,4,"Storage space under the seat is very limited, not practical for daily use.",5,"Topic 5: air software, improving, great feature, keeps improving, updates great, improving time",1.0
EV1970,EV Scooter,Ather 450X,3,Compact size makes it easy to park and maneuver in city traffic. Handling and stability at high speed feels very confident and safe.,2,"Topic 2: makes, high, size makes, park, easy, maneuver",0.09140024098477048
EV1971,EV Scooter,Hero Vida V1,4,"Bluetooth connectivity drops frequently while riding, very frustrating. Noise levels are impressively low, riding experience is very smooth and quiet.",11,"Topic 11: home, bluetooth, riding frustrating, connectivity, bluetooth connectivity, drops frequently",1.0
EV1972,EV Car,MG ZS EV,4,The motor is powerful and pickup is much better than petrol variants. Navigation system integrated with range prediction is genuinely useful.,9,"Topic 9: lot, better, expected, attracts lot, attracts, looks futuristic",0.028994818633368516
EV1973,EV Car,BYD Atto 3,5,"No proper information on how battery degrades over time, company should be transparent. Waiting time for service appointment is too long, more service centers needed.",1,"Topic 1: range, transparent, proper, time company, proper information, battery degrades",0.21169509068230857
EV1974,EV Scooter,Bajaj Chetak,4,"Concerned about environmental impact of battery disposal and recycling. Running cost is much lower than petrol, saving a lot on fuel every month.",12,"Topic 12: battery disposal, environmental, disposal, disposal recycling, concerned, concerned environmental",1.0
EV1975,EV Scooter,Ather 450X,5,Contributing to a cleaner city is a big motivation behind going electric.,4,"Topic 4: big motivation, big, motivation going, motivation, contributing, going",0.19837236795324645
EV1976,EV Car,Mahindra XUV400,5,The upfront price is high but government subsidy makes it affordable.,2,"Topic 2: makes, high, size makes, park, easy, maneuver",0.0016701562971225433
EV1977,EV Car,Hyundai Kona,4,Worried about battery degradation and replacement cost after warranty ends. Advanced safety features like ABS and traction control give peace of mind.,10,"Topic 10: battery replacement, cost half, half price, concerning, price vehicle, vehicle concerning",0.41066368697254263
EV1978,EV Scooter,Bajaj Chetak,5,Fast charging network needs serious expansion on highways. Emergency braking and collision alert systems work really well in traffic.,2,"Topic 2: makes, high, size makes, park, easy, maneuver",1.0
EV1979,EV Scooter,TVS iQube,4,Battery performance is stable even after two years of heavy usage. Stability control on wet roads is impressive and inspires confidence.,3,"Topic 3: low, stability control, control wet, impressive, impressive inspires, wet",0.08610639053661398
EV1980,EV Car,Tesla Model 3,4,"Public chargers are often broken or occupied, need more charging stations urgently. Energy used to charge still comes mostly from coal in my region, defeats the purpose somewhat.",0,"Topic 0: collision, systems, braking collision, collision alert, systems work, really traffic",0.008566986590890042
EV1981,EV Car,BYD Atto 3,4,"Resale value of electric vehicles is still uncertain, worried about depreciation.",5,"Topic 5: air software, improving, great feature, keeps improving, updates great, improving time",0.045416248894689225
EV1982,EV Car,Tesla Model 3,4,Software glitches caused the dashboard to freeze twice in a month.,20,"Topic 20: dashboard, caused, freeze twice, glitches, freeze, glitches caused",1.0
EV1983,EV Car,MG ZS EV,2,Charging infrastructure in tier 2 and tier 3 cities is almost non-existent. Insurance premium for EV is surprisingly high compared to petrol vehicles.,16,"Topic 16: tier, surprisingly, surprisingly high, compared petrol, insurance premium, insurance",1.0
EV1984,EV Car,MG ZS EV,4,"The vehicle has good crash test ratings which reassured my purchase decision. The battery warranty of 5 years gives me confidence in long term reliability. Highway charging stops are rare, long distance travel is a nightmare.",4,"Topic 4: big motivation, big, motivation going, motivation, contributing, going",1.0
EV1985,EV Scooter,Hero Vida V1,5,"LED lighting and digital dashboard give it a premium, modern look.",20,"Topic 20: dashboard, caused, freeze twice, glitches, freeze, glitches caused",0.04828165635164596
EV1986,EV Car,MG ZS EV,4,"Smart key and app based lock features work flawlessly, very convenient. Stability control on wet roads is impressive and inspires confidence.",22,"Topic 22: app based, based, based lock, features work, flawlessly, flawlessly convenient",1.0
EV1987,EV Scooter,Ola S1,4,Advanced safety features like ABS and traction control give peace of mind.,10,"Topic 10: battery replacement, cost half, half price, concerning, price vehicle, vehicle concerning",0.0014958824548624125
EV1988,EV Car,Hyundai Kona,4,The design looks futuristic and attracts a lot of attention on the road.,9,"Topic 9: lot, better, expected, attracts lot, attracts, looks futuristic",1.0
EV1989,EV Scooter,Ola S1,3,The vehicle has good crash test ratings which reassured my purchase decision.,8,"Topic 8: vehicle good, test ratings, test, purchase decision, ratings, ratings reassured",1.0
EV1990,EV Scooter,Bajaj Chetak,3,"I'm always worried about running out of charge before reaching my destination. Waiting time for service appointment is too long, more service centers needed.",14,"Topic 14: service, bit plain, design bit, compared rivals, bit, materials feel",0.04141314080458396
EV1991,EV Scooter,Bajaj Chetak,4,"Noise levels are impressively low, riding experience is very smooth and quiet.",3,"Topic 3: low, stability control, control wet, impressive, impressive inspires, wet",0.19878233087730995
EV1992,EV Car,Hyundai Kona,5,Build materials feel sturdy but the design is a bit too plain compared to rivals.,14,"Topic 14: service, bit plain, design bit, compared rivals, bit, materials feel",1.0
EV1993,EV Car,BYD Atto 3,4,"The vehicle has good crash test ratings which reassured my purchase decision. Energy used to charge still comes mostly from coal in my region, defeats the purpose somewhat.",6,"Topic 6: coal, defeats purpose, defeats, coal region, comes coal, comes",1.0
EV1994,EV Scooter,Hero Vida V1,4,"Heard about a thermal runaway incident, this has shaken my trust in EV safety.",7,"Topic 7: ev, good knowing, knowing, feels good, carbon footprint, knowing reducing",0.0017467767666943523
EV1995,EV Scooter,Ather 450X,4,Finding a working charging station in my city is still very difficult.,0,"Topic 0: collision, systems, braking collision, collision alert, systems work, really traffic",1.0
EV1996,EV Scooter,TVS iQube,4,Charging infrastructure in tier 2 and tier 3 cities is almost non-existent.,16,"Topic 16: tier, surprisingly, surprisingly high, compared petrol, insurance premium, insurance",1.0
EV1997,EV Scooter,Ampere Magnus,4,Price after subsidy is still higher than a comparable petrol scooter.,6,"Topic 6: coal, defeats purpose, defeats, coal region, comes coal, comes",0.005811509931457264
EV1998,EV Scooter,TVS iQube,4,Compact size makes it easy to park and maneuver in city traffic.,2,"Topic 2: makes, high, size makes, park, easy, maneuver",0.0913464639130242
EV1999,EV Car,Tata Nexon EV,4,"Handling and stability at high speed feels very confident and safe. Over the air software updates are a great feature, keeps improving over time.",2,"Topic 2: makes, high, size makes, park, easy, maneuver",1.0
EV2000,EV Scooter,Bajaj Chetak,3,"Interior quality feels cheap for the price point, needs improvement. Battery replacement cost is almost half the price of the vehicle, very concerning. The companion app keeps crashing, needs urgent software updates.",18,"Topic 18: infotainment, infotainment lags, touchscreen, touchscreen infotainment, lags intuitive, lags",1.0
EV2001,EV Scooter,Hero Vida V1,4,"LED lighting and digital dashboard give it a premium, modern look.",20,"Topic 20: dashboard, caused, freeze twice, glitches, freeze, glitches caused",0.04829423226845549
EV2002,EV Scooter,Ampere Magnus,4,Software glitches caused the dashboard to freeze twice in a month.,20,"Topic 20: dashboard, caused, freeze twice, glitches, freeze, glitches caused",1.0
EV2003,EV Scooter,Ather 450X,4,"Over the air software updates are a great feature, keeps improving over time. Energy used to charge still comes mostly from coal in my region, defeats the purpose somewhat.",5,"Topic 5: air software, improving, great feature, keeps improving, updates great, improving time",1.0
EV2004,EV Car,Tesla Model 3,4,"AC usage kills the range, on hot days I barely get half the claimed distance. Worried about battery degradation and replacement cost after warranty ends.",4,"Topic 4: big motivation, big, motivation going, motivation, contributing, going",1.0
EV2005,EV Scooter,Ola S1,4,"Range drops badly in winter, I lost almost 30% range in cold weather. The vehicle has good crash test ratings which reassured my purchase decision. The battery warranty of 250 years gives me confidence in long term reliability.",23,"Topic 23: 30 range, badly, badly winter, cold weather, drops badly, cold",1.0
EV2006,EV Scooter,TVS iQube,4,Worried about battery degradation and replacement cost after warranty ends. Loved the color options and the overall styling of the vehicle.,21,"Topic 21: cost warranty, battery degradation, warranty ends, ends, degradation replacement, worried battery",1.0
EV2007,EV Scooter,Ather 450X,4,"Love the app that shows nearby charging stations, very convenient feature. Advanced safety features like ABS and traction control give peace of mind.",8,"Topic 8: vehicle good, test ratings, test, purchase decision, ratings, ratings reassured",0.011121474674280504
EV2008,EV Car,Mahindra XUV400,4,Contributing to a cleaner city is a big motivation behind going electric.,4,"Topic 4: big motivation, big, motivation going, motivation, contributing, going",0.20022734335940412
EV2009,EV Scooter,Bajaj Chetak,3,Battery performance is stable even after two years of heavy usage.,9,"Topic 9: lot, better, expected, attracts lot, attracts, looks futuristic",0.0882734106610073
EV2010,EV Scooter,Bajaj Chetak,4,"Highway charging stops are rare, long distance travel is a nightmare.",15,"Topic 15: highway, discount, ev subsidy, delayed discount, subsidy scheme, state got",1.0
EV2011,EV Scooter,Ather 450X,4,Software glitches caused the dashboard to freeze twice in a month.,20,"Topic 20: dashboard, caused, freeze twice, glitches, freeze, glitches caused",1.0
EV2012,EV Scooter,Hero Vida V1,5,Concerned about environmental impact of battery disposal and recycling.,12,"Topic 12: battery disposal, environmental, disposal, disposal recycling, concerned, concerned environmental",1.0
EV2013,EV Car,Tesla Model 3,4,Zero tailpipe emissions is the main reason I chose an electric vehicle. Emergency braking and collision alert systems work really well in traffic.,19,"Topic 19: chose, chose electric, emissions, emissions main, reason, reason chose",1.0
EV2014,EV Car,Tata Nexon EV,5,"For the price, I expected better build quality and more features. Switching to EV feels good knowing I'm reducing my carbon footprint.",7,"Topic 7: ev, good knowing, knowing, feels good, carbon footprint, knowing reducing",1.0
EV2015,EV Scooter,Bajaj Chetak,3,"Noise levels are impressively low, riding experience is very smooth and quiet.",3,"Topic 3: low, stability control, control wet, impressive, impressive inspires, wet",0.1988479661816577
EV2016,EV Car,Mahindra XUV400,4,The design looks futuristic and attracts a lot of attention on the road. Service center staff are not well trained to handle EV specific issues.,7,"Topic 7: ev, good knowing, knowing, feels good, carbon footprint, knowing reducing",1.0
EV2017,EV Car,BYD Atto 3,4,"Worried about battery degradation and replacement cost after warranty ends. There are very few authorized service centers, had to travel 200 km for repair.",21,"Topic 21: cost warranty, battery degradation, warranty ends, ends, degradation replacement, worried battery",1.0
EV2018,EV Scooter,Hero Vida V1,4,"No proper information on how battery degrades over time, company should be transparent. The real world range is much lower than advertised, I only get 200 km on a full charge.",1,"Topic 1: range, transparent, proper, time company, proper information, battery degrades",0.22774088026827924
EV2019,EV Scooter,Ola S1,4,"Braking system feels sharp and responsive, regenerative braking works well.",24,"Topic 24: braking, braking feels, braking works, responsive, regenerative braking, responsive regenerative",1.0
EV2020,EV Scooter,Ola S1,3,"Energy used to charge still comes mostly from coal in my region, defeats the purpose somewhat.",6,"Topic 6: coal, defeats purpose, defeats, coal region, comes coal, comes",1.0
EV2021,EV Car,Mahindra XUV400,4,"AC usage kills the range, on hot days I barely get half the claimed distance.",4,"Topic 4: big motivation, big, motivation going, motivation, contributing, going",1.0
EV2022,EV Scooter,Ampere Magnus,3,"Claimed range of 80 km is misleading, actual range is way less in city traffic. Loved the color options and the overall styling of the vehicle.",1,"Topic 1: range, transparent, proper, time company, proper information, battery degrades",1.0
EV2023,EV Car,MG ZS EV,4,"Smart key and app based lock features work flawlessly, very convenient. Fast charging network needs serious expansion on highways.",22,"Topic 22: app based, based, based lock, features work, flawlessly, flawlessly convenient",1.0
EV2024,EV Car,Hyundai Kona,4,"Advanced safety features like ABS and traction control give peace of mind. The companion app keeps crashing, needs urgent software updates.",17,"Topic 17: app keeps, crashing, crashing needs, companion app, companion, urgent software",1.0
EV2025,EV Scooter,Ampere Magnus,5,Battery range degrades faster than expected after just one year of use.,9,"Topic 9: lot, better, expected, attracts lot, attracts, looks futuristic",1.0
EV2026,EV Scooter,Ampere Magnus,3,EV subsidy scheme in my state got delayed and the discount amount reduced suddenly. Advanced safety features like ABS and traction control give peace of mind.,15,"Topic 15: highway, discount, ev subsidy, delayed discount, subsidy scheme, state got",1.0
EV2027,EV Car,Tesla Model 3,4,"LED lighting and digital dashboard give it a premium, modern look. Home charging setup was expensive and took weeks to install.",11,"Topic 11: home, bluetooth, riding frustrating, connectivity, bluetooth connectivity, drops frequently",0.04834841996561435
EV2028,EV Scooter,Bajaj Chetak,4,Top speed is decent for city use but not enough for highway cruising.,15,"Topic 15: highway, discount, ev subsidy, delayed discount, subsidy scheme, state got",0.0009555455294804138
EV2029,EV Scooter,Hero Vida V1,4,The motor is powerful and pickup is much better than petrol variants. Contributing to a cleaner city is a big motivation behind going electric.,4,"Topic 4: big motivation, big, motivation going, motivation, contributing, going",0.20150147675716912
EV2030,EV Scooter,Ola S1,3,"For daily commute the range is fine but long trips are stressful because of low range. Energy used to charge still comes mostly from coal in my region, defeats the purpose somewhat. No proper information on how battery degrades over time, company should be transparent.",1,"Topic 1: range, transparent, proper, time company, proper information, battery degrades",1.0
EV2031,EV Scooter,Bajaj Chetak,3,"Touchscreen infotainment system lags and is not very intuitive to use. Highway charging stops are rare, long distance travel is a nightmare.",18,"Topic 18: infotainment, infotainment lags, touchscreen, touchscreen infotainment, lags intuitive, lags",1.0
EV2032,EV Scooter,Bajaj Chetak,5,Touchscreen infotainment system lags and is not very intuitive to use.,18,"Topic 18: infotainment, infotainment lags, touchscreen, touchscreen infotainment, lags intuitive, lags",1.0
EV2033,EV Car,Mahindra XUV400,5,"There are very few authorized service centers, had to travel 100 km for repair. Braking system feels sharp and responsive, regenerative braking works well.",10,"Topic 10: battery replacement, cost half, half price, concerning, price vehicle, vehicle concerning",0.0036677819703138334
EV2034,EV Car,MG ZS EV,3,"Spare parts availability is a major issue, waited a month for a replacement part.",0,"Topic 0: collision, systems, braking collision, collision alert, systems work, really traffic",0.19283498316828693
EV2035,EV Car,Tata Nexon EV,3,Customer support over phone is helpful and resolves issues quickly.,0,"Topic 0: collision, systems, braking collision, collision alert, systems work, really traffic",1.0
EV2036,EV Scooter,Ather 450X,4,"Public chargers are often broken or occupied, need more charging stations urgently. Battery health dropped to 85% within 18 months of daily use.",0,"Topic 0: collision, systems, braking collision, collision alert, systems work, really traffic",0.008487103831961105
EV2037,EV Scooter,Ampere Magnus,4,The upfront price is high but government subsidy makes it affordable.,2,"Topic 2: makes, high, size makes, park, easy, maneuver",0.0016681453155553798
EV2038,EV Scooter,Hero Vida V1,3,"For daily commute the range is fine but long trips are stressful because of low range. Noise levels are impressively low, riding experience is very smooth and quiet.",1,"Topic 1: range, transparent, proper, time company, proper information, battery degrades",1.0
EV2039,EV Scooter,Ola S1,5,Advanced safety features like ABS and traction control give peace of mind.,10,"Topic 10: battery replacement, cost half, half price, concerning, price vehicle, vehicle concerning",0.0014967868450685578
EV2040,EV Car,Tata Nexon EV,5,Touchscreen infotainment system lags and is not very intuitive to use.,18,"Topic 18: infotainment, infotainment lags, touchscreen, touchscreen infotainment, lags intuitive, lags",1.0
EV2041,EV Car,Mahindra XUV400,3,Zero tailpipe emissions is the main reason I chose an electric vehicle. For daily commute the range is fine but long trips are stressful because of low range.,19,"Topic 19: chose, chose electric, emissions, emissions main, reason, reason chose",1.0
EV2042,EV Car,MG ZS EV,5,Service center staff are not well trained to handle EV specific issues.,7,"Topic 7: ev, good knowing, knowing, feels good, carbon footprint, knowing reducing",1.0
EV2043,EV Car,Tata Nexon EV,4,Concerned about environmental impact of battery disposal and recycling.,12,"Topic 12: battery disposal, environmental, disposal, disposal recycling, concerned, concerned environmental",1.0
EV2044,EV Scooter,Ather 450X,4,Acceleration is smooth and instant torque makes overtaking effortless.,23,"Topic 23: 30 range, badly, badly winter, cold weather, drops badly, cold",1.0
EV2045,EV Scooter,Ampere Magnus,4,"Public chargers are often broken or occupied, need more charging stations urgently. The companion app keeps crashing, needs urgent software updates. Switching to EV feels good knowing I'm reducing my carbon footprint.",7,"Topic 7: ev, good knowing, knowing, feels good, carbon footprint, knowing reducing",1.0
EV2046,EV Scooter,TVS iQube,3,"The companion app keeps crashing, needs urgent software updates.",17,"Topic 17: app keeps, crashing, crashing needs, companion app, companion, urgent software",1.0
EV2047,EV Scooter,Ampere Magnus,4,"The real world range is much lower than advertised, I only get 200 km on a full charge.",1,"Topic 1: range, transparent, proper, time company, proper information, battery degrades",1.0
EV2048,EV Scooter,Bajaj Chetak,3,"For the price, I expected better build quality and more features. For daily commute the range is fine but long trips are stressful because of low range.",1,"Topic 1: range, transparent, proper, time company, proper information, battery degrades",1.0
EV2049,EV Scooter,Bajaj Chetak,4,"Navigation system integrated with range prediction is genuinely useful. Read reports about battery fires, safety is my biggest concern before buying. Handling and stability at high speed feels very confident and safe.",2,"Topic 2: makes, high, size makes, park, easy, maneuver",0.029188804867874684
EV2050,EV Car,Tata Nexon EV,4,Zero tailpipe emissions is the main reason I chose an electric vehicle.,19,"Topic 19: chose, chose electric, emissions, emissions main, reason, reason chose",1.0
EV2051,EV Scooter,TVS iQube,4,Battery health dropped to 85% within 18 months of daily use. The upfront price is high but government subsidy makes it affordable.,13,"Topic 13: 18, 18 months, 85, 85 18, health dropped, months daily",1.0
EV2052,EV Car,MG ZS EV,3,"The vehicle has good crash test ratings which reassured my purchase decision. Suspension is too stiff, ride quality is uncomfortable on bad roads.",8,"Topic 8: vehicle good, test ratings, test, purchase decision, ratings, ratings reassured",0.7220637723797091
EV2053,EV Car,Mahindra XUV400,3,"After sales support has been excellent, quick response and doorstep service.",21,"Topic 21: cost warranty, battery degradation, warranty ends, ends, degradation replacement, worried battery",1.0
EV2054,EV Car,BYD Atto 3,4,"Heard about a thermal runaway incident, this has shaken my trust in EV safety.",7,"Topic 7: ev, good knowing, knowing, feels good, carbon footprint, knowing reducing",0.001745544557990978
EV2055,EV Car,Mahindra XUV400,3,"Running cost is much lower than petrol, saving a lot on fuel every month.",9,"Topic 9: lot, better, expected, attracts lot, attracts, looks futuristic",0.009736517797091768
EV2056,EV Scooter,Ather 450X,4,"Energy used to charge still comes mostly from coal in my region, defeats the purpose somewhat. Braking system feels sharp and responsive, regenerative braking works well.",6,"Topic 6: coal, defeats purpose, defeats, coal region, comes coal, comes",1.0
EV2057,EV Scooter,TVS iQube,5,Battery range degrades faster than expected after just one year of use.,9,"Topic 9: lot, better, expected, attracts lot, attracts, looks futuristic",1.0
EV2058,EV Car,Tata Nexon EV,3,Zero tailpipe emissions is the main reason I chose an electric vehicle.,19,"Topic 19: chose, chose electric, emissions, emissions main, reason, reason chose",1.0
EV2059,EV Car,Mahindra XUV400,3,"Loved the color options and the overall styling of the vehicle. Worried about battery degradation and replacement cost after warranty ends. Range drops badly in winter, I lost almost 30% range in cold weather.",23,"Topic 23: 30 range, badly, badly winter, cold weather, drops badly, cold",0.033443819683619105
EV2060,EV Scooter,Ola S1,4,"Software glitches caused the dashboard to freeze twice in a month. Resale value of electric vehicles is still uncertain, worried about depreciation.",20,"Topic 20: dashboard, caused, freeze twice, glitches, freeze, glitches caused",1.0
EV2061,EV Car,Tata Nexon EV,3,Battery health dropped to 85% within 18 months of daily use.,13,"Topic 13: 18, 18 months, 85, 85 18, health dropped, months daily",0.75971740819116
EV2062,EV Scooter,Hero Vida V1,4,Battery health dropped to 85% within 18 months of daily use.,13,"Topic 13: 18, 18 months, 85, 85 18, health dropped, months daily",0.8541362021807881
EV2063,EV Car,MG ZS EV,5,"Battery replacement cost is almost half the price of the vehicle, very concerning.",10,"Topic 10: battery replacement, cost half, half price, concerning, price vehicle, vehicle concerning",1.0
EV2064,EV Car,Hyundai Kona,4,"Total cost of ownership is great once you factor in low maintenance and fuel savings. Noise levels are impressively low, riding experience is very smooth and quiet. Stability control on wet roads is impressive and inspires confidence.",3,"Topic 3: low, stability control, control wet, impressive, impressive inspires, wet",1.0
EV2065,EV Car,Tata Nexon EV,4,Insurance premium for EV is surprisingly high compared to petrol vehicles. Stability control on wet roads is impressive and inspires confidence.,16,"Topic 16: tier, surprisingly, surprisingly high, compared petrol, insurance premium, insurance",1.0
EV2066,EV Scooter,TVS iQube,3,"Energy used to charge still comes mostly from coal in my region, defeats the purpose somewhat. EV subsidy scheme in my state got delayed and the discount amount reduced suddenly.",6,"Topic 6: coal, defeats purpose, defeats, coal region, comes coal, comes",1.0
EV2067,EV Car,Hyundai Kona,3,Battery performance is stable even after two years of heavy usage.,9,"Topic 9: lot, better, expected, attracts lot, attracts, looks futuristic",0.08697142711813816
EV2068,EV Scooter,Ather 450X,3,Battery performance is stable even after two years of heavy usage.,9,"Topic 9: lot, better, expected, attracts lot, attracts, looks futuristic",0.08806610374516936
EV2069,EV Scooter,Hero Vida V1,4,Software glitches caused the dashboard to freeze twice in a month. The battery warranty of 20 years gives me confidence in long term reliability. Build quality feels premium and the ride is extremely comfortable.,20,"Topic 20: dashboard, caused, freeze twice, glitches, freeze, glitches caused",1.0
EV2070,EV Scooter,Bajaj Chetak,4,"Zero tailpipe emissions is the main reason I chose an electric vehicle. Claimed range of 15 km is misleading, actual range is way less in city traffic. Price after subsidy is still higher than a comparable petrol scooter.",19,"Topic 19: chose, chose electric, emissions, emissions main, reason, reason chose",1.0
EV2071,EV Scooter,Ather 450X,5,Concerned about environmental impact of battery disposal and recycling. The battery warranty of 20 years gives me confidence in long term reliability.,12,"Topic 12: battery disposal, environmental, disposal, disposal recycling, concerned, concerned environmental",0.4536391964591773
EV2072,EV Car,MG ZS EV,4,The vehicle has good crash test ratings which reassured my purchase decision.,8,"Topic 8: vehicle good, test ratings, test, purchase decision, ratings, ratings reassured",1.0
EV2073,EV Car,BYD Atto 3,4,Contributing to a cleaner city is a big motivation behind going electric. Build quality feels premium and the ride is extremely comfortable.,4,"Topic 4: big motivation, big, motivation going, motivation, contributing, going",0.20447243091148298
EV2074,EV Scooter,Bajaj Chetak,4,"Braking system feels sharp and responsive, regenerative braking works well.",24,"Topic 24: braking, braking feels, braking works, responsive, regenerative braking, responsive regenerative",1.0
EV2075,EV Scooter,Ola S1,3,"Service center staff are not well trained to handle EV specific issues. Charging takes too long, almost 6 hours for a full charge at home. Handling and stability at high speed feels very confident and safe.",7,"Topic 7: ev, good knowing, knowing, feels good, carbon footprint, knowing reducing",1.0
EV2076,EV Scooter,Ather 450X,4,Acceleration is smooth and instant torque makes overtaking effortless.,23,"Topic 23: 30 range, badly, badly winter, cold weather, drops badly, cold",1.0
EV2077,EV Car,Hyundai Kona,5,"Waiting time for service appointment is too long, more service centers needed.",14,"Topic 14: service, bit plain, design bit, compared rivals, bit, materials feel",1.0
EV2078,EV Scooter,Ather 450X,5,"Range anxiety is real, I plan every trip around charging stops now.",15,"Topic 15: highway, discount, ev subsidy, delayed discount, subsidy scheme, state got",0.0006139869947504215
EV2079,EV Scooter,TVS iQube,3,Software glitches caused the dashboard to freeze twice in a month.,20,"Topic 20: dashboard, caused, freeze twice, glitches, freeze, glitches caused",1.0
EV2080,EV Car,Mahindra XUV400,5,"Over the air software updates are a great feature, keeps improving over time.",5,"Topic 5: air software, improving, great feature, keeps improving, updates great, improving time",1.0
EV2081,EV Scooter,Hero Vida V1,4,"Noise levels are impressively low, riding experience is very smooth and quiet. Insurance premium for EV is surprisingly high compared to petrol vehicles.",3,"Topic 3: low, stability control, control wet, impressive, impressive inspires, wet",0.1972526876579453
EV2082,EV Car,Mahindra XUV400,5,"Braking system feels sharp and responsive, regenerative braking works well. No proper information on how battery degrades over time, company should be transparent. Advanced safety features like ABS and traction control give peace of mind.",24,"Topic 24: braking, braking feels, braking works, responsive, regenerative braking, responsive regenerative",1.0
EV2083,EV Scooter,Hero Vida V1,4,Build materials feel sturdy but the design is a bit too plain compared to rivals. Contributing to a cleaner city is a big motivation behind going electric.,4,"Topic 4: big motivation, big, motivation going, motivation, contributing, going",0.20100813355168443
EV2084,EV Scooter,TVS iQube,5,"The battery warranty of 30 years gives me confidence in long term reliability. Energy used to charge still comes mostly from coal in my region, defeats the purpose somewhat.",4,"Topic 4: big motivation, big, motivation going, motivation, contributing, going",1.0
EV2085,EV Scooter,Bajaj Chetak,4,"Read reports about battery fires, safety is my biggest concern before buying. Storage space under the seat is very limited, not practical for daily use.",12,"Topic 12: battery disposal, environmental, disposal, disposal recycling, concerned, concerned environmental",0.022319277675166223
EV2086,EV Car,Hyundai Kona,4,Worried about battery degradation and replacement cost after warranty ends.,21,"Topic 21: cost warranty, battery degradation, warranty ends, ends, degradation replacement, worried battery",1.0
EV2087,EV Car,Tata Nexon EV,4,"Running cost is much lower than petrol, saving a lot on fuel every month.",9,"Topic 9: lot, better, expected, attracts lot, attracts, looks futuristic",0.009746414833443809
EV2088,EV Scooter,TVS iQube,5,Emergency braking and collision alert systems work really well in traffic. Finding a working charging station in my city is still very difficult.,0,"Topic 0: collision, systems, braking collision, collision alert, systems work, really traffic",0.015463595975199427
EV2089,EV Scooter,Ampere Magnus,4,"Interior quality feels cheap for the price point, needs improvement. Switching to EV feels good knowing I'm reducing my carbon footprint.",7,"Topic 7: ev, good knowing, knowing, feels good, carbon footprint, knowing reducing",1.0
EV2090,EV Car,BYD Atto 3,3,"Interior quality feels cheap for the price point, needs improvement. Price after subsidy is still higher than a comparable petrol scooter.",6,"Topic 6: coal, defeats purpose, defeats, coal region, comes coal, comes",0.0057629856072732724
EV2091,EV Scooter,Bajaj Chetak,4,Zero tailpipe emissions is the main reason I chose an electric vehicle.,19,"Topic 19: chose, chose electric, emissions, emissions main, reason, reason chose",1.0
EV2092,EV Scooter,TVS iQube,3,"Smart key and app based lock features work flawlessly, very convenient. Highway charging stops are rare, long distance travel is a nightmare.",22,"Topic 22: app based, based, based lock, features work, flawlessly, flawlessly convenient",1.0
EV2093,EV Car,BYD Atto 3,3,"Software glitches caused the dashboard to freeze twice in a month. Switching to EV feels good knowing I'm reducing my carbon footprint. Range anxiety is real, I plan every trip around charging stops now.",20,"Topic 20: dashboard, caused, freeze twice, glitches, freeze, glitches caused",0.7735811601510045
EV2094,EV Scooter,TVS iQube,4,"Interior quality feels cheap for the price point, needs improvement.",18,"Topic 18: infotainment, infotainment lags, touchscreen, touchscreen infotainment, lags intuitive, lags",1.0
EV2095,EV Car,BYD Atto 3,5,"No proper information on how battery degrades over time, company should be transparent.",1,"Topic 1: range, transparent, proper, time company, proper information, battery degrades",0.20490266032195065
EV2096,EV Car,Mahindra XUV400,5,"After sales support has been excellent, quick response and doorstep service. Stability control on wet roads is impressive and inspires confidence.",3,"Topic 3: low, stability control, control wet, impressive, impressive inspires, wet",1.0
EV2097,EV Car,Tesla Model 3,5,Advanced safety features like ABS and traction control give peace of mind.,10,"Topic 10: battery replacement, cost half, half price, concerning, price vehicle, vehicle concerning",0.0014968829584478685
EV2098,EV Scooter,Ola S1,4,"Interior quality feels cheap for the price point, needs improvement. Touchscreen infotainment system lags and is not very intuitive to use.",18,"Topic 18: infotainment, infotainment lags, touchscreen, touchscreen infotainment, lags intuitive, lags",1.0
EV2099,EV Car,BYD Atto 3,4,"Highway charging stops are rare, long distance travel is a nightmare. Touchscreen infotainment system lags and is not very intuitive to use.",15,"Topic 15: highway, discount, ev subsidy, delayed discount, subsidy scheme, state got",1.0
EV2100,EV Scooter,Ather 450X,4,"Waiting time for service appointment is too long, more service centers needed. Home charging setup was expensive and took weeks to install.",11,"Topic 11: home, bluetooth, riding frustrating, connectivity, bluetooth connectivity, drops frequently",1.0
EV2101,EV Scooter,Hero Vida V1,4,"Public chargers are often broken or occupied, need more charging stations urgently.",0,"Topic 0: collision, systems, braking collision, collision alert, systems work, really traffic",0.008536968496752726
EV2102,EV Car,Tesla Model 3,3,"Had a great experience with the service team, they explained everything clearly.",8,"Topic 8: vehicle good, test ratings, test, purchase decision, ratings, ratings reassured",1.0
EV2103,EV Car,MG ZS EV,3,The battery warranty of 100 years gives me confidence in long term reliability.,4,"Topic 4: big motivation, big, motivation going, motivation, contributing, going",1.0
EV2104,EV Scooter,Ather 450X,4,"Battery replacement cost is almost half the price of the vehicle, very concerning.",10,"Topic 10: battery replacement, cost half, half price, concerning, price vehicle, vehicle concerning",1.0
EV2105,EV Scooter,Ather 450X,3,"Running cost is much lower than petrol, saving a lot on fuel every month. Bluetooth connectivity drops frequently while riding, very frustrating. Range anxiety is real, I plan every trip around charging stops now.",11,"Topic 11: home, bluetooth, riding frustrating, connectivity, bluetooth connectivity, drops frequently",1.0
EV2106,EV Scooter,Ola S1,4,Price after subsidy is still higher than a comparable petrol scooter.,6,"Topic 6: coal, defeats purpose, defeats, coal region, comes coal, comes",0.005799657341071892
EV2107,EV Scooter,Ather 450X,5,The design looks futuristic and attracts a lot of attention on the road.,9,"Topic 9: lot, better, expected, attracts lot, attracts, looks futuristic",1.0
EV2108,EV Car,Hyundai Kona,5,Home charging setup was expensive and took weeks to install.,11,"Topic 11: home, bluetooth, riding frustrating, connectivity, bluetooth connectivity, drops frequently",1.0
EV2109,EV Car,Tata Nexon EV,4,"The motor is powerful and pickup is much better than petrol variants. Energy used to charge still comes mostly from coal in my region, defeats the purpose somewhat.",9,"Topic 9: lot, better, expected, attracts lot, attracts, looks futuristic",1.0
EV2110,EV Car,BYD Atto 3,4,Price after subsidy is still higher than a comparable petrol scooter.,6,"Topic 6: coal, defeats purpose, defeats, coal region, comes coal, comes",0.005799229095643113
EV2111,EV Car,Hyundai Kona,4,Build materials feel sturdy but the design is a bit too plain compared to rivals.,14,"Topic 14: service, bit plain, design bit, compared rivals, bit, materials feel",1.0
EV2112,EV Scooter,Ola S1,4,"Running cost is much lower than petrol, saving a lot on fuel every month.",9,"Topic 9: lot, better, expected, attracts lot, attracts, looks futuristic",0.009746235209488266
EV2113,EV Scooter,Hero Vida V1,4,"For the price, I expected better build quality and more features. The design looks futuristic and attracts a lot of attention on the road. Waiting time for service appointment is too long, more service centers needed.",9,"Topic 9: lot, better, expected, attracts lot, attracts, looks futuristic",0.4265984820877018
EV2114,EV Car,Hyundai Kona,4,Build materials feel sturdy but the design is a bit too plain compared to rivals.,14,"Topic 14: service, bit plain, design bit, compared rivals, bit, materials feel",1.0
EV2115,EV Car,Hyundai Kona,5,"Love the app that shows nearby charging stations, very convenient feature.",8,"Topic 8: vehicle good, test ratings, test, purchase decision, ratings, ratings reassured",0.011136693616292558
EV2116,EV Car,BYD Atto 3,4,The upfront price is high but government subsidy makes it affordable.,2,"Topic 2: makes, high, size makes, park, easy, maneuver",0.0016643438612811297
EV2117,EV Car,Tata Nexon EV,4,"Compact size makes it easy to park and maneuver in city traffic. Running cost is much lower than petrol, saving a lot on fuel every month.",2,"Topic 2: makes, high, size makes, park, easy, maneuver",0.09148939725169329
EV2118,EV Car,MG ZS EV,4,Total cost of ownership is great once you factor in low maintenance and fuel savings.,3,"Topic 3: low, stability control, control wet, impressive, impressive inspires, wet",1.0
EV2119,EV Scooter,Ather 450X,4,"Braking system feels sharp and responsive, regenerative braking works well. The battery warranty of 3 years gives me confidence in long term reliability.",24,"Topic 24: braking, braking feels, braking works, responsive, regenerative braking, responsive regenerative",1.0
EV2120,EV Car,BYD Atto 3,5,"Resale value of electric vehicles is still uncertain, worried about depreciation.",5,"Topic 5: air software, improving, great feature, keeps improving, updates great, improving time",0.045932332338640844
EV2121,EV Scooter,Ather 450X,3,"Insurance premium for EV is surprisingly high compared to petrol vehicles. Energy used to charge still comes mostly from coal in my region, defeats the purpose somewhat.",16,"Topic 16: tier, surprisingly, surprisingly high, compared petrol, insurance premium, insurance",1.0
EV2122,EV Scooter,Ather 450X,3,"The companion app keeps crashing, needs urgent software updates.",17,"Topic 17: app keeps, crashing, crashing needs, companion app, companion, urgent software",1.0
EV2123,EV Car,Tata Nexon EV,4,Fast charging network needs serious expansion on highways. Battery health dropped to 85% within 18 months of daily use.,2,"Topic 2: makes, high, size makes, park, easy, maneuver",1.0
EV2124,EV Car,Mahindra XUV400,4,Insurance premium for EV is surprisingly high compared to petrol vehicles. Zero tailpipe emissions is the main reason I chose an electric vehicle.,16,"Topic 16: tier, surprisingly, surprisingly high, compared petrol, insurance premium, insurance",1.0
EV2125,EV Car,Hyundai Kona,4,EV subsidy scheme in my state got delayed and the discount amount reduced suddenly.,15,"Topic 15: highway, discount, ev subsidy, delayed discount, subsidy scheme, state got",1.0
EV2126,EV Scooter,Ola S1,3,"Battery replacement cost is almost half the price of the vehicle, very concerning.",10,"Topic 10: battery replacement, cost half, half price, concerning, price vehicle, vehicle concerning",1.0
EV2127,EV Scooter,Bajaj Chetak,5,For daily commute the range is fine but long trips are stressful because of low range.,1,"Topic 1: range, transparent, proper, time company, proper information, battery degrades",1.0
EV2128,EV Scooter,Ola S1,4,Stability control on wet roads is impressive and inspires confidence.,3,"Topic 3: low, stability control, control wet, impressive, impressive inspires, wet",1.0
EV2129,EV Car,Hyundai Kona,4,Touchscreen infotainment system lags and is not very intuitive to use.,18,"Topic 18: infotainment, infotainment lags, touchscreen, touchscreen infotainment, lags intuitive, lags",1.0
EV2130,EV Scooter,Ampere Magnus,4,"Battery health dropped to 85% within 18 months of daily use. Over the air software updates are a great feature, keeps improving over time.",13,"Topic 13: 18, 18 months, 85, 85 18, health dropped, months daily",0.6827483446110416
EV2131,EV Car,Tata Nexon EV,4,"Bluetooth connectivity drops frequently while riding, very frustrating.",11,"Topic 11: home, bluetooth, riding frustrating, connectivity, bluetooth connectivity, drops frequently",1.0
EV2132,EV Scooter,Bajaj Chetak,3,"Spare parts availability is a major issue, waited a month for a replacement part. Finding a working charging station in my city is still very difficult.",0,"Topic 0: collision, systems, braking collision, collision alert, systems work, really traffic",0.19237692190857664
EV2133,EV Car,Mahindra XUV400,5,"Had a great experience with the service team, they explained everything clearly.",8,"Topic 8: vehicle good, test ratings, test, purchase decision, ratings, ratings reassured",1.0
EV2134,EV Scooter,Ampere Magnus,5,"Storage space under the seat is very limited, not practical for daily use.",5,"Topic 5: air software, improving, great feature, keeps improving, updates great, improving time",1.0
EV2135,EV Car,MG ZS EV,4,I'm always worried about running out of charge before reaching my destination.,15,"Topic 15: highway, discount, ev subsidy, delayed discount, subsidy scheme, state got",0.041453458120818625
EV2136,EV Scooter,Ampere Magnus,3,The upfront price is high but government subsidy makes it affordable. Worried about battery degradation and replacement cost after warranty ends.,21,"Topic 21: cost warranty, battery degradation, warranty ends, ends, degradation replacement, worried battery",0.0016516238644196876
EV2137,EV Car,Tesla Model 3,4,"Read reports about battery fires, safety is my biggest concern before buying. Insurance premium for EV is surprisingly high compared to petrol vehicles. Loved the color options and the overall styling of the vehicle.",16,"Topic 16: tier, surprisingly, surprisingly high, compared petrol, insurance premium, insurance",1.0
EV2138,EV Scooter,Ampere Magnus,4,"LED lighting and digital dashboard give it a premium, modern look.",20,"Topic 20: dashboard, caused, freeze twice, glitches, freeze, glitches caused",0.04837272070592278
EV2139,EV Car,Tata Nexon EV,5,Insurance premium for EV is surprisingly high compared to petrol vehicles.,16,"Topic 16: tier, surprisingly, surprisingly high, compared petrol, insurance premium, insurance",1.0
EV2140,EV Scooter,Ola S1,4,"Highway charging stops are rare, long distance travel is a nightmare. Energy used to charge still comes mostly from coal in my region, defeats the purpose somewhat.",15,"Topic 15: highway, discount, ev subsidy, delayed discount, subsidy scheme, state got",1.0
EV2141,EV Scooter,Hero Vida V1,3,"Battery health dropped to 85% within 18 months of daily use. Suspension is too stiff, ride quality is uncomfortable on bad roads.",13,"Topic 13: 18, 18 months, 85, 85 18, health dropped, months daily",0.8832195946403001
EV2142,EV Car,Mahindra XUV400,3,"Over the air software updates are a great feature, keeps improving over time. The upfront price is high but government subsidy makes it affordable. No proper information on how battery degrades over time, company should be transparent.",5,"Topic 5: air software, improving, great feature, keeps improving, updates great, improving time",1.0
EV2143,EV Car,MG ZS EV,5,Switching to EV feels good knowing I'm reducing my carbon footprint.,7,"Topic 7: ev, good knowing, knowing, feels good, carbon footprint, knowing reducing",1.0
EV2144,EV Car,Tata Nexon EV,4,"Public chargers are often broken or occupied, need more charging stations urgently. After sales support has been excellent, quick response and doorstep service.",0,"Topic 0: collision, systems, braking collision, collision alert, systems work, really traffic",0.00858590801487328
EV2145,EV Car,BYD Atto 3,4,Finding a working charging station in my city is still very difficult.,0,"Topic 0: collision, systems, braking collision, collision alert, systems work, really traffic",1.0
EV2146,EV Car,Hyundai Kona,1,"Highway charging stops are rare, long distance travel is a nightmare. EV subsidy scheme in my state got delayed and the discount amount reduced suddenly. Battery range degrades faster than expected after just one year of use.",15,"Topic 15: highway, discount, ev subsidy, delayed discount, subsidy scheme, state got",1.0
EV2147,EV Scooter,TVS iQube,4,Top speed is decent for city use but not enough for highway cruising.,15,"Topic 15: highway, discount, ev subsidy, delayed discount, subsidy scheme, state got",0.0009555192280843939
EV2148,EV Car,Hyundai Kona,3,Top speed is decent for city use but not enough for highway cruising.,15,"Topic 15: highway, discount, ev subsidy, delayed discount, subsidy scheme, state got",0.0009556735418204994
EV2149,EV Car,Tata Nexon EV,3,"Range drops badly in winter, I lost almost 30% range in cold weather.",23,"Topic 23: 30 range, badly, badly winter, cold weather, drops badly, cold",1.0
EV2150,EV Scooter,Hero Vida V1,4,"Energy used to charge still comes mostly from coal in my region, defeats the purpose somewhat. Bluetooth connectivity drops frequently while riding, very frustrating.",11,"Topic 11: home, bluetooth, riding frustrating, connectivity, bluetooth connectivity, drops frequently",1.0
EV2151,EV Car,Tata Nexon EV,4,Battery range degrades faster than expected after just one year of use. The motor is powerful and pickup is much better than petrol variants.,9,"Topic 9: lot, better, expected, attracts lot, attracts, looks futuristic",1.0
EV2152,EV Scooter,Bajaj Chetak,4,Software glitches caused the dashboard to freeze twice in a month.,20,"Topic 20: dashboard, caused, freeze twice, glitches, freeze, glitches caused",1.0
EV2153,EV Car,Tesla Model 3,5,Battery performance is stable even after two years of heavy usage. Stability control on wet roads is impressive and inspires confidence.,3,"Topic 3: low, stability control, control wet, impressive, impressive inspires, wet",0.08568332971063627
EV2154,EV Car,MG ZS EV,5,Emergency braking and collision alert systems work really well in traffic.,0,"Topic 0: collision, systems, braking collision, collision alert, systems work, really traffic",0.015233591300328485
EV2155,EV Car,Mahindra XUV400,5,Price after subsidy is still higher than a comparable petrol scooter.,6,"Topic 6: coal, defeats purpose, defeats, coal region, comes coal, comes",0.005819013836894807
EV2156,EV Car,Tesla Model 3,5,I'm always worried about running out of charge before reaching my destination.,15,"Topic 15: highway, discount, ev subsidy, delayed discount, subsidy scheme, state got",0.04148304101961887
EV2157,EV Scooter,Bajaj Chetak,4,Software glitches caused the dashboard to freeze twice in a month.,20,"Topic 20: dashboard, caused, freeze twice, glitches, freeze, glitches caused",1.0
EV2158,EV Car,Tesla Model 3,5,Fast charging network needs serious expansion on highways. Handling and stability at high speed feels very confident and safe.,2,"Topic 2: makes, high, size makes, park, easy, maneuver",1.0
EV2159,EV Scooter,Bajaj Chetak,3,Price after subsidy is still higher than a comparable petrol scooter.,6,"Topic 6: coal, defeats purpose, defeats, coal region, comes coal, comes",0.00579067040890207
EV2160,EV Scooter,Ola S1,3,Fast charging network needs serious expansion on highways. Handling and stability at high speed feels very confident and safe.,2,"Topic 2: makes, high, size makes, park, easy, maneuver",1.0
EV2161,EV Scooter,Ather 450X,3,Service center staff are not well trained to handle EV specific issues.,7,"Topic 7: ev, good knowing, knowing, feels good, carbon footprint, knowing reducing",1.0
EV2162,EV Car,Mahindra XUV400,3,Battery performance is stable even after two years of heavy usage.,9,"Topic 9: lot, better, expected, attracts lot, attracts, looks futuristic",0.08847375614863699
EV2163,EV Car,Tata Nexon EV,4,"Braking system feels sharp and responsive, regenerative braking works well. Battery health dropped to 85% within 18 months of daily use.",24,"Topic 24: braking, braking feels, braking works, responsive, regenerative braking, responsive regenerative",1.0
EV2164,EV Scooter,Hero Vida V1,3,"No proper information on how battery degrades over time, company should be transparent.",1,"Topic 1: range, transparent, proper, time company, proper information, battery degrades",0.20914326945287795
EV2165,EV Car,BYD Atto 3,4,"Charging takes too long, almost 6 hours for a full charge at home.",11,"Topic 11: home, bluetooth, riding frustrating, connectivity, bluetooth connectivity, drops frequently",0.010372257840859237
EV2166,EV Scooter,Hero Vida V1,4,The design looks futuristic and attracts a lot of attention on the road.,9,"Topic 9: lot, better, expected, attracts lot, attracts, looks futuristic",1.0
EV2167,EV Scooter,Ather 450X,2,"Battery replacement cost is almost half the price of the vehicle, very concerning.",10,"Topic 10: battery replacement, cost half, half price, concerning, price vehicle, vehicle concerning",1.0
EV2168,EV Scooter,TVS iQube,4,"Noise levels are impressively low, riding experience is very smooth and quiet.",3,"Topic 3: low, stability control, control wet, impressive, impressive inspires, wet",0.1997923242191062
EV2169,EV Scooter,TVS iQube,4,Stability control on wet roads is impressive and inspires confidence.,3,"Topic 3: low, stability control, control wet, impressive, impressive inspires, wet",1.0
EV2170,EV Scooter,TVS iQube,5,"Finding a working charging station in my city is still very difficult. No proper information on how battery degrades over time, company should be transparent. Braking system feels sharp and responsive, regenerative braking works well.",0,"Topic 0: collision, systems, braking collision, collision alert, systems work, really traffic",1.0
EV2171,EV Scooter,Hero Vida V1,4,Software glitches caused the dashboard to freeze twice in a month.,20,"Topic 20: dashboard, caused, freeze twice, glitches, freeze, glitches caused",1.0
EV2172,EV Scooter,TVS iQube,3,"Resale value of electric vehicles is still uncertain, worried about depreciation. Range drops badly in winter, I lost almost 30% range in cold weather.",5,"Topic 5: air software, improving, great feature, keeps improving, updates great, improving time",0.04574413441304709
EV2173,EV Car,Mahindra XUV400,5,"Home charging setup was expensive and took weeks to install. Acceleration is smooth and instant torque makes overtaking effortless. The companion app keeps crashing, needs urgent software updates.",17,"Topic 17: app keeps, crashing, crashing needs, companion app, companion, urgent software",0.48649003623682335
EV2174,EV Scooter,Ampere Magnus,4,The upfront price is high but government subsidy makes it affordable.,2,"Topic 2: makes, high, size makes, park, easy, maneuver",0.001662027968194125
EV2175,EV Car,MG ZS EV,4,Zero tailpipe emissions is the main reason I chose an electric vehicle.,19,"Topic 19: chose, chose electric, emissions, emissions main, reason, reason chose",1.0
EV2176,EV Scooter,Hero Vida V1,5,"Waiting time for service appointment is too long, more service centers needed.",14,"Topic 14: service, bit plain, design bit, compared rivals, bit, materials feel",1.0
EV2177,EV Scooter,TVS iQube,4,"Public chargers are often broken or occupied, need more charging stations urgently.",0,"Topic 0: collision, systems, braking collision, collision alert, systems work, really traffic",0.008650115744926109
EV2178,EV Scooter,Hero Vida V1,5,"Waiting time for service appointment is too long, more service centers needed.",14,"Topic 14: service, bit plain, design bit, compared rivals, bit, materials feel",1.0
EV2179,EV Car,BYD Atto 3,3,"The design looks futuristic and attracts a lot of attention on the road. After sales support has been excellent, quick response and doorstep service. Worried about battery degradation and replacement cost after warranty ends.",9,"Topic 9: lot, better, expected, attracts lot, attracts, looks futuristic",1.0
EV2180,EV Car,Mahindra XUV400,5,"Navigation system integrated with range prediction is genuinely useful. Public chargers are often broken or occupied, need more charging stations urgently.",0,"Topic 0: collision, systems, braking collision, collision alert, systems work, really traffic",0.02949828654265426
EV2181,EV Car,Tesla Model 3,5,Battery range degrades faster than expected after just one year of use.,9,"Topic 9: lot, better, expected, attracts lot, attracts, looks futuristic",1.0
EV2182,EV Scooter,Ola S1,4,Worried about battery degradation and replacement cost after warranty ends.,21,"Topic 21: cost warranty, battery degradation, warranty ends, ends, degradation replacement, worried battery",1.0
EV2183,EV Scooter,Ola S1,4,"After sales support has been excellent, quick response and doorstep service.",21,"Topic 21: cost warranty, battery degradation, warranty ends, ends, degradation replacement, worried battery",1.0
EV2184,EV Car,Mahindra XUV400,5,"Range anxiety is real, I plan every trip around charging stops now.",15,"Topic 15: highway, discount, ev subsidy, delayed discount, subsidy scheme, state got",0.0006139867170921661
EV2185,EV Scooter,Ather 450X,4,The motor is powerful and pickup is much better than petrol variants.,9,"Topic 9: lot, better, expected, attracts lot, attracts, looks futuristic",1.0
EV2186,EV Car,Tesla Model 3,5,Total cost of ownership is great once you factor in low maintenance and fuel savings.,3,"Topic 3: low, stability control, control wet, impressive, impressive inspires, wet",1.0
EV2187,EV Scooter,Ather 450X,4,Concerned about environmental impact of battery disposal and recycling.,12,"Topic 12: battery disposal, environmental, disposal, disposal recycling, concerned, concerned environmental",1.0
EV2188,EV Scooter,Ather 450X,3,"Spare parts availability is a major issue, waited a month for a replacement part.",0,"Topic 0: collision, systems, braking collision, collision alert, systems work, really traffic",0.19114863391252918
EV2189,EV Car,Mahindra XUV400,4,Build materials feel sturdy but the design is a bit too plain compared to rivals.,14,"Topic 14: service, bit plain, design bit, compared rivals, bit, materials feel",1.0
EV2190,EV Car,BYD Atto 3,4,"Total cost of ownership is great once you factor in low maintenance and fuel savings. Noise levels are impressively low, riding experience is very smooth and quiet.",3,"Topic 3: low, stability control, control wet, impressive, impressive inspires, wet",1.0
EV2191,EV Car,Hyundai Kona,5,Zero tailpipe emissions is the main reason I chose an electric vehicle.,19,"Topic 19: chose, chose electric, emissions, emissions main, reason, reason chose",1.0
EV2192,EV Car,Hyundai Kona,3,Advanced safety features like ABS and traction control give peace of mind. Loved the color options and the overall styling of the vehicle.,10,"Topic 10: battery replacement, cost half, half price, concerning, price vehicle, vehicle concerning",0.00149690951123635
EV2193,EV Car,Hyundai Kona,4,The upfront price is high but government subsidy makes it affordable. Service center staff are not well trained to handle EV specific issues.,15,"Topic 15: highway, discount, ev subsidy, delayed discount, subsidy scheme, state got",1.0
EV2194,EV Scooter,Ather 450X,5,Battery performance is stable even after two years of heavy usage.,9,"Topic 9: lot, better, expected, attracts lot, attracts, looks futuristic",0.08827234444042424
EV2195,EV Scooter,Ampere Magnus,4,"Braking system feels sharp and responsive, regenerative braking works well.",24,"Topic 24: braking, braking feels, braking works, responsive, regenerative braking, responsive regenerative",1.0
EV2196,EV Scooter,Ampere Magnus,4,"Noise levels are impressively low, riding experience is very smooth and quiet.",3,"Topic 3: low, stability control, control wet, impressive, impressive inspires, wet",0.19916594819733663
EV2197,EV Car,Hyundai Kona,4,Service center staff are not well trained to handle EV specific issues.,7,"Topic 7: ev, good knowing, knowing, feels good, carbon footprint, knowing reducing",1.0
EV2198,EV Car,Tesla Model 3,4,Concerned about environmental impact of battery disposal and recycling.,12,"Topic 12: battery disposal, environmental, disposal, disposal recycling, concerned, concerned environmental",1.0
EV2199,EV Car,Tesla Model 3,4,"Touchscreen infotainment system lags and is not very intuitive to use. Battery replacement cost is almost half the price of the vehicle, very concerning. Energy used to charge still comes mostly from coal in my region, defeats the purpose somewhat.",18,"Topic 18: infotainment, infotainment lags, touchscreen, touchscreen infotainment, lags intuitive, lags",1.0
