review_id,source,product_type,brand,region,date,rating,feedback_text,_true_themes,clean_text_classical,clean_text_bert,lda_topic,lda_topic_confidence,lda_topic_label,nmf_topic,nmf_topic_confidence,nmf_topic_label,bert_topic,bert_topic_confidence,bert_topic_label
EV1000,Customer Support,EV Car,Tata Nexon EV,South,8/16/2024,4,"No proper information on how battery degrades over time, company should be transparent.",Battery Life & Degradation,proper information battery degrades time company transparent,"No proper information on how battery degrades over time, company should be transparent.",5,0.935713658,"Topic 5: battery, center, service center, service, safety",8,0.052935026,"Topic 8: service, service center, center, appointment long, center needed",1,0.20627612860575542,"Topic 1: range, transparent, proper, time company, proper information, battery degrades"
EV1001,Survey,EV Car,Tesla Model 3,Central,3/8/2025,4,"The real world range is much lower than advertised, I only get 100 km on a full charge.",Range Anxiety,real world range lower advertised full charge,"The real world range is much lower than advertised, I only get 100 km on a full charge.",1,0.935713055,"Topic 1: range, system, genuinely, useful, genuinely useful",1,0.031760106,"Topic 1: charge come, defeat purpose, defeat, come mostly, come",1,1.0,"Topic 1: range, transparent, proper, time company, proper information, battery degrades"
EV1002,Survey,EV Car,MG ZS EV,Central,7/22/2024,4,Emergency braking and collision alert systems work really well in traffic.,Safety Features,emergency braking collision alert system work well traffic,Emergency braking and collision alert systems work really well in traffic.,7,0.943749731,"Topic 7: braking, work, system, work well, well",2,0.319097782,"Topic 2: braking, system, work well, work, well",0,0.01524501052497059,"Topic 0: collision, systems, braking collision, collision alert, systems work, really traffic"
EV1003,Customer Support,EV Car,Mahindra XUV400,North,6/12/2024,4,"Loved the color options and the overall styling of the vehicle. Suspension is too stiff, ride quality is uncomfortable on bad roads.","Design & Aesthetics, Performance & Ride Quality",loved color option overall styling suspension stiff ride quality uncomfortable road,"Loved the color options and the overall styling of the vehicle. Suspension is too stiff, ride quality is uncomfortable on bad roads.",0,0.52856968,"Topic 0: cost, battery, replacement cost, replacement, city",7,0.017461527,"Topic 7: riding, low, smooth, level, impressively",8,0.033004562882756376,"Topic 8: vehicle good, test ratings, test, purchase decision, ratings, ratings reassured"
EV1004,Survey,EV Car,Hyundai Kona,North,1/24/2025,4,"Love the app that shows nearby charging stations, very convenient feature.",Charging Infrastructure,love app show nearby charging station convenient feature,"Love the app that shows nearby charging stations, very convenient feature.",6,0.943748039,"Topic 6: charging, battery, almost, tier, use",6,0.138731495,"Topic 6: app, keep, update, software update, need",8,0.01113673678581985,"Topic 8: vehicle good, test ratings, test, purchase decision, ratings, ratings reassured"
EV1005,Customer Support,EV Scooter,Ampere Magnus,North,4/15/2025,4,Advanced safety features like ABS and traction control give peace of mind.,Safety Features,advanced safety feature ab traction control give peace mind,Advanced safety features like ABS and traction control give peace of mind.,3,0.949999585,"Topic 3: safety, use, highway, part, feature",3,0.403444493,"Topic 3: ab, ab traction, control give, traction, traction control",10,0.00149710114097826,"Topic 10: battery replacement, cost half, half price, concerning, price vehicle, vehicle concerning"
EV1006,Customer Support,EV Scooter,Ola S1,Central,1/5/2025,3,Zero tailpipe emissions is the main reason I chose an electric vehicle.,Environmental Impact,zero tailpipe emission main reason chose,Zero tailpipe emissions is the main reason I chose an electric vehicle.,6,0.925,"Topic 6: charging, battery, almost, tier, use",7,0.153486816,"Topic 7: riding, low, smooth, level, impressively",19,1.0,"Topic 19: chose, chose electric, emissions, emissions main, reason, reason chose"
EV1007,Social Media,EV Car,Tata Nexon EV,East,3/22/2024,4,"Running cost is much lower than petrol, saving a lot on fuel every month.",Price & Subsidy,running cost lower petrol saving lot fuel every month,"Running cost is much lower than petrol, saving a lot on fuel every month.",4,0.949998874,"Topic 4: software, month, year, battery, keep",9,0.051628088,"Topic 9: dashboard, caused dashboard, caused, dashboard freeze, freeze twice",9,0.009745946988304461,"Topic 9: lot, better, expected, attracts lot, attracts, looks futuristic"
EV1008,Marketplace Review,EV Scooter,TVS iQube,East,6/15/2024,4,The motor is powerful and pickup is much better than petrol variants. Concerned about environmental impact of battery disposal and recycling.,"Performance & Ride Quality, Environmental Impact",motor powerful pickup better petrol variant concerned environmental impact battery disposal recycling,The motor is powerful and pickup is much better than petrol variants. Concerned about environmental impact of battery disposal and recycling.,9,0.510190429,"Topic 9: price, subsidy, service, battery disposal, concerned environmental",5,0.28797374,"Topic 5: battery disposal, disposal recycling, concerned, environmental impact, environmental",9,1.0,"Topic 9: lot, better, expected, attracts lot, attracts, looks futuristic"
EV1009,Social Media,EV Car,BYD Atto 3,Central,9/7/2024,3,"Battery replacement cost is almost half the price of the vehicle, very concerning.",Battery Life & Degradation,battery replacement cost almost half price concerning,"Battery replacement cost is almost half the price of the vehicle, very concerning.",0,0.935712194,"Topic 0: cost, battery, replacement cost, replacement, city",0,0.109297637,"Topic 0: cost, replacement cost, replacement, price, battery",10,1.0,"Topic 10: battery replacement, cost half, half price, concerning, price vehicle, vehicle concerning"
EV1010,Social Media,EV Scooter,TVS iQube,East,2/27/2024,3,The upfront price is high but government subsidy makes it affordable.,Price & Subsidy,upfront price high government subsidy make affordable,The upfront price is high but government subsidy makes it affordable.,9,0.935713,"Topic 9: price, subsidy, service, battery disposal, concerned environmental",0,0.054278679,"Topic 0: cost, replacement cost, replacement, price, battery",2,0.0016667260434011448,"Topic 2: makes, high, size makes, park, easy, maneuver"
EV1011,Customer Support,EV Scooter,Bajaj Chetak,North,8/4/2024,5,Concerned about environmental impact of battery disposal and recycling.,Environmental Impact,concerned environmental impact battery disposal recycling,Concerned about environmental impact of battery disposal and recycling.,9,0.924998615,"Topic 9: price, subsidy, service, battery disposal, concerned environmental",5,0.435865403,"Topic 5: battery disposal, disposal recycling, concerned, environmental impact, environmental",12,1.0,"Topic 12: battery disposal, environmental, disposal, disposal recycling, concerned, concerned environmental"
EV1012,Marketplace Review,EV Car,Tesla Model 3,West,4/14/2025,4,"Battery health dropped to 85% within 18 months of daily use. There are very few authorized service centers, had to travel 5 km for repair.","Battery Life & Degradation, Service & After-Sales",battery health dropped within month daily use authorized service center travel repair,"Battery health dropped to 85% within 18 months of daily use. There are very few authorized service centers, had to travel 5 km for repair.",6,0.546558556,"Topic 6: charging, battery, almost, tier, use",4,0.284328071,"Topic 4: use, daily use, daily, dropped, within month",13,1.0,"Topic 13: 18, 18 months, 85, 85 18, health dropped, months daily"
EV1013,Marketplace Review,EV Scooter,Hero Vida V1,Central,2/12/2025,4,The motor is powerful and pickup is much better than petrol variants.,Performance & Ride Quality,motor powerful pickup better petrol variant,The motor is powerful and pickup is much better than petrol variants.,3,0.92499857,"Topic 3: safety, use, highway, part, feature",5,0.012919841,"Topic 5: battery disposal, disposal recycling, concerned, environmental impact, environmental",9,1.0,"Topic 9: lot, better, expected, attracts lot, attracts, looks futuristic"
EV1014,Marketplace Review,EV Car,BYD Atto 3,North,2/18/2024,4,Home charging setup was expensive and took weeks to install.,Charging Infrastructure,home charging setup expensive took week install,Home charging setup was expensive and took weeks to install.,5,0.935713411,"Topic 5: battery, center, service center, service, safety",5,0.034397189,"Topic 5: battery disposal, disposal recycling, concerned, environmental impact, environmental",11,1.0,"Topic 11: home, bluetooth, riding frustrating, connectivity, bluetooth connectivity, drops frequently"
EV1015,Marketplace Review,EV Car,Tesla Model 3,Central,3/6/2024,5,"Storage space under the seat is very limited, not practical for daily use.",Design & Aesthetics,storage space seat limited practical daily use,"Storage space under the seat is very limited, not practical for daily use.",3,0.93571352,"Topic 3: safety, use, highway, part, feature",4,0.148974955,"Topic 4: use, daily use, daily, dropped, within month",5,1.0,"Topic 5: air software, improving, great feature, keeps improving, updates great, improving time"
EV1016,Customer Support,EV Scooter,Ampere Magnus,Central,1/12/2024,4,"Charging takes too long, almost 6 hours for a full charge at home. Stability control on wet roads is impressive and inspires confidence.","Charging Infrastructure, Safety Features",charging take long almost hour full charge home stability control wet road impressive inspires confidence,"Charging takes too long, almost 6 hours for a full charge at home. Stability control on wet roads is impressive and inspires confidence.",0,0.493381041,"Topic 0: cost, battery, replacement cost, replacement, city",7,0.178176302,"Topic 7: riding, low, smooth, level, impressively",3,0.010396015455196998,"Topic 3: low, stability control, control wet, impressive, impressive inspires, wet"
EV1017,Customer Support,EV Scooter,Ola S1,West,6/10/2024,4,"The companion app keeps crashing, needs urgent software updates.",Software & Connectivity,companion app keep crashing need urgent software update,"The companion app keeps crashing, needs urgent software updates.",4,0.943749217,"Topic 4: software, month, year, battery, keep",6,0.391311163,"Topic 6: app, keep, update, software update, need",17,1.0,"Topic 17: app keeps, crashing, crashing needs, companion app, companion, urgent software"
EV1018,Social Media,EV Scooter,Ampere Magnus,Central,4/18/2024,4,"Had a great experience with the service team, they explained everything clearly.",Service & After-Sales,great experience service team explained everything clearly,"Had a great experience with the service team, they explained everything clearly.",4,0.935712448,"Topic 4: software, month, year, battery, keep",8,0.103109565,"Topic 8: service, service center, center, appointment long, center needed",8,1.0,"Topic 8: vehicle good, test ratings, test, purchase decision, ratings, ratings reassured"
EV1019,Customer Support,EV Car,MG ZS EV,South,6/27/2025,4,Battery range degrades faster than expected after just one year of use. Acceleration is smooth and instant torque makes overtaking effortless.,"Range Anxiety, Performance & Ride Quality",battery range degrades faster expected year use acceleration smooth instant torque make overtaking effortless,Battery range degrades faster than expected after just one year of use. Acceleration is smooth and instant torque makes overtaking effortless.,4,0.966664944,"Topic 4: software, month, year, battery, keep",7,0.057597284,"Topic 7: riding, low, smooth, level, impressively",9,1.0,"Topic 9: lot, better, expected, attracts lot, attracts, looks futuristic"
EV1020,Customer Support,EV Car,Hyundai Kona,South,2/29/2024,5,"Running cost is much lower than petrol, saving a lot on fuel every month.",Price & Subsidy,running cost lower petrol saving lot fuel every month,"Running cost is much lower than petrol, saving a lot on fuel every month.",4,0.949998874,"Topic 4: software, month, year, battery, keep",9,0.051628088,"Topic 9: dashboard, caused dashboard, caused, dashboard freeze, freeze twice",9,0.009748750520590703,"Topic 9: lot, better, expected, attracts lot, attracts, looks futuristic"
EV1021,Marketplace Review,EV Car,Tesla Model 3,North,6/29/2025,5,Battery health dropped to 85% within 18 months of daily use.,Battery Life & Degradation,battery health dropped within month daily use,Battery health dropped to 85% within 18 months of daily use.,6,0.935712492,"Topic 6: charging, battery, almost, tier, use",4,0.39372037,"Topic 4: use, daily use, daily, dropped, within month",13,1.0,"Topic 13: 18, 18 months, 85, 85 18, health dropped, months daily"
EV1022,Social Media,EV Scooter,Ampere Magnus,East,6/24/2025,4,"Energy used to charge still comes mostly from coal in my region, defeats the purpose somewhat. LED lighting and digital dashboard give it a premium, modern look. Price after subsidy is still higher than a comparable petrol scooter.","Environmental Impact, Design & Aesthetics, Price & Subsidy",energy used charge come mostly coal region defeat purpose somewhat led lighting digital dashboard give premium modern look price subsidy higher comparable petrol scooter,"Energy used to charge still comes mostly from coal in my region, defeats the purpose somewhat. LED lighting and digital dashboard give it a premium, modern look. Price after subsidy is still higher than a comparable petrol scooter.",8,0.444270966,"Topic 8: range, drop, defeat purpose, energy, energy used",1,0.2777462,"Topic 1: charge come, defeat purpose, defeat, come mostly, come",6,0.7696989027119853,"Topic 6: coal, defeats purpose, defeats, coal region, comes coal, comes"
EV1023,Customer Support,EV Scooter,Bajaj Chetak,West,6/13/2025,4,"Over the air software updates are a great feature, keeps improving over time. Public chargers are often broken or occupied, need more charging stations urgently. Resale value of electric vehicles is still uncertain, worried about depreciation.","Software & Connectivity, Charging Infrastructure, Price & Subsidy",air software update great feature keep improving time public charger often broken occupied need charging station urgently resale value uncertain worried depreciation,"Over the air software updates are a great feature, keeps improving over time. Public chargers are often broken or occupied, need more charging stations urgently. Resale value of electric vehicles is still uncertain, worried about depreciation.",0,0.404035942,"Topic 0: cost, battery, replacement cost, replacement, city",6,0.175543958,"Topic 6: app, keep, update, software update, need",5,1.0,"Topic 5: air software, improving, great feature, keeps improving, updates great, improving time"
EV1024,Social Media,EV Car,BYD Atto 3,Central,8/13/2024,3,"Range drops badly in winter, I lost almost 30% range in cold weather.",Range Anxiety,range drop badly winter lost almost range cold weather,"Range drops badly in winter, I lost almost 30% range in cold weather.",8,0.949999084,"Topic 8: range, drop, defeat purpose, energy, energy used",7,0.062578708,"Topic 7: riding, low, smooth, level, impressively",23,1.0,"Topic 23: 30 range, badly, badly winter, cold weather, drops badly, cold"
EV1025,Survey,EV Car,MG ZS EV,North,12/4/2024,3,Fast charging network needs serious expansion on highways.,Charging Infrastructure,fast charging network need serious expansion highway,Fast charging network needs serious expansion on highways.,3,0.935712804,"Topic 3: safety, use, highway, part, feature",6,0.075128743,"Topic 6: app, keep, update, software update, need",2,1.0,"Topic 2: makes, high, size makes, park, easy, maneuver"
EV1026,Marketplace Review,EV Scooter,Hero Vida V1,South,5/15/2024,3,"Zero tailpipe emissions is the main reason I chose an electric vehicle. Smart key and app based lock features work flawlessly, very convenient.","Environmental Impact, Software & Connectivity",zero tailpipe emission main reason chose smart key app based lock feature work flawlessly convenient,"Zero tailpipe emissions is the main reason I chose an electric vehicle. Smart key and app based lock features work flawlessly, very convenient.",9,0.554154752,"Topic 9: price, subsidy, service, battery disposal, concerned environmental",6,0.155088663,"Topic 6: app, keep, update, software update, need",19,1.0,"Topic 19: chose, chose electric, emissions, emissions main, reason, reason chose"
EV1027,Social Media,EV Scooter,Bajaj Chetak,North,4/9/2024,4,Loved the color options and the overall styling of the vehicle.,Design & Aesthetics,loved color option overall styling,Loved the color options and the overall styling of the vehicle.,6,0.91,"Topic 6: charging, battery, almost, tier, use",1,0.016621026,"Topic 1: charge come, defeat purpose, defeat, come mostly, come",24,0.033073133006838014,"Topic 24: braking, braking feels, braking works, responsive, regenerative braking, responsive regenerative"
EV1028,Marketplace Review,EV Scooter,Bajaj Chetak,North,4/10/2024,5,For daily commute the range is fine but long trips are stressful because of low range.,Range Anxiety,daily commute range fine long trip stressful low range,For daily commute the range is fine but long trips are stressful because of low range.,0,0.949997508,"Topic 0: cost, battery, replacement cost, replacement, city",7,0.096873282,"Topic 7: riding, low, smooth, level, impressively",1,1.0,"Topic 1: range, transparent, proper, time company, proper information, battery degrades"
EV1029,Social Media,EV Scooter,Ola S1,South,7/13/2024,4,"Read reports about battery fires, safety is my biggest concern before buying. Bluetooth connectivity drops frequently while riding, very frustrating.","Safety Features, Software & Connectivity",read report battery fire safety biggest concern buying bluetooth connectivity drop frequently riding frustrating,"Read reports about battery fires, safety is my biggest concern before buying. Bluetooth connectivity drops frequently while riding, very frustrating.",5,0.55925954,"Topic 5: battery, center, service center, service, safety",7,0.063628414,"Topic 7: riding, low, smooth, level, impressively",11,1.0,"Topic 11: home, bluetooth, riding frustrating, connectivity, bluetooth connectivity, drops frequently"
EV1030,Marketplace Review,EV Car,Hyundai Kona,South,3/18/2024,4,"The companion app keeps crashing, needs urgent software updates. Advanced safety features like ABS and traction control give peace of mind.","Software & Connectivity, Safety Features",companion app keep crashing need urgent software update advanced safety feature ab traction control give peace mind,"The companion app keeps crashing, needs urgent software updates. Advanced safety features like ABS and traction control give peace of mind.",3,0.524729941,"Topic 3: safety, use, highway, part, feature",3,0.284860176,"Topic 3: ab, ab traction, control give, traction, traction control",17,1.0,"Topic 17: app keeps, crashing, crashing needs, companion app, companion, urgent software"
EV1031,Social Media,EV Car,Tata Nexon EV,South,2/20/2025,3,"Bluetooth connectivity drops frequently while riding, very frustrating.",Software & Connectivity,bluetooth connectivity drop frequently riding frustrating,"Bluetooth connectivity drops frequently while riding, very frustrating.",8,0.924999723,"Topic 8: range, drop, defeat purpose, energy, energy used",7,0.103162611,"Topic 7: riding, low, smooth, level, impressively",11,1.0,"Topic 11: home, bluetooth, riding frustrating, connectivity, bluetooth connectivity, drops frequently"
EV1032,Survey,EV Car,Mahindra XUV400,South,1/23/2025,3,"Range anxiety is real, I plan every trip around charging stops now. LED lighting and digital dashboard give it a premium, modern look.","Range Anxiety, Design & Aesthetics",range anxiety real plan every trip around charging stop led lighting digital dashboard give premium modern look,"Range anxiety is real, I plan every trip around charging stops now. LED lighting and digital dashboard give it a premium, modern look.",2,0.501565885,"Topic 2: feel, quality, range, support, quality feel",9,0.118460541,"Topic 9: dashboard, caused dashboard, caused, dashboard freeze, freeze twice",20,0.0006139865863921499,"Topic 20: dashboard, caused, freeze twice, glitches, freeze, glitches caused"
EV1033,Marketplace Review,EV Scooter,TVS iQube,Central,5/13/2025,5,Battery health dropped to 85% within 18 months of daily use.,Battery Life & Degradation,battery health dropped within month daily use,Battery health dropped to 85% within 18 months of daily use.,6,0.935712492,"Topic 6: charging, battery, almost, tier, use",4,0.39372037,"Topic 4: use, daily use, daily, dropped, within month",13,1.0,"Topic 13: 18, 18 months, 85, 85 18, health dropped, months daily"
EV1034,Survey,EV Scooter,Ather 450X,Central,3/3/2024,5,Acceleration is smooth and instant torque makes overtaking effortless.,Performance & Ride Quality,acceleration smooth instant torque make overtaking effortless,Acceleration is smooth and instant torque makes overtaking effortless.,4,0.935713353,"Topic 4: software, month, year, battery, keep",7,0.070715509,"Topic 7: riding, low, smooth, level, impressively",23,1.0,"Topic 23: 30 range, badly, badly winter, cold weather, drops badly, cold"
EV1035,Marketplace Review,EV Car,BYD Atto 3,Central,6/27/2025,3,"Battery performance is stable even after two years of heavy usage. Range drops badly in winter, I lost almost 30% range in cold weather.","Battery Life & Degradation, Range Anxiety",battery performance stable two year heavy usage range drop badly winter lost almost range cold weather,"Battery performance is stable even after two years of heavy usage. Range drops badly in winter, I lost almost 30% range in cold weather.",8,0.548743197,"Topic 8: range, drop, defeat purpose, energy, energy used",7,0.050595456,"Topic 7: riding, low, smooth, level, impressively",23,0.08825772129472723,"Topic 23: 30 range, badly, badly winter, cold weather, drops badly, cold"
EV1036,Survey,EV Car,Tata Nexon EV,South,2/17/2025,3,"Finding a working charging station in my city is still very difficult. Running cost is much lower than petrol, saving a lot on fuel every month.","Charging Infrastructure, Price & Subsidy",finding working charging station city difficult running cost lower petrol saving lot fuel every month,"Finding a working charging station in my city is still very difficult. Running cost is much lower than petrol, saving a lot on fuel every month.",4,0.547708621,"Topic 4: software, month, year, battery, keep",9,0.053175032,"Topic 9: dashboard, caused dashboard, caused, dashboard freeze, freeze twice",0,1.0,"Topic 0: collision, systems, braking collision, collision alert, systems work, really traffic"
EV1037,Customer Support,EV Scooter,Hero Vida V1,East,7/28/2024,4,"Braking system feels sharp and responsive, regenerative braking works well. Insurance premium for EV is surprisingly high compared to petrol vehicles.","Performance & Ride Quality, Price & Subsidy",braking system feel sharp responsive regenerative braking work well insurance premium surprisingly high compared petrol,"Braking system feels sharp and responsive, regenerative braking works well. Insurance premium for EV is surprisingly high compared to petrol vehicles.",7,0.585927245,"Topic 7: braking, work, system, work well, well",2,0.288497497,"Topic 2: braking, system, work well, work, well",24,1.0,"Topic 24: braking, braking feels, braking works, responsive, regenerative braking, responsive regenerative"
EV1038,Customer Support,EV Car,Tesla Model 3,West,11/19/2024,5,"Charging infrastructure in tier 2 and tier 3 cities is almost non-existent. Range drops badly in winter, I lost almost 30% range in cold weather.","Charging Infrastructure, Range Anxiety",charging infrastructure tier tier city almost non existent range drop badly winter lost almost range cold weather,"Charging infrastructure in tier 2 and tier 3 cities is almost non-existent. Range drops badly in winter, I lost almost 30% range in cold weather.",8,0.523022533,"Topic 8: range, drop, defeat purpose, energy, energy used",7,0.045795541,"Topic 7: riding, low, smooth, level, impressively",16,1.0,"Topic 16: tier, surprisingly, surprisingly high, compared petrol, insurance premium, insurance"
EV1039,Social Media,EV Car,BYD Atto 3,Central,9/28/2024,4,The battery warranty of 100 years gives me confidence in long term reliability.,Battery Life & Degradation,battery warranty year give confidence long term reliability,The battery warranty of 100 years gives me confidence in long term reliability.,4,0.943748007,"Topic 4: software, month, year, battery, keep",8,0.048653052,"Topic 8: service, service center, center, appointment long, center needed",4,1.0,"Topic 4: big motivation, big, motivation going, motivation, contributing, going"
EV1040,Customer Support,EV Car,Hyundai Kona,South,3/24/2025,4,Stability control on wet roads is impressive and inspires confidence.,Safety Features,stability control wet road impressive inspires confidence,Stability control on wet roads is impressive and inspires confidence.,0,0.935713446,"Topic 0: cost, battery, replacement cost, replacement, city",7,0.259998231,"Topic 7: riding, low, smooth, level, impressively",3,1.0,"Topic 3: low, stability control, control wet, impressive, impressive inspires, wet"
EV1041,Survey,EV Scooter,Ampere Magnus,Central,11/2/2024,4,Home charging setup was expensive and took weeks to install.,Charging Infrastructure,home charging setup expensive took week install,Home charging setup was expensive and took weeks to install.,5,0.935713411,"Topic 5: battery, center, service center, service, safety",5,0.034397189,"Topic 5: battery disposal, disposal recycling, concerned, environmental impact, environmental",11,1.0,"Topic 11: home, bluetooth, riding frustrating, connectivity, bluetooth connectivity, drops frequently"
EV1042,Survey,EV Scooter,Ola S1,Central,6/8/2024,3,"After sales support has been excellent, quick response and doorstep service.",Service & After-Sales,sale support excellent quick response doorstep service,"After sales support has been excellent, quick response and doorstep service.",2,0.935713634,"Topic 2: feel, quality, range, support, quality feel",8,0.11298738,"Topic 8: service, service center, center, appointment long, center needed",21,1.0,"Topic 21: cost warranty, battery degradation, warranty ends, ends, degradation replacement, worried battery"
EV1043,Customer Support,EV Car,Tesla Model 3,South,9/27/2024,5,Emergency braking and collision alert systems work really well in traffic.,Safety Features,emergency braking collision alert system work well traffic,Emergency braking and collision alert systems work really well in traffic.,7,0.943749731,"Topic 7: braking, work, system, work well, well",2,0.319097782,"Topic 2: braking, system, work well, work, well",0,0.015254685014420316,"Topic 0: collision, systems, braking collision, collision alert, systems work, really traffic"
EV1044,Survey,EV Scooter,Ola S1,West,10/10/2024,3,"I'm always worried about running out of charge before reaching my destination. Concerned about environmental impact of battery disposal and recycling. Suspension is too stiff, ride quality is uncomfortable on bad roads.","Range Anxiety, Environmental Impact, Performance & Ride Quality",always worried running charge reaching destination concerned environmental impact battery disposal recycling suspension stiff ride quality uncomfortable road,"I'm always worried about running out of charge before reaching my destination. Concerned about environmental impact of battery disposal and recycling. Suspension is too stiff, ride quality is uncomfortable on bad roads.",0,0.351431878,"Topic 0: cost, battery, replacement cost, replacement, city",5,0.229865708,"Topic 5: battery disposal, disposal recycling, concerned, environmental impact, environmental",12,0.0414493487233424,"Topic 12: battery disposal, environmental, disposal, disposal recycling, concerned, concerned environmental"
EV1045,Marketplace Review,EV Scooter,Ampere Magnus,Central,1/10/2024,3,"Home charging setup was expensive and took weeks to install. Energy used to charge still comes mostly from coal in my region, defeats the purpose somewhat.","Charging Infrastructure, Environmental Impact",home charging setup expensive took week install energy used charge come mostly coal region defeat purpose somewhat,"Home charging setup was expensive and took weeks to install. Energy used to charge still comes mostly from coal in my region, defeats the purpose somewhat.",8,0.584844756,"Topic 8: range, drop, defeat purpose, energy, energy used",1,0.334721166,"Topic 1: charge come, defeat purpose, defeat, come mostly, come",6,1.0,"Topic 6: coal, defeats purpose, defeats, coal region, comes coal, comes"
EV1046,Social Media,EV Car,Hyundai Kona,West,5/10/2024,4,"Range anxiety is real, I plan every trip around charging stops now.",Range Anxiety,range anxiety real plan every trip around charging stop,"Range anxiety is real, I plan every trip around charging stops now.",2,0.949997191,"Topic 2: feel, quality, range, support, quality feel",9,0.026957355,"Topic 9: dashboard, caused dashboard, caused, dashboard freeze, freeze twice",15,0.0006139871922681649,"Topic 15: highway, discount, ev subsidy, delayed discount, subsidy scheme, state got"
EV1047,Customer Support,EV Scooter,Ola S1,South,9/12/2024,4,"Love the app that shows nearby charging stations, very convenient feature.",Charging Infrastructure,love app show nearby charging station convenient feature,"Love the app that shows nearby charging stations, very convenient feature.",6,0.943748039,"Topic 6: charging, battery, almost, tier, use",6,0.138731495,"Topic 6: app, keep, update, software update, need",8,0.01113657970728447,"Topic 8: vehicle good, test ratings, test, purchase decision, ratings, ratings reassured"
EV1048,Social Media,EV Scooter,Ampere Magnus,South,6/15/2024,5,"Battery health dropped to 85% within 18 months of daily use. Build materials feel sturdy but the design is a bit too plain compared to rivals. AC usage kills the range, on hot days I barely get half the claimed distance.","Battery Life & Degradation, Design & Aesthetics, Range Anxiety",battery health dropped within month daily use build material feel sturdy design bit plain compared rival usage kill range hot day barely half claimed distance,"Battery health dropped to 85% within 18 months of daily use. Build materials feel sturdy but the design is a bit too plain compared to rivals. AC usage kills the range, on hot days I barely get half the claimed distance.",6,0.628914733,"Topic 6: charging, battery, almost, tier, use",4,0.179782714,"Topic 4: use, daily use, daily, dropped, within month",13,0.9471895810565474,"Topic 13: 18, 18 months, 85, 85 18, health dropped, months daily"
EV1049,Social Media,EV Scooter,Hero Vida V1,East,6/12/2024,5,"Finding a working charging station in my city is still very difficult. LED lighting and digital dashboard give it a premium, modern look.","Charging Infrastructure, Design & Aesthetics",finding working charging station city difficult led lighting digital dashboard give premium modern look,"Finding a working charging station in my city is still very difficult. LED lighting and digital dashboard give it a premium, modern look.",0,0.96666594,"Topic 0: cost, battery, replacement cost, replacement, city",9,0.126251548,"Topic 9: dashboard, caused dashboard, caused, dashboard freeze, freeze twice",0,1.0,"Topic 0: collision, systems, braking collision, collision alert, systems work, really traffic"
EV1050,Social Media,EV Scooter,Ather 450X,West,12/24/2024,5,"There are very few authorized service centers, had to travel 80 km for repair. Price after subsidy is still higher than a comparable petrol scooter.","Service & After-Sales, Price & Subsidy",authorized service center travel repair price subsidy higher comparable petrol scooter,"There are very few authorized service centers, had to travel 80 km for repair. Price after subsidy is still higher than a comparable petrol scooter.",9,0.587122219,"Topic 9: price, subsidy, service, battery disposal, concerned environmental",8,0.175126218,"Topic 8: service, service center, center, appointment long, center needed",6,0.005800634754560807,"Topic 6: coal, defeats purpose, defeats, coal region, comes coal, comes"
EV1051,Customer Support,EV Scooter,TVS iQube,North,10/12/2024,4,"Noise levels are impressively low, riding experience is very smooth and quiet. Stability control on wet roads is impressive and inspires confidence.","Performance & Ride Quality, Safety Features",noise level impressively low riding experience smooth quiet stability control wet road impressive inspires confidence,"Noise levels are impressively low, riding experience is very smooth and quiet. Stability control on wet roads is impressive and inspires confidence.",9,0.504095495,"Topic 9: price, subsidy, service, battery disposal, concerned environmental",7,0.431734844,"Topic 7: riding, low, smooth, level, impressively",3,0.19806197972764675,"Topic 3: low, stability control, control wet, impressive, impressive inspires, wet"
EV1052,Survey,EV Scooter,Ola S1,East,7/1/2024,4,Concerned about environmental impact of battery disposal and recycling.,Environmental Impact,concerned environmental impact battery disposal recycling,Concerned about environmental impact of battery disposal and recycling.,9,0.924998615,"Topic 9: price, subsidy, service, battery disposal, concerned environmental",5,0.435865403,"Topic 5: battery disposal, disposal recycling, concerned, environmental impact, environmental",12,1.0,"Topic 12: battery disposal, environmental, disposal, disposal recycling, concerned, concerned environmental"
EV1053,Marketplace Review,EV Car,Tata Nexon EV,East,11/17/2024,4,Compact size makes it easy to park and maneuver in city traffic.,Design & Aesthetics,compact size make easy park maneuver city traffic,Compact size makes it easy to park and maneuver in city traffic.,1,0.943749361,"Topic 1: range, system, genuinely, useful, genuinely useful",0,0.030857381,"Topic 0: cost, replacement cost, replacement, price, battery",2,0.09151193190113724,"Topic 2: makes, high, size makes, park, easy, maneuver"
EV1054,Social Media,EV Car,Mahindra XUV400,East,2/15/2024,3,"Compact size makes it easy to park and maneuver in city traffic. Claimed range of 250 km is misleading, actual range is way less in city traffic.","Design & Aesthetics, Range Anxiety",compact size make easy park maneuver city traffic claimed range misleading actual range way less city traffic,"Compact size makes it easy to park and maneuver in city traffic. Claimed range of 250 km is misleading, actual range is way less in city traffic.",1,0.55200194,"Topic 1: range, system, genuinely, useful, genuinely useful",2,0.031181559,"Topic 2: braking, system, work well, work, well",2,0.08959250173704904,"Topic 2: makes, high, size makes, park, easy, maneuver"
EV1055,Customer Support,EV Scooter,Ola S1,Central,11/17/2024,4,"Charging takes too long, almost 6 hours for a full charge at home.",Charging Infrastructure,charging take long almost hour full charge home,"Charging takes too long, almost 6 hours for a full charge at home.",6,0.94374764,"Topic 6: charging, battery, almost, tier, use",1,0.04253604,"Topic 1: charge come, defeat purpose, defeat, come mostly, come",11,0.010413899101479138,"Topic 11: home, bluetooth, riding frustrating, connectivity, bluetooth connectivity, drops frequently"
EV1056,Marketplace Review,EV Scooter,Hero Vida V1,East,2/16/2025,4,Customer support over phone is helpful and resolves issues quickly.,Service & After-Sales,customer support phone helpful resolve issue quickly,Customer support over phone is helpful and resolves issues quickly.,2,0.935713818,"Topic 2: feel, quality, range, support, quality feel",7,0.029696184,"Topic 7: riding, low, smooth, level, impressively",0,1.0,"Topic 0: collision, systems, braking collision, collision alert, systems work, really traffic"
EV1057,Marketplace Review,EV Car,MG ZS EV,West,6/27/2024,4,"Energy used to charge still comes mostly from coal in my region, defeats the purpose somewhat.",Environmental Impact,energy used charge come mostly coal region defeat purpose somewhat,"Energy used to charge still comes mostly from coal in my region, defeats the purpose somewhat.",8,0.954999819,"Topic 8: range, drop, defeat purpose, energy, energy used",1,0.428435062,"Topic 1: charge come, defeat purpose, defeat, come mostly, come",6,1.0,"Topic 6: coal, defeats purpose, defeats, coal region, comes coal, comes"
EV1058,Survey,EV Scooter,Bajaj Chetak,East,10/20/2024,3,Insurance premium for EV is surprisingly high compared to petrol vehicles.,Price & Subsidy,insurance premium surprisingly high compared petrol,Insurance premium for EV is surprisingly high compared to petrol vehicles.,8,0.924997791,"Topic 8: range, drop, defeat purpose, energy, energy used",7,0.026150544,"Topic 7: riding, low, smooth, level, impressively",16,1.0,"Topic 16: tier, surprisingly, surprisingly high, compared petrol, insurance premium, insurance"
EV1059,Marketplace Review,EV Scooter,Bajaj Chetak,West,8/6/2024,5,"Stability control on wet roads is impressive and inspires confidence. The companion app keeps crashing, needs urgent software updates. The battery warranty of 20 years gives me confidence in long term reliability.","Safety Features, Software & Connectivity, Battery Life & Degradation",stability control wet road impressive inspires confidence companion app keep crashing need urgent software update battery warranty year give confidence long term reliability,"Stability control on wet roads is impressive and inspires confidence. The companion app keeps crashing, needs urgent software updates. The battery warranty of 20 years gives me confidence in long term reliability.",4,0.656413379,"Topic 4: software, month, year, battery, keep",6,0.236659012,"Topic 6: app, keep, update, software update, need",17,0.8695288450621866,"Topic 17: app keeps, crashing, crashing needs, companion app, companion, urgent software"
EV1060,Social Media,EV Scooter,Ola S1,East,8/18/2024,4,The upfront price is high but government subsidy makes it affordable. Battery health dropped to 85% within 18 months of daily use. Battery range degrades faster than expected after just one year of use.,"Price & Subsidy, Battery Life & Degradation, Range Anxiety",upfront price high government subsidy make affordable battery health dropped within month daily use battery range degrades faster expected year use,The upfront price is high but government subsidy makes it affordable. Battery health dropped to 85% within 18 months of daily use. Battery range degrades faster than expected after just one year of use.,6,0.330485816,"Topic 6: charging, battery, almost, tier, use",4,0.24456312,"Topic 4: use, daily use, daily, dropped, within month",13,1.0,"Topic 13: 18, 18 months, 85, 85 18, health dropped, months daily"
EV1061,Marketplace Review,EV Car,Mahindra XUV400,Central,7/18/2024,3,"Storage space under the seat is very limited, not practical for daily use.",Design & Aesthetics,storage space seat limited practical daily use,"Storage space under the seat is very limited, not practical for daily use.",3,0.93571352,"Topic 3: safety, use, highway, part, feature",4,0.148974955,"Topic 4: use, daily use, daily, dropped, within month",5,1.0,"Topic 5: air software, improving, great feature, keeps improving, updates great, improving time"
EV1062,Social Media,EV Scooter,Ather 450X,North,4/19/2024,4,"Interior quality feels cheap for the price point, needs improvement.",Design & Aesthetics,interior quality feel cheap price point need improvement,"Interior quality feels cheap for the price point, needs improvement.",2,0.943749083,"Topic 2: feel, quality, range, support, quality feel",6,0.051361379,"Topic 6: app, keep, update, software update, need",18,1.0,"Topic 18: infotainment, infotainment lags, touchscreen, touchscreen infotainment, lags intuitive, lags"
EV1063,Marketplace Review,EV Car,Tesla Model 3,North,9/12/2024,4,Charging infrastructure in tier 2 and tier 3 cities is almost non-existent.,Charging Infrastructure,charging infrastructure tier tier city almost non existent,Charging infrastructure in tier 2 and tier 3 cities is almost non-existent.,6,0.943748493,"Topic 6: charging, battery, almost, tier, use",0,0.022957622,"Topic 0: cost, replacement cost, replacement, price, battery",16,1.0,"Topic 16: tier, surprisingly, surprisingly high, compared petrol, insurance premium, insurance"
EV1064,Customer Support,EV Car,Mahindra XUV400,West,5/31/2025,4,"LED lighting and digital dashboard give it a premium, modern look.",Design & Aesthetics,led lighting digital dashboard give premium modern look,"LED lighting and digital dashboard give it a premium, modern look.",0,0.943748755,"Topic 0: cost, battery, replacement cost, replacement, city",9,0.145980317,"Topic 9: dashboard, caused dashboard, caused, dashboard freeze, freeze twice",20,0.04841093981619801,"Topic 20: dashboard, caused, freeze twice, glitches, freeze, glitches caused"
EV1065,Marketplace Review,EV Scooter,Ather 450X,West,9/22/2024,3,EV subsidy scheme in my state got delayed and the discount amount reduced suddenly.,Price & Subsidy,subsidy scheme state got delayed discount amount reduced suddenly,EV subsidy scheme in my state got delayed and the discount amount reduced suddenly.,4,0.949999791,"Topic 4: software, month, year, battery, keep",8,0.01521382,"Topic 8: service, service center, center, appointment long, center needed",15,1.0,"Topic 15: highway, discount, ev subsidy, delayed discount, subsidy scheme, state got"
EV1066,Social Media,EV Scooter,Hero Vida V1,East,3/26/2025,4,"Charging takes too long, almost 6 hours for a full charge at home.",Charging Infrastructure,charging take long almost hour full charge home,"Charging takes too long, almost 6 hours for a full charge at home.",6,0.94374764,"Topic 6: charging, battery, almost, tier, use",1,0.04253604,"Topic 1: charge come, defeat purpose, defeat, come mostly, come",11,0.01035911508725247,"Topic 11: home, bluetooth, riding frustrating, connectivity, bluetooth connectivity, drops frequently"
EV1067,Customer Support,EV Car,Hyundai Kona,East,3/23/2024,4,Battery health dropped to 85% within 18 months of daily use.,Battery Life & Degradation,battery health dropped within month daily use,Battery health dropped to 85% within 18 months of daily use.,6,0.935712492,"Topic 6: charging, battery, almost, tier, use",4,0.39372037,"Topic 4: use, daily use, daily, dropped, within month",13,1.0,"Topic 13: 18, 18 months, 85, 85 18, health dropped, months daily"
EV1068,Social Media,EV Car,Mahindra XUV400,South,3/6/2024,4,"Loved the color options and the overall styling of the vehicle. Energy used to charge still comes mostly from coal in my region, defeats the purpose somewhat.","Design & Aesthetics, Environmental Impact",loved color option overall styling energy used charge come mostly coal region defeat purpose somewhat,"Loved the color options and the overall styling of the vehicle. Energy used to charge still comes mostly from coal in my region, defeats the purpose somewhat.",8,0.652148128,"Topic 8: range, drop, defeat purpose, energy, energy used",1,0.346279758,"Topic 1: charge come, defeat purpose, defeat, come mostly, come",6,0.03322679428343825,"Topic 6: coal, defeats purpose, defeats, coal region, comes coal, comes"
EV1069,Survey,EV Scooter,Bajaj Chetak,South,3/6/2025,5,"LED lighting and digital dashboard give it a premium, modern look. For daily commute the range is fine but long trips are stressful because of low range.","Design & Aesthetics, Range Anxiety",led lighting digital dashboard give premium modern look daily commute range fine long trip stressful low range,"LED lighting and digital dashboard give it a premium, modern look. For daily commute the range is fine but long trips are stressful because of low range.",0,0.972726309,"Topic 0: cost, battery, replacement cost, replacement, city",9,0.097918915,"Topic 9: dashboard, caused dashboard, caused, dashboard freeze, freeze twice",1,0.0490538493762132,"Topic 1: range, transparent, proper, time company, proper information, battery degrades"
EV1070,Customer Support,EV Scooter,Ola S1,East,2/3/2025,5,Compact size makes it easy to park and maneuver in city traffic.,Design & Aesthetics,compact size make easy park maneuver city traffic,Compact size makes it easy to park and maneuver in city traffic.,1,0.943749361,"Topic 1: range, system, genuinely, useful, genuinely useful",0,0.030857381,"Topic 0: cost, replacement cost, replacement, price, battery",2,0.09136192607106415,"Topic 2: makes, high, size makes, park, easy, maneuver"
EV1071,Social Media,EV Car,Mahindra XUV400,East,3/22/2025,5,"The companion app keeps crashing, needs urgent software updates.",Software & Connectivity,companion app keep crashing need urgent software update,"The companion app keeps crashing, needs urgent software updates.",4,0.943749217,"Topic 4: software, month, year, battery, keep",6,0.391311163,"Topic 6: app, keep, update, software update, need",17,1.0,"Topic 17: app keeps, crashing, crashing needs, companion app, companion, urgent software"
EV1072,Marketplace Review,EV Scooter,TVS iQube,South,4/23/2025,4,Battery performance is stable even after two years of heavy usage.,Battery Life & Degradation,battery performance stable two year heavy usage,Battery performance is stable even after two years of heavy usage.,6,0.935713193,"Topic 6: charging, battery, almost, tier, use",8,0.052289309,"Topic 8: service, service center, center, appointment long, center needed",9,0.08866316458256952,"Topic 9: lot, better, expected, attracts lot, attracts, looks futuristic"
EV1073,Survey,EV Car,Mahindra XUV400,North,3/14/2025,4,"Battery replacement cost is almost half the price of the vehicle, very concerning.",Battery Life & Degradation,battery replacement cost almost half price concerning,"Battery replacement cost is almost half the price of the vehicle, very concerning.",0,0.935712194,"Topic 0: cost, battery, replacement cost, replacement, city",0,0.109297637,"Topic 0: cost, replacement cost, replacement, price, battery",10,1.0,"Topic 10: battery replacement, cost half, half price, concerning, price vehicle, vehicle concerning"
EV1074,Customer Support,EV Car,Tata Nexon EV,West,12/1/2024,5,"For the price, I expected better build quality and more features.",Price & Subsidy,price expected better build quality feature,"For the price, I expected better build quality and more features.",2,0.924997459,"Topic 2: feel, quality, range, support, quality feel",8,0.039046387,"Topic 8: service, service center, center, appointment long, center needed",9,0.42214736581409273,"Topic 9: lot, better, expected, attracts lot, attracts, looks futuristic"
EV1075,Marketplace Review,EV Scooter,TVS iQube,East,3/7/2025,5,"Had a great experience with the service team, they explained everything clearly.",Service & After-Sales,great experience service team explained everything clearly,"Had a great experience with the service team, they explained everything clearly.",4,0.935712448,"Topic 4: software, month, year, battery, keep",8,0.103109565,"Topic 8: service, service center, center, appointment long, center needed",8,1.0,"Topic 8: vehicle good, test ratings, test, purchase decision, ratings, ratings reassured"
EV1076,Survey,EV Car,Mahindra XUV400,Central,2/23/2024,5,The motor is powerful and pickup is much better than petrol variants.,Performance & Ride Quality,motor powerful pickup better petrol variant,The motor is powerful and pickup is much better than petrol variants.,3,0.92499857,"Topic 3: safety, use, highway, part, feature",5,0.012919841,"Topic 5: battery disposal, disposal recycling, concerned, environmental impact, environmental",9,1.0,"Topic 9: lot, better, expected, attracts lot, attracts, looks futuristic"
EV1077,Survey,EV Car,Tesla Model 3,North,9/10/2024,3,The upfront price is high but government subsidy makes it affordable.,Price & Subsidy,upfront price high government subsidy make affordable,The upfront price is high but government subsidy makes it affordable.,9,0.935713,"Topic 9: price, subsidy, service, battery disposal, concerned environmental",0,0.054278679,"Topic 0: cost, replacement cost, replacement, price, battery",2,0.0016632324938517116,"Topic 2: makes, high, size makes, park, easy, maneuver"
EV1078,Social Media,EV Car,MG ZS EV,West,4/27/2024,4,Contributing to a cleaner city is a big motivation behind going electric. EV subsidy scheme in my state got delayed and the discount amount reduced suddenly.,"Environmental Impact, Price & Subsidy",contributing cleaner city big motivation behind going subsidy scheme state got delayed discount amount reduced suddenly,Contributing to a cleaner city is a big motivation behind going electric. EV subsidy scheme in my state got delayed and the discount amount reduced suddenly.,4,0.551613042,"Topic 4: software, month, year, battery, keep",0,0.023597629,"Topic 0: cost, replacement cost, replacement, price, battery",4,0.21212316245950727,"Topic 4: big motivation, big, motivation going, motivation, contributing, going"
EV1079,Survey,EV Scooter,Ather 450X,South,11/14/2024,4,Finding a working charging station in my city is still very difficult.,Charging Infrastructure,finding working charging station city difficult,Finding a working charging station in my city is still very difficult.,0,0.924998264,"Topic 0: cost, battery, replacement cost, replacement, city",6,0.061226602,"Topic 6: app, keep, update, software update, need",0,1.0,"Topic 0: collision, systems, braking collision, collision alert, systems work, really traffic"
EV1080,Marketplace Review,EV Scooter,Ampere Magnus,West,7/22/2024,4,Fast charging network needs serious expansion on highways.,Charging Infrastructure,fast charging network need serious expansion highway,Fast charging network needs serious expansion on highways.,3,0.935712804,"Topic 3: safety, use, highway, part, feature",6,0.075128743,"Topic 6: app, keep, update, software update, need",2,1.0,"Topic 2: makes, high, size makes, park, easy, maneuver"
EV1081,Customer Support,EV Car,Tesla Model 3,Central,5/3/2024,5,Concerned about environmental impact of battery disposal and recycling. For daily commute the range is fine but long trips are stressful because of low range.,"Environmental Impact, Range Anxiety",concerned environmental impact battery disposal recycling daily commute range fine long trip stressful low range,Concerned about environmental impact of battery disposal and recycling. For daily commute the range is fine but long trips are stressful because of low range.,0,0.5786046,"Topic 0: cost, battery, replacement cost, replacement, city",5,0.260466815,"Topic 5: battery disposal, disposal recycling, concerned, environmental impact, environmental",1,1.0,"Topic 1: range, transparent, proper, time company, proper information, battery degrades"
EV1082,Customer Support,EV Scooter,Ola S1,North,3/6/2025,4,"Bluetooth connectivity drops frequently while riding, very frustrating. Love the app that shows nearby charging stations, very convenient feature.","Software & Connectivity, Charging Infrastructure",bluetooth connectivity drop frequently riding frustrating love app show nearby charging station convenient feature,"Bluetooth connectivity drops frequently while riding, very frustrating. Love the app that shows nearby charging stations, very convenient feature.",6,0.549989451,"Topic 6: charging, battery, almost, tier, use",6,0.100847034,"Topic 6: app, keep, update, software update, need",11,1.0,"Topic 11: home, bluetooth, riding frustrating, connectivity, bluetooth connectivity, drops frequently"
EV1083,Social Media,EV Scooter,Hero Vida V1,West,6/29/2024,5,Stability control on wet roads is impressive and inspires confidence.,Safety Features,stability control wet road impressive inspires confidence,Stability control on wet roads is impressive and inspires confidence.,0,0.935713446,"Topic 0: cost, battery, replacement cost, replacement, city",7,0.259998231,"Topic 7: riding, low, smooth, level, impressively",3,1.0,"Topic 3: low, stability control, control wet, impressive, impressive inspires, wet"
EV1084,Marketplace Review,EV Scooter,Ampere Magnus,West,3/22/2025,3,Concerned about environmental impact of battery disposal and recycling.,Environmental Impact,concerned environmental impact battery disposal recycling,Concerned about environmental impact of battery disposal and recycling.,9,0.924998615,"Topic 9: price, subsidy, service, battery disposal, concerned environmental",5,0.435865403,"Topic 5: battery disposal, disposal recycling, concerned, environmental impact, environmental",12,1.0,"Topic 12: battery disposal, environmental, disposal, disposal recycling, concerned, concerned environmental"
EV1085,Survey,EV Scooter,Ather 450X,East,4/6/2025,5,"For the price, I expected better build quality and more features.",Price & Subsidy,price expected better build quality feature,"For the price, I expected better build quality and more features.",2,0.924997459,"Topic 2: feel, quality, range, support, quality feel",8,0.039046387,"Topic 8: service, service center, center, appointment long, center needed",9,0.422175262582773,"Topic 9: lot, better, expected, attracts lot, attracts, looks futuristic"
EV1086,Survey,EV Scooter,TVS iQube,West,11/28/2024,5,Battery health dropped to 85% within 18 months of daily use. Touchscreen infotainment system lags and is not very intuitive to use.,"Battery Life & Degradation, Software & Connectivity",battery health dropped within month daily use touchscreen infotainment system lag intuitive use,Battery health dropped to 85% within 18 months of daily use. Touchscreen infotainment system lags and is not very intuitive to use.,6,0.533583564,"Topic 6: charging, battery, almost, tier, use",4,0.309304485,"Topic 4: use, daily use, daily, dropped, within month",13,1.0,"Topic 13: 18, 18 months, 85, 85 18, health dropped, months daily"
EV1087,Customer Support,EV Scooter,TVS iQube,Central,10/9/2024,5,Advanced safety features like ABS and traction control give peace of mind.,Safety Features,advanced safety feature ab traction control give peace mind,Advanced safety features like ABS and traction control give peace of mind.,3,0.949999585,"Topic 3: safety, use, highway, part, feature",3,0.403444493,"Topic 3: ab, ab traction, control give, traction, traction control",10,0.001496546840446987,"Topic 10: battery replacement, cost half, half price, concerning, price vehicle, vehicle concerning"
EV1088,Social Media,EV Car,Tata Nexon EV,West,5/15/2025,4,"Read reports about battery fires, safety is my biggest concern before buying.",Safety Features,read report battery fire safety biggest concern buying,"Read reports about battery fires, safety is my biggest concern before buying.",5,0.943749511,"Topic 5: battery, center, service center, service, safety",4,0.062244543,"Topic 4: use, daily use, daily, dropped, within month",12,0.019765757734697475,"Topic 12: battery disposal, environmental, disposal, disposal recycling, concerned, concerned environmental"
EV1089,Marketplace Review,EV Scooter,Hero Vida V1,West,1/18/2024,5,"Charging takes too long, almost 6 hours for a full charge at home.",Charging Infrastructure,charging take long almost hour full charge home,"Charging takes too long, almost 6 hours for a full charge at home.",6,0.94374764,"Topic 6: charging, battery, almost, tier, use",1,0.04253604,"Topic 1: charge come, defeat purpose, defeat, come mostly, come",11,0.010384637095375722,"Topic 11: home, bluetooth, riding frustrating, connectivity, bluetooth connectivity, drops frequently"
EV1090,Social Media,EV Car,Mahindra XUV400,East,1/12/2025,4,Navigation system integrated with range prediction is genuinely useful.,Software & Connectivity,navigation system integrated range prediction genuinely useful,Navigation system integrated with range prediction is genuinely useful.,1,0.935713504,"Topic 1: range, system, genuinely, useful, genuinely useful",7,0.077765455,"Topic 7: riding, low, smooth, level, impressively",8,0.029241624236100317,"Topic 8: vehicle good, test ratings, test, purchase decision, ratings, ratings reassured"
EV1091,Customer Support,EV Scooter,Bajaj Chetak,East,4/9/2025,3,"After sales support has been excellent, quick response and doorstep service. Zero tailpipe emissions is the main reason I chose an electric vehicle.","Service & After-Sales, Environmental Impact",sale support excellent quick response doorstep service zero tailpipe emission main reason chose,"After sales support has been excellent, quick response and doorstep service. Zero tailpipe emissions is the main reason I chose an electric vehicle.",2,0.523999895,"Topic 2: feel, quality, range, support, quality feel",7,0.119742359,"Topic 7: riding, low, smooth, level, impressively",19,1.0,"Topic 19: chose, chose electric, emissions, emissions main, reason, reason chose"
EV1092,Social Media,EV Car,Tesla Model 3,East,5/2/2024,5,"Read reports about battery fires, safety is my biggest concern before buying. Battery health dropped to 85% within 18 months of daily use.","Safety Features, Battery Life & Degradation",read report battery fire safety biggest concern buying battery health dropped within month daily use,"Read reports about battery fires, safety is my biggest concern before buying. Battery health dropped to 85% within 18 months of daily use.",5,0.530497752,"Topic 5: battery, center, service center, service, safety",4,0.292233785,"Topic 4: use, daily use, daily, dropped, within month",12,0.019794178877250525,"Topic 12: battery disposal, environmental, disposal, disposal recycling, concerned, concerned environmental"
EV1093,Customer Support,EV Scooter,TVS iQube,North,7/17/2024,4,"There are very few authorized service centers, had to travel 250 km for repair.",Service & After-Sales,authorized service center travel repair,"There are very few authorized service centers, had to travel 250 km for repair.",5,0.909999018,"Topic 5: battery, center, service center, service, safety",8,0.271343284,"Topic 8: service, service center, center, appointment long, center needed",10,0.003667629581579393,"Topic 10: battery replacement, cost half, half price, concerning, price vehicle, vehicle concerning"
EV1094,Survey,EV Car,Hyundai Kona,Central,5/9/2024,4,Service center staff are not well trained to handle EV specific issues.,Service & After-Sales,service center staff well trained handle specific issue,Service center staff are not well trained to handle EV specific issues.,5,0.943748934,"Topic 5: battery, center, service center, service, safety",8,0.29569031,"Topic 8: service, service center, center, appointment long, center needed",7,1.0,"Topic 7: ev, good knowing, knowing, feels good, carbon footprint, knowing reducing"
EV1095,Customer Support,EV Car,BYD Atto 3,South,5/17/2025,5,"Charging takes too long, almost 6 hours for a full charge at home. Battery range degrades faster than expected after just one year of use.","Charging Infrastructure, Range Anxiety",charging take long almost hour full charge home battery range degrades faster expected year use,"Charging takes too long, almost 6 hours for a full charge at home. Battery range degrades faster than expected after just one year of use.",6,0.574080719,"Topic 6: charging, battery, almost, tier, use",4,0.045391693,"Topic 4: use, daily use, daily, dropped, within month",9,0.010402545201578389,"Topic 9: lot, better, expected, attracts lot, attracts, looks futuristic"
EV1096,Customer Support,EV Scooter,Bajaj Chetak,South,2/22/2024,3,"Service center staff are not well trained to handle EV specific issues. Smart key and app based lock features work flawlessly, very convenient.","Service & After-Sales, Software & Connectivity",service center staff well trained handle specific issue smart key app based lock feature work flawlessly convenient,"Service center staff are not well trained to handle EV specific issues. Smart key and app based lock features work flawlessly, very convenient.",9,0.551188001,"Topic 9: price, subsidy, service, battery disposal, concerned environmental",8,0.198157874,"Topic 8: service, service center, center, appointment long, center needed",7,1.0,"Topic 7: ev, good knowing, knowing, feels good, carbon footprint, knowing reducing"
EV1097,Marketplace Review,EV Car,Mahindra XUV400,North,2/24/2024,4,Battery health dropped to 85% within 18 months of daily use.,Battery Life & Degradation,battery health dropped within month daily use,Battery health dropped to 85% within 18 months of daily use.,6,0.935712492,"Topic 6: charging, battery, almost, tier, use",4,0.39372037,"Topic 4: use, daily use, daily, dropped, within month",13,1.0,"Topic 13: 18, 18 months, 85, 85 18, health dropped, months daily"
EV1098,Social Media,EV Scooter,Ola S1,North,3/2/2025,5,"Energy used to charge still comes mostly from coal in my region, defeats the purpose somewhat.",Environmental Impact,energy used charge come mostly coal region defeat purpose somewhat,"Energy used to charge still comes mostly from coal in my region, defeats the purpose somewhat.",8,0.954999819,"Topic 8: range, drop, defeat purpose, energy, energy used",1,0.428435062,"Topic 1: charge come, defeat purpose, defeat, come mostly, come",6,1.0,"Topic 6: coal, defeats purpose, defeats, coal region, comes coal, comes"
EV1099,Marketplace Review,EV Car,BYD Atto 3,West,3/29/2025,4,"After sales support has been excellent, quick response and doorstep service. Compact size makes it easy to park and maneuver in city traffic.","Service & After-Sales, Design & Aesthetics",sale support excellent quick response doorstep service compact size make easy park maneuver city traffic,"After sales support has been excellent, quick response and doorstep service. Compact size makes it easy to park and maneuver in city traffic.",1,0.493453285,"Topic 1: range, system, genuinely, useful, genuinely useful",8,0.07380566,"Topic 8: service, service center, center, appointment long, center needed",2,0.09126259658644678,"Topic 2: makes, high, size makes, park, easy, maneuver"
EV1100,Survey,EV Car,BYD Atto 3,South,8/4/2024,5,"There are very few authorized service centers, had to travel 150 km for repair. Home charging setup was expensive and took weeks to install.","Service & After-Sales, Charging Infrastructure",authorized service center travel repair home charging setup expensive took week install,"There are very few authorized service centers, had to travel 150 km for repair. Home charging setup was expensive and took weeks to install.",5,0.960869091,"Topic 5: battery, center, service center, service, safety",8,0.194456075,"Topic 8: service, service center, center, appointment long, center needed",10,0.003667412107978858,"Topic 10: battery replacement, cost half, half price, concerning, price vehicle, vehicle concerning"
EV1101,Survey,EV Car,MG ZS EV,West,4/6/2025,4,Contributing to a cleaner city is a big motivation behind going electric.,Environmental Impact,contributing cleaner city big motivation behind going,Contributing to a cleaner city is a big motivation behind going electric.,0,0.935713847,"Topic 0: cost, battery, replacement cost, replacement, city",0,0.025499456,"Topic 0: cost, replacement cost, replacement, price, battery",4,0.19992685765103585,"Topic 4: big motivation, big, motivation going, motivation, contributing, going"
EV1102,Social Media,EV Scooter,Ola S1,East,10/16/2024,3,"The companion app keeps crashing, needs urgent software updates.",Software & Connectivity,companion app keep crashing need urgent software update,"The companion app keeps crashing, needs urgent software updates.",4,0.943749217,"Topic 4: software, month, year, battery, keep",6,0.391311163,"Topic 6: app, keep, update, software update, need",17,1.0,"Topic 17: app keeps, crashing, crashing needs, companion app, companion, urgent software"
EV1103,Social Media,EV Car,Hyundai Kona,West,4/27/2024,5,"Read reports about battery fires, safety is my biggest concern before buying.",Safety Features,read report battery fire safety biggest concern buying,"Read reports about battery fires, safety is my biggest concern before buying.",5,0.943749511,"Topic 5: battery, center, service center, service, safety",4,0.062244543,"Topic 4: use, daily use, daily, dropped, within month",12,0.019856519360126196,"Topic 12: battery disposal, environmental, disposal, disposal recycling, concerned, concerned environmental"
EV1104,Social Media,EV Car,Hyundai Kona,North,3/2/2024,4,"Battery performance is stable even after two years of heavy usage. Waiting time for service appointment is too long, more service centers needed.","Battery Life & Degradation, Service & After-Sales",battery performance stable two year heavy usage waiting time service appointment long service center needed,"Battery performance is stable even after two years of heavy usage. Waiting time for service appointment is too long, more service centers needed.",9,0.506227106,"Topic 9: price, subsidy, service, battery disposal, concerned environmental",8,0.314053568,"Topic 8: service, service center, center, appointment long, center needed",14,0.0882735018094164,"Topic 14: service, bit plain, design bit, compared rivals, bit, materials feel"
EV1105,Survey,EV Scooter,Bajaj Chetak,West,11/7/2024,4,"Storage space under the seat is very limited, not practical for daily use. Service center staff are not well trained to handle EV specific issues. Navigation system integrated with range prediction is genuinely useful.","Design & Aesthetics, Service & After-Sales, Software & Connectivity",storage space seat limited practical daily use service center staff well trained handle specific issue navigation system integrated range prediction genuinely useful,"Storage space under the seat is very limited, not practical for daily use. Service center staff are not well trained to handle EV specific issues. Navigation system integrated with range prediction is genuinely useful.",5,0.350459292,"Topic 5: battery, center, service center, service, safety",8,0.169461855,"Topic 8: service, service center, center, appointment long, center needed",7,0.02939243680735363,"Topic 7: ev, good knowing, knowing, feels good, carbon footprint, knowing reducing"
EV1106,Customer Support,EV Car,Mahindra XUV400,Central,9/13/2024,3,"The real world range is much lower than advertised, I only get 8 km on a full charge. Charging takes too long, almost 6 hours for a full charge at home. The upfront price is high but government subsidy makes it affordable.","Range Anxiety, Charging Infrastructure, Price & Subsidy",real world range lower advertised full charge charging take long almost hour full charge home upfront price high government subsidy make affordable,"The real world range is much lower than advertised, I only get 8 km on a full charge. Charging takes too long, almost 6 hours for a full charge at home. The upfront price is high but government subsidy makes it affordable.",1,0.370290542,"Topic 1: range, system, genuinely, useful, genuinely useful",0,0.050158336,"Topic 0: cost, replacement cost, replacement, price, battery",1,1.0,"Topic 1: range, transparent, proper, time company, proper information, battery degrades"
EV1107,Marketplace Review,EV Car,Mahindra XUV400,East,7/4/2024,5,Contributing to a cleaner city is a big motivation behind going electric.,Environmental Impact,contributing cleaner city big motivation behind going,Contributing to a cleaner city is a big motivation behind going electric.,0,0.935713847,"Topic 0: cost, battery, replacement cost, replacement, city",0,0.025499456,"Topic 0: cost, replacement cost, replacement, price, battery",4,0.19961837032961643,"Topic 4: big motivation, big, motivation going, motivation, contributing, going"
EV1108,Marketplace Review,EV Scooter,Ola S1,East,2/22/2025,3,Handling and stability at high speed feels very confident and safe. Zero tailpipe emissions is the main reason I chose an electric vehicle.,"Performance & Ride Quality, Environmental Impact",handling stability high speed feel confident safe zero tailpipe emission main reason chose,Handling and stability at high speed feels very confident and safe. Zero tailpipe emissions is the main reason I chose an electric vehicle.,1,0.513340978,"Topic 1: range, system, genuinely, useful, genuinely useful",7,0.137272469,"Topic 7: riding, low, smooth, level, impressively",19,1.0,"Topic 19: chose, chose electric, emissions, emissions main, reason, reason chose"
EV1109,Marketplace Review,EV Scooter,Bajaj Chetak,East,2/14/2025,4,"Emergency braking and collision alert systems work really well in traffic. Range drops badly in winter, I lost almost 30% range in cold weather.","Safety Features, Range Anxiety",emergency braking collision alert system work well traffic range drop badly winter lost almost range cold weather,"Emergency braking and collision alert systems work really well in traffic. Range drops badly in winter, I lost almost 30% range in cold weather.",8,0.523588443,"Topic 8: range, drop, defeat purpose, energy, energy used",2,0.220995941,"Topic 2: braking, system, work well, work, well",0,0.015273937683552003,"Topic 0: collision, systems, braking collision, collision alert, systems work, really traffic"
EV1110,Customer Support,EV Scooter,TVS iQube,North,2/17/2025,4,"Emergency braking and collision alert systems work really well in traffic. The real world range is much lower than advertised, I only get 150 km on a full charge. Navigation system integrated with range prediction is genuinely useful.","Safety Features, Range Anxiety, Software & Connectivity",emergency braking collision alert system work well traffic real world range lower advertised full charge navigation system integrated range prediction genuinely useful,"Emergency braking and collision alert systems work really well in traffic. The real world range is much lower than advertised, I only get 150 km on a full charge. Navigation system integrated with range prediction is genuinely useful.",1,0.632407256,"Topic 1: range, system, genuinely, useful, genuinely useful",2,0.225290413,"Topic 2: braking, system, work well, work, well",0,0.015267874229538287,"Topic 0: collision, systems, braking collision, collision alert, systems work, really traffic"
EV1111,Marketplace Review,EV Scooter,Ampere Magnus,West,2/22/2024,5,EV subsidy scheme in my state got delayed and the discount amount reduced suddenly.,Price & Subsidy,subsidy scheme state got delayed discount amount reduced suddenly,EV subsidy scheme in my state got delayed and the discount amount reduced suddenly.,4,0.949999791,"Topic 4: software, month, year, battery, keep",8,0.01521382,"Topic 8: service, service center, center, appointment long, center needed",15,1.0,"Topic 15: highway, discount, ev subsidy, delayed discount, subsidy scheme, state got"
EV1112,Marketplace Review,EV Car,Hyundai Kona,West,5/4/2024,4,I'm always worried about running out of charge before reaching my destination. EV subsidy scheme in my state got delayed and the discount amount reduced suddenly.,"Range Anxiety, Price & Subsidy",always worried running charge reaching destination subsidy scheme state got delayed discount amount reduced suddenly,I'm always worried about running out of charge before reaching my destination. EV subsidy scheme in my state got delayed and the discount amount reduced suddenly.,4,0.611554893,"Topic 4: software, month, year, battery, keep",9,0.027442456,"Topic 9: dashboard, caused dashboard, caused, dashboard freeze, freeze twice",15,1.0,"Topic 15: highway, discount, ev subsidy, delayed discount, subsidy scheme, state got"
EV1113,Marketplace Review,EV Car,BYD Atto 3,North,8/18/2024,4,"Public chargers are often broken or occupied, need more charging stations urgently. Software glitches caused the dashboard to freeze twice in a month.","Charging Infrastructure, Software & Connectivity",public charger often broken occupied need charging station urgently software glitch caused dashboard freeze twice month,"Public chargers are often broken or occupied, need more charging stations urgently. Software glitches caused the dashboard to freeze twice in a month.",0,0.548745755,"Topic 0: cost, battery, replacement cost, replacement, city",9,0.296627078,"Topic 9: dashboard, caused dashboard, caused, dashboard freeze, freeze twice",0,0.008612468896234064,"Topic 0: collision, systems, braking collision, collision alert, systems work, really traffic"
EV1114,Customer Support,EV Car,Mahindra XUV400,Central,10/6/2024,4,"Storage space under the seat is very limited, not practical for daily use. Over the air software updates are a great feature, keeps improving over time.","Design & Aesthetics, Software & Connectivity",storage space seat limited practical daily use air software update great feature keep improving time,"Storage space under the seat is very limited, not practical for daily use. Over the air software updates are a great feature, keeps improving over time.",6,0.564705383,"Topic 6: charging, battery, almost, tier, use",6,0.140000084,"Topic 6: app, keep, update, software update, need",5,1.0,"Topic 5: air software, improving, great feature, keeps improving, updates great, improving time"
EV1115,Social Media,EV Scooter,Ampere Magnus,West,7/14/2024,5,"Energy used to charge still comes mostly from coal in my region, defeats the purpose somewhat.",Environmental Impact,energy used charge come mostly coal region defeat purpose somewhat,"Energy used to charge still comes mostly from coal in my region, defeats the purpose somewhat.",8,0.954999819,"Topic 8: range, drop, defeat purpose, energy, energy used",1,0.428435062,"Topic 1: charge come, defeat purpose, defeat, come mostly, come",6,1.0,"Topic 6: coal, defeats purpose, defeats, coal region, comes coal, comes"
EV1116,Customer Support,EV Car,Tata Nexon EV,West,12/14/2024,4,"Advanced safety features like ABS and traction control give peace of mind. After sales support has been excellent, quick response and doorstep service.","Safety Features, Service & After-Sales",advanced safety feature ab traction control give peace mind sale support excellent quick response doorstep service,"Advanced safety features like ABS and traction control give peace of mind. After sales support has been excellent, quick response and doorstep service.",3,0.544309272,"Topic 3: safety, use, highway, part, feature",3,0.296175063,"Topic 3: ab, ab traction, control give, traction, traction control",21,0.0014944416686481874,"Topic 21: cost warranty, battery degradation, warranty ends, ends, degradation replacement, worried battery"
EV1117,Marketplace Review,EV Scooter,Ampere Magnus,South,4/2/2025,4,"The vehicle has good crash test ratings which reassured my purchase decision. Navigation system integrated with range prediction is genuinely useful. Noise levels are impressively low, riding experience is very smooth and quiet.","Safety Features, Software & Connectivity, Performance & Ride Quality",crash test rating reassured purchase decision navigation system integrated range prediction genuinely useful noise level impressively low riding experience smooth quiet,"The vehicle has good crash test ratings which reassured my purchase decision. Navigation system integrated with range prediction is genuinely useful. Noise levels are impressively low, riding experience is very smooth and quiet.",9,0.652499618,"Topic 9: price, subsidy, service, battery disposal, concerned environmental",7,0.273454002,"Topic 7: riding, low, smooth, level, impressively",8,1.0,"Topic 8: vehicle good, test ratings, test, purchase decision, ratings, ratings reassured"
EV1118,Social Media,EV Scooter,TVS iQube,South,1/27/2025,5,Insurance premium for EV is surprisingly high compared to petrol vehicles.,Price & Subsidy,insurance premium surprisingly high compared petrol,Insurance premium for EV is surprisingly high compared to petrol vehicles.,8,0.924997791,"Topic 8: range, drop, defeat purpose, energy, energy used",7,0.026150544,"Topic 7: riding, low, smooth, level, impressively",16,1.0,"Topic 16: tier, surprisingly, surprisingly high, compared petrol, insurance premium, insurance"
EV1119,Marketplace Review,EV Car,Hyundai Kona,West,1/30/2025,4,"Worried about battery degradation and replacement cost after warranty ends. Over the air software updates are a great feature, keeps improving over time.","Battery Life & Degradation, Software & Connectivity",worried battery degradation replacement cost warranty end air software update great feature keep improving time,"Worried about battery degradation and replacement cost after warranty ends. Over the air software updates are a great feature, keeps improving over time.",6,0.528339941,"Topic 6: charging, battery, almost, tier, use",6,0.136116984,"Topic 6: app, keep, update, software update, need",5,1.0,"Topic 5: air software, improving, great feature, keeps improving, updates great, improving time"
EV1120,Marketplace Review,EV Scooter,Ola S1,North,6/22/2025,4,Software glitches caused the dashboard to freeze twice in a month. I'm always worried about running out of charge before reaching my destination.,"Software & Connectivity, Range Anxiety",software glitch caused dashboard freeze twice month always worried running charge reaching destination,Software glitches caused the dashboard to freeze twice in a month. I'm always worried about running out of charge before reaching my destination.,4,0.546769792,"Topic 4: software, month, year, battery, keep",9,0.352622664,"Topic 9: dashboard, caused dashboard, caused, dashboard freeze, freeze twice",20,0.8245774103611023,"Topic 20: dashboard, caused, freeze twice, glitches, freeze, glitches caused"
EV1121,Social Media,EV Scooter,Hero Vida V1,North,4/25/2025,4,"After sales support has been excellent, quick response and doorstep service.",Service & After-Sales,sale support excellent quick response doorstep service,"After sales support has been excellent, quick response and doorstep service.",2,0.935713634,"Topic 2: feel, quality, range, support, quality feel",8,0.11298738,"Topic 8: service, service center, center, appointment long, center needed",21,1.0,"Topic 21: cost warranty, battery degradation, warranty ends, ends, degradation replacement, worried battery"
EV1122,Survey,EV Scooter,Hero Vida V1,East,1/24/2025,4,Build quality feels premium and the ride is extremely comfortable.,Performance & Ride Quality,build quality feel premium ride extremely comfortable,Build quality feels premium and the ride is extremely comfortable.,2,0.935713389,"Topic 2: feel, quality, range, support, quality feel",8,0.039049352,"Topic 8: service, service center, center, appointment long, center needed",18,0.010277424129887977,"Topic 18: infotainment, infotainment lags, touchscreen, touchscreen infotainment, lags intuitive, lags"
EV1123,Survey,EV Car,BYD Atto 3,South,10/21/2024,3,"Running cost is much lower than petrol, saving a lot on fuel every month.",Price & Subsidy,running cost lower petrol saving lot fuel every month,"Running cost is much lower than petrol, saving a lot on fuel every month.",4,0.949998874,"Topic 4: software, month, year, battery, keep",9,0.051628088,"Topic 9: dashboard, caused dashboard, caused, dashboard freeze, freeze twice",9,0.00974848623109106,"Topic 9: lot, better, expected, attracts lot, attracts, looks futuristic"
EV1124,Survey,EV Scooter,Ola S1,West,6/19/2024,3,Service center staff are not well trained to handle EV specific issues.,Service & After-Sales,service center staff well trained handle specific issue,Service center staff are not well trained to handle EV specific issues.,5,0.943748934,"Topic 5: battery, center, service center, service, safety",8,0.29569031,"Topic 8: service, service center, center, appointment long, center needed",7,1.0,"Topic 7: ev, good knowing, knowing, feels good, carbon footprint, knowing reducing"
EV1125,Survey,EV Car,Hyundai Kona,East,1/2/2025,4,"Suspension is too stiff, ride quality is uncomfortable on bad roads. Interior quality feels cheap for the price point, needs improvement.","Performance & Ride Quality, Design & Aesthetics",suspension stiff ride quality uncomfortable road interior quality feel cheap price point need improvement,"Suspension is too stiff, ride quality is uncomfortable on bad roads. Interior quality feels cheap for the price point, needs improvement.",2,0.619562845,"Topic 2: feel, quality, range, support, quality feel",6,0.039660793,"Topic 6: app, keep, update, software update, need",8,0.181622487385643,"Topic 8: vehicle good, test ratings, test, purchase decision, ratings, ratings reassured"
EV1126,Social Media,EV Scooter,Ampere Magnus,South,6/28/2024,3,"Highway charging stops are rare, long distance travel is a nightmare.",Charging Infrastructure,highway charging stop rare long distance travel nightmare,"Highway charging stops are rare, long distance travel is a nightmare.",8,0.94374795,"Topic 8: range, drop, defeat purpose, energy, energy used",8,0.065657377,"Topic 8: service, service center, center, appointment long, center needed",15,1.0,"Topic 15: highway, discount, ev subsidy, delayed discount, subsidy scheme, state got"
EV1127,Social Media,EV Car,Mahindra XUV400,South,4/17/2025,3,"Spare parts availability is a major issue, waited a month for a replacement part.",Service & After-Sales,spare part availability major issue waited month replacement part,"Spare parts availability is a major issue, waited a month for a replacement part.",3,0.949999206,"Topic 3: safety, use, highway, part, feature",9,0.022143653,"Topic 9: dashboard, caused dashboard, caused, dashboard freeze, freeze twice",0,0.1903690898603418,"Topic 0: collision, systems, braking collision, collision alert, systems work, really traffic"
EV1128,Survey,EV Scooter,Hero Vida V1,West,10/21/2024,4,"Advanced safety features like ABS and traction control give peace of mind. Battery replacement cost is almost half the price of the vehicle, very concerning.","Safety Features, Battery Life & Degradation",advanced safety feature ab traction control give peace mind battery replacement cost almost half price concerning,"Advanced safety features like ABS and traction control give peace of mind. Battery replacement cost is almost half the price of the vehicle, very concerning.",3,0.543989941,"Topic 3: safety, use, highway, part, feature",3,0.310712245,"Topic 3: ab, ab traction, control give, traction, traction control",10,1.0,"Topic 10: battery replacement, cost half, half price, concerning, price vehicle, vehicle concerning"
EV1129,Customer Support,EV Scooter,Ampere Magnus,West,9/13/2024,3,"Smart key and app based lock features work flawlessly, very convenient.",Software & Connectivity,smart key app based lock feature work flawlessly convenient,"Smart key and app based lock features work flawlessly, very convenient.",9,0.949998977,"Topic 9: price, subsidy, service, battery disposal, concerned environmental",6,0.203971773,"Topic 6: app, keep, update, software update, need",22,1.0,"Topic 22: app based, based, based lock, features work, flawlessly, flawlessly convenient"
EV1130,Marketplace Review,EV Scooter,Ather 450X,West,4/19/2024,5,Insurance premium for EV is surprisingly high compared to petrol vehicles.,Price & Subsidy,insurance premium surprisingly high compared petrol,Insurance premium for EV is surprisingly high compared to petrol vehicles.,8,0.924997791,"Topic 8: range, drop, defeat purpose, energy, energy used",7,0.026150544,"Topic 7: riding, low, smooth, level, impressively",16,1.0,"Topic 16: tier, surprisingly, surprisingly high, compared petrol, insurance premium, insurance"
EV1131,Customer Support,EV Scooter,Ampere Magnus,East,1/23/2024,5,The design looks futuristic and attracts a lot of attention on the road. Customer support over phone is helpful and resolves issues quickly.,"Design & Aesthetics, Service & After-Sales",design look futuristic attracts lot attention road customer support phone helpful resolve issue quickly,The design looks futuristic and attracts a lot of attention on the road. Customer support over phone is helpful and resolves issues quickly.,2,0.966666386,"Topic 2: feel, quality, range, support, quality feel",7,0.04764832,"Topic 7: riding, low, smooth, level, impressively",9,1.0,"Topic 9: lot, better, expected, attracts lot, attracts, looks futuristic"
EV1132,Marketplace Review,EV Car,BYD Atto 3,East,8/23/2024,4,Zero tailpipe emissions is the main reason I chose an electric vehicle. The motor is powerful and pickup is much better than petrol variants.,"Environmental Impact, Performance & Ride Quality",zero tailpipe emission main reason chose motor powerful pickup better petrol variant,Zero tailpipe emissions is the main reason I chose an electric vehicle. The motor is powerful and pickup is much better than petrol variants.,6,0.482608672,"Topic 6: charging, battery, almost, tier, use",7,0.10787278,"Topic 7: riding, low, smooth, level, impressively",19,1.0,"Topic 19: chose, chose electric, emissions, emissions main, reason, reason chose"
EV1133,Social Media,EV Scooter,Hero Vida V1,North,2/10/2024,4,"Had a great experience with the service team, they explained everything clearly.",Service & After-Sales,great experience service team explained everything clearly,"Had a great experience with the service team, they explained everything clearly.",4,0.935712448,"Topic 4: software, month, year, battery, keep",8,0.103109565,"Topic 8: service, service center, center, appointment long, center needed",8,1.0,"Topic 8: vehicle good, test ratings, test, purchase decision, ratings, ratings reassured"
EV1134,Customer Support,EV Scooter,Ola S1,South,4/2/2024,4,"Waiting time for service appointment is too long, more service centers needed. Noise levels are impressively low, riding experience is very smooth and quiet.","Service & After-Sales, Performance & Ride Quality",waiting time service appointment long service center needed noise level impressively low riding experience smooth quiet,"Waiting time for service appointment is too long, more service centers needed. Noise levels are impressively low, riding experience is very smooth and quiet.",9,0.970967107,"Topic 9: price, subsidy, service, battery disposal, concerned environmental",8,0.26261503,"Topic 8: service, service center, center, appointment long, center needed",3,0.1989074318596949,"Topic 3: low, stability control, control wet, impressive, impressive inspires, wet"
EV1135,Social Media,EV Car,MG ZS EV,Central,1/9/2025,3,"Heard about a thermal runaway incident, this has shaken my trust in EV safety.",Safety Features,heard thermal runaway incident shaken trust safety,"Heard about a thermal runaway incident, this has shaken my trust in EV safety.",3,0.93571418,"Topic 3: safety, use, highway, part, feature",3,0.032099155,"Topic 3: ab, ab traction, control give, traction, traction control",7,0.0017462307894026234,"Topic 7: ev, good knowing, knowing, feels good, carbon footprint, knowing reducing"
EV1136,Customer Support,EV Scooter,Ather 450X,West,10/29/2024,3,Handling and stability at high speed feels very confident and safe.,Performance & Ride Quality,handling stability high speed feel confident safe,Handling and stability at high speed feels very confident and safe.,1,0.935713476,"Topic 1: range, system, genuinely, useful, genuinely useful",7,0.042842529,"Topic 7: riding, low, smooth, level, impressively",2,1.0,"Topic 2: makes, high, size makes, park, easy, maneuver"
EV1137,Social Media,EV Scooter,Ola S1,South,2/10/2025,5,The vehicle has good crash test ratings which reassured my purchase decision.,Safety Features,crash test rating reassured purchase decision,The vehicle has good crash test ratings which reassured my purchase decision.,9,0.925,"Topic 9: price, subsidy, service, battery disposal, concerned environmental",9,0.102568155,"Topic 9: dashboard, caused dashboard, caused, dashboard freeze, freeze twice",8,1.0,"Topic 8: vehicle good, test ratings, test, purchase decision, ratings, ratings reassured"
EV1138,Survey,EV Car,Mahindra XUV400,East,5/6/2024,4,Touchscreen infotainment system lags and is not very intuitive to use.,Software & Connectivity,touchscreen infotainment system lag intuitive use,Touchscreen infotainment system lags and is not very intuitive to use.,8,0.92499737,"Topic 8: range, drop, defeat purpose, energy, energy used",2,0.072613133,"Topic 2: braking, system, work well, work, well",18,1.0,"Topic 18: infotainment, infotainment lags, touchscreen, touchscreen infotainment, lags intuitive, lags"
EV1139,Marketplace Review,EV Scooter,Ampere Magnus,East,4/20/2024,3,The upfront price is high but government subsidy makes it affordable. Navigation system integrated with range prediction is genuinely useful.,"Price & Subsidy, Software & Connectivity",upfront price high government subsidy make affordable navigation system integrated range prediction genuinely useful,The upfront price is high but government subsidy makes it affordable. Navigation system integrated with range prediction is genuinely useful.,1,0.539127206,"Topic 1: range, system, genuinely, useful, genuinely useful",7,0.05199653,"Topic 7: riding, low, smooth, level, impressively",2,0.029234421308550165,"Topic 2: makes, high, size makes, park, easy, maneuver"
EV1140,Social Media,EV Scooter,Ampere Magnus,North,4/20/2025,4,"Service center staff are not well trained to handle EV specific issues. Interior quality feels cheap for the price point, needs improvement.","Service & After-Sales, Design & Aesthetics",service center staff well trained handle specific issue interior quality feel cheap price point need improvement,"Service center staff are not well trained to handle EV specific issues. Interior quality feels cheap for the price point, needs improvement.",2,0.511670549,"Topic 2: feel, quality, range, support, quality feel",8,0.212133052,"Topic 8: service, service center, center, appointment long, center needed",7,1.0,"Topic 7: ev, good knowing, knowing, feels good, carbon footprint, knowing reducing"
EV1141,Customer Support,EV Car,Tata Nexon EV,West,4/28/2024,5,Home charging setup was expensive and took weeks to install. Insurance premium for EV is surprisingly high compared to petrol vehicles.,"Charging Infrastructure, Price & Subsidy",home charging setup expensive took week install insurance premium surprisingly high compared petrol,Home charging setup was expensive and took weeks to install. Insurance premium for EV is surprisingly high compared to petrol vehicles.,5,0.508528657,"Topic 5: battery, center, service center, service, safety",5,0.031937109,"Topic 5: battery disposal, disposal recycling, concerned, environmental impact, environmental",16,1.0,"Topic 16: tier, surprisingly, surprisingly high, compared petrol, insurance premium, insurance"
EV1142,Marketplace Review,EV Scooter,TVS iQube,Central,6/7/2024,4,Build materials feel sturdy but the design is a bit too plain compared to rivals.,Design & Aesthetics,build material feel sturdy design bit plain compared rival,Build materials feel sturdy but the design is a bit too plain compared to rivals.,6,0.949998733,"Topic 6: charging, battery, almost, tier, use",8,0.127332354,"Topic 8: service, service center, center, appointment long, center needed",14,1.0,"Topic 14: service, bit plain, design bit, compared rivals, bit, materials feel"
EV1143,Marketplace Review,EV Car,Mahindra XUV400,East,2/3/2024,3,"Build quality feels premium and the ride is extremely comfortable. For the price, I expected better build quality and more features.","Performance & Ride Quality, Price & Subsidy",build quality feel premium ride extremely comfortable price expected better build quality feature,"Build quality feels premium and the ride is extremely comfortable. For the price, I expected better build quality and more features.",2,0.963999144,"Topic 2: feel, quality, range, support, quality feel",8,0.050369831,"Topic 8: service, service center, center, appointment long, center needed",9,0.010276079635631492,"Topic 9: lot, better, expected, attracts lot, attracts, looks futuristic"
EV1144,Survey,EV Car,Hyundai Kona,East,1/2/2025,4,For daily commute the range is fine but long trips are stressful because of low range.,Range Anxiety,daily commute range fine long trip stressful low range,For daily commute the range is fine but long trips are stressful because of low range.,0,0.949997508,"Topic 0: cost, battery, replacement cost, replacement, city",7,0.096873282,"Topic 7: riding, low, smooth, level, impressively",1,1.0,"Topic 1: range, transparent, proper, time company, proper information, battery degrades"
EV1145,Survey,EV Scooter,Ather 450X,West,4/3/2024,5,The upfront price is high but government subsidy makes it affordable.,Price & Subsidy,upfront price high government subsidy make affordable,The upfront price is high but government subsidy makes it affordable.,9,0.935713,"Topic 9: price, subsidy, service, battery disposal, concerned environmental",0,0.054278679,"Topic 0: cost, replacement cost, replacement, price, battery",2,0.0016671447455372335,"Topic 2: makes, high, size makes, park, easy, maneuver"
EV1146,Social Media,EV Car,Hyundai Kona,South,7/29/2024,3,Fast charging network needs serious expansion on highways.,Charging Infrastructure,fast charging network need serious expansion highway,Fast charging network needs serious expansion on highways.,3,0.935712804,"Topic 3: safety, use, highway, part, feature",6,0.075128743,"Topic 6: app, keep, update, software update, need",2,1.0,"Topic 2: makes, high, size makes, park, easy, maneuver"
EV1147,Customer Support,EV Car,MG ZS EV,South,1/3/2024,4,"Had a great experience with the service team, they explained everything clearly.",Service & After-Sales,great experience service team explained everything clearly,"Had a great experience with the service team, they explained everything clearly.",4,0.935712448,"Topic 4: software, month, year, battery, keep",8,0.103109565,"Topic 8: service, service center, center, appointment long, center needed",8,1.0,"Topic 8: vehicle good, test ratings, test, purchase decision, ratings, ratings reassured"
EV1148,Customer Support,EV Car,MG ZS EV,South,4/22/2024,5,I'm always worried about running out of charge before reaching my destination.,Range Anxiety,always worried running charge reaching destination,I'm always worried about running out of charge before reaching my destination.,5,0.924998493,"Topic 5: battery, center, service center, service, safety",9,0.046160397,"Topic 9: dashboard, caused dashboard, caused, dashboard freeze, freeze twice",15,0.04144897205024384,"Topic 15: highway, discount, ev subsidy, delayed discount, subsidy scheme, state got"
EV1149,Social Media,EV Car,Hyundai Kona,Central,11/27/2024,5,I'm always worried about running out of charge before reaching my destination.,Range Anxiety,always worried running charge reaching destination,I'm always worried about running out of charge before reaching my destination.,5,0.924998493,"Topic 5: battery, center, service center, service, safety",9,0.046160397,"Topic 9: dashboard, caused dashboard, caused, dashboard freeze, freeze twice",15,0.04150388737831082,"Topic 15: highway, discount, ev subsidy, delayed discount, subsidy scheme, state got"
EV1150,Social Media,EV Scooter,Ola S1,West,6/22/2025,4,"Public chargers are often broken or occupied, need more charging stations urgently.",Charging Infrastructure,public charger often broken occupied need charging station urgently,"Public chargers are often broken or occupied, need more charging stations urgently.",0,0.94999906,"Topic 0: cost, battery, replacement cost, replacement, city",6,0.098517264,"Topic 6: app, keep, update, software update, need",0,0.008566029537101697,"Topic 0: collision, systems, braking collision, collision alert, systems work, really traffic"
EV1151,Customer Support,EV Scooter,Bajaj Chetak,Central,4/21/2024,5,"Over the air software updates are a great feature, keeps improving over time. Heard about a thermal runaway incident, this has shaken my trust in EV safety.","Software & Connectivity, Safety Features",air software update great feature keep improving time heard thermal runaway incident shaken trust safety,"Over the air software updates are a great feature, keeps improving over time. Heard about a thermal runaway incident, this has shaken my trust in EV safety.",6,0.501463602,"Topic 6: charging, battery, almost, tier, use",6,0.131011688,"Topic 6: app, keep, update, software update, need",5,1.0,"Topic 5: air software, improving, great feature, keeps improving, updates great, improving time"
EV1152,Customer Support,EV Car,Tesla Model 3,West,2/1/2024,3,"For daily commute the range is fine but long trips are stressful because of low range. Bluetooth connectivity drops frequently while riding, very frustrating.","Range Anxiety, Software & Connectivity",daily commute range fine long trip stressful low range bluetooth connectivity drop frequently riding frustrating,"For daily commute the range is fine but long trips are stressful because of low range. Bluetooth connectivity drops frequently while riding, very frustrating.",0,0.529050431,"Topic 0: cost, battery, replacement cost, replacement, city",7,0.14063335,"Topic 7: riding, low, smooth, level, impressively",1,1.0,"Topic 1: range, transparent, proper, time company, proper information, battery degrades"
EV1153,Marketplace Review,EV Car,Mahindra XUV400,North,3/23/2024,4,Handling and stability at high speed feels very confident and safe. Battery health dropped to 85% within 18 months of daily use.,"Performance & Ride Quality, Battery Life & Degradation",handling stability high speed feel confident safe battery health dropped within month daily use,Handling and stability at high speed feels very confident and safe. Battery health dropped to 85% within 18 months of daily use.,6,0.496363557,"Topic 6: charging, battery, almost, tier, use",4,0.26476032,"Topic 4: use, daily use, daily, dropped, within month",2,1.0,"Topic 2: makes, high, size makes, park, easy, maneuver"
EV1154,Customer Support,EV Scooter,Ampere Magnus,West,6/27/2025,3,"Service center staff are not well trained to handle EV specific issues. Smart key and app based lock features work flawlessly, very convenient. Build materials feel sturdy but the design is a bit too plain compared to rivals.","Service & After-Sales, Software & Connectivity, Design & Aesthetics",service center staff well trained handle specific issue smart key app based lock feature work flawlessly convenient build material feel sturdy design bit plain compared rival,"Service center staff are not well trained to handle EV specific issues. Smart key and app based lock features work flawlessly, very convenient. Build materials feel sturdy but the design is a bit too plain compared to rivals.",6,0.367897594,"Topic 6: charging, battery, almost, tier, use",8,0.235356028,"Topic 8: service, service center, center, appointment long, center needed",7,1.0,"Topic 7: ev, good knowing, knowing, feels good, carbon footprint, knowing reducing"
EV1155,Social Media,EV Car,Tesla Model 3,West,4/7/2025,4,"Resale value of electric vehicles is still uncertain, worried about depreciation. LED lighting and digital dashboard give it a premium, modern look.","Price & Subsidy, Design & Aesthetics",resale value uncertain worried depreciation led lighting digital dashboard give premium modern look,"Resale value of electric vehicles is still uncertain, worried about depreciation. LED lighting and digital dashboard give it a premium, modern look.",0,0.628579451,"Topic 0: cost, battery, replacement cost, replacement, city",9,0.122089669,"Topic 9: dashboard, caused dashboard, caused, dashboard freeze, freeze twice",5,0.04643143472602833,"Topic 5: air software, improving, great feature, keeps improving, updates great, improving time"
EV1156,Marketplace Review,EV Scooter,Bajaj Chetak,North,11/16/2024,5,Loved the color options and the overall styling of the vehicle.,Design & Aesthetics,loved color option overall styling,Loved the color options and the overall styling of the vehicle.,6,0.91,"Topic 6: charging, battery, almost, tier, use",1,0.016621026,"Topic 1: charge come, defeat purpose, defeat, come mostly, come",24,0.03307091894633559,"Topic 24: braking, braking feels, braking works, responsive, regenerative braking, responsive regenerative"
EV1157,Social Media,EV Scooter,TVS iQube,West,3/9/2024,4,"Public chargers are often broken or occupied, need more charging stations urgently.",Charging Infrastructure,public charger often broken occupied need charging station urgently,"Public chargers are often broken or occupied, need more charging stations urgently.",0,0.94999906,"Topic 0: cost, battery, replacement cost, replacement, city",6,0.098517264,"Topic 6: app, keep, update, software update, need",0,0.008551271194356396,"Topic 0: collision, systems, braking collision, collision alert, systems work, really traffic"
EV1158,Survey,EV Car,Mahindra XUV400,East,5/13/2024,4,"Stability control on wet roads is impressive and inspires confidence. Range drops badly in winter, I lost almost 30% range in cold weather. Noise levels are impressively low, riding experience is very smooth and quiet.","Safety Features, Range Anxiety, Performance & Ride Quality",stability control wet road impressive inspires confidence range drop badly winter lost almost range cold weather noise level impressively low riding experience smooth quiet,"Stability control on wet roads is impressive and inspires confidence. Range drops badly in winter, I lost almost 30% range in cold weather. Noise levels are impressively low, riding experience is very smooth and quiet.",8,0.356752785,"Topic 8: range, drop, defeat purpose, energy, energy used",7,0.372952926,"Topic 7: riding, low, smooth, level, impressively",3,1.0,"Topic 3: low, stability control, control wet, impressive, impressive inspires, wet"
EV1159,Marketplace Review,EV Scooter,Hero Vida V1,North,10/21/2024,4,Concerned about environmental impact of battery disposal and recycling.,Environmental Impact,concerned environmental impact battery disposal recycling,Concerned about environmental impact of battery disposal and recycling.,9,0.924998615,"Topic 9: price, subsidy, service, battery disposal, concerned environmental",5,0.435865403,"Topic 5: battery disposal, disposal recycling, concerned, environmental impact, environmental",12,1.0,"Topic 12: battery disposal, environmental, disposal, disposal recycling, concerned, concerned environmental"
EV1160,Social Media,EV Scooter,Ola S1,South,5/8/2025,3,"Resale value of electric vehicles is still uncertain, worried about depreciation. Love the app that shows nearby charging stations, very convenient feature.","Price & Subsidy, Charging Infrastructure",resale value uncertain worried depreciation love app show nearby charging station convenient feature,"Resale value of electric vehicles is still uncertain, worried about depreciation. Love the app that shows nearby charging stations, very convenient feature.",6,0.603997956,"Topic 6: charging, battery, almost, tier, use",6,0.108577685,"Topic 6: app, keep, update, software update, need",5,0.04670698653077334,"Topic 5: air software, improving, great feature, keeps improving, updates great, improving time"
EV1161,Social Media,EV Car,Hyundai Kona,West,1/27/2024,4,"Switching to EV feels good knowing I'm reducing my carbon footprint. There are very few authorized service centers, had to travel 200 km for repair.","Environmental Impact, Service & After-Sales",switching feel knowing reducing carbon footprint authorized service center travel repair,"Switching to EV feels good knowing I'm reducing my carbon footprint. There are very few authorized service centers, had to travel 200 km for repair.",2,0.547896854,"Topic 2: feel, quality, range, support, quality feel",8,0.232061445,"Topic 8: service, service center, center, appointment long, center needed",7,1.0,"Topic 7: ev, good knowing, knowing, feels good, carbon footprint, knowing reducing"
EV1162,Customer Support,EV Scooter,TVS iQube,North,7/4/2024,4,"Worried about battery degradation and replacement cost after warranty ends. Interior quality feels cheap for the price point, needs improvement.","Battery Life & Degradation, Design & Aesthetics",worried battery degradation replacement cost warranty end interior quality feel cheap price point need improvement,"Worried about battery degradation and replacement cost after warranty ends. Interior quality feels cheap for the price point, needs improvement.",2,0.488555833,"Topic 2: feel, quality, range, support, quality feel",0,0.091352293,"Topic 0: cost, replacement cost, replacement, price, battery",21,1.0,"Topic 21: cost warranty, battery degradation, warranty ends, ends, degradation replacement, worried battery"
EV1163,Social Media,EV Car,Tata Nexon EV,West,3/5/2025,4,"Over the air software updates are a great feature, keeps improving over time. Top speed is decent for city use but not enough for highway cruising.","Software & Connectivity, Performance & Ride Quality",air software update great feature keep improving time top speed decent city use enough highway cruising,"Over the air software updates are a great feature, keeps improving over time. Top speed is decent for city use but not enough for highway cruising.",6,0.496683411,"Topic 6: charging, battery, almost, tier, use",6,0.138851462,"Topic 6: app, keep, update, software update, need",5,1.0,"Topic 5: air software, improving, great feature, keeps improving, updates great, improving time"
EV1164,Customer Support,EV Scooter,Hero Vida V1,Central,3/27/2024,4,I'm always worried about running out of charge before reaching my destination.,Range Anxiety,always worried running charge reaching destination,I'm always worried about running out of charge before reaching my destination.,5,0.924998493,"Topic 5: battery, center, service center, service, safety",9,0.046160397,"Topic 9: dashboard, caused dashboard, caused, dashboard freeze, freeze twice",15,0.04145315130187156,"Topic 15: highway, discount, ev subsidy, delayed discount, subsidy scheme, state got"
EV1165,Survey,EV Car,BYD Atto 3,North,10/5/2024,3,"Bluetooth connectivity drops frequently while riding, very frustrating. Compact size makes it easy to park and maneuver in city traffic.","Software & Connectivity, Design & Aesthetics",bluetooth connectivity drop frequently riding frustrating compact size make easy park maneuver city traffic,"Bluetooth connectivity drops frequently while riding, very frustrating. Compact size makes it easy to park and maneuver in city traffic.",1,0.559259837,"Topic 1: range, system, genuinely, useful, genuinely useful",7,0.06731134,"Topic 7: riding, low, smooth, level, impressively",11,1.0,"Topic 11: home, bluetooth, riding frustrating, connectivity, bluetooth connectivity, drops frequently"
EV1166,Customer Support,EV Scooter,Bajaj Chetak,South,6/8/2025,3,"Public chargers are often broken or occupied, need more charging stations urgently. Braking system feels sharp and responsive, regenerative braking works well. Build materials feel sturdy but the design is a bit too plain compared to rivals.","Charging Infrastructure, Performance & Ride Quality, Design & Aesthetics",public charger often broken occupied need charging station urgently braking system feel sharp responsive regenerative braking work well build material feel sturdy design bit plain compared rival,"Public chargers are often broken or occupied, need more charging stations urgently. Braking system feels sharp and responsive, regenerative braking works well. Build materials feel sturdy but the design is a bit too plain compared to rivals.",6,0.343924445,"Topic 6: charging, battery, almost, tier, use",2,0.212684034,"Topic 2: braking, system, work well, work, well",0,0.008688488066960228,"Topic 0: collision, systems, braking collision, collision alert, systems work, really traffic"
EV1167,Customer Support,EV Scooter,Ampere Magnus,North,8/13/2024,3,"The design looks futuristic and attracts a lot of attention on the road. Claimed range of 200 km is misleading, actual range is way less in city traffic.","Design & Aesthetics, Range Anxiety",design look futuristic attracts lot attention road claimed range misleading actual range way less city traffic,"The design looks futuristic and attracts a lot of attention on the road. Claimed range of 200 km is misleading, actual range is way less in city traffic.",2,0.970966783,"Topic 2: feel, quality, range, support, quality feel",7,0.056649967,"Topic 7: riding, low, smooth, level, impressively",1,1.0,"Topic 1: range, transparent, proper, time company, proper information, battery degrades"
EV1168,Customer Support,EV Car,MG ZS EV,East,12/1/2024,5,Finding a working charging station in my city is still very difficult.,Charging Infrastructure,finding working charging station city difficult,Finding a working charging station in my city is still very difficult.,0,0.924998264,"Topic 0: cost, battery, replacement cost, replacement, city",6,0.061226602,"Topic 6: app, keep, update, software update, need",0,1.0,"Topic 0: collision, systems, braking collision, collision alert, systems work, really traffic"
EV1169,Marketplace Review,EV Scooter,Hero Vida V1,South,5/12/2024,4,"Build materials feel sturdy but the design is a bit too plain compared to rivals. Read reports about battery fires, safety is my biggest concern before buying.","Design & Aesthetics, Safety Features",build material feel sturdy design bit plain compared rival read report battery fire safety biggest concern buying,"Build materials feel sturdy but the design is a bit too plain compared to rivals. Read reports about battery fires, safety is my biggest concern before buying.",6,0.531749991,"Topic 6: charging, battery, almost, tier, use",8,0.108814944,"Topic 8: service, service center, center, appointment long, center needed",14,1.0,"Topic 14: service, bit plain, design bit, compared rivals, bit, materials feel"
EV1170,Marketplace Review,EV Scooter,Ola S1,North,3/22/2025,4,Battery range degrades faster than expected after just one year of use.,Range Anxiety,battery range degrades faster expected year use,Battery range degrades faster than expected after just one year of use.,4,0.935708387,"Topic 4: software, month, year, battery, keep",4,0.067557016,"Topic 4: use, daily use, daily, dropped, within month",9,1.0,"Topic 9: lot, better, expected, attracts lot, attracts, looks futuristic"
EV1171,Marketplace Review,EV Car,Hyundai Kona,Central,2/18/2025,4,"The design looks futuristic and attracts a lot of attention on the road. Spare parts availability is a major issue, waited a month for a replacement part.","Design & Aesthetics, Service & After-Sales",design look futuristic attracts lot attention road spare part availability major issue waited month replacement part,"The design looks futuristic and attracts a lot of attention on the road. Spare parts availability is a major issue, waited a month for a replacement part.",3,0.53810142,"Topic 3: safety, use, highway, part, feature",9,0.027932674,"Topic 9: dashboard, caused dashboard, caused, dashboard freeze, freeze twice",9,1.0,"Topic 9: lot, better, expected, attracts lot, attracts, looks futuristic"
EV1172,Social Media,EV Car,Hyundai Kona,Central,4/16/2025,4,Handling and stability at high speed feels very confident and safe.,Performance & Ride Quality,handling stability high speed feel confident safe,Handling and stability at high speed feels very confident and safe.,1,0.935713476,"Topic 1: range, system, genuinely, useful, genuinely useful",7,0.042842529,"Topic 7: riding, low, smooth, level, impressively",2,1.0,"Topic 2: makes, high, size makes, park, easy, maneuver"
EV1173,Social Media,EV Scooter,Ola S1,West,2/14/2025,5,Advanced safety features like ABS and traction control give peace of mind.,Safety Features,advanced safety feature ab traction control give peace mind,Advanced safety features like ABS and traction control give peace of mind.,3,0.949999585,"Topic 3: safety, use, highway, part, feature",3,0.403444493,"Topic 3: ab, ab traction, control give, traction, traction control",10,0.001496688970608532,"Topic 10: battery replacement, cost half, half price, concerning, price vehicle, vehicle concerning"
EV1174,Customer Support,EV Scooter,TVS iQube,South,12/7/2024,4,Battery performance is stable even after two years of heavy usage. Fast charging network needs serious expansion on highways. The vehicle has good crash test ratings which reassured my purchase decision.,"Battery Life & Degradation, Charging Infrastructure, Safety Features",battery performance stable two year heavy usage fast charging network need serious expansion highway crash test rating reassured purchase decision,Battery performance is stable even after two years of heavy usage. Fast charging network needs serious expansion on highways. The vehicle has good crash test ratings which reassured my purchase decision.,6,0.35284576,"Topic 6: charging, battery, almost, tier, use",9,0.053643378,"Topic 9: dashboard, caused dashboard, caused, dashboard freeze, freeze twice",8,0.08821258883207145,"Topic 8: vehicle good, test ratings, test, purchase decision, ratings, ratings reassured"
EV1175,Social Media,EV Scooter,Hero Vida V1,South,4/15/2024,3,Battery health dropped to 85% within 18 months of daily use. Customer support over phone is helpful and resolves issues quickly. Total cost of ownership is great once you factor in low maintenance and fuel savings.,"Battery Life & Degradation, Service & After-Sales, Price & Subsidy",battery health dropped within month daily use customer support phone helpful resolve issue quickly total cost ownership great factor low maintenance fuel saving,Battery health dropped to 85% within 18 months of daily use. Customer support over phone is helpful and resolves issues quickly. Total cost of ownership is great once you factor in low maintenance and fuel savings.,0,0.398185793,"Topic 0: cost, battery, replacement cost, replacement, city",4,0.189679854,"Topic 4: use, daily use, daily, dropped, within month",13,0.9395052512267829,"Topic 13: 18, 18 months, 85, 85 18, health dropped, months daily"
EV1176,Marketplace Review,EV Car,MG ZS EV,West,4/4/2025,5,Zero tailpipe emissions is the main reason I chose an electric vehicle. Build quality feels premium and the ride is extremely comfortable. Advanced safety features like ABS and traction control give peace of mind.,"Environmental Impact, Performance & Ride Quality, Safety Features",zero tailpipe emission main reason chose build quality feel premium ride extremely comfortable advanced safety feature ab traction control give peace mind,Zero tailpipe emissions is the main reason I chose an electric vehicle. Build quality feels premium and the ride is extremely comfortable. Advanced safety features like ABS and traction control give peace of mind.,3,0.396487973,"Topic 3: safety, use, highway, part, feature",3,0.259579452,"Topic 3: ab, ab traction, control give, traction, traction control",19,1.0,"Topic 19: chose, chose electric, emissions, emissions main, reason, reason chose"
EV1177,Customer Support,EV Scooter,Bajaj Chetak,East,2/27/2024,4,Handling and stability at high speed feels very confident and safe.,Performance & Ride Quality,handling stability high speed feel confident safe,Handling and stability at high speed feels very confident and safe.,1,0.935713476,"Topic 1: range, system, genuinely, useful, genuinely useful",7,0.042842529,"Topic 7: riding, low, smooth, level, impressively",2,1.0,"Topic 2: makes, high, size makes, park, easy, maneuver"
EV1178,Marketplace Review,EV Scooter,Bajaj Chetak,North,2/28/2024,5,"Braking system feels sharp and responsive, regenerative braking works well.",Performance & Ride Quality,braking system feel sharp responsive regenerative braking work well,"Braking system feels sharp and responsive, regenerative braking works well.",7,0.949999688,"Topic 7: braking, work, system, work well, well",2,0.362732406,"Topic 2: braking, system, work well, work, well",24,1.0,"Topic 24: braking, braking feels, braking works, responsive, regenerative braking, responsive regenerative"
EV1179,Survey,EV Car,Tesla Model 3,Central,6/3/2025,3,Compact size makes it easy to park and maneuver in city traffic. Navigation system integrated with range prediction is genuinely useful.,"Design & Aesthetics, Software & Connectivity",compact size make easy park maneuver city traffic navigation system integrated range prediction genuinely useful,Compact size makes it easy to park and maneuver in city traffic. Navigation system integrated with range prediction is genuinely useful.,1,0.968965149,"Topic 1: range, system, genuinely, useful, genuinely useful",2,0.060468582,"Topic 2: braking, system, work well, work, well",2,0.029197366678673498,"Topic 2: makes, high, size makes, park, easy, maneuver"
EV1180,Social Media,EV Car,Mahindra XUV400,East,5/2/2025,3,"Advanced safety features like ABS and traction control give peace of mind. Battery replacement cost is almost half the price of the vehicle, very concerning.","Safety Features, Battery Life & Degradation",advanced safety feature ab traction control give peace mind battery replacement cost almost half price concerning,"Advanced safety features like ABS and traction control give peace of mind. Battery replacement cost is almost half the price of the vehicle, very concerning.",3,0.543989941,"Topic 3: safety, use, highway, part, feature",3,0.310712245,"Topic 3: ab, ab traction, control give, traction, traction control",10,0.9047519014447105,"Topic 10: battery replacement, cost half, half price, concerning, price vehicle, vehicle concerning"
EV1181,Survey,EV Car,Hyundai Kona,Central,6/25/2024,4,"Claimed range of 5 km is misleading, actual range is way less in city traffic.",Range Anxiety,claimed range misleading actual range way less city traffic,"Claimed range of 5 km is misleading, actual range is way less in city traffic.",2,0.949997407,"Topic 2: feel, quality, range, support, quality feel",7,0.041861356,"Topic 7: riding, low, smooth, level, impressively",1,1.0,"Topic 1: range, transparent, proper, time company, proper information, battery degrades"
EV1182,Social Media,EV Scooter,Bajaj Chetak,East,1/16/2025,3,"Spare parts availability is a major issue, waited a month for a replacement part.",Service & After-Sales,spare part availability major issue waited month replacement part,"Spare parts availability is a major issue, waited a month for a replacement part.",3,0.949999206,"Topic 3: safety, use, highway, part, feature",9,0.022143653,"Topic 9: dashboard, caused dashboard, caused, dashboard freeze, freeze twice",0,0.19192299272363234,"Topic 0: collision, systems, braking collision, collision alert, systems work, really traffic"
EV1183,Survey,EV Scooter,TVS iQube,East,3/8/2024,4,Handling and stability at high speed feels very confident and safe.,Performance & Ride Quality,handling stability high speed feel confident safe,Handling and stability at high speed feels very confident and safe.,1,0.935713476,"Topic 1: range, system, genuinely, useful, genuinely useful",7,0.042842529,"Topic 7: riding, low, smooth, level, impressively",2,1.0,"Topic 2: makes, high, size makes, park, easy, maneuver"
EV1184,Customer Support,EV Scooter,TVS iQube,Central,6/2/2024,4,Handling and stability at high speed feels very confident and safe.,Performance & Ride Quality,handling stability high speed feel confident safe,Handling and stability at high speed feels very confident and safe.,1,0.935713476,"Topic 1: range, system, genuinely, useful, genuinely useful",7,0.042842529,"Topic 7: riding, low, smooth, level, impressively",2,1.0,"Topic 2: makes, high, size makes, park, easy, maneuver"
EV1185,Customer Support,EV Car,Hyundai Kona,West,5/12/2024,5,Switching to EV feels good knowing I'm reducing my carbon footprint.,Environmental Impact,switching feel knowing reducing carbon footprint,Switching to EV feels good knowing I'm reducing my carbon footprint.,2,0.924999506,"Topic 2: feel, quality, range, support, quality feel",8,0.070115738,"Topic 8: service, service center, center, appointment long, center needed",7,1.0,"Topic 7: ev, good knowing, knowing, feels good, carbon footprint, knowing reducing"
EV1186,Marketplace Review,EV Scooter,Ampere Magnus,East,5/10/2024,4,Advanced safety features like ABS and traction control give peace of mind.,Safety Features,advanced safety feature ab traction control give peace mind,Advanced safety features like ABS and traction control give peace of mind.,3,0.949999585,"Topic 3: safety, use, highway, part, feature",3,0.403444493,"Topic 3: ab, ab traction, control give, traction, traction control",10,0.0014956261492563053,"Topic 10: battery replacement, cost half, half price, concerning, price vehicle, vehicle concerning"
EV1187,Customer Support,EV Scooter,Ampere Magnus,North,1/6/2025,4,"There are very few authorized service centers, had to travel 250 km for repair. Battery replacement cost is almost half the price of the vehicle, very concerning.","Service & After-Sales, Battery Life & Degradation",authorized service center travel repair battery replacement cost almost half price concerning,"There are very few authorized service centers, had to travel 250 km for repair. Battery replacement cost is almost half the price of the vehicle, very concerning.",0,0.545761472,"Topic 0: cost, battery, replacement cost, replacement, city",8,0.170636615,"Topic 8: service, service center, center, appointment long, center needed",10,1.0,"Topic 10: battery replacement, cost half, half price, concerning, price vehicle, vehicle concerning"
EV1188,Social Media,EV Car,MG ZS EV,South,3/20/2024,4,Customer support over phone is helpful and resolves issues quickly. Finding a working charging station in my city is still very difficult.,"Service & After-Sales, Charging Infrastructure",customer support phone helpful resolve issue quickly finding working charging station city difficult,Customer support over phone is helpful and resolves issues quickly. Finding a working charging station in my city is still very difficult.,2,0.550351012,"Topic 2: feel, quality, range, support, quality feel",6,0.038895704,"Topic 6: app, keep, update, software update, need",0,1.0,"Topic 0: collision, systems, braking collision, collision alert, systems work, really traffic"
EV1189,Social Media,EV Scooter,Ampere Magnus,Central,1/20/2025,4,"No proper information on how battery degrades over time, company should be transparent. Energy used to charge still comes mostly from coal in my region, defeats the purpose somewhat. Read reports about battery fires, safety is my biggest concern before buying.","Battery Life & Degradation, Environmental Impact, Safety Features",proper information battery degrades time company transparent energy used charge come mostly coal region defeat purpose somewhat read report battery fire safety biggest concern buying,"No proper information on how battery degrades over time, company should be transparent. Energy used to charge still comes mostly from coal in my region, defeats the purpose somewhat. Read reports about battery fires, safety is my biggest concern before buying.",5,0.596264505,"Topic 5: battery, center, service center, service, safety",1,0.265335996,"Topic 1: charge come, defeat purpose, defeat, come mostly, come",1,0.21328491937964947,"Topic 1: range, transparent, proper, time company, proper information, battery degrades"
EV1190,Marketplace Review,EV Scooter,Ola S1,East,8/31/2024,3,"Over the air software updates are a great feature, keeps improving over time. Customer support over phone is helpful and resolves issues quickly. Zero tailpipe emissions is the main reason I chose an electric vehicle.","Software & Connectivity, Service & After-Sales, Environmental Impact",air software update great feature keep improving time customer support phone helpful resolve issue quickly zero tailpipe emission main reason chose,"Over the air software updates are a great feature, keeps improving over time. Customer support over phone is helpful and resolves issues quickly. Zero tailpipe emissions is the main reason I chose an electric vehicle.",6,0.647447239,"Topic 6: charging, battery, almost, tier, use",6,0.111434377,"Topic 6: app, keep, update, software update, need",5,1.0,"Topic 5: air software, improving, great feature, keeps improving, updates great, improving time"
EV1191,Social Media,EV Scooter,Bajaj Chetak,East,3/27/2025,5,"Smart key and app based lock features work flawlessly, very convenient.",Software & Connectivity,smart key app based lock feature work flawlessly convenient,"Smart key and app based lock features work flawlessly, very convenient.",9,0.949998977,"Topic 9: price, subsidy, service, battery disposal, concerned environmental",6,0.203971773,"Topic 6: app, keep, update, software update, need",22,1.0,"Topic 22: app based, based, based lock, features work, flawlessly, flawlessly convenient"
EV1192,Marketplace Review,EV Scooter,Bajaj Chetak,South,7/23/2024,3,Concerned about environmental impact of battery disposal and recycling. Worried about battery degradation and replacement cost after warranty ends.,"Environmental Impact, Battery Life & Degradation",concerned environmental impact battery disposal recycling worried battery degradation replacement cost warranty end,Concerned about environmental impact of battery disposal and recycling. Worried about battery degradation and replacement cost after warranty ends.,0,0.533997673,"Topic 0: cost, battery, replacement cost, replacement, city",5,0.294011392,"Topic 5: battery disposal, disposal recycling, concerned, environmental impact, environmental",12,1.0,"Topic 12: battery disposal, environmental, disposal, disposal recycling, concerned, concerned environmental"
EV1193,Survey,EV Scooter,TVS iQube,Central,5/7/2024,5,"After sales support has been excellent, quick response and doorstep service. Charging infrastructure in tier 2 and tier 3 cities is almost non-existent. Battery performance is stable even after two years of heavy usage.","Service & After-Sales, Charging Infrastructure, Battery Life & Degradation",sale support excellent quick response doorstep service charging infrastructure tier tier city almost non existent battery performance stable two year heavy usage,"After sales support has been excellent, quick response and doorstep service. Charging infrastructure in tier 2 and tier 3 cities is almost non-existent. Battery performance is stable even after two years of heavy usage.",6,0.659150039,"Topic 6: charging, battery, almost, tier, use",8,0.08944563,"Topic 8: service, service center, center, appointment long, center needed",16,1.0,"Topic 16: tier, surprisingly, surprisingly high, compared petrol, insurance premium, insurance"
EV1194,Survey,EV Car,Mahindra XUV400,South,4/6/2025,4,Acceleration is smooth and instant torque makes overtaking effortless.,Performance & Ride Quality,acceleration smooth instant torque make overtaking effortless,Acceleration is smooth and instant torque makes overtaking effortless.,4,0.935713353,"Topic 4: software, month, year, battery, keep",7,0.070715509,"Topic 7: riding, low, smooth, level, impressively",23,1.0,"Topic 23: 30 range, badly, badly winter, cold weather, drops badly, cold"
EV1195,Marketplace Review,EV Scooter,Ola S1,Central,1/17/2025,4,Insurance premium for EV is surprisingly high compared to petrol vehicles.,Price & Subsidy,insurance premium surprisingly high compared petrol,Insurance premium for EV is surprisingly high compared to petrol vehicles.,8,0.924997791,"Topic 8: range, drop, defeat purpose, energy, energy used",7,0.026150544,"Topic 7: riding, low, smooth, level, impressively",16,1.0,"Topic 16: tier, surprisingly, surprisingly high, compared petrol, insurance premium, insurance"
EV1196,Social Media,EV Car,Hyundai Kona,North,11/22/2024,5,"Love the app that shows nearby charging stations, very convenient feature.",Charging Infrastructure,love app show nearby charging station convenient feature,"Love the app that shows nearby charging stations, very convenient feature.",6,0.943748039,"Topic 6: charging, battery, almost, tier, use",6,0.138731495,"Topic 6: app, keep, update, software update, need",8,0.011145998139271533,"Topic 8: vehicle good, test ratings, test, purchase decision, ratings, ratings reassured"
EV1197,Survey,EV Car,MG ZS EV,East,4/28/2025,4,"Battery replacement cost is almost half the price of the vehicle, very concerning. Navigation system integrated with range prediction is genuinely useful.","Battery Life & Degradation, Software & Connectivity",battery replacement cost almost half price concerning navigation system integrated range prediction genuinely useful,"Battery replacement cost is almost half the price of the vehicle, very concerning. Navigation system integrated with range prediction is genuinely useful.",0,0.495846348,"Topic 0: cost, battery, replacement cost, replacement, city",0,0.074455748,"Topic 0: cost, replacement cost, replacement, price, battery",10,1.0,"Topic 10: battery replacement, cost half, half price, concerning, price vehicle, vehicle concerning"
EV1198,Survey,EV Car,Tata Nexon EV,East,8/8/2024,3,"Worried about battery degradation and replacement cost after warranty ends. The vehicle has good crash test ratings which reassured my purchase decision. Interior quality feels cheap for the price point, needs improvement.","Battery Life & Degradation, Safety Features, Design & Aesthetics",worried battery degradation replacement cost warranty end crash test rating reassured purchase decision interior quality feel cheap price point need improvement,"Worried about battery degradation and replacement cost after warranty ends. The vehicle has good crash test ratings which reassured my purchase decision. Interior quality feels cheap for the price point, needs improvement.",2,0.348004211,"Topic 2: feel, quality, range, support, quality feel",0,0.075419485,"Topic 0: cost, replacement cost, replacement, price, battery",21,1.0,"Topic 21: cost warranty, battery degradation, warranty ends, ends, degradation replacement, worried battery"
EV1199,Survey,EV Scooter,Ola S1,South,3/5/2025,3,"Switching to EV feels good knowing I'm reducing my carbon footprint. The companion app keeps crashing, needs urgent software updates.","Environmental Impact, Software & Connectivity",switching feel knowing reducing carbon footprint companion app keep crashing need urgent software update,"Switching to EV feels good knowing I'm reducing my carbon footprint. The companion app keeps crashing, needs urgent software updates.",4,0.544412623,"Topic 4: software, month, year, battery, keep",6,0.301407944,"Topic 6: app, keep, update, software update, need",7,1.0,"Topic 7: ev, good knowing, knowing, feels good, carbon footprint, knowing reducing"
EV1200,Survey,EV Scooter,Ampere Magnus,Central,9/4/2024,4,The battery warranty of 300 years gives me confidence in long term reliability.,Battery Life & Degradation,battery warranty year give confidence long term reliability,The battery warranty of 300 years gives me confidence in long term reliability.,4,0.943748007,"Topic 4: software, month, year, battery, keep",8,0.048653052,"Topic 8: service, service center, center, appointment long, center needed",4,1.0,"Topic 4: big motivation, big, motivation going, motivation, contributing, going"
EV1201,Customer Support,EV Car,BYD Atto 3,South,3/2/2025,4,"Worried about battery degradation and replacement cost after warranty ends. Finding a working charging station in my city is still very difficult. Noise levels are impressively low, riding experience is very smooth and quiet.","Battery Life & Degradation, Charging Infrastructure, Performance & Ride Quality",worried battery degradation replacement cost warranty end finding working charging station city difficult noise level impressively low riding experience smooth quiet,"Worried about battery degradation and replacement cost after warranty ends. Finding a working charging station in my city is still very difficult. Noise levels are impressively low, riding experience is very smooth and quiet.",0,0.610465255,"Topic 0: cost, battery, replacement cost, replacement, city",7,0.213355114,"Topic 7: riding, low, smooth, level, impressively",0,1.0,"Topic 0: collision, systems, braking collision, collision alert, systems work, really traffic"
EV1202,Marketplace Review,EV Scooter,Ola S1,East,9/16/2024,4,"AC usage kills the range, on hot days I barely get half the claimed distance.",Range Anxiety,usage kill range hot day barely half claimed distance,"AC usage kills the range, on hot days I barely get half the claimed distance.",8,0.949999273,"Topic 8: range, drop, defeat purpose, energy, energy used",0,0.01816458,"Topic 0: cost, replacement cost, replacement, price, battery",4,1.0,"Topic 4: big motivation, big, motivation going, motivation, contributing, going"
EV1203,Social Media,EV Car,Hyundai Kona,North,12/6/2024,4,Worried about battery degradation and replacement cost after warranty ends.,Battery Life & Degradation,worried battery degradation replacement cost warranty end,Worried about battery degradation and replacement cost after warranty ends.,0,0.935712873,"Topic 0: cost, battery, replacement cost, replacement, city",0,0.107282482,"Topic 0: cost, replacement cost, replacement, price, battery",21,1.0,"Topic 21: cost warranty, battery degradation, warranty ends, ends, degradation replacement, worried battery"
EV1204,Customer Support,EV Scooter,Ampere Magnus,South,4/20/2025,4,"Smart key and app based lock features work flawlessly, very convenient. Battery health dropped to 85% within 18 months of daily use.","Software & Connectivity, Battery Life & Degradation",smart key app based lock feature work flawlessly convenient battery health dropped within month daily use,"Smart key and app based lock features work flawlessly, very convenient. Battery health dropped to 85% within 18 months of daily use.",9,0.530812906,"Topic 9: price, subsidy, service, battery disposal, concerned environmental",4,0.237212921,"Topic 4: use, daily use, daily, dropped, within month",22,1.0,"Topic 22: app based, based, based lock, features work, flawlessly, flawlessly convenient"
EV1205,Marketplace Review,EV Car,Tesla Model 3,North,10/27/2024,5,"Price after subsidy is still higher than a comparable petrol scooter. The real world range is much lower than advertised, I only get 250 km on a full charge.","Price & Subsidy, Range Anxiety",price subsidy higher comparable petrol scooter real world range lower advertised full charge,"Price after subsidy is still higher than a comparable petrol scooter. The real world range is much lower than advertised, I only get 250 km on a full charge.",1,0.524000197,"Topic 1: range, system, genuinely, useful, genuinely useful",1,0.038660805,"Topic 1: charge come, defeat purpose, defeat, come mostly, come",6,0.005749182376263939,"Topic 6: coal, defeats purpose, defeats, coal region, comes coal, comes"
EV1206,Marketplace Review,EV Scooter,Ampere Magnus,Central,4/29/2025,4,"Had a great experience with the service team, they explained everything clearly. Claimed range of 200 km is misleading, actual range is way less in city traffic.","Service & After-Sales, Range Anxiety",great experience service team explained everything clearly claimed range misleading actual range way less city traffic,"Had a great experience with the service team, they explained everything clearly. Claimed range of 200 km is misleading, actual range is way less in city traffic.",2,0.562038146,"Topic 2: feel, quality, range, support, quality feel",8,0.063741677,"Topic 8: service, service center, center, appointment long, center needed",1,1.0,"Topic 1: range, transparent, proper, time company, proper information, battery degrades"
EV1207,Customer Support,EV Scooter,Ola S1,East,5/7/2024,5,"Noise levels are impressively low, riding experience is very smooth and quiet. Build materials feel sturdy but the design is a bit too plain compared to rivals.","Performance & Ride Quality, Design & Aesthetics",noise level impressively low riding experience smooth quiet build material feel sturdy design bit plain compared rival,"Noise levels are impressively low, riding experience is very smooth and quiet. Build materials feel sturdy but the design is a bit too plain compared to rivals.",6,0.518180973,"Topic 6: charging, battery, almost, tier, use",7,0.234100543,"Topic 7: riding, low, smooth, level, impressively",3,0.19821505189785235,"Topic 3: low, stability control, control wet, impressive, impressive inspires, wet"
EV1208,Customer Support,EV Scooter,Bajaj Chetak,South,5/23/2025,4,Touchscreen infotainment system lags and is not very intuitive to use.,Software & Connectivity,touchscreen infotainment system lag intuitive use,Touchscreen infotainment system lags and is not very intuitive to use.,8,0.92499737,"Topic 8: range, drop, defeat purpose, energy, energy used",2,0.072613133,"Topic 2: braking, system, work well, work, well",18,1.0,"Topic 18: infotainment, infotainment lags, touchscreen, touchscreen infotainment, lags intuitive, lags"
EV1209,Marketplace Review,EV Scooter,Ola S1,North,3/16/2025,3,Zero tailpipe emissions is the main reason I chose an electric vehicle.,Environmental Impact,zero tailpipe emission main reason chose,Zero tailpipe emissions is the main reason I chose an electric vehicle.,6,0.925,"Topic 6: charging, battery, almost, tier, use",7,0.153486816,"Topic 7: riding, low, smooth, level, impressively",19,1.0,"Topic 19: chose, chose electric, emissions, emissions main, reason, reason chose"
EV1210,Survey,EV Scooter,TVS iQube,North,12/1/2024,2,"Spare parts availability is a major issue, waited a month for a replacement part. Energy used to charge still comes mostly from coal in my region, defeats the purpose somewhat.","Service & After-Sales, Environmental Impact",spare part availability major issue waited month replacement part energy used charge come mostly coal region defeat purpose somewhat,"Spare parts availability is a major issue, waited a month for a replacement part. Energy used to charge still comes mostly from coal in my region, defeats the purpose somewhat.",8,0.51621636,"Topic 8: range, drop, defeat purpose, energy, energy used",1,0.285045138,"Topic 1: charge come, defeat purpose, defeat, come mostly, come",6,1.0,"Topic 6: coal, defeats purpose, defeats, coal region, comes coal, comes"
EV1211,Marketplace Review,EV Scooter,Ather 450X,East,4/2/2025,4,"For daily commute the range is fine but long trips are stressful because of low range. Braking system feels sharp and responsive, regenerative braking works well.","Range Anxiety, Performance & Ride Quality",daily commute range fine long trip stressful low range braking system feel sharp responsive regenerative braking work well,"For daily commute the range is fine but long trips are stressful because of low range. Braking system feels sharp and responsive, regenerative braking works well.",7,0.488572848,"Topic 7: braking, work, system, work well, well",2,0.254336285,"Topic 2: braking, system, work well, work, well",1,1.0,"Topic 1: range, transparent, proper, time company, proper information, battery degrades"
EV1212,Marketplace Review,EV Car,Tata Nexon EV,East,6/9/2025,5,Battery health dropped to 85% within 18 months of daily use. Battery range degrades faster than expected after just one year of use.,"Battery Life & Degradation, Range Anxiety",battery health dropped within month daily use battery range degrades faster expected year use,Battery health dropped to 85% within 18 months of daily use. Battery range degrades faster than expected after just one year of use.,6,0.506502859,"Topic 6: charging, battery, almost, tier, use",4,0.299275863,"Topic 4: use, daily use, daily, dropped, within month",13,1.0,"Topic 13: 18, 18 months, 85, 85 18, health dropped, months daily"
EV1213,Survey,EV Car,MG ZS EV,South,1/10/2025,5,"Noise levels are impressively low, riding experience is very smooth and quiet.",Performance & Ride Quality,noise level impressively low riding experience smooth quiet,"Noise levels are impressively low, riding experience is very smooth and quiet.",9,0.943749598,"Topic 9: price, subsidy, service, battery disposal, concerned environmental",7,0.346479625,"Topic 7: riding, low, smooth, level, impressively",3,0.19950454356832648,"Topic 3: low, stability control, control wet, impressive, impressive inspires, wet"
EV1214,Social Media,EV Car,BYD Atto 3,West,1/14/2025,4,"Suspension is too stiff, ride quality is uncomfortable on bad roads. Navigation system integrated with range prediction is genuinely useful. Love the app that shows nearby charging stations, very convenient feature.","Performance & Ride Quality, Software & Connectivity, Charging Infrastructure",suspension stiff ride quality uncomfortable road navigation system integrated range prediction genuinely useful love app show nearby charging station convenient feature,"Suspension is too stiff, ride quality is uncomfortable on bad roads. Navigation system integrated with range prediction is genuinely useful. Love the app that shows nearby charging stations, very convenient feature.",6,0.332926653,"Topic 6: charging, battery, almost, tier, use",6,0.081967652,"Topic 6: app, keep, update, software update, need",8,0.01162783551467519,"Topic 8: vehicle good, test ratings, test, purchase decision, ratings, ratings reassured"
EV1215,Customer Support,EV Scooter,TVS iQube,South,4/26/2024,4,Battery range degrades faster than expected after just one year of use. Battery performance is stable even after two years of heavy usage.,"Range Anxiety, Battery Life & Degradation",battery range degrades faster expected year use battery performance stable two year heavy usage,Battery range degrades faster than expected after just one year of use. Battery performance is stable even after two years of heavy usage.,6,0.51505226,"Topic 6: charging, battery, almost, tier, use",4,0.057845311,"Topic 4: use, daily use, daily, dropped, within month",9,1.0,"Topic 9: lot, better, expected, attracts lot, attracts, looks futuristic"
EV1216,Survey,EV Scooter,Ampere Magnus,East,9/23/2024,4,"Software glitches caused the dashboard to freeze twice in a month. For the price, I expected better build quality and more features. There are very few authorized service centers, had to travel 100 km for repair.","Software & Connectivity, Price & Subsidy, Service & After-Sales",software glitch caused dashboard freeze twice month price expected better build quality feature authorized service center travel repair,"Software glitches caused the dashboard to freeze twice in a month. For the price, I expected better build quality and more features. There are very few authorized service centers, had to travel 100 km for repair.",4,0.406766729,"Topic 4: software, month, year, battery, keep",9,0.289342334,"Topic 9: dashboard, caused dashboard, caused, dashboard freeze, freeze twice",20,1.0,"Topic 20: dashboard, caused, freeze twice, glitches, freeze, glitches caused"
EV1217,Marketplace Review,EV Car,Tata Nexon EV,South,3/31/2025,4,"Love the app that shows nearby charging stations, very convenient feature.",Charging Infrastructure,love app show nearby charging station convenient feature,"Love the app that shows nearby charging stations, very convenient feature.",6,0.943748039,"Topic 6: charging, battery, almost, tier, use",6,0.138731495,"Topic 6: app, keep, update, software update, need",8,0.011122077638324925,"Topic 8: vehicle good, test ratings, test, purchase decision, ratings, ratings reassured"
EV1218,Survey,EV Scooter,Hero Vida V1,Central,10/24/2024,4,"Had a great experience with the service team, they explained everything clearly. The battery warranty of 20 years gives me confidence in long term reliability. Read reports about battery fires, safety is my biggest concern before buying.","Service & After-Sales, Battery Life & Degradation, Safety Features",great experience service team explained everything clearly battery warranty year give confidence long term reliability read report battery fire safety biggest concern buying,"Had a great experience with the service team, they explained everything clearly. The battery warranty of 20 years gives me confidence in long term reliability. Read reports about battery fires, safety is my biggest concern before buying.",4,0.621081552,"Topic 4: software, month, year, battery, keep",8,0.100408205,"Topic 8: service, service center, center, appointment long, center needed",4,1.0,"Topic 4: big motivation, big, motivation going, motivation, contributing, going"
EV1219,Social Media,EV Car,MG ZS EV,South,5/20/2025,4,"AC usage kills the range, on hot days I barely get half the claimed distance.",Range Anxiety,usage kill range hot day barely half claimed distance,"AC usage kills the range, on hot days I barely get half the claimed distance.",8,0.949999273,"Topic 8: range, drop, defeat purpose, energy, energy used",0,0.01816458,"Topic 0: cost, replacement cost, replacement, price, battery",4,1.0,"Topic 4: big motivation, big, motivation going, motivation, contributing, going"
EV1220,Social Media,EV Scooter,Bajaj Chetak,Central,3/29/2024,4,"Charging takes too long, almost 6 hours for a full charge at home.",Charging Infrastructure,charging take long almost hour full charge home,"Charging takes too long, almost 6 hours for a full charge at home.",6,0.94374764,"Topic 6: charging, battery, almost, tier, use",1,0.04253604,"Topic 1: charge come, defeat purpose, defeat, come mostly, come",11,0.010392820504850457,"Topic 11: home, bluetooth, riding frustrating, connectivity, bluetooth connectivity, drops frequently"
EV1221,Marketplace Review,EV Scooter,Hero Vida V1,Central,2/24/2025,4,"Interior quality feels cheap for the price point, needs improvement. Love the app that shows nearby charging stations, very convenient feature.","Design & Aesthetics, Charging Infrastructure",interior quality feel cheap price point need improvement love app show nearby charging station convenient feature,"Interior quality feels cheap for the price point, needs improvement. Love the app that shows nearby charging stations, very convenient feature.",2,0.496630904,"Topic 2: feel, quality, range, support, quality feel",6,0.134287406,"Topic 6: app, keep, update, software update, need",18,1.0,"Topic 18: infotainment, infotainment lags, touchscreen, touchscreen infotainment, lags intuitive, lags"
EV1222,Marketplace Review,EV Car,Mahindra XUV400,Central,12/18/2024,5,"No proper information on how battery degrades over time, company should be transparent. Heard about a thermal runaway incident, this has shaken my trust in EV safety.","Battery Life & Degradation, Safety Features",proper information battery degrades time company transparent heard thermal runaway incident shaken trust safety,"No proper information on how battery degrades over time, company should be transparent. Heard about a thermal runaway incident, this has shaken my trust in EV safety.",5,0.499987662,"Topic 5: battery, center, service center, service, safety",8,0.047466883,"Topic 8: service, service center, center, appointment long, center needed",1,0.2067901673420192,"Topic 1: range, transparent, proper, time company, proper information, battery degrades"
EV1223,Marketplace Review,EV Car,MG ZS EV,Central,2/26/2024,4,"Charging takes too long, almost 6 hours for a full charge at home. Read reports about battery fires, safety is my biggest concern before buying. Battery health dropped to 85% within 18 months of daily use.","Charging Infrastructure, Safety Features, Battery Life & Degradation",charging take long almost hour full charge home read report battery fire safety biggest concern buying battery health dropped within month daily use,"Charging takes too long, almost 6 hours for a full charge at home. Read reports about battery fires, safety is my biggest concern before buying. Battery health dropped to 85% within 18 months of daily use.",6,0.611355034,"Topic 6: charging, battery, almost, tier, use",4,0.234244807,"Topic 4: use, daily use, daily, dropped, within month",13,0.010457452465234643,"Topic 13: 18, 18 months, 85, 85 18, health dropped, months daily"
EV1224,Social Media,EV Scooter,Hero Vida V1,East,6/15/2025,4,"After sales support has been excellent, quick response and doorstep service. Fast charging network needs serious expansion on highways.","Service & After-Sales, Charging Infrastructure",sale support excellent quick response doorstep service fast charging network need serious expansion highway,"After sales support has been excellent, quick response and doorstep service. Fast charging network needs serious expansion on highways.",2,0.51562603,"Topic 2: feel, quality, range, support, quality feel",8,0.079826678,"Topic 8: service, service center, center, appointment long, center needed",21,1.0,"Topic 21: cost warranty, battery degradation, warranty ends, ends, degradation replacement, worried battery"
EV1225,Customer Support,EV Scooter,Ather 450X,Central,4/5/2024,3,Stability control on wet roads is impressive and inspires confidence.,Safety Features,stability control wet road impressive inspires confidence,Stability control on wet roads is impressive and inspires confidence.,0,0.935713446,"Topic 0: cost, battery, replacement cost, replacement, city",7,0.259998231,"Topic 7: riding, low, smooth, level, impressively",3,1.0,"Topic 3: low, stability control, control wet, impressive, impressive inspires, wet"
EV1226,Social Media,EV Car,BYD Atto 3,South,12/11/2024,3,"Switching to EV feels good knowing I'm reducing my carbon footprint. The real world range is much lower than advertised, I only get 3 km on a full charge. Heard about a thermal runaway incident, this has shaken my trust in EV safety.","Environmental Impact, Range Anxiety, Safety Features",switching feel knowing reducing carbon footprint real world range lower advertised full charge heard thermal runaway incident shaken trust safety,"Switching to EV feels good knowing I'm reducing my carbon footprint. The real world range is much lower than advertised, I only get 3 km on a full charge. Heard about a thermal runaway incident, this has shaken my trust in EV safety.",3,0.344736315,"Topic 3: safety, use, highway, part, feature",8,0.04790143,"Topic 8: service, service center, center, appointment long, center needed",7,1.0,"Topic 7: ev, good knowing, knowing, feels good, carbon footprint, knowing reducing"
EV1227,Social Media,EV Scooter,Hero Vida V1,Central,3/2/2025,5,"Contributing to a cleaner city is a big motivation behind going electric. Range anxiety is real, I plan every trip around charging stops now.","Environmental Impact, Range Anxiety",contributing cleaner city big motivation behind going range anxiety real plan every trip around charging stop,"Contributing to a cleaner city is a big motivation behind going electric. Range anxiety is real, I plan every trip around charging stops now.",2,0.506814379,"Topic 2: feel, quality, range, support, quality feel",0,0.020760801,"Topic 0: cost, replacement cost, replacement, price, battery",4,0.19994788209932124,"Topic 4: big motivation, big, motivation going, motivation, contributing, going"
EV1228,Social Media,EV Scooter,Bajaj Chetak,West,10/31/2024,3,Software glitches caused the dashboard to freeze twice in a month. Finding a working charging station in my city is still very difficult.,"Software & Connectivity, Charging Infrastructure",software glitch caused dashboard freeze twice month finding working charging station city difficult,Software glitches caused the dashboard to freeze twice in a month. Finding a working charging station in my city is still very difficult.,4,0.509354176,"Topic 4: software, month, year, battery, keep",9,0.347004232,"Topic 9: dashboard, caused dashboard, caused, dashboard freeze, freeze twice",20,1.0,"Topic 20: dashboard, caused, freeze twice, glitches, freeze, glitches caused"
EV1229,Marketplace Review,EV Car,Mahindra XUV400,West,4/20/2025,4,Total cost of ownership is great once you factor in low maintenance and fuel savings. Top speed is decent for city use but not enough for highway cruising.,"Price & Subsidy, Performance & Ride Quality",total cost ownership great factor low maintenance fuel saving top speed decent city use enough highway cruising,Total cost of ownership is great once you factor in low maintenance and fuel savings. Top speed is decent for city use but not enough for highway cruising.,0,0.53878039,"Topic 0: cost, battery, replacement cost, replacement, city",7,0.041394307,"Topic 7: riding, low, smooth, level, impressively",3,1.0,"Topic 3: low, stability control, control wet, impressive, impressive inspires, wet"
EV1230,Customer Support,EV Scooter,Hero Vida V1,West,5/13/2024,4,Handling and stability at high speed feels very confident and safe.,Performance & Ride Quality,handling stability high speed feel confident safe,Handling and stability at high speed feels very confident and safe.,1,0.935713476,"Topic 1: range, system, genuinely, useful, genuinely useful",7,0.042842529,"Topic 7: riding, low, smooth, level, impressively",2,1.0,"Topic 2: makes, high, size makes, park, easy, maneuver"
EV1231,Marketplace Review,EV Scooter,Ather 450X,North,9/30/2024,5,"Over the air software updates are a great feature, keeps improving over time. Running cost is much lower than petrol, saving a lot on fuel every month.","Software & Connectivity, Price & Subsidy",air software update great feature keep improving time running cost lower petrol saving lot fuel every month,"Over the air software updates are a great feature, keeps improving over time. Running cost is much lower than petrol, saving a lot on fuel every month.",4,0.626540824,"Topic 4: software, month, year, battery, keep",6,0.124466124,"Topic 6: app, keep, update, software update, need",5,1.0,"Topic 5: air software, improving, great feature, keeps improving, updates great, improving time"
EV1232,Marketplace Review,EV Car,Hyundai Kona,Central,3/4/2025,4,"Resale value of electric vehicles is still uncertain, worried about depreciation. Battery performance is stable even after two years of heavy usage.","Price & Subsidy, Battery Life & Degradation",resale value uncertain worried depreciation battery performance stable two year heavy usage,"Resale value of electric vehicles is still uncertain, worried about depreciation. Battery performance is stable even after two years of heavy usage.",6,0.569563799,"Topic 6: charging, battery, almost, tier, use",8,0.036510537,"Topic 8: service, service center, center, appointment long, center needed",5,0.04542840113862596,"Topic 5: air software, improving, great feature, keeps improving, updates great, improving time"
EV1233,Social Media,EV Scooter,Ather 450X,West,6/11/2025,4,"Bluetooth connectivity drops frequently while riding, very frustrating.",Software & Connectivity,bluetooth connectivity drop frequently riding frustrating,"Bluetooth connectivity drops frequently while riding, very frustrating.",8,0.924999723,"Topic 8: range, drop, defeat purpose, energy, energy used",7,0.103162611,"Topic 7: riding, low, smooth, level, impressively",11,1.0,"Topic 11: home, bluetooth, riding frustrating, connectivity, bluetooth connectivity, drops frequently"
EV1234,Survey,EV Scooter,Bajaj Chetak,North,2/6/2025,5,Emergency braking and collision alert systems work really well in traffic.,Safety Features,emergency braking collision alert system work well traffic,Emergency braking and collision alert systems work really well in traffic.,7,0.943749731,"Topic 7: braking, work, system, work well, well",2,0.319097782,"Topic 2: braking, system, work well, work, well",0,0.015237344448042082,"Topic 0: collision, systems, braking collision, collision alert, systems work, really traffic"
EV1235,Customer Support,EV Car,MG ZS EV,North,2/21/2024,4,"Spare parts availability is a major issue, waited a month for a replacement part.",Service & After-Sales,spare part availability major issue waited month replacement part,"Spare parts availability is a major issue, waited a month for a replacement part.",3,0.949999206,"Topic 3: safety, use, highway, part, feature",9,0.022143653,"Topic 9: dashboard, caused dashboard, caused, dashboard freeze, freeze twice",0,0.1919694876878408,"Topic 0: collision, systems, braking collision, collision alert, systems work, really traffic"
EV1236,Survey,EV Scooter,TVS iQube,North,3/17/2025,3,The battery warranty of 5 years gives me confidence in long term reliability.,Battery Life & Degradation,battery warranty year give confidence long term reliability,The battery warranty of 5 years gives me confidence in long term reliability.,4,0.943748007,"Topic 4: software, month, year, battery, keep",8,0.048653052,"Topic 8: service, service center, center, appointment long, center needed",4,1.0,"Topic 4: big motivation, big, motivation going, motivation, contributing, going"
EV1237,Customer Support,EV Scooter,Bajaj Chetak,North,2/14/2025,5,"Claimed range of 250 km is misleading, actual range is way less in city traffic.",Range Anxiety,claimed range misleading actual range way less city traffic,"Claimed range of 250 km is misleading, actual range is way less in city traffic.",2,0.949997407,"Topic 2: feel, quality, range, support, quality feel",7,0.041861356,"Topic 7: riding, low, smooth, level, impressively",1,1.0,"Topic 1: range, transparent, proper, time company, proper information, battery degrades"
EV1238,Marketplace Review,EV Scooter,Ola S1,Central,4/6/2025,3,"Read reports about battery fires, safety is my biggest concern before buying. Service center staff are not well trained to handle EV specific issues. Highway charging stops are rare, long distance travel is a nightmare.","Safety Features, Service & After-Sales, Charging Infrastructure",read report battery fire safety biggest concern buying service center staff well trained handle specific issue highway charging stop rare long distance travel nightmare,"Read reports about battery fires, safety is my biggest concern before buying. Service center staff are not well trained to handle EV specific issues. Highway charging stops are rare, long distance travel is a nightmare.",5,0.688460678,"Topic 5: battery, center, service center, service, safety",8,0.221977456,"Topic 8: service, service center, center, appointment long, center needed",7,1.0,"Topic 7: ev, good knowing, knowing, feels good, carbon footprint, knowing reducing"
EV1239,Customer Support,EV Scooter,TVS iQube,South,7/22/2024,3,"Contributing to a cleaner city is a big motivation behind going electric. Heard about a thermal runaway incident, this has shaken my trust in EV safety.","Environmental Impact, Safety Features",contributing cleaner city big motivation behind going heard thermal runaway incident shaken trust safety,"Contributing to a cleaner city is a big motivation behind going electric. Heard about a thermal runaway incident, this has shaken my trust in EV safety.",3,0.499375048,"Topic 3: safety, use, highway, part, feature",3,0.022456202,"Topic 3: ab, ab traction, control give, traction, traction control",4,0.2088444528559834,"Topic 4: big motivation, big, motivation going, motivation, contributing, going"
EV1240,Survey,EV Car,Tata Nexon EV,South,12/7/2024,5,Navigation system integrated with range prediction is genuinely useful.,Software & Connectivity,navigation system integrated range prediction genuinely useful,Navigation system integrated with range prediction is genuinely useful.,1,0.935713504,"Topic 1: range, system, genuinely, useful, genuinely useful",7,0.077765455,"Topic 7: riding, low, smooth, level, impressively",8,0.029209676219641892,"Topic 8: vehicle good, test ratings, test, purchase decision, ratings, ratings reassured"
EV1241,Social Media,EV Scooter,Ather 450X,East,11/22/2024,4,Battery performance is stable even after two years of heavy usage. Loved the color options and the overall styling of the vehicle. Customer support over phone is helpful and resolves issues quickly.,"Battery Life & Degradation, Design & Aesthetics, Service & After-Sales",battery performance stable two year heavy usage loved color option overall styling customer support phone helpful resolve issue quickly,Battery performance is stable even after two years of heavy usage. Loved the color options and the overall styling of the vehicle. Customer support over phone is helpful and resolves issues quickly.,6,0.613888853,"Topic 6: charging, battery, almost, tier, use",8,0.042291609,"Topic 8: service, service center, center, appointment long, center needed",0,0.08826310176392975,"Topic 0: collision, systems, braking collision, collision alert, systems work, really traffic"
EV1242,Customer Support,EV Scooter,Hero Vida V1,West,1/18/2024,4,Top speed is decent for city use but not enough for highway cruising.,Performance & Ride Quality,top speed decent city use enough highway cruising,Top speed is decent for city use but not enough for highway cruising.,3,0.9437488,"Topic 3: safety, use, highway, part, feature",4,0.041234172,"Topic 4: use, daily use, daily, dropped, within month",15,0.000955566541818251,"Topic 15: highway, discount, ev subsidy, delayed discount, subsidy scheme, state got"
EV1243,Customer Support,EV Car,Mahindra XUV400,North,4/30/2025,5,"Waiting time for service appointment is too long, more service centers needed.",Service & After-Sales,waiting time service appointment long service center needed,"Waiting time for service appointment is too long, more service centers needed.",9,0.943747689,"Topic 9: price, subsidy, service, battery disposal, concerned environmental",8,0.379906776,"Topic 8: service, service center, center, appointment long, center needed",14,1.0,"Topic 14: service, bit plain, design bit, compared rivals, bit, materials feel"
EV1244,Survey,EV Car,Tesla Model 3,Central,5/6/2025,4,Battery performance is stable even after two years of heavy usage.,Battery Life & Degradation,battery performance stable two year heavy usage,Battery performance is stable even after two years of heavy usage.,6,0.935713193,"Topic 6: charging, battery, almost, tier, use",8,0.052289309,"Topic 8: service, service center, center, appointment long, center needed",9,0.08811551451976297,"Topic 9: lot, better, expected, attracts lot, attracts, looks futuristic"
EV1245,Social Media,EV Scooter,Ather 450X,North,4/22/2024,4,The upfront price is high but government subsidy makes it affordable.,Price & Subsidy,upfront price high government subsidy make affordable,The upfront price is high but government subsidy makes it affordable.,9,0.935713,"Topic 9: price, subsidy, service, battery disposal, concerned environmental",0,0.054278679,"Topic 0: cost, replacement cost, replacement, price, battery",2,0.001667568270320812,"Topic 2: makes, high, size makes, park, easy, maneuver"
EV1246,Marketplace Review,EV Scooter,TVS iQube,South,2/26/2025,4,"For the price, I expected better build quality and more features. LED lighting and digital dashboard give it a premium, modern look.","Price & Subsidy, Design & Aesthetics",price expected better build quality feature led lighting digital dashboard give premium modern look,"For the price, I expected better build quality and more features. LED lighting and digital dashboard give it a premium, modern look.",0,0.543734761,"Topic 0: cost, battery, replacement cost, replacement, city",9,0.124483721,"Topic 9: dashboard, caused dashboard, caused, dashboard freeze, freeze twice",9,0.04838720494801171,"Topic 9: lot, better, expected, attracts lot, attracts, looks futuristic"
EV1247,Social Media,EV Car,Tesla Model 3,Central,7/31/2024,4,The vehicle has good crash test ratings which reassured my purchase decision.,Safety Features,crash test rating reassured purchase decision,The vehicle has good crash test ratings which reassured my purchase decision.,9,0.925,"Topic 9: price, subsidy, service, battery disposal, concerned environmental",9,0.102568155,"Topic 9: dashboard, caused dashboard, caused, dashboard freeze, freeze twice",8,1.0,"Topic 8: vehicle good, test ratings, test, purchase decision, ratings, ratings reassured"
EV1248,Marketplace Review,EV Scooter,Ampere Magnus,East,6/26/2024,4,Navigation system integrated with range prediction is genuinely useful.,Software & Connectivity,navigation system integrated range prediction genuinely useful,Navigation system integrated with range prediction is genuinely useful.,1,0.935713504,"Topic 1: range, system, genuinely, useful, genuinely useful",7,0.077765455,"Topic 7: riding, low, smooth, level, impressively",8,0.02925440839913832,"Topic 8: vehicle good, test ratings, test, purchase decision, ratings, ratings reassured"
EV1249,Customer Support,EV Scooter,Ampere Magnus,East,5/10/2025,4,Price after subsidy is still higher than a comparable petrol scooter.,Price & Subsidy,price subsidy higher comparable petrol scooter,Price after subsidy is still higher than a comparable petrol scooter.,9,0.924998907,"Topic 9: price, subsidy, service, battery disposal, concerned environmental",0,0.029697944,"Topic 0: cost, replacement cost, replacement, price, battery",6,0.0058095010214373796,"Topic 6: coal, defeats purpose, defeats, coal region, comes coal, comes"
EV1250,Customer Support,EV Scooter,Ampere Magnus,South,10/31/2024,5,"Waiting time for service appointment is too long, more service centers needed. For the price, I expected better build quality and more features.","Service & After-Sales, Price & Subsidy",waiting time service appointment long service center needed price expected better build quality feature,"Waiting time for service appointment is too long, more service centers needed. For the price, I expected better build quality and more features.",9,0.587400182,"Topic 9: price, subsidy, service, battery disposal, concerned environmental",8,0.316621511,"Topic 8: service, service center, center, appointment long, center needed",14,1.0,"Topic 14: service, bit plain, design bit, compared rivals, bit, materials feel"
EV1251,Customer Support,EV Scooter,Bajaj Chetak,Central,10/7/2024,4,Service center staff are not well trained to handle EV specific issues.,Service & After-Sales,service center staff well trained handle specific issue,Service center staff are not well trained to handle EV specific issues.,5,0.943748934,"Topic 5: battery, center, service center, service, safety",8,0.29569031,"Topic 8: service, service center, center, appointment long, center needed",7,1.0,"Topic 7: ev, good knowing, knowing, feels good, carbon footprint, knowing reducing"
EV1252,Customer Support,EV Scooter,Bajaj Chetak,South,10/24/2024,4,"Range anxiety is real, I plan every trip around charging stops now.",Range Anxiety,range anxiety real plan every trip around charging stop,"Range anxiety is real, I plan every trip around charging stops now.",2,0.949997191,"Topic 2: feel, quality, range, support, quality feel",9,0.026957355,"Topic 9: dashboard, caused dashboard, caused, dashboard freeze, freeze twice",15,0.0006139858013036679,"Topic 15: highway, discount, ev subsidy, delayed discount, subsidy scheme, state got"
EV1253,Marketplace Review,EV Car,Hyundai Kona,East,5/5/2025,4,Price after subsidy is still higher than a comparable petrol scooter.,Price & Subsidy,price subsidy higher comparable petrol scooter,Price after subsidy is still higher than a comparable petrol scooter.,9,0.924998907,"Topic 9: price, subsidy, service, battery disposal, concerned environmental",0,0.029697944,"Topic 0: cost, replacement cost, replacement, price, battery",6,0.005798148275886412,"Topic 6: coal, defeats purpose, defeats, coal region, comes coal, comes"
EV1254,Customer Support,EV Scooter,Ampere Magnus,South,4/21/2024,3,"Energy used to charge still comes mostly from coal in my region, defeats the purpose somewhat.",Environmental Impact,energy used charge come mostly coal region defeat purpose somewhat,"Energy used to charge still comes mostly from coal in my region, defeats the purpose somewhat.",8,0.954999819,"Topic 8: range, drop, defeat purpose, energy, energy used",1,0.428435062,"Topic 1: charge come, defeat purpose, defeat, come mostly, come",6,1.0,"Topic 6: coal, defeats purpose, defeats, coal region, comes coal, comes"
EV1255,Survey,EV Car,MG ZS EV,Central,8/19/2024,4,The upfront price is high but government subsidy makes it affordable.,Price & Subsidy,upfront price high government subsidy make affordable,The upfront price is high but government subsidy makes it affordable.,9,0.935713,"Topic 9: price, subsidy, service, battery disposal, concerned environmental",0,0.054278679,"Topic 0: cost, replacement cost, replacement, price, battery",2,0.0016670923898065271,"Topic 2: makes, high, size makes, park, easy, maneuver"
EV1256,Customer Support,EV Car,Mahindra XUV400,West,4/12/2024,4,Worried about battery degradation and replacement cost after warranty ends.,Battery Life & Degradation,worried battery degradation replacement cost warranty end,Worried about battery degradation and replacement cost after warranty ends.,0,0.935712873,"Topic 0: cost, battery, replacement cost, replacement, city",0,0.107282482,"Topic 0: cost, replacement cost, replacement, price, battery",21,1.0,"Topic 21: cost warranty, battery degradation, warranty ends, ends, degradation replacement, worried battery"
EV1257,Marketplace Review,EV Car,Mahindra XUV400,West,7/23/2024,4,"After sales support has been excellent, quick response and doorstep service. Acceleration is smooth and instant torque makes overtaking effortless.","Service & After-Sales, Performance & Ride Quality",sale support excellent quick response doorstep service acceleration smooth instant torque make overtaking effortless,"After sales support has been excellent, quick response and doorstep service. Acceleration is smooth and instant torque makes overtaking effortless.",4,0.49893359,"Topic 4: software, month, year, battery, keep",8,0.075229719,"Topic 8: service, service center, center, appointment long, center needed",21,1.0,"Topic 21: cost warranty, battery degradation, warranty ends, ends, degradation replacement, worried battery"
EV1258,Social Media,EV Car,Tesla Model 3,Central,2/8/2024,5,Battery health dropped to 85% within 18 months of daily use. The design looks futuristic and attracts a lot of attention on the road.,"Battery Life & Degradation, Design & Aesthetics",battery health dropped within month daily use design look futuristic attracts lot attention road,Battery health dropped to 85% within 18 months of daily use. The design looks futuristic and attracts a lot of attention on the road.,6,0.502977281,"Topic 6: charging, battery, almost, tier, use",4,0.26906787,"Topic 4: use, daily use, daily, dropped, within month",13,1.0,"Topic 13: 18, 18 months, 85, 85 18, health dropped, months daily"
EV1259,Social Media,EV Scooter,Bajaj Chetak,East,2/8/2024,3,"Range drops badly in winter, I lost almost 30% range in cold weather. After sales support has been excellent, quick response and doorstep service.","Range Anxiety, Service & After-Sales",range drop badly winter lost almost range cold weather sale support excellent quick response doorstep service,"Range drops badly in winter, I lost almost 30% range in cold weather. After sales support has been excellent, quick response and doorstep service.",8,0.525885966,"Topic 8: range, drop, defeat purpose, energy, energy used",8,0.069028402,"Topic 8: service, service center, center, appointment long, center needed",23,1.0,"Topic 23: 30 range, badly, badly winter, cold weather, drops badly, cold"
EV1260,Marketplace Review,EV Scooter,Bajaj Chetak,South,5/31/2025,4,Touchscreen infotainment system lags and is not very intuitive to use.,Software & Connectivity,touchscreen infotainment system lag intuitive use,Touchscreen infotainment system lags and is not very intuitive to use.,8,0.92499737,"Topic 8: range, drop, defeat purpose, energy, energy used",2,0.072613133,"Topic 2: braking, system, work well, work, well",18,1.0,"Topic 18: infotainment, infotainment lags, touchscreen, touchscreen infotainment, lags intuitive, lags"
EV1261,Customer Support,EV Car,Tata Nexon EV,South,4/14/2025,3,"Waiting time for service appointment is too long, more service centers needed.",Service & After-Sales,waiting time service appointment long service center needed,"Waiting time for service appointment is too long, more service centers needed.",9,0.943747689,"Topic 9: price, subsidy, service, battery disposal, concerned environmental",8,0.379906776,"Topic 8: service, service center, center, appointment long, center needed",14,1.0,"Topic 14: service, bit plain, design bit, compared rivals, bit, materials feel"
EV1262,Customer Support,EV Car,Tata Nexon EV,East,7/16/2024,3,"Battery replacement cost is almost half the price of the vehicle, very concerning. Compact size makes it easy to park and maneuver in city traffic.","Battery Life & Degradation, Design & Aesthetics",battery replacement cost almost half price concerning compact size make easy park maneuver city traffic,"Battery replacement cost is almost half the price of the vehicle, very concerning. Compact size makes it easy to park and maneuver in city traffic.",1,0.505304648,"Topic 1: range, system, genuinely, useful, genuinely useful",0,0.09371827,"Topic 0: cost, replacement cost, replacement, price, battery",10,1.0,"Topic 10: battery replacement, cost half, half price, concerning, price vehicle, vehicle concerning"
EV1263,Marketplace Review,EV Scooter,Ola S1,North,7/8/2024,3,"The battery warranty of 150 years gives me confidence in long term reliability. The companion app keeps crashing, needs urgent software updates.","Battery Life & Degradation, Software & Connectivity",battery warranty year give confidence long term reliability companion app keep crashing need urgent software update,"The battery warranty of 150 years gives me confidence in long term reliability. The companion app keeps crashing, needs urgent software updates.",4,0.97096705,"Topic 4: software, month, year, battery, keep",6,0.291208887,"Topic 6: app, keep, update, software update, need",17,1.0,"Topic 17: app keeps, crashing, crashing needs, companion app, companion, urgent software"
EV1264,Social Media,EV Scooter,Bajaj Chetak,West,9/30/2024,5,"Braking system feels sharp and responsive, regenerative braking works well.",Performance & Ride Quality,braking system feel sharp responsive regenerative braking work well,"Braking system feels sharp and responsive, regenerative braking works well.",7,0.949999688,"Topic 7: braking, work, system, work well, well",2,0.362732406,"Topic 2: braking, system, work well, work, well",24,1.0,"Topic 24: braking, braking feels, braking works, responsive, regenerative braking, responsive regenerative"
EV1265,Customer Support,EV Car,Hyundai Kona,South,3/4/2024,4,"Charging takes too long, almost 6 hours for a full charge at home. Over the air software updates are a great feature, keeps improving over time.","Charging Infrastructure, Software & Connectivity",charging take long almost hour full charge home air software update great feature keep improving time,"Charging takes too long, almost 6 hours for a full charge at home. Over the air software updates are a great feature, keeps improving over time.",6,0.970966604,"Topic 6: charging, battery, almost, tier, use",6,0.138117977,"Topic 6: app, keep, update, software update, need",5,0.010393783707367089,"Topic 5: air software, improving, great feature, keeps improving, updates great, improving time"
EV1266,Customer Support,EV Scooter,Hero Vida V1,North,10/29/2024,4,The motor is powerful and pickup is much better than petrol variants.,Performance & Ride Quality,motor powerful pickup better petrol variant,The motor is powerful and pickup is much better than petrol variants.,3,0.92499857,"Topic 3: safety, use, highway, part, feature",5,0.012919841,"Topic 5: battery disposal, disposal recycling, concerned, environmental impact, environmental",9,1.0,"Topic 9: lot, better, expected, attracts lot, attracts, looks futuristic"
EV1267,Marketplace Review,EV Car,MG ZS EV,South,4/10/2025,4,Concerned about environmental impact of battery disposal and recycling.,Environmental Impact,concerned environmental impact battery disposal recycling,Concerned about environmental impact of battery disposal and recycling.,9,0.924998615,"Topic 9: price, subsidy, service, battery disposal, concerned environmental",5,0.435865403,"Topic 5: battery disposal, disposal recycling, concerned, environmental impact, environmental",12,1.0,"Topic 12: battery disposal, environmental, disposal, disposal recycling, concerned, concerned environmental"
EV1268,Marketplace Review,EV Scooter,Hero Vida V1,Central,8/11/2024,3,"Running cost is much lower than petrol, saving a lot on fuel every month.",Price & Subsidy,running cost lower petrol saving lot fuel every month,"Running cost is much lower than petrol, saving a lot on fuel every month.",4,0.949998874,"Topic 4: software, month, year, battery, keep",9,0.051628088,"Topic 9: dashboard, caused dashboard, caused, dashboard freeze, freeze twice",9,0.00974830058386112,"Topic 9: lot, better, expected, attracts lot, attracts, looks futuristic"
EV1269,Customer Support,EV Scooter,Ampere Magnus,North,4/24/2024,4,"Claimed range of 30 km is misleading, actual range is way less in city traffic.",Range Anxiety,claimed range misleading actual range way less city traffic,"Claimed range of 30 km is misleading, actual range is way less in city traffic.",2,0.949997407,"Topic 2: feel, quality, range, support, quality feel",7,0.041861356,"Topic 7: riding, low, smooth, level, impressively",1,1.0,"Topic 1: range, transparent, proper, time company, proper information, battery degrades"
EV1270,Customer Support,EV Car,MG ZS EV,Central,3/28/2025,3,Fast charging network needs serious expansion on highways.,Charging Infrastructure,fast charging network need serious expansion highway,Fast charging network needs serious expansion on highways.,3,0.935712804,"Topic 3: safety, use, highway, part, feature",6,0.075128743,"Topic 6: app, keep, update, software update, need",2,1.0,"Topic 2: makes, high, size makes, park, easy, maneuver"
EV1271,Marketplace Review,EV Scooter,Ola S1,North,4/9/2025,4,Battery performance is stable even after two years of heavy usage.,Battery Life & Degradation,battery performance stable two year heavy usage,Battery performance is stable even after two years of heavy usage.,6,0.935713193,"Topic 6: charging, battery, almost, tier, use",8,0.052289309,"Topic 8: service, service center, center, appointment long, center needed",9,0.08858197081714274,"Topic 9: lot, better, expected, attracts lot, attracts, looks futuristic"
EV1272,Survey,EV Scooter,Bajaj Chetak,Central,4/18/2025,4,"Waiting time for service appointment is too long, more service centers needed.",Service & After-Sales,waiting time service appointment long service center needed,"Waiting time for service appointment is too long, more service centers needed.",9,0.943747689,"Topic 9: price, subsidy, service, battery disposal, concerned environmental",8,0.379906776,"Topic 8: service, service center, center, appointment long, center needed",14,1.0,"Topic 14: service, bit plain, design bit, compared rivals, bit, materials feel"
EV1273,Customer Support,EV Car,Mahindra XUV400,North,8/11/2024,4,"Switching to EV feels good knowing I'm reducing my carbon footprint. Highway charging stops are rare, long distance travel is a nightmare.","Environmental Impact, Charging Infrastructure",switching feel knowing reducing carbon footprint highway charging stop rare long distance travel nightmare,"Switching to EV feels good knowing I'm reducing my carbon footprint. Highway charging stops are rare, long distance travel is a nightmare.",8,0.522305593,"Topic 8: range, drop, defeat purpose, energy, energy used",8,0.095756744,"Topic 8: service, service center, center, appointment long, center needed",7,1.0,"Topic 7: ev, good knowing, knowing, feels good, carbon footprint, knowing reducing"
EV1274,Survey,EV Scooter,Hero Vida V1,Central,3/2/2024,3,Finding a working charging station in my city is still very difficult. Touchscreen infotainment system lags and is not very intuitive to use.,"Charging Infrastructure, Software & Connectivity",finding working charging station city difficult touchscreen infotainment system lag intuitive use,Finding a working charging station in my city is still very difficult. Touchscreen infotainment system lags and is not very intuitive to use.,8,0.499952199,"Topic 8: range, drop, defeat purpose, energy, energy used",2,0.067845758,"Topic 2: braking, system, work well, work, well",0,1.0,"Topic 0: collision, systems, braking collision, collision alert, systems work, really traffic"
EV1275,Social Media,EV Scooter,Ather 450X,West,1/18/2025,4,"Storage space under the seat is very limited, not practical for daily use.",Design & Aesthetics,storage space seat limited practical daily use,"Storage space under the seat is very limited, not practical for daily use.",3,0.93571352,"Topic 3: safety, use, highway, part, feature",4,0.148974955,"Topic 4: use, daily use, daily, dropped, within month",5,1.0,"Topic 5: air software, improving, great feature, keeps improving, updates great, improving time"
EV1276,Survey,EV Scooter,Bajaj Chetak,Central,5/16/2024,3,"Suspension is too stiff, ride quality is uncomfortable on bad roads. Highway charging stops are rare, long distance travel is a nightmare.","Performance & Ride Quality, Charging Infrastructure",suspension stiff ride quality uncomfortable road highway charging stop rare long distance travel nightmare,"Suspension is too stiff, ride quality is uncomfortable on bad roads. Highway charging stops are rare, long distance travel is a nightmare.",8,0.525311645,"Topic 8: range, drop, defeat purpose, energy, energy used",8,0.049687759,"Topic 8: service, service center, center, appointment long, center needed",8,0.17380823523026726,"Topic 8: vehicle good, test ratings, test, purchase decision, ratings, ratings reassured"
EV1277,Social Media,EV Car,Tesla Model 3,North,1/24/2024,4,"Spare parts availability is a major issue, waited a month for a replacement part.",Service & After-Sales,spare part availability major issue waited month replacement part,"Spare parts availability is a major issue, waited a month for a replacement part.",3,0.949999206,"Topic 3: safety, use, highway, part, feature",9,0.022143653,"Topic 9: dashboard, caused dashboard, caused, dashboard freeze, freeze twice",0,0.192144129863542,"Topic 0: collision, systems, braking collision, collision alert, systems work, really traffic"
EV1278,Marketplace Review,EV Scooter,Ampere Magnus,South,9/10/2024,5,Touchscreen infotainment system lags and is not very intuitive to use.,Software & Connectivity,touchscreen infotainment system lag intuitive use,Touchscreen infotainment system lags and is not very intuitive to use.,8,0.92499737,"Topic 8: range, drop, defeat purpose, energy, energy used",2,0.072613133,"Topic 2: braking, system, work well, work, well",18,1.0,"Topic 18: infotainment, infotainment lags, touchscreen, touchscreen infotainment, lags intuitive, lags"
EV1279,Social Media,EV Car,Hyundai Kona,North,2/2/2024,3,"Interior quality feels cheap for the price point, needs improvement. Claimed range of 100 km is misleading, actual range is way less in city traffic.","Design & Aesthetics, Range Anxiety",interior quality feel cheap price point need improvement claimed range misleading actual range way less city traffic,"Interior quality feels cheap for the price point, needs improvement. Claimed range of 100 km is misleading, actual range is way less in city traffic.",2,0.97272633,"Topic 2: feel, quality, range, support, quality feel",6,0.032009841,"Topic 6: app, keep, update, software update, need",1,1.0,"Topic 1: range, transparent, proper, time company, proper information, battery degrades"
EV1280,Survey,EV Car,BYD Atto 3,West,2/19/2024,4,The upfront price is high but government subsidy makes it affordable.,Price & Subsidy,upfront price high government subsidy make affordable,The upfront price is high but government subsidy makes it affordable.,9,0.935713,"Topic 9: price, subsidy, service, battery disposal, concerned environmental",0,0.054278679,"Topic 0: cost, replacement cost, replacement, price, battery",2,0.0016605287895115864,"Topic 2: makes, high, size makes, park, easy, maneuver"
EV1281,Social Media,EV Scooter,Bajaj Chetak,Central,8/10/2024,4,I'm always worried about running out of charge before reaching my destination.,Range Anxiety,always worried running charge reaching destination,I'm always worried about running out of charge before reaching my destination.,5,0.924998493,"Topic 5: battery, center, service center, service, safety",9,0.046160397,"Topic 9: dashboard, caused dashboard, caused, dashboard freeze, freeze twice",15,0.041398202726387154,"Topic 15: highway, discount, ev subsidy, delayed discount, subsidy scheme, state got"
EV1282,Customer Support,EV Scooter,Ather 450X,Central,11/24/2024,3,EV subsidy scheme in my state got delayed and the discount amount reduced suddenly.,Price & Subsidy,subsidy scheme state got delayed discount amount reduced suddenly,EV subsidy scheme in my state got delayed and the discount amount reduced suddenly.,4,0.949999791,"Topic 4: software, month, year, battery, keep",8,0.01521382,"Topic 8: service, service center, center, appointment long, center needed",15,1.0,"Topic 15: highway, discount, ev subsidy, delayed discount, subsidy scheme, state got"
EV1283,Social Media,EV Car,Tesla Model 3,West,11/3/2024,3,Service center staff are not well trained to handle EV specific issues.,Service & After-Sales,service center staff well trained handle specific issue,Service center staff are not well trained to handle EV specific issues.,5,0.943748934,"Topic 5: battery, center, service center, service, safety",8,0.29569031,"Topic 8: service, service center, center, appointment long, center needed",7,1.0,"Topic 7: ev, good knowing, knowing, feels good, carbon footprint, knowing reducing"
EV1284,Marketplace Review,EV Car,Tesla Model 3,Central,5/22/2025,4,"AC usage kills the range, on hot days I barely get half the claimed distance.",Range Anxiety,usage kill range hot day barely half claimed distance,"AC usage kills the range, on hot days I barely get half the claimed distance.",8,0.949999273,"Topic 8: range, drop, defeat purpose, energy, energy used",0,0.01816458,"Topic 0: cost, replacement cost, replacement, price, battery",4,1.0,"Topic 4: big motivation, big, motivation going, motivation, contributing, going"
EV1285,Customer Support,EV Scooter,Ampere Magnus,West,2/22/2025,4,"Battery replacement cost is almost half the price of the vehicle, very concerning. There are very few authorized service centers, had to travel 8 km for repair.","Battery Life & Degradation, Service & After-Sales",battery replacement cost almost half price concerning authorized service center travel repair,"Battery replacement cost is almost half the price of the vehicle, very concerning. There are very few authorized service centers, had to travel 8 km for repair.",0,0.545761472,"Topic 0: cost, battery, replacement cost, replacement, city",8,0.170636615,"Topic 8: service, service center, center, appointment long, center needed",10,1.0,"Topic 10: battery replacement, cost half, half price, concerning, price vehicle, vehicle concerning"
EV1286,Social Media,EV Scooter,Ather 450X,East,5/27/2024,2,"The companion app keeps crashing, needs urgent software updates.",Software & Connectivity,companion app keep crashing need urgent software update,"The companion app keeps crashing, needs urgent software updates.",4,0.943749217,"Topic 4: software, month, year, battery, keep",6,0.391311163,"Topic 6: app, keep, update, software update, need",17,1.0,"Topic 17: app keeps, crashing, crashing needs, companion app, companion, urgent software"
EV1287,Social Media,EV Scooter,Bajaj Chetak,West,9/5/2024,4,"Waiting time for service appointment is too long, more service centers needed. Running cost is much lower than petrol, saving a lot on fuel every month. Build quality feels premium and the ride is extremely comfortable.","Service & After-Sales, Price & Subsidy, Performance & Ride Quality",waiting time service appointment long service center needed running cost lower petrol saving lot fuel every month build quality feel premium ride extremely comfortable,"Waiting time for service appointment is too long, more service centers needed. Running cost is much lower than petrol, saving a lot on fuel every month. Build quality feels premium and the ride is extremely comfortable.",4,0.36312946,"Topic 4: software, month, year, battery, keep",8,0.238432104,"Topic 8: service, service center, center, appointment long, center needed",14,0.009766638072675696,"Topic 14: service, bit plain, design bit, compared rivals, bit, materials feel"
EV1288,Social Media,EV Scooter,Ola S1,North,10/1/2024,4,Build materials feel sturdy but the design is a bit too plain compared to rivals.,Design & Aesthetics,build material feel sturdy design bit plain compared rival,Build materials feel sturdy but the design is a bit too plain compared to rivals.,6,0.949998733,"Topic 6: charging, battery, almost, tier, use",8,0.127332354,"Topic 8: service, service center, center, appointment long, center needed",14,1.0,"Topic 14: service, bit plain, design bit, compared rivals, bit, materials feel"
EV1289,Social Media,EV Car,Tata Nexon EV,Central,8/10/2024,3,"Smart key and app based lock features work flawlessly, very convenient. Resale value of electric vehicles is still uncertain, worried about depreciation.","Software & Connectivity, Price & Subsidy",smart key app based lock feature work flawlessly convenient resale value uncertain worried depreciation,"Smart key and app based lock features work flawlessly, very convenient. Resale value of electric vehicles is still uncertain, worried about depreciation.",9,0.605340364,"Topic 9: price, subsidy, service, battery disposal, concerned environmental",6,0.161167077,"Topic 6: app, keep, update, software update, need",22,1.0,"Topic 22: app based, based, based lock, features work, flawlessly, flawlessly convenient"
EV1290,Social Media,EV Scooter,Ola S1,South,4/30/2024,3,Software glitches caused the dashboard to freeze twice in a month. Price after subsidy is still higher than a comparable petrol scooter.,"Software & Connectivity, Price & Subsidy",software glitch caused dashboard freeze twice month price subsidy higher comparable petrol scooter,Software glitches caused the dashboard to freeze twice in a month. Price after subsidy is still higher than a comparable petrol scooter.,4,0.564802952,"Topic 4: software, month, year, battery, keep",9,0.334407102,"Topic 9: dashboard, caused dashboard, caused, dashboard freeze, freeze twice",20,1.0,"Topic 20: dashboard, caused, freeze twice, glitches, freeze, glitches caused"
EV1291,Customer Support,EV Scooter,Ather 450X,East,1/24/2025,4,Software glitches caused the dashboard to freeze twice in a month. The vehicle has good crash test ratings which reassured my purchase decision.,"Software & Connectivity, Safety Features",software glitch caused dashboard freeze twice month crash test rating reassured purchase decision,Software glitches caused the dashboard to freeze twice in a month. The vehicle has good crash test ratings which reassured my purchase decision.,4,0.523999878,"Topic 4: software, month, year, battery, keep",9,0.397632834,"Topic 9: dashboard, caused dashboard, caused, dashboard freeze, freeze twice",20,1.0,"Topic 20: dashboard, caused, freeze twice, glitches, freeze, glitches caused"
EV1292,Customer Support,EV Scooter,TVS iQube,Central,5/24/2025,5,"Smart key and app based lock features work flawlessly, very convenient. Love the app that shows nearby charging stations, very convenient feature. Zero tailpipe emissions is the main reason I chose an electric vehicle.","Software & Connectivity, Charging Infrastructure, Environmental Impact",smart key app based lock feature work flawlessly convenient love app show nearby charging station convenient feature zero tailpipe emission main reason chose,"Smart key and app based lock features work flawlessly, very convenient. Love the app that shows nearby charging stations, very convenient feature. Zero tailpipe emissions is the main reason I chose an electric vehicle.",6,0.595535782,"Topic 6: charging, battery, almost, tier, use",6,0.198149482,"Topic 6: app, keep, update, software update, need",22,1.0,"Topic 22: app based, based, based lock, features work, flawlessly, flawlessly convenient"
EV1293,Marketplace Review,EV Scooter,TVS iQube,North,8/14/2024,5,Worried about battery degradation and replacement cost after warranty ends.,Battery Life & Degradation,worried battery degradation replacement cost warranty end,Worried about battery degradation and replacement cost after warranty ends.,0,0.935712873,"Topic 0: cost, battery, replacement cost, replacement, city",0,0.107282482,"Topic 0: cost, replacement cost, replacement, price, battery",21,1.0,"Topic 21: cost warranty, battery degradation, warranty ends, ends, degradation replacement, worried battery"
EV1294,Marketplace Review,EV Scooter,Ampere Magnus,East,6/5/2024,4,"Price after subsidy is still higher than a comparable petrol scooter. Noise levels are impressively low, riding experience is very smooth and quiet.","Price & Subsidy, Performance & Ride Quality",price subsidy higher comparable petrol scooter noise level impressively low riding experience smooth quiet,"Price after subsidy is still higher than a comparable petrol scooter. Noise levels are impressively low, riding experience is very smooth and quiet.",9,0.966666316,"Topic 9: price, subsidy, service, battery disposal, concerned environmental",7,0.259666651,"Topic 7: riding, low, smooth, level, impressively",6,0.005758225826409387,"Topic 6: coal, defeats purpose, defeats, coal region, comes coal, comes"
EV1295,Customer Support,EV Car,Mahindra XUV400,East,5/15/2025,3,"Bluetooth connectivity drops frequently while riding, very frustrating.",Software & Connectivity,bluetooth connectivity drop frequently riding frustrating,"Bluetooth connectivity drops frequently while riding, very frustrating.",8,0.924999723,"Topic 8: range, drop, defeat purpose, energy, energy used",7,0.103162611,"Topic 7: riding, low, smooth, level, impressively",11,1.0,"Topic 11: home, bluetooth, riding frustrating, connectivity, bluetooth connectivity, drops frequently"
EV1296,Customer Support,EV Car,Tesla Model 3,South,5/23/2024,4,Emergency braking and collision alert systems work really well in traffic.,Safety Features,emergency braking collision alert system work well traffic,Emergency braking and collision alert systems work really well in traffic.,7,0.943749731,"Topic 7: braking, work, system, work well, well",2,0.319097782,"Topic 2: braking, system, work well, work, well",0,0.015222907482147517,"Topic 0: collision, systems, braking collision, collision alert, systems work, really traffic"
EV1297,Survey,EV Car,BYD Atto 3,Central,2/4/2024,4,Finding a working charging station in my city is still very difficult. For daily commute the range is fine but long trips are stressful because of low range.,"Charging Infrastructure, Range Anxiety",finding working charging station city difficult daily commute range fine long trip stressful low range,Finding a working charging station in my city is still very difficult. For daily commute the range is fine but long trips are stressful because of low range.,0,0.96896431,"Topic 0: cost, battery, replacement cost, replacement, city",7,0.080037203,"Topic 7: riding, low, smooth, level, impressively",0,1.0,"Topic 0: collision, systems, braking collision, collision alert, systems work, really traffic"
EV1298,Social Media,EV Car,Tesla Model 3,North,6/3/2024,4,"Claimed range of 20 km is misleading, actual range is way less in city traffic.",Range Anxiety,claimed range misleading actual range way less city traffic,"Claimed range of 20 km is misleading, actual range is way less in city traffic.",2,0.949997407,"Topic 2: feel, quality, range, support, quality feel",7,0.041861356,"Topic 7: riding, low, smooth, level, impressively",1,1.0,"Topic 1: range, transparent, proper, time company, proper information, battery degrades"
EV1299,Survey,EV Scooter,TVS iQube,Central,5/9/2025,4,"The companion app keeps crashing, needs urgent software updates.",Software & Connectivity,companion app keep crashing need urgent software update,"The companion app keeps crashing, needs urgent software updates.",4,0.943749217,"Topic 4: software, month, year, battery, keep",6,0.391311163,"Topic 6: app, keep, update, software update, need",17,1.0,"Topic 17: app keeps, crashing, crashing needs, companion app, companion, urgent software"
EV1300,Marketplace Review,EV Car,BYD Atto 3,North,1/18/2024,4,Stability control on wet roads is impressive and inspires confidence.,Safety Features,stability control wet road impressive inspires confidence,Stability control on wet roads is impressive and inspires confidence.,0,0.935713446,"Topic 0: cost, battery, replacement cost, replacement, city",7,0.259998231,"Topic 7: riding, low, smooth, level, impressively",3,1.0,"Topic 3: low, stability control, control wet, impressive, impressive inspires, wet"
EV1301,Customer Support,EV Scooter,Ampere Magnus,North,5/29/2025,4,"LED lighting and digital dashboard give it a premium, modern look.",Design & Aesthetics,led lighting digital dashboard give premium modern look,"LED lighting and digital dashboard give it a premium, modern look.",0,0.943748755,"Topic 0: cost, battery, replacement cost, replacement, city",9,0.145980317,"Topic 9: dashboard, caused dashboard, caused, dashboard freeze, freeze twice",20,0.04835052726534529,"Topic 20: dashboard, caused, freeze twice, glitches, freeze, glitches caused"
EV1302,Survey,EV Car,Tata Nexon EV,Central,6/1/2024,3,Price after subsidy is still higher than a comparable petrol scooter.,Price & Subsidy,price subsidy higher comparable petrol scooter,Price after subsidy is still higher than a comparable petrol scooter.,9,0.924998907,"Topic 9: price, subsidy, service, battery disposal, concerned environmental",0,0.029697944,"Topic 0: cost, replacement cost, replacement, price, battery",6,0.005769172950522435,"Topic 6: coal, defeats purpose, defeats, coal region, comes coal, comes"
EV1303,Customer Support,EV Scooter,TVS iQube,West,3/21/2024,5,Build quality feels premium and the ride is extremely comfortable. Compact size makes it easy to park and maneuver in city traffic.,"Performance & Ride Quality, Design & Aesthetics",build quality feel premium ride extremely comfortable compact size make easy park maneuver city traffic,Build quality feels premium and the ride is extremely comfortable. Compact size makes it easy to park and maneuver in city traffic.,1,0.510950735,"Topic 1: range, system, genuinely, useful, genuinely useful",0,0.027856643,"Topic 0: cost, replacement cost, replacement, price, battery",2,0.010276885894158864,"Topic 2: makes, high, size makes, park, easy, maneuver"
EV1304,Social Media,EV Car,Tesla Model 3,East,3/23/2024,3,"For daily commute the range is fine but long trips are stressful because of low range. Highway charging stops are rare, long distance travel is a nightmare.","Range Anxiety, Charging Infrastructure",daily commute range fine long trip stressful low range highway charging stop rare long distance travel nightmare,"For daily commute the range is fine but long trips are stressful because of low range. Highway charging stops are rare, long distance travel is a nightmare.",0,0.491794003,"Topic 0: cost, battery, replacement cost, replacement, city",7,0.070423662,"Topic 7: riding, low, smooth, level, impressively",1,1.0,"Topic 1: range, transparent, proper, time company, proper information, battery degrades"
EV1305,Marketplace Review,EV Scooter,Ampere Magnus,North,1/10/2024,5,Worried about battery degradation and replacement cost after warranty ends.,Battery Life & Degradation,worried battery degradation replacement cost warranty end,Worried about battery degradation and replacement cost after warranty ends.,0,0.935712873,"Topic 0: cost, battery, replacement cost, replacement, city",0,0.107282482,"Topic 0: cost, replacement cost, replacement, price, battery",21,1.0,"Topic 21: cost warranty, battery degradation, warranty ends, ends, degradation replacement, worried battery"
EV1306,Customer Support,EV Scooter,Bajaj Chetak,Central,4/7/2024,4,Advanced safety features like ABS and traction control give peace of mind.,Safety Features,advanced safety feature ab traction control give peace mind,Advanced safety features like ABS and traction control give peace of mind.,3,0.949999585,"Topic 3: safety, use, highway, part, feature",3,0.403444493,"Topic 3: ab, ab traction, control give, traction, traction control",10,0.0014966565085832901,"Topic 10: battery replacement, cost half, half price, concerning, price vehicle, vehicle concerning"
EV1307,Marketplace Review,EV Car,MG ZS EV,East,2/17/2024,4,"Charging takes too long, almost 6 hours for a full charge at home.",Charging Infrastructure,charging take long almost hour full charge home,"Charging takes too long, almost 6 hours for a full charge at home.",6,0.94374764,"Topic 6: charging, battery, almost, tier, use",1,0.04253604,"Topic 1: charge come, defeat purpose, defeat, come mostly, come",11,0.010409254973110398,"Topic 11: home, bluetooth, riding frustrating, connectivity, bluetooth connectivity, drops frequently"
EV1308,Customer Support,EV Car,MG ZS EV,North,7/31/2024,4,Zero tailpipe emissions is the main reason I chose an electric vehicle.,Environmental Impact,zero tailpipe emission main reason chose,Zero tailpipe emissions is the main reason I chose an electric vehicle.,6,0.925,"Topic 6: charging, battery, almost, tier, use",7,0.153486816,"Topic 7: riding, low, smooth, level, impressively",19,1.0,"Topic 19: chose, chose electric, emissions, emissions main, reason, reason chose"
EV1309,Customer Support,EV Scooter,Ola S1,South,9/3/2024,5,"Energy used to charge still comes mostly from coal in my region, defeats the purpose somewhat. Loved the color options and the overall styling of the vehicle.","Environmental Impact, Design & Aesthetics",energy used charge come mostly coal region defeat purpose somewhat loved color option overall styling,"Energy used to charge still comes mostly from coal in my region, defeats the purpose somewhat. Loved the color options and the overall styling of the vehicle.",8,0.652148128,"Topic 8: range, drop, defeat purpose, energy, energy used",1,0.346279758,"Topic 1: charge come, defeat purpose, defeat, come mostly, come",6,1.0,"Topic 6: coal, defeats purpose, defeats, coal region, comes coal, comes"
EV1310,Social Media,EV Scooter,Hero Vida V1,North,5/27/2025,4,Acceleration is smooth and instant torque makes overtaking effortless.,Performance & Ride Quality,acceleration smooth instant torque make overtaking effortless,Acceleration is smooth and instant torque makes overtaking effortless.,4,0.935713353,"Topic 4: software, month, year, battery, keep",7,0.070715509,"Topic 7: riding, low, smooth, level, impressively",23,1.0,"Topic 23: 30 range, badly, badly winter, cold weather, drops badly, cold"
EV1311,Social Media,EV Car,Mahindra XUV400,North,12/14/2024,5,"Energy used to charge still comes mostly from coal in my region, defeats the purpose somewhat.",Environmental Impact,energy used charge come mostly coal region defeat purpose somewhat,"Energy used to charge still comes mostly from coal in my region, defeats the purpose somewhat.",8,0.954999819,"Topic 8: range, drop, defeat purpose, energy, energy used",1,0.428435062,"Topic 1: charge come, defeat purpose, defeat, come mostly, come",6,1.0,"Topic 6: coal, defeats purpose, defeats, coal region, comes coal, comes"
EV1312,Survey,EV Scooter,TVS iQube,East,4/6/2025,5,"Over the air software updates are a great feature, keeps improving over time.",Software & Connectivity,air software update great feature keep improving time,"Over the air software updates are a great feature, keeps improving over time.",6,0.943747549,"Topic 6: charging, battery, almost, tier, use",6,0.188636444,"Topic 6: app, keep, update, software update, need",5,1.0,"Topic 5: air software, improving, great feature, keeps improving, updates great, improving time"
EV1313,Marketplace Review,EV Scooter,Ampere Magnus,West,7/9/2024,5,Contributing to a cleaner city is a big motivation behind going electric.,Environmental Impact,contributing cleaner city big motivation behind going,Contributing to a cleaner city is a big motivation behind going electric.,0,0.935713847,"Topic 0: cost, battery, replacement cost, replacement, city",0,0.025499456,"Topic 0: cost, replacement cost, replacement, price, battery",4,0.20078968953621598,"Topic 4: big motivation, big, motivation going, motivation, contributing, going"
EV1314,Customer Support,EV Car,BYD Atto 3,South,3/16/2024,4,"Charging takes too long, almost 6 hours for a full charge at home.",Charging Infrastructure,charging take long almost hour full charge home,"Charging takes too long, almost 6 hours for a full charge at home.",6,0.94374764,"Topic 6: charging, battery, almost, tier, use",1,0.04253604,"Topic 1: charge come, defeat purpose, defeat, come mostly, come",11,0.010380736305860304,"Topic 11: home, bluetooth, riding frustrating, connectivity, bluetooth connectivity, drops frequently"
EV1315,Social Media,EV Car,Mahindra XUV400,West,11/20/2024,4,Handling and stability at high speed feels very confident and safe. Finding a working charging station in my city is still very difficult.,"Performance & Ride Quality, Charging Infrastructure",handling stability high speed feel confident safe finding working charging station city difficult,Handling and stability at high speed feels very confident and safe. Finding a working charging station in my city is still very difficult.,1,0.535509589,"Topic 1: range, system, genuinely, useful, genuinely useful",6,0.065869969,"Topic 6: app, keep, update, software update, need",2,1.0,"Topic 2: makes, high, size makes, park, easy, maneuver"
EV1316,Customer Support,EV Scooter,Bajaj Chetak,East,4/14/2024,3,Worried about battery degradation and replacement cost after warranty ends.,Battery Life & Degradation,worried battery degradation replacement cost warranty end,Worried about battery degradation and replacement cost after warranty ends.,0,0.935712873,"Topic 0: cost, battery, replacement cost, replacement, city",0,0.107282482,"Topic 0: cost, replacement cost, replacement, price, battery",21,1.0,"Topic 21: cost warranty, battery degradation, warranty ends, ends, degradation replacement, worried battery"
EV1317,Marketplace Review,EV Car,Mahindra XUV400,Central,6/8/2025,3,The design looks futuristic and attracts a lot of attention on the road.,Design & Aesthetics,design look futuristic attracts lot attention road,The design looks futuristic and attracts a lot of attention on the road.,2,0.935713616,"Topic 2: feel, quality, range, support, quality feel",7,0.037911005,"Topic 7: riding, low, smooth, level, impressively",9,1.0,"Topic 9: lot, better, expected, attracts lot, attracts, looks futuristic"
EV1318,Customer Support,EV Car,Tata Nexon EV,Central,4/5/2024,3,Contributing to a cleaner city is a big motivation behind going electric. Acceleration is smooth and instant torque makes overtaking effortless.,"Environmental Impact, Performance & Ride Quality",contributing cleaner city big motivation behind going acceleration smooth instant torque make overtaking effortless,Contributing to a cleaner city is a big motivation behind going electric. Acceleration is smooth and instant torque makes overtaking effortless.,0,0.485184887,"Topic 0: cost, battery, replacement cost, replacement, city",7,0.047332396,"Topic 7: riding, low, smooth, level, impressively",4,0.2010045180803246,"Topic 4: big motivation, big, motivation going, motivation, contributing, going"
EV1319,Marketplace Review,EV Scooter,Bajaj Chetak,North,9/5/2024,4,Zero tailpipe emissions is the main reason I chose an electric vehicle. Stability control on wet roads is impressive and inspires confidence.,"Environmental Impact, Safety Features",zero tailpipe emission main reason chose stability control wet road impressive inspires confidence,Zero tailpipe emissions is the main reason I chose an electric vehicle. Stability control on wet roads is impressive and inspires confidence.,0,0.523999625,"Topic 0: cost, battery, replacement cost, replacement, city",7,0.293357372,"Topic 7: riding, low, smooth, level, impressively",19,1.0,"Topic 19: chose, chose electric, emissions, emissions main, reason, reason chose"
EV1320,Social Media,EV Scooter,Ather 450X,East,11/4/2024,4,"Spare parts availability is a major issue, waited a month for a replacement part.",Service & After-Sales,spare part availability major issue waited month replacement part,"Spare parts availability is a major issue, waited a month for a replacement part.",3,0.949999206,"Topic 3: safety, use, highway, part, feature",9,0.022143653,"Topic 9: dashboard, caused dashboard, caused, dashboard freeze, freeze twice",0,0.19198127403107482,"Topic 0: collision, systems, braking collision, collision alert, systems work, really traffic"
EV1321,Social Media,EV Car,Tata Nexon EV,West,10/9/2024,4,"Storage space under the seat is very limited, not practical for daily use. Had a great experience with the service team, they explained everything clearly.","Design & Aesthetics, Service & After-Sales",storage space seat limited practical daily use great experience service team explained everything clearly,"Storage space under the seat is very limited, not practical for daily use. Had a great experience with the service team, they explained everything clearly.",4,0.492174999,"Topic 4: software, month, year, battery, keep",4,0.10175241,"Topic 4: use, daily use, daily, dropped, within month",5,1.0,"Topic 5: air software, improving, great feature, keeps improving, updates great, improving time"
EV1322,Customer Support,EV Car,Hyundai Kona,South,5/22/2025,4,"Energy used to charge still comes mostly from coal in my region, defeats the purpose somewhat.",Environmental Impact,energy used charge come mostly coal region defeat purpose somewhat,"Energy used to charge still comes mostly from coal in my region, defeats the purpose somewhat.",8,0.954999819,"Topic 8: range, drop, defeat purpose, energy, energy used",1,0.428435062,"Topic 1: charge come, defeat purpose, defeat, come mostly, come",6,1.0,"Topic 6: coal, defeats purpose, defeats, coal region, comes coal, comes"
EV1323,Survey,EV Car,Mahindra XUV400,South,11/7/2024,5,For daily commute the range is fine but long trips are stressful because of low range.,Range Anxiety,daily commute range fine long trip stressful low range,For daily commute the range is fine but long trips are stressful because of low range.,0,0.949997508,"Topic 0: cost, battery, replacement cost, replacement, city",7,0.096873282,"Topic 7: riding, low, smooth, level, impressively",1,1.0,"Topic 1: range, transparent, proper, time company, proper information, battery degrades"
EV1324,Marketplace Review,EV Scooter,Ampere Magnus,East,3/26/2025,5,"Noise levels are impressively low, riding experience is very smooth and quiet.",Performance & Ride Quality,noise level impressively low riding experience smooth quiet,"Noise levels are impressively low, riding experience is very smooth and quiet.",9,0.943749598,"Topic 9: price, subsidy, service, battery disposal, concerned environmental",7,0.346479625,"Topic 7: riding, low, smooth, level, impressively",3,0.1986560393049673,"Topic 3: low, stability control, control wet, impressive, impressive inspires, wet"
EV1325,Customer Support,EV Car,Hyundai Kona,Central,7/24/2024,5,Touchscreen infotainment system lags and is not very intuitive to use.,Software & Connectivity,touchscreen infotainment system lag intuitive use,Touchscreen infotainment system lags and is not very intuitive to use.,8,0.92499737,"Topic 8: range, drop, defeat purpose, energy, energy used",2,0.072613133,"Topic 2: braking, system, work well, work, well",18,1.0,"Topic 18: infotainment, infotainment lags, touchscreen, touchscreen infotainment, lags intuitive, lags"
EV1326,Customer Support,EV Car,Mahindra XUV400,East,5/17/2025,4,Concerned about environmental impact of battery disposal and recycling. Insurance premium for EV is surprisingly high compared to petrol vehicles.,"Environmental Impact, Price & Subsidy",concerned environmental impact battery disposal recycling insurance premium surprisingly high compared petrol,Concerned about environmental impact of battery disposal and recycling. Insurance premium for EV is surprisingly high compared to petrol vehicles.,9,0.531893561,"Topic 9: price, subsidy, service, battery disposal, concerned environmental",5,0.30266283,"Topic 5: battery disposal, disposal recycling, concerned, environmental impact, environmental",16,1.0,"Topic 16: tier, surprisingly, surprisingly high, compared petrol, insurance premium, insurance"
EV1327,Customer Support,EV Scooter,Bajaj Chetak,North,7/23/2024,4,"Energy used to charge still comes mostly from coal in my region, defeats the purpose somewhat.",Environmental Impact,energy used charge come mostly coal region defeat purpose somewhat,"Energy used to charge still comes mostly from coal in my region, defeats the purpose somewhat.",8,0.954999819,"Topic 8: range, drop, defeat purpose, energy, energy used",1,0.428435062,"Topic 1: charge come, defeat purpose, defeat, come mostly, come",6,1.0,"Topic 6: coal, defeats purpose, defeats, coal region, comes coal, comes"
EV1328,Survey,EV Car,Tesla Model 3,West,8/2/2024,5,"Smart key and app based lock features work flawlessly, very convenient.",Software & Connectivity,smart key app based lock feature work flawlessly convenient,"Smart key and app based lock features work flawlessly, very convenient.",9,0.949998977,"Topic 9: price, subsidy, service, battery disposal, concerned environmental",6,0.203971773,"Topic 6: app, keep, update, software update, need",22,1.0,"Topic 22: app based, based, based lock, features work, flawlessly, flawlessly convenient"
EV1329,Survey,EV Scooter,Hero Vida V1,West,5/26/2025,4,"Battery health dropped to 85% within 18 months of daily use. After sales support has been excellent, quick response and doorstep service.","Battery Life & Degradation, Service & After-Sales",battery health dropped within month daily use sale support excellent quick response doorstep service,"Battery health dropped to 85% within 18 months of daily use. After sales support has been excellent, quick response and doorstep service.",2,0.48518485,"Topic 2: feel, quality, range, support, quality feel",4,0.25520795,"Topic 4: use, daily use, daily, dropped, within month",13,1.0,"Topic 13: 18, 18 months, 85, 85 18, health dropped, months daily"
EV1330,Marketplace Review,EV Car,Tesla Model 3,West,3/16/2024,5,Navigation system integrated with range prediction is genuinely useful.,Software & Connectivity,navigation system integrated range prediction genuinely useful,Navigation system integrated with range prediction is genuinely useful.,1,0.935713504,"Topic 1: range, system, genuinely, useful, genuinely useful",7,0.077765455,"Topic 7: riding, low, smooth, level, impressively",8,0.02920969191678977,"Topic 8: vehicle good, test ratings, test, purchase decision, ratings, ratings reassured"
EV1331,Marketplace Review,EV Scooter,Ampere Magnus,Central,6/2/2025,4,Compact size makes it easy to park and maneuver in city traffic.,Design & Aesthetics,compact size make easy park maneuver city traffic,Compact size makes it easy to park and maneuver in city traffic.,1,0.943749361,"Topic 1: range, system, genuinely, useful, genuinely useful",0,0.030857381,"Topic 0: cost, replacement cost, replacement, price, battery",2,0.09144412424556084,"Topic 2: makes, high, size makes, park, easy, maneuver"
EV1332,Survey,EV Car,Hyundai Kona,North,9/11/2024,4,"Suspension is too stiff, ride quality is uncomfortable on bad roads.",Performance & Ride Quality,suspension stiff ride quality uncomfortable road,"Suspension is too stiff, ride quality is uncomfortable on bad roads.",0,0.924997251,"Topic 0: cost, battery, replacement cost, replacement, city",7,0.025882876,"Topic 7: riding, low, smooth, level, impressively",8,0.1766430214622755,"Topic 8: vehicle good, test ratings, test, purchase decision, ratings, ratings reassured"
EV1333,Marketplace Review,EV Car,BYD Atto 3,East,3/16/2025,5,"Public chargers are often broken or occupied, need more charging stations urgently. Range anxiety is real, I plan every trip around charging stops now.","Charging Infrastructure, Range Anxiety",public charger often broken occupied need charging station urgently range anxiety real plan every trip around charging stop,"Public chargers are often broken or occupied, need more charging stations urgently. Range anxiety is real, I plan every trip around charging stops now.",0,0.519944409,"Topic 0: cost, battery, replacement cost, replacement, city",6,0.073404787,"Topic 6: app, keep, update, software update, need",0,0.00855672994447606,"Topic 0: collision, systems, braking collision, collision alert, systems work, really traffic"
EV1334,Social Media,EV Car,BYD Atto 3,West,1/18/2025,3,"LED lighting and digital dashboard give it a premium, modern look. Software glitches caused the dashboard to freeze twice in a month.","Design & Aesthetics, Software & Connectivity",led lighting digital dashboard give premium modern look software glitch caused dashboard freeze twice month,"LED lighting and digital dashboard give it a premium, modern look. Software glitches caused the dashboard to freeze twice in a month.",0,0.495546607,"Topic 0: cost, battery, replacement cost, replacement, city",9,0.397874681,"Topic 9: dashboard, caused dashboard, caused, dashboard freeze, freeze twice",20,1.0,"Topic 20: dashboard, caused, freeze twice, glitches, freeze, glitches caused"
EV1335,Survey,EV Car,Hyundai Kona,West,4/17/2024,4,"Spare parts availability is a major issue, waited a month for a replacement part.",Service & After-Sales,spare part availability major issue waited month replacement part,"Spare parts availability is a major issue, waited a month for a replacement part.",3,0.949999206,"Topic 3: safety, use, highway, part, feature",9,0.022143653,"Topic 9: dashboard, caused dashboard, caused, dashboard freeze, freeze twice",0,0.19193882918921834,"Topic 0: collision, systems, braking collision, collision alert, systems work, really traffic"
EV1336,Social Media,EV Car,Tata Nexon EV,East,11/15/2024,4,Build quality feels premium and the ride is extremely comfortable.,Performance & Ride Quality,build quality feel premium ride extremely comfortable,Build quality feels premium and the ride is extremely comfortable.,2,0.935713389,"Topic 2: feel, quality, range, support, quality feel",8,0.039049352,"Topic 8: service, service center, center, appointment long, center needed",18,0.010276660620748307,"Topic 18: infotainment, infotainment lags, touchscreen, touchscreen infotainment, lags intuitive, lags"
EV1337,Marketplace Review,EV Car,BYD Atto 3,East,5/2/2025,5,Charging infrastructure in tier 2 and tier 3 cities is almost non-existent.,Charging Infrastructure,charging infrastructure tier tier city almost non existent,Charging infrastructure in tier 2 and tier 3 cities is almost non-existent.,6,0.943748493,"Topic 6: charging, battery, almost, tier, use",0,0.022957622,"Topic 0: cost, replacement cost, replacement, price, battery",16,1.0,"Topic 16: tier, surprisingly, surprisingly high, compared petrol, insurance premium, insurance"
EV1338,Survey,EV Scooter,TVS iQube,East,2/15/2024,4,Finding a working charging station in my city is still very difficult.,Charging Infrastructure,finding working charging station city difficult,Finding a working charging station in my city is still very difficult.,0,0.924998264,"Topic 0: cost, battery, replacement cost, replacement, city",6,0.061226602,"Topic 6: app, keep, update, software update, need",0,1.0,"Topic 0: collision, systems, braking collision, collision alert, systems work, really traffic"
EV1339,Survey,EV Scooter,Hero Vida V1,South,9/6/2024,5,"Heard about a thermal runaway incident, this has shaken my trust in EV safety. Battery health dropped to 85% within 18 months of daily use.","Safety Features, Battery Life & Degradation",heard thermal runaway incident shaken trust safety battery health dropped within month daily use,"Heard about a thermal runaway incident, this has shaken my trust in EV safety. Battery health dropped to 85% within 18 months of daily use.",3,0.56838491,"Topic 3: safety, use, highway, part, feature",4,0.249862294,"Topic 4: use, daily use, daily, dropped, within month",13,0.0017455685935485819,"Topic 13: 18, 18 months, 85, 85 18, health dropped, months daily"
EV1340,Marketplace Review,EV Scooter,Ampere Magnus,West,8/25/2024,5,Build materials feel sturdy but the design is a bit too plain compared to rivals.,Design & Aesthetics,build material feel sturdy design bit plain compared rival,Build materials feel sturdy but the design is a bit too plain compared to rivals.,6,0.949998733,"Topic 6: charging, battery, almost, tier, use",8,0.127332354,"Topic 8: service, service center, center, appointment long, center needed",14,1.0,"Topic 14: service, bit plain, design bit, compared rivals, bit, materials feel"
EV1341,Marketplace Review,EV Car,MG ZS EV,West,1/30/2024,4,"Energy used to charge still comes mostly from coal in my region, defeats the purpose somewhat. Insurance premium for EV is surprisingly high compared to petrol vehicles. Bluetooth connectivity drops frequently while riding, very frustrating.","Environmental Impact, Price & Subsidy, Software & Connectivity",energy used charge come mostly coal region defeat purpose somewhat insurance premium surprisingly high compared petrol bluetooth connectivity drop frequently riding frustrating,"Energy used to charge still comes mostly from coal in my region, defeats the purpose somewhat. Insurance premium for EV is surprisingly high compared to petrol vehicles. Bluetooth connectivity drops frequently while riding, very frustrating.",8,0.978571212,"Topic 8: range, drop, defeat purpose, energy, energy used",1,0.294303665,"Topic 1: charge come, defeat purpose, defeat, come mostly, come",11,1.0,"Topic 11: home, bluetooth, riding frustrating, connectivity, bluetooth connectivity, drops frequently"
EV1342,Social Media,EV Car,Tesla Model 3,South,10/12/2024,4,Home charging setup was expensive and took weeks to install. Concerned about environmental impact of battery disposal and recycling.,"Charging Infrastructure, Environmental Impact",home charging setup expensive took week install concerned environmental impact battery disposal recycling,Home charging setup was expensive and took weeks to install. Concerned about environmental impact of battery disposal and recycling.,5,0.553729309,"Topic 5: battery, center, service center, service, safety",5,0.305390606,"Topic 5: battery disposal, disposal recycling, concerned, environmental impact, environmental",11,1.0,"Topic 11: home, bluetooth, riding frustrating, connectivity, bluetooth connectivity, drops frequently"
EV1343,Marketplace Review,EV Scooter,Ather 450X,North,9/25/2024,3,Software glitches caused the dashboard to freeze twice in a month. The vehicle has good crash test ratings which reassured my purchase decision.,"Software & Connectivity, Safety Features",software glitch caused dashboard freeze twice month crash test rating reassured purchase decision,Software glitches caused the dashboard to freeze twice in a month. The vehicle has good crash test ratings which reassured my purchase decision.,4,0.523999878,"Topic 4: software, month, year, battery, keep",9,0.397632834,"Topic 9: dashboard, caused dashboard, caused, dashboard freeze, freeze twice",20,1.0,"Topic 20: dashboard, caused, freeze twice, glitches, freeze, glitches caused"
EV1344,Marketplace Review,EV Scooter,Ampere Magnus,Central,4/26/2024,4,Top speed is decent for city use but not enough for highway cruising.,Performance & Ride Quality,top speed decent city use enough highway cruising,Top speed is decent for city use but not enough for highway cruising.,3,0.9437488,"Topic 3: safety, use, highway, part, feature",4,0.041234172,"Topic 4: use, daily use, daily, dropped, within month",15,0.0009559006370209119,"Topic 15: highway, discount, ev subsidy, delayed discount, subsidy scheme, state got"
EV1345,Social Media,EV Scooter,Ampere Magnus,East,3/27/2024,4,"Battery health dropped to 85% within 18 months of daily use. Braking system feels sharp and responsive, regenerative braking works well. Public chargers are often broken or occupied, need more charging stations urgently.","Battery Life & Degradation, Performance & Ride Quality, Charging Infrastructure",battery health dropped within month daily use braking system feel sharp responsive regenerative braking work well public charger often broken occupied need charging station urgently,"Battery health dropped to 85% within 18 months of daily use. Braking system feels sharp and responsive, regenerative braking works well. Public chargers are often broken or occupied, need more charging stations urgently.",0,0.353353145,"Topic 0: cost, battery, replacement cost, replacement, city",2,0.217837794,"Topic 2: braking, system, work well, work, well",13,0.6569065679319472,"Topic 13: 18, 18 months, 85, 85 18, health dropped, months daily"
EV1346,Social Media,EV Car,Hyundai Kona,Central,2/1/2025,5,Compact size makes it easy to park and maneuver in city traffic.,Design & Aesthetics,compact size make easy park maneuver city traffic,Compact size makes it easy to park and maneuver in city traffic.,1,0.943749361,"Topic 1: range, system, genuinely, useful, genuinely useful",0,0.030857381,"Topic 0: cost, replacement cost, replacement, price, battery",2,0.09118277374865702,"Topic 2: makes, high, size makes, park, easy, maneuver"
EV1347,Marketplace Review,EV Car,BYD Atto 3,West,7/9/2024,4,Software glitches caused the dashboard to freeze twice in a month.,Software & Connectivity,software glitch caused dashboard freeze twice month,Software glitches caused the dashboard to freeze twice in a month.,4,0.935713937,"Topic 4: software, month, year, battery, keep",9,0.454167934,"Topic 9: dashboard, caused dashboard, caused, dashboard freeze, freeze twice",20,1.0,"Topic 20: dashboard, caused, freeze twice, glitches, freeze, glitches caused"
EV1348,Social Media,EV Car,BYD Atto 3,West,10/22/2024,5,Battery health dropped to 85% within 18 months of daily use.,Battery Life & Degradation,battery health dropped within month daily use,Battery health dropped to 85% within 18 months of daily use.,6,0.935712492,"Topic 6: charging, battery, almost, tier, use",4,0.39372037,"Topic 4: use, daily use, daily, dropped, within month",13,1.0,"Topic 13: 18, 18 months, 85, 85 18, health dropped, months daily"
EV1349,Survey,EV Scooter,Bajaj Chetak,East,1/10/2024,4,"Over the air software updates are a great feature, keeps improving over time.",Software & Connectivity,air software update great feature keep improving time,"Over the air software updates are a great feature, keeps improving over time.",6,0.943747549,"Topic 6: charging, battery, almost, tier, use",6,0.188636444,"Topic 6: app, keep, update, software update, need",5,1.0,"Topic 5: air software, improving, great feature, keeps improving, updates great, improving time"
EV1350,Marketplace Review,EV Car,Mahindra XUV400,West,5/18/2025,5,Build materials feel sturdy but the design is a bit too plain compared to rivals.,Design & Aesthetics,build material feel sturdy design bit plain compared rival,Build materials feel sturdy but the design is a bit too plain compared to rivals.,6,0.949998733,"Topic 6: charging, battery, almost, tier, use",8,0.127332354,"Topic 8: service, service center, center, appointment long, center needed",14,1.0,"Topic 14: service, bit plain, design bit, compared rivals, bit, materials feel"
EV1351,Social Media,EV Scooter,Bajaj Chetak,North,2/1/2024,2,"EV subsidy scheme in my state got delayed and the discount amount reduced suddenly. There are very few authorized service centers, had to travel 20 km for repair. Range anxiety is real, I plan every trip around charging stops now.","Price & Subsidy, Service & After-Sales, Range Anxiety",subsidy scheme state got delayed discount amount reduced suddenly authorized service center travel repair range anxiety real plan every trip around charging stop,"EV subsidy scheme in my state got delayed and the discount amount reduced suddenly. There are very few authorized service centers, had to travel 20 km for repair. Range anxiety is real, I plan every trip around charging stops now.",4,0.414006848,"Topic 4: software, month, year, battery, keep",8,0.130286201,"Topic 8: service, service center, center, appointment long, center needed",15,1.0,"Topic 15: highway, discount, ev subsidy, delayed discount, subsidy scheme, state got"
EV1352,Marketplace Review,EV Car,Mahindra XUV400,Central,6/7/2025,5,"Public chargers are often broken or occupied, need more charging stations urgently.",Charging Infrastructure,public charger often broken occupied need charging station urgently,"Public chargers are often broken or occupied, need more charging stations urgently.",0,0.94999906,"Topic 0: cost, battery, replacement cost, replacement, city",6,0.098517264,"Topic 6: app, keep, update, software update, need",0,0.008564293124428798,"Topic 0: collision, systems, braking collision, collision alert, systems work, really traffic"
EV1353,Customer Support,EV Scooter,Ampere Magnus,Central,2/12/2024,4,Navigation system integrated with range prediction is genuinely useful.,Software & Connectivity,navigation system integrated range prediction genuinely useful,Navigation system integrated with range prediction is genuinely useful.,1,0.935713504,"Topic 1: range, system, genuinely, useful, genuinely useful",7,0.077765455,"Topic 7: riding, low, smooth, level, impressively",8,0.02927063906020888,"Topic 8: vehicle good, test ratings, test, purchase decision, ratings, ratings reassured"
EV1354,Survey,EV Car,Mahindra XUV400,South,10/31/2024,4,Battery range degrades faster than expected after just one year of use.,Range Anxiety,battery range degrades faster expected year use,Battery range degrades faster than expected after just one year of use.,4,0.935708387,"Topic 4: software, month, year, battery, keep",4,0.067557016,"Topic 4: use, daily use, daily, dropped, within month",9,1.0,"Topic 9: lot, better, expected, attracts lot, attracts, looks futuristic"
EV1355,Survey,EV Scooter,TVS iQube,West,4/30/2024,4,Price after subsidy is still higher than a comparable petrol scooter.,Price & Subsidy,price subsidy higher comparable petrol scooter,Price after subsidy is still higher than a comparable petrol scooter.,9,0.924998907,"Topic 9: price, subsidy, service, battery disposal, concerned environmental",0,0.029697944,"Topic 0: cost, replacement cost, replacement, price, battery",6,0.005776980972800674,"Topic 6: coal, defeats purpose, defeats, coal region, comes coal, comes"
EV1356,Marketplace Review,EV Scooter,Hero Vida V1,South,5/22/2024,4,Price after subsidy is still higher than a comparable petrol scooter.,Price & Subsidy,price subsidy higher comparable petrol scooter,Price after subsidy is still higher than a comparable petrol scooter.,9,0.924998907,"Topic 9: price, subsidy, service, battery disposal, concerned environmental",0,0.029697944,"Topic 0: cost, replacement cost, replacement, price, battery",6,0.005767971699184006,"Topic 6: coal, defeats purpose, defeats, coal region, comes coal, comes"
EV1357,Customer Support,EV Car,BYD Atto 3,Central,10/14/2024,4,"Energy used to charge still comes mostly from coal in my region, defeats the purpose somewhat.",Environmental Impact,energy used charge come mostly coal region defeat purpose somewhat,"Energy used to charge still comes mostly from coal in my region, defeats the purpose somewhat.",8,0.954999819,"Topic 8: range, drop, defeat purpose, energy, energy used",1,0.428435062,"Topic 1: charge come, defeat purpose, defeat, come mostly, come",6,1.0,"Topic 6: coal, defeats purpose, defeats, coal region, comes coal, comes"
EV1358,Customer Support,EV Car,Hyundai Kona,East,9/30/2024,3,"Read reports about battery fires, safety is my biggest concern before buying. Highway charging stops are rare, long distance travel is a nightmare.","Safety Features, Charging Infrastructure",read report battery fire safety biggest concern buying highway charging stop rare long distance travel nightmare,"Read reports about battery fires, safety is my biggest concern before buying. Highway charging stops are rare, long distance travel is a nightmare.",5,0.528729788,"Topic 5: battery, center, service center, service, safety",8,0.062656961,"Topic 8: service, service center, center, appointment long, center needed",15,1.0,"Topic 15: highway, discount, ev subsidy, delayed discount, subsidy scheme, state got"
EV1359,Social Media,EV Car,Hyundai Kona,South,9/12/2024,5,"No proper information on how battery degrades over time, company should be transparent. Noise levels are impressively low, riding experience is very smooth and quiet. For the price, I expected better build quality and more features.","Battery Life & Degradation, Performance & Ride Quality, Price & Subsidy",proper information battery degrades time company transparent noise level impressively low riding experience smooth quiet price expected better build quality feature,"No proper information on how battery degrades over time, company should be transparent. Noise levels are impressively low, riding experience is very smooth and quiet. For the price, I expected better build quality and more features.",9,0.436220478,"Topic 9: price, subsidy, service, battery disposal, concerned environmental",7,0.214257244,"Topic 7: riding, low, smooth, level, impressively",1,0.20760458975294388,"Topic 1: range, transparent, proper, time company, proper information, battery degrades"
EV1360,Customer Support,EV Car,BYD Atto 3,West,1/19/2025,3,"The companion app keeps crashing, needs urgent software updates.",Software & Connectivity,companion app keep crashing need urgent software update,"The companion app keeps crashing, needs urgent software updates.",4,0.943749217,"Topic 4: software, month, year, battery, keep",6,0.391311163,"Topic 6: app, keep, update, software update, need",17,1.0,"Topic 17: app keeps, crashing, crashing needs, companion app, companion, urgent software"
EV1361,Customer Support,EV Car,Mahindra XUV400,East,4/10/2025,4,"Smart key and app based lock features work flawlessly, very convenient. Handling and stability at high speed feels very confident and safe. Battery range degrades faster than expected after just one year of use.","Software & Connectivity, Performance & Ride Quality, Range Anxiety",smart key app based lock feature work flawlessly convenient handling stability high speed feel confident safe battery range degrades faster expected year use,"Smart key and app based lock features work flawlessly, very convenient. Handling and stability at high speed feels very confident and safe. Battery range degrades faster than expected after just one year of use.",9,0.402492041,"Topic 9: price, subsidy, service, battery disposal, concerned environmental",6,0.14436833,"Topic 6: app, keep, update, software update, need",22,1.0,"Topic 22: app based, based, based lock, features work, flawlessly, flawlessly convenient"
EV1362,Marketplace Review,EV Scooter,Ola S1,South,3/15/2025,4,"For the price, I expected better build quality and more features.",Price & Subsidy,price expected better build quality feature,"For the price, I expected better build quality and more features.",2,0.924997459,"Topic 2: feel, quality, range, support, quality feel",8,0.039046387,"Topic 8: service, service center, center, appointment long, center needed",9,0.42188618970234026,"Topic 9: lot, better, expected, attracts lot, attracts, looks futuristic"
EV1363,Customer Support,EV Scooter,TVS iQube,East,5/13/2024,4,Concerned about environmental impact of battery disposal and recycling. Software glitches caused the dashboard to freeze twice in a month.,"Environmental Impact, Software & Connectivity",concerned environmental impact battery disposal recycling software glitch caused dashboard freeze twice month,Concerned about environmental impact of battery disposal and recycling. Software glitches caused the dashboard to freeze twice in a month.,4,0.5466713,"Topic 4: software, month, year, battery, keep",9,0.334185873,"Topic 9: dashboard, caused dashboard, caused, dashboard freeze, freeze twice",20,1.0,"Topic 20: dashboard, caused, freeze twice, glitches, freeze, glitches caused"
EV1364,Survey,EV Car,Tata Nexon EV,West,1/17/2024,4,Home charging setup was expensive and took weeks to install.,Charging Infrastructure,home charging setup expensive took week install,Home charging setup was expensive and took weeks to install.,5,0.935713411,"Topic 5: battery, center, service center, service, safety",5,0.034397189,"Topic 5: battery disposal, disposal recycling, concerned, environmental impact, environmental",11,1.0,"Topic 11: home, bluetooth, riding frustrating, connectivity, bluetooth connectivity, drops frequently"
EV1365,Survey,EV Scooter,Bajaj Chetak,West,7/26/2024,4,"No proper information on how battery degrades over time, company should be transparent.",Battery Life & Degradation,proper information battery degrades time company transparent,"No proper information on how battery degrades over time, company should be transparent.",5,0.935713658,"Topic 5: battery, center, service center, service, safety",8,0.052935026,"Topic 8: service, service center, center, appointment long, center needed",1,0.20485706553633792,"Topic 1: range, transparent, proper, time company, proper information, battery degrades"
EV1366,Customer Support,EV Scooter,Ather 450X,North,1/4/2025,5,Service center staff are not well trained to handle EV specific issues.,Service & After-Sales,service center staff well trained handle specific issue,Service center staff are not well trained to handle EV specific issues.,5,0.943748934,"Topic 5: battery, center, service center, service, safety",8,0.29569031,"Topic 8: service, service center, center, appointment long, center needed",7,1.0,"Topic 7: ev, good knowing, knowing, feels good, carbon footprint, knowing reducing"
EV1367,Social Media,EV Scooter,Hero Vida V1,North,2/9/2025,4,"Waiting time for service appointment is too long, more service centers needed.",Service & After-Sales,waiting time service appointment long service center needed,"Waiting time for service appointment is too long, more service centers needed.",9,0.943747689,"Topic 9: price, subsidy, service, battery disposal, concerned environmental",8,0.379906776,"Topic 8: service, service center, center, appointment long, center needed",14,1.0,"Topic 14: service, bit plain, design bit, compared rivals, bit, materials feel"
EV1368,Survey,EV Car,Mahindra XUV400,North,1/2/2024,5,"Running cost is much lower than petrol, saving a lot on fuel every month. Over the air software updates are a great feature, keeps improving over time.","Price & Subsidy, Software & Connectivity",running cost lower petrol saving lot fuel every month air software update great feature keep improving time,"Running cost is much lower than petrol, saving a lot on fuel every month. Over the air software updates are a great feature, keeps improving over time.",4,0.626540824,"Topic 4: software, month, year, battery, keep",6,0.124466124,"Topic 6: app, keep, update, software update, need",5,0.009808938755125014,"Topic 5: air software, improving, great feature, keeps improving, updates great, improving time"
EV1369,Marketplace Review,EV Car,BYD Atto 3,North,1/9/2024,2,Handling and stability at high speed feels very confident and safe.,Performance & Ride Quality,handling stability high speed feel confident safe,Handling and stability at high speed feels very confident and safe.,1,0.935713476,"Topic 1: range, system, genuinely, useful, genuinely useful",7,0.042842529,"Topic 7: riding, low, smooth, level, impressively",2,1.0,"Topic 2: makes, high, size makes, park, easy, maneuver"
EV1370,Social Media,EV Scooter,Hero Vida V1,West,3/13/2024,3,Insurance premium for EV is surprisingly high compared to petrol vehicles.,Price & Subsidy,insurance premium surprisingly high compared petrol,Insurance premium for EV is surprisingly high compared to petrol vehicles.,8,0.924997791,"Topic 8: range, drop, defeat purpose, energy, energy used",7,0.026150544,"Topic 7: riding, low, smooth, level, impressively",16,1.0,"Topic 16: tier, surprisingly, surprisingly high, compared petrol, insurance premium, insurance"
EV1371,Survey,EV Car,Tesla Model 3,North,11/16/2024,4,"Braking system feels sharp and responsive, regenerative braking works well.",Performance & Ride Quality,braking system feel sharp responsive regenerative braking work well,"Braking system feels sharp and responsive, regenerative braking works well.",7,0.949999688,"Topic 7: braking, work, system, work well, well",2,0.362732406,"Topic 2: braking, system, work well, work, well",24,1.0,"Topic 24: braking, braking feels, braking works, responsive, regenerative braking, responsive regenerative"
EV1372,Social Media,EV Car,Mahindra XUV400,South,3/11/2024,3,"Heard about a thermal runaway incident, this has shaken my trust in EV safety. I'm always worried about running out of charge before reaching my destination.","Safety Features, Range Anxiety",heard thermal runaway incident shaken trust safety always worried running charge reaching destination,"Heard about a thermal runaway incident, this has shaken my trust in EV safety. I'm always worried about running out of charge before reaching my destination.",3,0.509653206,"Topic 3: safety, use, highway, part, feature",9,0.028606508,"Topic 9: dashboard, caused dashboard, caused, dashboard freeze, freeze twice",15,0.001745716507226363,"Topic 15: highway, discount, ev subsidy, delayed discount, subsidy scheme, state got"
EV1373,Social Media,EV Scooter,TVS iQube,South,2/25/2025,5,Contributing to a cleaner city is a big motivation behind going electric.,Environmental Impact,contributing cleaner city big motivation behind going,Contributing to a cleaner city is a big motivation behind going electric.,0,0.935713847,"Topic 0: cost, battery, replacement cost, replacement, city",0,0.025499456,"Topic 0: cost, replacement cost, replacement, price, battery",4,0.19655782723004725,"Topic 4: big motivation, big, motivation going, motivation, contributing, going"
EV1374,Survey,EV Car,Tata Nexon EV,South,5/6/2024,4,"Concerned about environmental impact of battery disposal and recycling. Storage space under the seat is very limited, not practical for daily use.","Environmental Impact, Design & Aesthetics",concerned environmental impact battery disposal recycling storage space seat limited practical daily use,"Concerned about environmental impact of battery disposal and recycling. Storage space under the seat is very limited, not practical for daily use.",3,0.52399961,"Topic 3: safety, use, highway, part, feature",5,0.283158325,"Topic 5: battery disposal, disposal recycling, concerned, environmental impact, environmental",12,1.0,"Topic 12: battery disposal, environmental, disposal, disposal recycling, concerned, concerned environmental"
EV1375,Social Media,EV Scooter,Ather 450X,East,3/27/2024,3,EV subsidy scheme in my state got delayed and the discount amount reduced suddenly.,Price & Subsidy,subsidy scheme state got delayed discount amount reduced suddenly,EV subsidy scheme in my state got delayed and the discount amount reduced suddenly.,4,0.949999791,"Topic 4: software, month, year, battery, keep",8,0.01521382,"Topic 8: service, service center, center, appointment long, center needed",15,1.0,"Topic 15: highway, discount, ev subsidy, delayed discount, subsidy scheme, state got"
EV1376,Customer Support,EV Car,Tesla Model 3,South,6/14/2025,4,Zero tailpipe emissions is the main reason I chose an electric vehicle. Stability control on wet roads is impressive and inspires confidence.,"Environmental Impact, Safety Features",zero tailpipe emission main reason chose stability control wet road impressive inspires confidence,Zero tailpipe emissions is the main reason I chose an electric vehicle. Stability control on wet roads is impressive and inspires confidence.,0,0.523999625,"Topic 0: cost, battery, replacement cost, replacement, city",7,0.293357372,"Topic 7: riding, low, smooth, level, impressively",19,1.0,"Topic 19: chose, chose electric, emissions, emissions main, reason, reason chose"
EV1377,Survey,EV Scooter,TVS iQube,South,5/21/2025,4,The design looks futuristic and attracts a lot of attention on the road.,Design & Aesthetics,design look futuristic attracts lot attention road,The design looks futuristic and attracts a lot of attention on the road.,2,0.935713616,"Topic 2: feel, quality, range, support, quality feel",7,0.037911005,"Topic 7: riding, low, smooth, level, impressively",9,1.0,"Topic 9: lot, better, expected, attracts lot, attracts, looks futuristic"
EV1378,Survey,EV Car,Mahindra XUV400,Central,1/13/2024,4,Top speed is decent for city use but not enough for highway cruising.,Performance & Ride Quality,top speed decent city use enough highway cruising,Top speed is decent for city use but not enough for highway cruising.,3,0.9437488,"Topic 3: safety, use, highway, part, feature",4,0.041234172,"Topic 4: use, daily use, daily, dropped, within month",15,0.0009556475303666881,"Topic 15: highway, discount, ev subsidy, delayed discount, subsidy scheme, state got"
EV1379,Marketplace Review,EV Car,Mahindra XUV400,East,6/25/2024,4,"Smart key and app based lock features work flawlessly, very convenient.",Software & Connectivity,smart key app based lock feature work flawlessly convenient,"Smart key and app based lock features work flawlessly, very convenient.",9,0.949998977,"Topic 9: price, subsidy, service, battery disposal, concerned environmental",6,0.203971773,"Topic 6: app, keep, update, software update, need",22,1.0,"Topic 22: app based, based, based lock, features work, flawlessly, flawlessly convenient"
EV1380,Survey,EV Car,Tata Nexon EV,North,9/25/2024,4,The upfront price is high but government subsidy makes it affordable. For daily commute the range is fine but long trips are stressful because of low range.,"Price & Subsidy, Range Anxiety",upfront price high government subsidy make affordable daily commute range fine long trip stressful low range,The upfront price is high but government subsidy makes it affordable. For daily commute the range is fine but long trips are stressful because of low range.,0,0.527594675,"Topic 0: cost, battery, replacement cost, replacement, city",7,0.071710853,"Topic 7: riding, low, smooth, level, impressively",1,1.0,"Topic 1: range, transparent, proper, time company, proper information, battery degrades"
EV1381,Marketplace Review,EV Scooter,Hero Vida V1,West,2/15/2025,4,Home charging setup was expensive and took weeks to install.,Charging Infrastructure,home charging setup expensive took week install,Home charging setup was expensive and took weeks to install.,5,0.935713411,"Topic 5: battery, center, service center, service, safety",5,0.034397189,"Topic 5: battery disposal, disposal recycling, concerned, environmental impact, environmental",11,1.0,"Topic 11: home, bluetooth, riding frustrating, connectivity, bluetooth connectivity, drops frequently"
EV1382,Customer Support,EV Scooter,Ola S1,North,6/7/2025,3,"Resale value of electric vehicles is still uncertain, worried about depreciation. Battery replacement cost is almost half the price of the vehicle, very concerning.","Price & Subsidy, Battery Life & Degradation",resale value uncertain worried depreciation battery replacement cost almost half price concerning,"Resale value of electric vehicles is still uncertain, worried about depreciation. Battery replacement cost is almost half the price of the vehicle, very concerning.",0,0.594733734,"Topic 0: cost, battery, replacement cost, replacement, city",0,0.084911054,"Topic 0: cost, replacement cost, replacement, price, battery",5,0.04624592592389237,"Topic 5: air software, improving, great feature, keeps improving, updates great, improving time"
EV1383,Marketplace Review,EV Car,Hyundai Kona,South,2/29/2024,4,"Running cost is much lower than petrol, saving a lot on fuel every month.",Price & Subsidy,running cost lower petrol saving lot fuel every month,"Running cost is much lower than petrol, saving a lot on fuel every month.",4,0.949998874,"Topic 4: software, month, year, battery, keep",9,0.051628088,"Topic 9: dashboard, caused dashboard, caused, dashboard freeze, freeze twice",9,0.009739631606138697,"Topic 9: lot, better, expected, attracts lot, attracts, looks futuristic"
EV1384,Marketplace Review,EV Scooter,Ola S1,Central,2/26/2024,3,Service center staff are not well trained to handle EV specific issues. Worried about battery degradation and replacement cost after warranty ends.,"Service & After-Sales, Battery Life & Degradation",service center staff well trained handle specific issue worried battery degradation replacement cost warranty end,Service center staff are not well trained to handle EV specific issues. Worried about battery degradation and replacement cost after warranty ends.,5,0.564400712,"Topic 5: battery, center, service center, service, safety",8,0.216457815,"Topic 8: service, service center, center, appointment long, center needed",7,1.0,"Topic 7: ev, good knowing, knowing, feels good, carbon footprint, knowing reducing"
EV1385,Survey,EV Car,Tesla Model 3,South,5/23/2025,4,"Braking system feels sharp and responsive, regenerative braking works well. Read reports about battery fires, safety is my biggest concern before buying.","Performance & Ride Quality, Safety Features",braking system feel sharp responsive regenerative braking work well read report battery fire safety biggest concern buying,"Braking system feels sharp and responsive, regenerative braking works well. Read reports about battery fires, safety is my biggest concern before buying.",7,0.512413352,"Topic 7: braking, work, system, work well, well",2,0.259717121,"Topic 2: braking, system, work well, work, well",24,1.0,"Topic 24: braking, braking feels, braking works, responsive, regenerative braking, responsive regenerative"
EV1386,Customer Support,EV Scooter,Ather 450X,North,1/31/2024,3,"Noise levels are impressively low, riding experience is very smooth and quiet.",Performance & Ride Quality,noise level impressively low riding experience smooth quiet,"Noise levels are impressively low, riding experience is very smooth and quiet.",9,0.943749598,"Topic 9: price, subsidy, service, battery disposal, concerned environmental",7,0.346479625,"Topic 7: riding, low, smooth, level, impressively",3,0.1984550954253137,"Topic 3: low, stability control, control wet, impressive, impressive inspires, wet"
EV1387,Survey,EV Scooter,Ampere Magnus,East,3/19/2024,5,Navigation system integrated with range prediction is genuinely useful. Concerned about environmental impact of battery disposal and recycling.,"Software & Connectivity, Environmental Impact",navigation system integrated range prediction genuinely useful concerned environmental impact battery disposal recycling,Navigation system integrated with range prediction is genuinely useful. Concerned about environmental impact of battery disposal and recycling.,1,0.52400012,"Topic 1: range, system, genuinely, useful, genuinely useful",5,0.31128957,"Topic 5: battery disposal, disposal recycling, concerned, environmental impact, environmental",12,0.029443633705673357,"Topic 12: battery disposal, environmental, disposal, disposal recycling, concerned, concerned environmental"
EV1388,Social Media,EV Car,Mahindra XUV400,East,6/10/2024,3,"Customer support over phone is helpful and resolves issues quickly. Public chargers are often broken or occupied, need more charging stations urgently.","Service & After-Sales, Charging Infrastructure",customer support phone helpful resolve issue quickly public charger often broken occupied need charging station urgently,"Customer support over phone is helpful and resolves issues quickly. Public chargers are often broken or occupied, need more charging stations urgently.",0,0.52781212,"Topic 0: cost, battery, replacement cost, replacement, city",6,0.072187862,"Topic 6: app, keep, update, software update, need",0,0.00848237787094368,"Topic 0: collision, systems, braking collision, collision alert, systems work, really traffic"
EV1389,Survey,EV Car,Tesla Model 3,North,1/13/2024,3,The upfront price is high but government subsidy makes it affordable.,Price & Subsidy,upfront price high government subsidy make affordable,The upfront price is high but government subsidy makes it affordable.,9,0.935713,"Topic 9: price, subsidy, service, battery disposal, concerned environmental",0,0.054278679,"Topic 0: cost, replacement cost, replacement, price, battery",2,0.0016695855624134029,"Topic 2: makes, high, size makes, park, easy, maneuver"
EV1390,Marketplace Review,EV Scooter,TVS iQube,South,7/2/2024,5,"For daily commute the range is fine but long trips are stressful because of low range. Read reports about battery fires, safety is my biggest concern before buying.","Range Anxiety, Safety Features",daily commute range fine long trip stressful low range read report battery fire safety biggest concern buying,"For daily commute the range is fine but long trips are stressful because of low range. Read reports about battery fires, safety is my biggest concern before buying.",0,0.531206846,"Topic 0: cost, battery, replacement cost, replacement, city",7,0.066696476,"Topic 7: riding, low, smooth, level, impressively",1,1.0,"Topic 1: range, transparent, proper, time company, proper information, battery degrades"
EV1391,Marketplace Review,EV Scooter,Ather 450X,East,10/4/2024,3,"Love the app that shows nearby charging stations, very convenient feature.",Charging Infrastructure,love app show nearby charging station convenient feature,"Love the app that shows nearby charging stations, very convenient feature.",6,0.943748039,"Topic 6: charging, battery, almost, tier, use",6,0.138731495,"Topic 6: app, keep, update, software update, need",8,0.011136781269118446,"Topic 8: vehicle good, test ratings, test, purchase decision, ratings, ratings reassured"
EV1392,Survey,EV Car,BYD Atto 3,South,8/16/2024,3,"Emergency braking and collision alert systems work really well in traffic. Range drops badly in winter, I lost almost 30% range in cold weather.","Safety Features, Range Anxiety",emergency braking collision alert system work well traffic range drop badly winter lost almost range cold weather,"Emergency braking and collision alert systems work really well in traffic. Range drops badly in winter, I lost almost 30% range in cold weather.",8,0.523588443,"Topic 8: range, drop, defeat purpose, energy, energy used",2,0.220995941,"Topic 2: braking, system, work well, work, well",0,0.015275362954058033,"Topic 0: collision, systems, braking collision, collision alert, systems work, really traffic"
EV1393,Customer Support,EV Scooter,TVS iQube,East,3/29/2024,4,"The vehicle has good crash test ratings which reassured my purchase decision. Over the air software updates are a great feature, keeps improving over time. Range anxiety is real, I plan every trip around charging stops now.","Safety Features, Software & Connectivity, Range Anxiety",crash test rating reassured purchase decision air software update great feature keep improving time range anxiety real plan every trip around charging stop,"The vehicle has good crash test ratings which reassured my purchase decision. Over the air software updates are a great feature, keeps improving over time. Range anxiety is real, I plan every trip around charging stops now.",2,0.375961736,"Topic 2: feel, quality, range, support, quality feel",6,0.109457594,"Topic 6: app, keep, update, software update, need",8,1.0,"Topic 8: vehicle good, test ratings, test, purchase decision, ratings, ratings reassured"
EV1394,Social Media,EV Scooter,Hero Vida V1,West,1/12/2025,4,Zero tailpipe emissions is the main reason I chose an electric vehicle. Software glitches caused the dashboard to freeze twice in a month.,"Environmental Impact, Software & Connectivity",zero tailpipe emission main reason chose software glitch caused dashboard freeze twice month,Zero tailpipe emissions is the main reason I chose an electric vehicle. Software glitches caused the dashboard to freeze twice in a month.,4,0.500251649,"Topic 4: software, month, year, battery, keep",9,0.3245501,"Topic 9: dashboard, caused dashboard, caused, dashboard freeze, freeze twice",19,1.0,"Topic 19: chose, chose electric, emissions, emissions main, reason, reason chose"
EV1395,Survey,EV Car,MG ZS EV,West,1/25/2024,3,"Resale value of electric vehicles is still uncertain, worried about depreciation. Stability control on wet roads is impressive and inspires confidence.","Price & Subsidy, Safety Features",resale value uncertain worried depreciation stability control wet road impressive inspires confidence,"Resale value of electric vehicles is still uncertain, worried about depreciation. Stability control on wet roads is impressive and inspires confidence.",0,0.594725584,"Topic 0: cost, battery, replacement cost, replacement, city",7,0.188560074,"Topic 7: riding, low, smooth, level, impressively",5,0.0459655162291476,"Topic 5: air software, improving, great feature, keeps improving, updates great, improving time"
EV1396,Survey,EV Car,Hyundai Kona,West,11/10/2024,5,Fast charging network needs serious expansion on highways.,Charging Infrastructure,fast charging network need serious expansion highway,Fast charging network needs serious expansion on highways.,3,0.935712804,"Topic 3: safety, use, highway, part, feature",6,0.075128743,"Topic 6: app, keep, update, software update, need",2,1.0,"Topic 2: makes, high, size makes, park, easy, maneuver"
EV1397,Marketplace Review,EV Car,Mahindra XUV400,North,5/25/2024,4,Service center staff are not well trained to handle EV specific issues.,Service & After-Sales,service center staff well trained handle specific issue,Service center staff are not well trained to handle EV specific issues.,5,0.943748934,"Topic 5: battery, center, service center, service, safety",8,0.29569031,"Topic 8: service, service center, center, appointment long, center needed",7,1.0,"Topic 7: ev, good knowing, knowing, feels good, carbon footprint, knowing reducing"
EV1398,Marketplace Review,EV Car,MG ZS EV,East,4/14/2025,3,"Public chargers are often broken or occupied, need more charging stations urgently.",Charging Infrastructure,public charger often broken occupied need charging station urgently,"Public chargers are often broken or occupied, need more charging stations urgently.",0,0.94999906,"Topic 0: cost, battery, replacement cost, replacement, city",6,0.098517264,"Topic 6: app, keep, update, software update, need",0,0.008592138702639609,"Topic 0: collision, systems, braking collision, collision alert, systems work, really traffic"
EV1399,Marketplace Review,EV Car,Tesla Model 3,North,3/4/2024,4,Build materials feel sturdy but the design is a bit too plain compared to rivals.,Design & Aesthetics,build material feel sturdy design bit plain compared rival,Build materials feel sturdy but the design is a bit too plain compared to rivals.,6,0.949998733,"Topic 6: charging, battery, almost, tier, use",8,0.127332354,"Topic 8: service, service center, center, appointment long, center needed",14,1.0,"Topic 14: service, bit plain, design bit, compared rivals, bit, materials feel"
EV1400,Customer Support,EV Car,MG ZS EV,East,11/18/2024,3,Build materials feel sturdy but the design is a bit too plain compared to rivals.,Design & Aesthetics,build material feel sturdy design bit plain compared rival,Build materials feel sturdy but the design is a bit too plain compared to rivals.,6,0.949998733,"Topic 6: charging, battery, almost, tier, use",8,0.127332354,"Topic 8: service, service center, center, appointment long, center needed",14,1.0,"Topic 14: service, bit plain, design bit, compared rivals, bit, materials feel"
EV1401,Marketplace Review,EV Scooter,TVS iQube,East,8/27/2024,4,"Home charging setup was expensive and took weeks to install. Running cost is much lower than petrol, saving a lot on fuel every month.","Charging Infrastructure, Price & Subsidy",home charging setup expensive took week install running cost lower petrol saving lot fuel every month,"Home charging setup was expensive and took weeks to install. Running cost is much lower than petrol, saving a lot on fuel every month.",4,0.537249829,"Topic 4: software, month, year, battery, keep",9,0.037435547,"Topic 9: dashboard, caused dashboard, caused, dashboard freeze, freeze twice",11,1.0,"Topic 11: home, bluetooth, riding frustrating, connectivity, bluetooth connectivity, drops frequently"
EV1402,Social Media,EV Car,Tata Nexon EV,West,4/22/2025,4,Handling and stability at high speed feels very confident and safe. Compact size makes it easy to park and maneuver in city traffic.,"Performance & Ride Quality, Design & Aesthetics",handling stability high speed feel confident safe compact size make easy park maneuver city traffic,Handling and stability at high speed feels very confident and safe. Compact size makes it easy to park and maneuver in city traffic.,1,0.968965151,"Topic 1: range, system, genuinely, useful, genuinely useful",0,0.02837874,"Topic 0: cost, replacement cost, replacement, price, battery",2,0.09200887027764511,"Topic 2: makes, high, size makes, park, easy, maneuver"
EV1403,Marketplace Review,EV Scooter,Ather 450X,East,4/19/2025,5,"Had a great experience with the service team, they explained everything clearly.",Service & After-Sales,great experience service team explained everything clearly,"Had a great experience with the service team, they explained everything clearly.",4,0.935712448,"Topic 4: software, month, year, battery, keep",8,0.103109565,"Topic 8: service, service center, center, appointment long, center needed",8,1.0,"Topic 8: vehicle good, test ratings, test, purchase decision, ratings, ratings reassured"
EV1404,Social Media,EV Car,Tata Nexon EV,East,2/11/2024,4,"Resale value of electric vehicles is still uncertain, worried about depreciation.",Price & Subsidy,resale value uncertain worried depreciation,"Resale value of electric vehicles is still uncertain, worried about depreciation.",7,0.909999429,"Topic 7: braking, work, system, work well, well",9,0.015858813,"Topic 9: dashboard, caused dashboard, caused, dashboard freeze, freeze twice",5,0.045736917666987106,"Topic 5: air software, improving, great feature, keeps improving, updates great, improving time"
EV1405,Social Media,EV Car,Tata Nexon EV,East,2/9/2025,5,"Stability control on wet roads is impressive and inspires confidence. Range anxiety is real, I plan every trip around charging stops now.","Safety Features, Range Anxiety",stability control wet road impressive inspires confidence range anxiety real plan every trip around charging stop,"Stability control on wet roads is impressive and inspires confidence. Range anxiety is real, I plan every trip around charging stops now.",2,0.511115791,"Topic 2: feel, quality, range, support, quality feel",7,0.182721637,"Topic 7: riding, low, smooth, level, impressively",3,1.0,"Topic 3: low, stability control, control wet, impressive, impressive inspires, wet"
EV1406,Survey,EV Scooter,Ather 450X,West,4/8/2025,4,Stability control on wet roads is impressive and inspires confidence.,Safety Features,stability control wet road impressive inspires confidence,Stability control on wet roads is impressive and inspires confidence.,0,0.935713446,"Topic 0: cost, battery, replacement cost, replacement, city",7,0.259998231,"Topic 7: riding, low, smooth, level, impressively",3,1.0,"Topic 3: low, stability control, control wet, impressive, impressive inspires, wet"
EV1407,Marketplace Review,EV Car,Tata Nexon EV,North,5/23/2024,4,Finding a working charging station in my city is still very difficult.,Charging Infrastructure,finding working charging station city difficult,Finding a working charging station in my city is still very difficult.,0,0.924998264,"Topic 0: cost, battery, replacement cost, replacement, city",6,0.061226602,"Topic 6: app, keep, update, software update, need",0,1.0,"Topic 0: collision, systems, braking collision, collision alert, systems work, really traffic"
EV1408,Social Media,EV Car,MG ZS EV,South,2/14/2025,4,Handling and stability at high speed feels very confident and safe.,Performance & Ride Quality,handling stability high speed feel confident safe,Handling and stability at high speed feels very confident and safe.,1,0.935713476,"Topic 1: range, system, genuinely, useful, genuinely useful",7,0.042842529,"Topic 7: riding, low, smooth, level, impressively",2,1.0,"Topic 2: makes, high, size makes, park, easy, maneuver"
EV1409,Survey,EV Scooter,Ola S1,North,7/21/2024,4,"The companion app keeps crashing, needs urgent software updates. The battery warranty of 100 years gives me confidence in long term reliability.","Software & Connectivity, Battery Life & Degradation",companion app keep crashing need urgent software update battery warranty year give confidence long term reliability,"The companion app keeps crashing, needs urgent software updates. The battery warranty of 100 years gives me confidence in long term reliability.",4,0.97096705,"Topic 4: software, month, year, battery, keep",6,0.291208887,"Topic 6: app, keep, update, software update, need",17,1.0,"Topic 17: app keeps, crashing, crashing needs, companion app, companion, urgent software"
EV1410,Survey,EV Car,Mahindra XUV400,South,3/19/2025,3,"Storage space under the seat is very limited, not practical for daily use.",Design & Aesthetics,storage space seat limited practical daily use,"Storage space under the seat is very limited, not practical for daily use.",3,0.93571352,"Topic 3: safety, use, highway, part, feature",4,0.148974955,"Topic 4: use, daily use, daily, dropped, within month",5,1.0,"Topic 5: air software, improving, great feature, keeps improving, updates great, improving time"
EV1411,Marketplace Review,EV Car,Mahindra XUV400,South,12/28/2024,4,Total cost of ownership is great once you factor in low maintenance and fuel savings.,Price & Subsidy,total cost ownership great factor low maintenance fuel saving,Total cost of ownership is great once you factor in low maintenance and fuel savings.,0,0.949998942,"Topic 0: cost, battery, replacement cost, replacement, city",7,0.056445734,"Topic 7: riding, low, smooth, level, impressively",3,1.0,"Topic 3: low, stability control, control wet, impressive, impressive inspires, wet"
EV1412,Marketplace Review,EV Scooter,TVS iQube,South,2/5/2024,5,"Concerned about environmental impact of battery disposal and recycling. For the price, I expected better build quality and more features.","Environmental Impact, Price & Subsidy",concerned environmental impact battery disposal recycling price expected better build quality feature,"Concerned about environmental impact of battery disposal and recycling. For the price, I expected better build quality and more features.",9,0.540231451,"Topic 9: price, subsidy, service, battery disposal, concerned environmental",5,0.30350421,"Topic 5: battery disposal, disposal recycling, concerned, environmental impact, environmental",12,1.0,"Topic 12: battery disposal, environmental, disposal, disposal recycling, concerned, concerned environmental"
EV1413,Marketplace Review,EV Scooter,Ampere Magnus,North,3/30/2024,2,"Spare parts availability is a major issue, waited a month for a replacement part.",Service & After-Sales,spare part availability major issue waited month replacement part,"Spare parts availability is a major issue, waited a month for a replacement part.",3,0.949999206,"Topic 3: safety, use, highway, part, feature",9,0.022143653,"Topic 9: dashboard, caused dashboard, caused, dashboard freeze, freeze twice",0,0.19198549856605135,"Topic 0: collision, systems, braking collision, collision alert, systems work, really traffic"
EV1414,Social Media,EV Car,Mahindra XUV400,Central,9/12/2024,4,"Emergency braking and collision alert systems work really well in traffic. AC usage kills the range, on hot days I barely get half the claimed distance.","Safety Features, Range Anxiety",emergency braking collision alert system work well traffic usage kill range hot day barely half claimed distance,"Emergency braking and collision alert systems work really well in traffic. AC usage kills the range, on hot days I barely get half the claimed distance.",8,0.523587031,"Topic 8: range, drop, defeat purpose, energy, energy used",2,0.209145748,"Topic 2: braking, system, work well, work, well",0,0.015266302740966553,"Topic 0: collision, systems, braking collision, collision alert, systems work, really traffic"
EV1415,Marketplace Review,EV Scooter,Ampere Magnus,East,5/29/2025,4,"Noise levels are impressively low, riding experience is very smooth and quiet.",Performance & Ride Quality,noise level impressively low riding experience smooth quiet,"Noise levels are impressively low, riding experience is very smooth and quiet.",9,0.943749598,"Topic 9: price, subsidy, service, battery disposal, concerned environmental",7,0.346479625,"Topic 7: riding, low, smooth, level, impressively",3,0.19862895472946795,"Topic 3: low, stability control, control wet, impressive, impressive inspires, wet"
EV1416,Survey,EV Scooter,Ather 450X,East,8/12/2024,5,"Range anxiety is real, I plan every trip around charging stops now.",Range Anxiety,range anxiety real plan every trip around charging stop,"Range anxiety is real, I plan every trip around charging stops now.",2,0.949997191,"Topic 2: feel, quality, range, support, quality feel",9,0.026957355,"Topic 9: dashboard, caused dashboard, caused, dashboard freeze, freeze twice",15,0.0006139867545733012,"Topic 15: highway, discount, ev subsidy, delayed discount, subsidy scheme, state got"
EV1417,Customer Support,EV Car,Mahindra XUV400,Central,8/26/2024,3,Worried about battery degradation and replacement cost after warranty ends.,Battery Life & Degradation,worried battery degradation replacement cost warranty end,Worried about battery degradation and replacement cost after warranty ends.,0,0.935712873,"Topic 0: cost, battery, replacement cost, replacement, city",0,0.107282482,"Topic 0: cost, replacement cost, replacement, price, battery",21,1.0,"Topic 21: cost warranty, battery degradation, warranty ends, ends, degradation replacement, worried battery"
EV1418,Social Media,EV Car,Tesla Model 3,East,2/27/2024,3,Insurance premium for EV is surprisingly high compared to petrol vehicles.,Price & Subsidy,insurance premium surprisingly high compared petrol,Insurance premium for EV is surprisingly high compared to petrol vehicles.,8,0.924997791,"Topic 8: range, drop, defeat purpose, energy, energy used",7,0.026150544,"Topic 7: riding, low, smooth, level, impressively",16,1.0,"Topic 16: tier, surprisingly, surprisingly high, compared petrol, insurance premium, insurance"
EV1419,Social Media,EV Scooter,Ather 450X,South,11/21/2024,4,Top speed is decent for city use but not enough for highway cruising. I'm always worried about running out of charge before reaching my destination.,"Performance & Ride Quality, Range Anxiety",top speed decent city use enough highway cruising always worried running charge reaching destination,Top speed is decent for city use but not enough for highway cruising. I'm always worried about running out of charge before reaching my destination.,3,0.55925859,"Topic 3: safety, use, highway, part, feature",4,0.03325123,"Topic 4: use, daily use, daily, dropped, within month",15,0.0009558658892781427,"Topic 15: highway, discount, ev subsidy, delayed discount, subsidy scheme, state got"
EV1420,Customer Support,EV Car,Mahindra XUV400,South,5/17/2025,4,"Range drops badly in winter, I lost almost 30% range in cold weather.",Range Anxiety,range drop badly winter lost almost range cold weather,"Range drops badly in winter, I lost almost 30% range in cold weather.",8,0.949999084,"Topic 8: range, drop, defeat purpose, energy, energy used",7,0.062578708,"Topic 7: riding, low, smooth, level, impressively",23,1.0,"Topic 23: 30 range, badly, badly winter, cold weather, drops badly, cold"
EV1421,Social Media,EV Car,MG ZS EV,North,6/23/2025,4,"The companion app keeps crashing, needs urgent software updates.",Software & Connectivity,companion app keep crashing need urgent software update,"The companion app keeps crashing, needs urgent software updates.",4,0.943749217,"Topic 4: software, month, year, battery, keep",6,0.391311163,"Topic 6: app, keep, update, software update, need",17,1.0,"Topic 17: app keeps, crashing, crashing needs, companion app, companion, urgent software"
EV1422,Social Media,EV Scooter,Ampere Magnus,South,12/14/2024,3,Worried about battery degradation and replacement cost after warranty ends. Acceleration is smooth and instant torque makes overtaking effortless.,"Battery Life & Degradation, Performance & Ride Quality",worried battery degradation replacement cost warranty end acceleration smooth instant torque make overtaking effortless,Worried about battery degradation and replacement cost after warranty ends. Acceleration is smooth and instant torque makes overtaking effortless.,4,0.534050438,"Topic 4: software, month, year, battery, keep",0,0.077257271,"Topic 0: cost, replacement cost, replacement, price, battery",23,1.0,"Topic 23: 30 range, badly, badly winter, cold weather, drops badly, cold"
EV1423,Social Media,EV Car,BYD Atto 3,North,6/22/2025,3,"Top speed is decent for city use but not enough for highway cruising. Highway charging stops are rare, long distance travel is a nightmare.","Performance & Ride Quality, Charging Infrastructure",top speed decent city use enough highway cruising highway charging stop rare long distance travel nightmare,"Top speed is decent for city use but not enough for highway cruising. Highway charging stops are rare, long distance travel is a nightmare.",3,0.50818655,"Topic 3: safety, use, highway, part, feature",8,0.042884486,"Topic 8: service, service center, center, appointment long, center needed",15,0.0009562713572145361,"Topic 15: highway, discount, ev subsidy, delayed discount, subsidy scheme, state got"
EV1424,Customer Support,EV Car,Hyundai Kona,East,5/19/2024,4,"No proper information on how battery degrades over time, company should be transparent. Storage space under the seat is very limited, not practical for daily use.","Battery Life & Degradation, Design & Aesthetics",proper information battery degrades time company transparent storage space seat limited practical daily use,"No proper information on how battery degrades over time, company should be transparent. Storage space under the seat is very limited, not practical for daily use.",5,0.485185105,"Topic 5: battery, center, service center, service, safety",4,0.120530709,"Topic 4: use, daily use, daily, dropped, within month",1,0.20661225163968913,"Topic 1: range, transparent, proper, time company, proper information, battery degrades"
EV1425,Customer Support,EV Scooter,Ather 450X,South,6/28/2024,5,"Build materials feel sturdy but the design is a bit too plain compared to rivals. Waiting time for service appointment is too long, more service centers needed.","Design & Aesthetics, Service & After-Sales",build material feel sturdy design bit plain compared rival waiting time service appointment long service center needed,"Build materials feel sturdy but the design is a bit too plain compared to rivals. Waiting time for service appointment is too long, more service centers needed.",6,0.549143044,"Topic 6: charging, battery, almost, tier, use",8,0.352879523,"Topic 8: service, service center, center, appointment long, center needed",14,1.0,"Topic 14: service, bit plain, design bit, compared rivals, bit, materials feel"
EV1426,Social Media,EV Scooter,Ather 450X,North,2/4/2025,3,Switching to EV feels good knowing I'm reducing my carbon footprint.,Environmental Impact,switching feel knowing reducing carbon footprint,Switching to EV feels good knowing I'm reducing my carbon footprint.,2,0.924999506,"Topic 2: feel, quality, range, support, quality feel",8,0.070115738,"Topic 8: service, service center, center, appointment long, center needed",7,1.0,"Topic 7: ev, good knowing, knowing, feels good, carbon footprint, knowing reducing"
EV1427,Customer Support,EV Car,BYD Atto 3,Central,8/14/2024,4,Switching to EV feels good knowing I'm reducing my carbon footprint.,Environmental Impact,switching feel knowing reducing carbon footprint,Switching to EV feels good knowing I'm reducing my carbon footprint.,2,0.924999506,"Topic 2: feel, quality, range, support, quality feel",8,0.070115738,"Topic 8: service, service center, center, appointment long, center needed",7,1.0,"Topic 7: ev, good knowing, knowing, feels good, carbon footprint, knowing reducing"
EV1428,Customer Support,EV Scooter,Ather 450X,North,8/31/2024,4,"Suspension is too stiff, ride quality is uncomfortable on bad roads. Switching to EV feels good knowing I'm reducing my carbon footprint.","Performance & Ride Quality, Environmental Impact",suspension stiff ride quality uncomfortable road switching feel knowing reducing carbon footprint,"Suspension is too stiff, ride quality is uncomfortable on bad roads. Switching to EV feels good knowing I'm reducing my carbon footprint.",2,0.576282122,"Topic 2: feel, quality, range, support, quality feel",8,0.049774279,"Topic 8: service, service center, center, appointment long, center needed",7,1.0,"Topic 7: ev, good knowing, knowing, feels good, carbon footprint, knowing reducing"
EV1429,Survey,EV Scooter,Bajaj Chetak,East,8/2/2024,4,"Resale value of electric vehicles is still uncertain, worried about depreciation. Charging takes too long, almost 6 hours for a full charge at home.","Price & Subsidy, Charging Infrastructure",resale value uncertain worried depreciation charging take long almost hour full charge home,"Resale value of electric vehicles is still uncertain, worried about depreciation. Charging takes too long, almost 6 hours for a full charge at home.",6,0.603997828,"Topic 6: charging, battery, almost, tier, use",1,0.030263444,"Topic 1: charge come, defeat purpose, defeat, come mostly, come",5,0.0470396180990029,"Topic 5: air software, improving, great feature, keeps improving, updates great, improving time"
EV1430,Survey,EV Car,Tesla Model 3,North,1/30/2025,4,"Over the air software updates are a great feature, keeps improving over time. Storage space under the seat is very limited, not practical for daily use.","Software & Connectivity, Design & Aesthetics",air software update great feature keep improving time storage space seat limited practical daily use,"Over the air software updates are a great feature, keeps improving over time. Storage space under the seat is very limited, not practical for daily use.",6,0.564705383,"Topic 6: charging, battery, almost, tier, use",6,0.140000084,"Topic 6: app, keep, update, software update, need",5,1.0,"Topic 5: air software, improving, great feature, keeps improving, updates great, improving time"
EV1431,Customer Support,EV Scooter,Bajaj Chetak,Central,1/19/2025,5,Charging infrastructure in tier 2 and tier 3 cities is almost non-existent.,Charging Infrastructure,charging infrastructure tier tier city almost non existent,Charging infrastructure in tier 2 and tier 3 cities is almost non-existent.,6,0.943748493,"Topic 6: charging, battery, almost, tier, use",0,0.022957622,"Topic 0: cost, replacement cost, replacement, price, battery",16,1.0,"Topic 16: tier, surprisingly, surprisingly high, compared petrol, insurance premium, insurance"
EV1432,Marketplace Review,EV Car,MG ZS EV,North,2/4/2024,4,Service center staff are not well trained to handle EV specific issues.,Service & After-Sales,service center staff well trained handle specific issue,Service center staff are not well trained to handle EV specific issues.,5,0.943748934,"Topic 5: battery, center, service center, service, safety",8,0.29569031,"Topic 8: service, service center, center, appointment long, center needed",7,1.0,"Topic 7: ev, good knowing, knowing, feels good, carbon footprint, knowing reducing"
EV1433,Survey,EV Scooter,TVS iQube,North,12/16/2024,4,"Battery replacement cost is almost half the price of the vehicle, very concerning.",Battery Life & Degradation,battery replacement cost almost half price concerning,"Battery replacement cost is almost half the price of the vehicle, very concerning.",0,0.935712194,"Topic 0: cost, battery, replacement cost, replacement, city",0,0.109297637,"Topic 0: cost, replacement cost, replacement, price, battery",10,1.0,"Topic 10: battery replacement, cost half, half price, concerning, price vehicle, vehicle concerning"
EV1434,Survey,EV Car,Tesla Model 3,Central,4/5/2024,4,"Acceleration is smooth and instant torque makes overtaking effortless. Bluetooth connectivity drops frequently while riding, very frustrating.","Performance & Ride Quality, Software & Connectivity",acceleration smooth instant torque make overtaking effortless bluetooth connectivity drop frequently riding frustrating,"Acceleration is smooth and instant torque makes overtaking effortless. Bluetooth connectivity drops frequently while riding, very frustrating.",4,0.523999423,"Topic 4: software, month, year, battery, keep",7,0.121877698,"Topic 7: riding, low, smooth, level, impressively",11,1.0,"Topic 11: home, bluetooth, riding frustrating, connectivity, bluetooth connectivity, drops frequently"
EV1435,Marketplace Review,EV Car,BYD Atto 3,South,2/24/2024,3,"Fast charging network needs serious expansion on highways. Noise levels are impressively low, riding experience is very smooth and quiet. EV subsidy scheme in my state got delayed and the discount amount reduced suddenly.","Charging Infrastructure, Performance & Ride Quality, Price & Subsidy",fast charging network need serious expansion highway noise level impressively low riding experience smooth quiet subsidy scheme state got delayed discount amount reduced suddenly,"Fast charging network needs serious expansion on highways. Noise levels are impressively low, riding experience is very smooth and quiet. EV subsidy scheme in my state got delayed and the discount amount reduced suddenly.",4,0.389952813,"Topic 4: software, month, year, battery, keep",7,0.194626364,"Topic 7: riding, low, smooth, level, impressively",2,1.0,"Topic 2: makes, high, size makes, park, easy, maneuver"
EV1436,Social Media,EV Scooter,TVS iQube,North,2/20/2024,5,"Interior quality feels cheap for the price point, needs improvement. Advanced safety features like ABS and traction control give peace of mind. Touchscreen infotainment system lags and is not very intuitive to use.","Design & Aesthetics, Safety Features, Software & Connectivity",interior quality feel cheap price point need improvement advanced safety feature ab traction control give peace mind touchscreen infotainment system lag intuitive use,"Interior quality feels cheap for the price point, needs improvement. Advanced safety features like ABS and traction control give peace of mind. Touchscreen infotainment system lags and is not very intuitive to use.",3,0.414517217,"Topic 3: safety, use, highway, part, feature",3,0.247093791,"Topic 3: ab, ab traction, control give, traction, traction control",18,1.0,"Topic 18: infotainment, infotainment lags, touchscreen, touchscreen infotainment, lags intuitive, lags"
EV1437,Survey,EV Car,Mahindra XUV400,East,5/6/2025,4,The upfront price is high but government subsidy makes it affordable. Fast charging network needs serious expansion on highways.,"Price & Subsidy, Charging Infrastructure",upfront price high government subsidy make affordable fast charging network need serious expansion highway,The upfront price is high but government subsidy makes it affordable. Fast charging network needs serious expansion on highways.,3,0.485184513,"Topic 3: safety, use, highway, part, feature",6,0.052557713,"Topic 6: app, keep, update, software update, need",2,0.0016685580452353507,"Topic 2: makes, high, size makes, park, easy, maneuver"
EV1438,Customer Support,EV Car,Tesla Model 3,North,4/29/2025,3,"Charging takes too long, almost 6 hours for a full charge at home.",Charging Infrastructure,charging take long almost hour full charge home,"Charging takes too long, almost 6 hours for a full charge at home.",6,0.94374764,"Topic 6: charging, battery, almost, tier, use",1,0.04253604,"Topic 1: charge come, defeat purpose, defeat, come mostly, come",11,0.010389643687962883,"Topic 11: home, bluetooth, riding frustrating, connectivity, bluetooth connectivity, drops frequently"
EV1439,Marketplace Review,EV Scooter,Bajaj Chetak,East,4/3/2024,5,Emergency braking and collision alert systems work really well in traffic.,Safety Features,emergency braking collision alert system work well traffic,Emergency braking and collision alert systems work really well in traffic.,7,0.943749731,"Topic 7: braking, work, system, work well, well",2,0.319097782,"Topic 2: braking, system, work well, work, well",0,0.015237781286558259,"Topic 0: collision, systems, braking collision, collision alert, systems work, really traffic"
EV1440,Marketplace Review,EV Car,Hyundai Kona,East,7/10/2024,3,"The companion app keeps crashing, needs urgent software updates.",Software & Connectivity,companion app keep crashing need urgent software update,"The companion app keeps crashing, needs urgent software updates.",4,0.943749217,"Topic 4: software, month, year, battery, keep",6,0.391311163,"Topic 6: app, keep, update, software update, need",17,1.0,"Topic 17: app keeps, crashing, crashing needs, companion app, companion, urgent software"
EV1441,Marketplace Review,EV Scooter,Bajaj Chetak,East,8/19/2024,5,"There are very few authorized service centers, had to travel 8 km for repair. Range drops badly in winter, I lost almost 30% range in cold weather.","Service & After-Sales, Range Anxiety",authorized service center travel repair range drop badly winter lost almost range cold weather,"There are very few authorized service centers, had to travel 8 km for repair. Range drops badly in winter, I lost almost 30% range in cold weather.",8,0.654340014,"Topic 8: range, drop, defeat purpose, energy, energy used",8,0.148481262,"Topic 8: service, service center, center, appointment long, center needed",10,0.003668146612453817,"Topic 10: battery replacement, cost half, half price, concerning, price vehicle, vehicle concerning"
EV1442,Customer Support,EV Car,Tesla Model 3,Central,2/27/2025,4,Zero tailpipe emissions is the main reason I chose an electric vehicle.,Environmental Impact,zero tailpipe emission main reason chose,Zero tailpipe emissions is the main reason I chose an electric vehicle.,6,0.925,"Topic 6: charging, battery, almost, tier, use",7,0.153486816,"Topic 7: riding, low, smooth, level, impressively",19,1.0,"Topic 19: chose, chose electric, emissions, emissions main, reason, reason chose"
EV1443,Marketplace Review,EV Car,Mahindra XUV400,Central,5/1/2025,2,Contributing to a cleaner city is a big motivation behind going electric. EV subsidy scheme in my state got delayed and the discount amount reduced suddenly.,"Environmental Impact, Price & Subsidy",contributing cleaner city big motivation behind going subsidy scheme state got delayed discount amount reduced suddenly,Contributing to a cleaner city is a big motivation behind going electric. EV subsidy scheme in my state got delayed and the discount amount reduced suddenly.,4,0.551613042,"Topic 4: software, month, year, battery, keep",0,0.023597629,"Topic 0: cost, replacement cost, replacement, price, battery",4,0.2098511538432182,"Topic 4: big motivation, big, motivation going, motivation, contributing, going"
EV1444,Survey,EV Car,Mahindra XUV400,Central,6/13/2025,5,"Energy used to charge still comes mostly from coal in my region, defeats the purpose somewhat.",Environmental Impact,energy used charge come mostly coal region defeat purpose somewhat,"Energy used to charge still comes mostly from coal in my region, defeats the purpose somewhat.",8,0.954999819,"Topic 8: range, drop, defeat purpose, energy, energy used",1,0.428435062,"Topic 1: charge come, defeat purpose, defeat, come mostly, come",6,1.0,"Topic 6: coal, defeats purpose, defeats, coal region, comes coal, comes"
EV1445,Marketplace Review,EV Car,Tata Nexon EV,South,6/20/2024,4,Total cost of ownership is great once you factor in low maintenance and fuel savings. Switching to EV feels good knowing I'm reducing my carbon footprint.,"Price & Subsidy, Environmental Impact",total cost ownership great factor low maintenance fuel saving switching feel knowing reducing carbon footprint,Total cost of ownership is great once you factor in low maintenance and fuel savings. Switching to EV feels good knowing I'm reducing my carbon footprint.,0,0.58965409,"Topic 0: cost, battery, replacement cost, replacement, city",7,0.043456604,"Topic 7: riding, low, smooth, level, impressively",7,1.0,"Topic 7: ev, good knowing, knowing, feels good, carbon footprint, knowing reducing"
EV1446,Marketplace Review,EV Scooter,Ola S1,South,5/31/2024,5,Concerned about environmental impact of battery disposal and recycling.,Environmental Impact,concerned environmental impact battery disposal recycling,Concerned about environmental impact of battery disposal and recycling.,9,0.924998615,"Topic 9: price, subsidy, service, battery disposal, concerned environmental",5,0.435865403,"Topic 5: battery disposal, disposal recycling, concerned, environmental impact, environmental",12,1.0,"Topic 12: battery disposal, environmental, disposal, disposal recycling, concerned, concerned environmental"
EV1447,Survey,EV Scooter,Hero Vida V1,North,2/1/2025,4,"Heard about a thermal runaway incident, this has shaken my trust in EV safety. Loved the color options and the overall styling of the vehicle.","Safety Features, Design & Aesthetics",heard thermal runaway incident shaken trust safety loved color option overall styling,"Heard about a thermal runaway incident, this has shaken my trust in EV safety. Loved the color options and the overall styling of the vehicle.",3,0.569565798,"Topic 3: safety, use, highway, part, feature",3,0.031759282,"Topic 3: ab, ab traction, control give, traction, traction control",24,0.0017455095944144351,"Topic 24: braking, braking feels, braking works, responsive, regenerative braking, responsive regenerative"
EV1448,Marketplace Review,EV Scooter,Ampere Magnus,North,6/19/2025,5,"Interior quality feels cheap for the price point, needs improvement. Home charging setup was expensive and took weeks to install. Energy used to charge still comes mostly from coal in my region, defeats the purpose somewhat.","Design & Aesthetics, Charging Infrastructure, Environmental Impact",interior quality feel cheap price point need improvement home charging setup expensive took week install energy used charge come mostly coal region defeat purpose somewhat,"Interior quality feels cheap for the price point, needs improvement. Home charging setup was expensive and took weeks to install. Energy used to charge still comes mostly from coal in my region, defeats the purpose somewhat.",8,0.400270709,"Topic 8: range, drop, defeat purpose, energy, energy used",1,0.279268882,"Topic 1: charge come, defeat purpose, defeat, come mostly, come",18,1.0,"Topic 18: infotainment, infotainment lags, touchscreen, touchscreen infotainment, lags intuitive, lags"
EV1449,Survey,EV Car,Tata Nexon EV,East,12/18/2024,4,Loved the color options and the overall styling of the vehicle.,Design & Aesthetics,loved color option overall styling,Loved the color options and the overall styling of the vehicle.,6,0.91,"Topic 6: charging, battery, almost, tier, use",1,0.016621026,"Topic 1: charge come, defeat purpose, defeat, come mostly, come",24,0.03305232279245021,"Topic 24: braking, braking feels, braking works, responsive, regenerative braking, responsive regenerative"
EV1450,Marketplace Review,EV Scooter,Hero Vida V1,Central,4/29/2025,4,I'm always worried about running out of charge before reaching my destination.,Range Anxiety,always worried running charge reaching destination,I'm always worried about running out of charge before reaching my destination.,5,0.924998493,"Topic 5: battery, center, service center, service, safety",9,0.046160397,"Topic 9: dashboard, caused dashboard, caused, dashboard freeze, freeze twice",15,0.041427611986759955,"Topic 15: highway, discount, ev subsidy, delayed discount, subsidy scheme, state got"
EV1451,Social Media,EV Scooter,Bajaj Chetak,Central,2/15/2025,4,"Claimed range of 80 km is misleading, actual range is way less in city traffic. Build materials feel sturdy but the design is a bit too plain compared to rivals. Build quality feels premium and the ride is extremely comfortable.","Range Anxiety, Design & Aesthetics, Performance & Ride Quality",claimed range misleading actual range way less city traffic build material feel sturdy design bit plain compared rival build quality feel premium ride extremely comfortable,"Claimed range of 80 km is misleading, actual range is way less in city traffic. Build materials feel sturdy but the design is a bit too plain compared to rivals. Build quality feels premium and the ride is extremely comfortable.",2,0.662272846,"Topic 2: feel, quality, range, support, quality feel",8,0.089685551,"Topic 8: service, service center, center, appointment long, center needed",1,1.0,"Topic 1: range, transparent, proper, time company, proper information, battery degrades"
EV1452,Survey,EV Scooter,TVS iQube,East,11/6/2024,3,"Had a great experience with the service team, they explained everything clearly. Contributing to a cleaner city is a big motivation behind going electric.","Service & After-Sales, Environmental Impact",great experience service team explained everything clearly contributing cleaner city big motivation behind going,"Had a great experience with the service team, they explained everything clearly. Contributing to a cleaner city is a big motivation behind going electric.",0,0.499070514,"Topic 0: cost, battery, replacement cost, replacement, city",8,0.070360415,"Topic 8: service, service center, center, appointment long, center needed",4,0.2034560400975748,"Topic 4: big motivation, big, motivation going, motivation, contributing, going"
EV1453,Social Media,EV Car,MG ZS EV,East,3/29/2025,3,"Noise levels are impressively low, riding experience is very smooth and quiet. Customer support over phone is helpful and resolves issues quickly.","Performance & Ride Quality, Service & After-Sales",noise level impressively low riding experience smooth quiet customer support phone helpful resolve issue quickly,"Noise levels are impressively low, riding experience is very smooth and quiet. Customer support over phone is helpful and resolves issues quickly.",9,0.520689692,"Topic 9: price, subsidy, service, battery disposal, concerned environmental",7,0.262536484,"Topic 7: riding, low, smooth, level, impressively",3,0.1990436834149406,"Topic 3: low, stability control, control wet, impressive, impressive inspires, wet"
EV1454,Marketplace Review,EV Car,MG ZS EV,South,2/20/2025,4,"Smart key and app based lock features work flawlessly, very convenient.",Software & Connectivity,smart key app based lock feature work flawlessly convenient,"Smart key and app based lock features work flawlessly, very convenient.",9,0.949998977,"Topic 9: price, subsidy, service, battery disposal, concerned environmental",6,0.203971773,"Topic 6: app, keep, update, software update, need",22,1.0,"Topic 22: app based, based, based lock, features work, flawlessly, flawlessly convenient"
EV1455,Social Media,EV Scooter,Ola S1,North,11/14/2024,4,Emergency braking and collision alert systems work really well in traffic.,Safety Features,emergency braking collision alert system work well traffic,Emergency braking and collision alert systems work really well in traffic.,7,0.943749731,"Topic 7: braking, work, system, work well, well",2,0.319097782,"Topic 2: braking, system, work well, work, well",0,0.015245229436964606,"Topic 0: collision, systems, braking collision, collision alert, systems work, really traffic"
EV1456,Survey,EV Car,BYD Atto 3,South,7/16/2024,3,The upfront price is high but government subsidy makes it affordable.,Price & Subsidy,upfront price high government subsidy make affordable,The upfront price is high but government subsidy makes it affordable.,9,0.935713,"Topic 9: price, subsidy, service, battery disposal, concerned environmental",0,0.054278679,"Topic 0: cost, replacement cost, replacement, price, battery",2,0.0016677183181751441,"Topic 2: makes, high, size makes, park, easy, maneuver"
EV1457,Marketplace Review,EV Car,Tata Nexon EV,North,1/4/2025,3,"Resale value of electric vehicles is still uncertain, worried about depreciation. Had a great experience with the service team, they explained everything clearly.","Price & Subsidy, Service & After-Sales",resale value uncertain worried depreciation great experience service team explained everything clearly,"Resale value of electric vehicles is still uncertain, worried about depreciation. Had a great experience with the service team, they explained everything clearly.",4,0.56956314,"Topic 4: software, month, year, battery, keep",8,0.075665381,"Topic 8: service, service center, center, appointment long, center needed",5,0.04606457052850928,"Topic 5: air software, improving, great feature, keeps improving, updates great, improving time"
EV1458,Marketplace Review,EV Scooter,Ampere Magnus,North,2/1/2024,3,"Resale value of electric vehicles is still uncertain, worried about depreciation.",Price & Subsidy,resale value uncertain worried depreciation,"Resale value of electric vehicles is still uncertain, worried about depreciation.",7,0.909999429,"Topic 7: braking, work, system, work well, well",9,0.015858813,"Topic 9: dashboard, caused dashboard, caused, dashboard freeze, freeze twice",5,0.045745383735129784,"Topic 5: air software, improving, great feature, keeps improving, updates great, improving time"
EV1459,Marketplace Review,EV Scooter,Ampere Magnus,South,4/30/2025,4,Concerned about environmental impact of battery disposal and recycling. The vehicle has good crash test ratings which reassured my purchase decision.,"Environmental Impact, Safety Features",concerned environmental impact battery disposal recycling crash test rating reassured purchase decision,Concerned about environmental impact of battery disposal and recycling. The vehicle has good crash test ratings which reassured my purchase decision.,9,0.960869211,"Topic 9: price, subsidy, service, battery disposal, concerned environmental",5,0.300228895,"Topic 5: battery disposal, disposal recycling, concerned, environmental impact, environmental",8,1.0,"Topic 8: vehicle good, test ratings, test, purchase decision, ratings, ratings reassured"
EV1460,Survey,EV Car,Hyundai Kona,East,1/29/2024,5,"LED lighting and digital dashboard give it a premium, modern look. Claimed range of 150 km is misleading, actual range is way less in city traffic. No proper information on how battery degrades over time, company should be transparent.","Design & Aesthetics, Range Anxiety, Battery Life & Degradation",led lighting digital dashboard give premium modern look claimed range misleading actual range way less city traffic proper information battery degrades time company transparent,"LED lighting and digital dashboard give it a premium, modern look. Claimed range of 150 km is misleading, actual range is way less in city traffic. No proper information on how battery degrades over time, company should be transparent.",2,0.36452581,"Topic 2: feel, quality, range, support, quality feel",9,0.080320988,"Topic 9: dashboard, caused dashboard, caused, dashboard freeze, freeze twice",1,0.23875157808551226,"Topic 1: range, transparent, proper, time company, proper information, battery degrades"
EV1461,Social Media,EV Car,Tesla Model 3,East,2/23/2025,4,Advanced safety features like ABS and traction control give peace of mind.,Safety Features,advanced safety feature ab traction control give peace mind,Advanced safety features like ABS and traction control give peace of mind.,3,0.949999585,"Topic 3: safety, use, highway, part, feature",3,0.403444493,"Topic 3: ab, ab traction, control give, traction, traction control",10,0.0014967545757712322,"Topic 10: battery replacement, cost half, half price, concerning, price vehicle, vehicle concerning"
EV1462,Social Media,EV Car,Mahindra XUV400,South,1/9/2024,4,"EV subsidy scheme in my state got delayed and the discount amount reduced suddenly. Spare parts availability is a major issue, waited a month for a replacement part. Emergency braking and collision alert systems work really well in traffic.","Price & Subsidy, Service & After-Sales, Safety Features",subsidy scheme state got delayed discount amount reduced suddenly spare part availability major issue waited month replacement part emergency braking collision alert system work well traffic,"EV subsidy scheme in my state got delayed and the discount amount reduced suddenly. Spare parts availability is a major issue, waited a month for a replacement part. Emergency braking and collision alert systems work really well in traffic.",4,0.355937901,"Topic 4: software, month, year, battery, keep",2,0.164269866,"Topic 2: braking, system, work well, work, well",15,1.0,"Topic 15: highway, discount, ev subsidy, delayed discount, subsidy scheme, state got"
EV1463,Customer Support,EV Scooter,Bajaj Chetak,South,4/22/2025,5,"Waiting time for service appointment is too long, more service centers needed.",Service & After-Sales,waiting time service appointment long service center needed,"Waiting time for service appointment is too long, more service centers needed.",9,0.943747689,"Topic 9: price, subsidy, service, battery disposal, concerned environmental",8,0.379906776,"Topic 8: service, service center, center, appointment long, center needed",14,1.0,"Topic 14: service, bit plain, design bit, compared rivals, bit, materials feel"
EV1464,Survey,EV Scooter,Ampere Magnus,North,6/7/2025,4,"Braking system feels sharp and responsive, regenerative braking works well.",Performance & Ride Quality,braking system feel sharp responsive regenerative braking work well,"Braking system feels sharp and responsive, regenerative braking works well.",7,0.949999688,"Topic 7: braking, work, system, work well, well",2,0.362732406,"Topic 2: braking, system, work well, work, well",24,1.0,"Topic 24: braking, braking feels, braking works, responsive, regenerative braking, responsive regenerative"
EV1465,Survey,EV Scooter,Hero Vida V1,West,3/6/2024,4,"Braking system feels sharp and responsive, regenerative braking works well.",Performance & Ride Quality,braking system feel sharp responsive regenerative braking work well,"Braking system feels sharp and responsive, regenerative braking works well.",7,0.949999688,"Topic 7: braking, work, system, work well, well",2,0.362732406,"Topic 2: braking, system, work well, work, well",24,1.0,"Topic 24: braking, braking feels, braking works, responsive, regenerative braking, responsive regenerative"
EV1466,Customer Support,EV Scooter,TVS iQube,East,7/11/2024,4,Battery health dropped to 85% within 18 months of daily use. Advanced safety features like ABS and traction control give peace of mind.,"Battery Life & Degradation, Safety Features",battery health dropped within month daily use advanced safety feature ab traction control give peace mind,Battery health dropped to 85% within 18 months of daily use. Advanced safety features like ABS and traction control give peace of mind.,3,0.621588379,"Topic 3: safety, use, highway, part, feature",3,0.311153041,"Topic 3: ab, ab traction, control give, traction, traction control",13,0.5594474298061568,"Topic 13: 18, 18 months, 85, 85 18, health dropped, months daily"
EV1467,Customer Support,EV Scooter,Hero Vida V1,South,1/27/2024,3,"Bluetooth connectivity drops frequently while riding, very frustrating. Spare parts availability is a major issue, waited a month for a replacement part. Emergency braking and collision alert systems work really well in traffic.","Software & Connectivity, Service & After-Sales, Safety Features",bluetooth connectivity drop frequently riding frustrating spare part availability major issue waited month replacement part emergency braking collision alert system work well traffic,"Bluetooth connectivity drops frequently while riding, very frustrating. Spare parts availability is a major issue, waited a month for a replacement part. Emergency braking and collision alert systems work really well in traffic.",3,0.388635591,"Topic 3: safety, use, highway, part, feature",2,0.174108048,"Topic 2: braking, system, work well, work, well",11,1.0,"Topic 11: home, bluetooth, riding frustrating, connectivity, bluetooth connectivity, drops frequently"
EV1468,Social Media,EV Car,BYD Atto 3,East,8/15/2024,4,Stability control on wet roads is impressive and inspires confidence. Touchscreen infotainment system lags and is not very intuitive to use.,"Safety Features, Software & Connectivity",stability control wet road impressive inspires confidence touchscreen infotainment system lag intuitive use,Stability control on wet roads is impressive and inspires confidence. Touchscreen infotainment system lags and is not very intuitive to use.,0,0.523999515,"Topic 0: cost, battery, replacement cost, replacement, city",7,0.187200501,"Topic 7: riding, low, smooth, level, impressively",3,1.0,"Topic 3: low, stability control, control wet, impressive, impressive inspires, wet"
EV1469,Social Media,EV Scooter,Ather 450X,East,4/9/2024,3,Software glitches caused the dashboard to freeze twice in a month. The battery warranty of 5 years gives me confidence in long term reliability.,"Software & Connectivity, Battery Life & Degradation",software glitch caused dashboard freeze twice month battery warranty year give confidence long term reliability,Software glitches caused the dashboard to freeze twice in a month. The battery warranty of 5 years gives me confidence in long term reliability.,4,0.968964876,"Topic 4: software, month, year, battery, keep",9,0.325907789,"Topic 9: dashboard, caused dashboard, caused, dashboard freeze, freeze twice",20,1.0,"Topic 20: dashboard, caused, freeze twice, glitches, freeze, glitches caused"
EV1470,Customer Support,EV Car,Tesla Model 3,North,8/15/2024,4,"Braking system feels sharp and responsive, regenerative braking works well. Insurance premium for EV is surprisingly high compared to petrol vehicles.","Performance & Ride Quality, Price & Subsidy",braking system feel sharp responsive regenerative braking work well insurance premium surprisingly high compared petrol,"Braking system feels sharp and responsive, regenerative braking works well. Insurance premium for EV is surprisingly high compared to petrol vehicles.",7,0.585927245,"Topic 7: braking, work, system, work well, well",2,0.288497497,"Topic 2: braking, system, work well, work, well",24,1.0,"Topic 24: braking, braking feels, braking works, responsive, regenerative braking, responsive regenerative"
EV1471,Customer Support,EV Scooter,TVS iQube,Central,10/28/2024,4,"Smart key and app based lock features work flawlessly, very convenient.",Software & Connectivity,smart key app based lock feature work flawlessly convenient,"Smart key and app based lock features work flawlessly, very convenient.",9,0.949998977,"Topic 9: price, subsidy, service, battery disposal, concerned environmental",6,0.203971773,"Topic 6: app, keep, update, software update, need",22,1.0,"Topic 22: app based, based, based lock, features work, flawlessly, flawlessly convenient"
EV1472,Survey,EV Car,Mahindra XUV400,Central,3/13/2024,5,"Over the air software updates are a great feature, keeps improving over time.",Software & Connectivity,air software update great feature keep improving time,"Over the air software updates are a great feature, keeps improving over time.",6,0.943747549,"Topic 6: charging, battery, almost, tier, use",6,0.188636444,"Topic 6: app, keep, update, software update, need",5,1.0,"Topic 5: air software, improving, great feature, keeps improving, updates great, improving time"
EV1473,Marketplace Review,EV Car,Tesla Model 3,Central,11/1/2024,4,"LED lighting and digital dashboard give it a premium, modern look. I'm always worried about running out of charge before reaching my destination.","Design & Aesthetics, Range Anxiety",led lighting digital dashboard give premium modern look always worried running charge reaching destination,"LED lighting and digital dashboard give it a premium, modern look. I'm always worried about running out of charge before reaching my destination.",0,0.581832912,"Topic 0: cost, battery, replacement cost, replacement, city",9,0.140141469,"Topic 9: dashboard, caused dashboard, caused, dashboard freeze, freeze twice",20,0.048467362557886084,"Topic 20: dashboard, caused, freeze twice, glitches, freeze, glitches caused"
EV1474,Customer Support,EV Car,MG ZS EV,West,4/13/2025,4,The battery warranty of 5 years gives me confidence in long term reliability.,Battery Life & Degradation,battery warranty year give confidence long term reliability,The battery warranty of 5 years gives me confidence in long term reliability.,4,0.943748007,"Topic 4: software, month, year, battery, keep",8,0.048653052,"Topic 8: service, service center, center, appointment long, center needed",4,1.0,"Topic 4: big motivation, big, motivation going, motivation, contributing, going"
EV1475,Marketplace Review,EV Car,Tata Nexon EV,East,6/30/2024,5,Acceleration is smooth and instant torque makes overtaking effortless.,Performance & Ride Quality,acceleration smooth instant torque make overtaking effortless,Acceleration is smooth and instant torque makes overtaking effortless.,4,0.935713353,"Topic 4: software, month, year, battery, keep",7,0.070715509,"Topic 7: riding, low, smooth, level, impressively",23,1.0,"Topic 23: 30 range, badly, badly winter, cold weather, drops badly, cold"
EV1476,Customer Support,EV Car,Mahindra XUV400,South,6/21/2024,4,Contributing to a cleaner city is a big motivation behind going electric. Worried about battery degradation and replacement cost after warranty ends.,"Environmental Impact, Battery Life & Degradation",contributing cleaner city big motivation behind going worried battery degradation replacement cost warranty end,Contributing to a cleaner city is a big motivation behind going electric. Worried about battery degradation and replacement cost after warranty ends.,0,0.966666207,"Topic 0: cost, battery, replacement cost, replacement, city",0,0.090115965,"Topic 0: cost, replacement cost, replacement, price, battery",4,0.1999431270654785,"Topic 4: big motivation, big, motivation going, motivation, contributing, going"
EV1477,Marketplace Review,EV Car,BYD Atto 3,West,2/17/2025,5,"Storage space under the seat is very limited, not practical for daily use. The companion app keeps crashing, needs urgent software updates.","Design & Aesthetics, Software & Connectivity",storage space seat limited practical daily use companion app keep crashing need urgent software update,"Storage space under the seat is very limited, not practical for daily use. The companion app keeps crashing, needs urgent software updates.",4,0.511094142,"Topic 4: software, month, year, battery, keep",6,0.279151908,"Topic 6: app, keep, update, software update, need",5,1.0,"Topic 5: air software, improving, great feature, keeps improving, updates great, improving time"
EV1478,Social Media,EV Car,BYD Atto 3,East,1/15/2024,3,The motor is powerful and pickup is much better than petrol variants.,Performance & Ride Quality,motor powerful pickup better petrol variant,The motor is powerful and pickup is much better than petrol variants.,3,0.92499857,"Topic 3: safety, use, highway, part, feature",5,0.012919841,"Topic 5: battery disposal, disposal recycling, concerned, environmental impact, environmental",9,1.0,"Topic 9: lot, better, expected, attracts lot, attracts, looks futuristic"
EV1479,Survey,EV Car,Tesla Model 3,South,8/19/2024,3,"Braking system feels sharp and responsive, regenerative braking works well.",Performance & Ride Quality,braking system feel sharp responsive regenerative braking work well,"Braking system feels sharp and responsive, regenerative braking works well.",7,0.949999688,"Topic 7: braking, work, system, work well, well",2,0.362732406,"Topic 2: braking, system, work well, work, well",24,1.0,"Topic 24: braking, braking feels, braking works, responsive, regenerative braking, responsive regenerative"
EV1480,Marketplace Review,EV Car,Tata Nexon EV,Central,11/9/2024,3,"Worried about battery degradation and replacement cost after warranty ends. Charging takes too long, almost 6 hours for a full charge at home.","Battery Life & Degradation, Charging Infrastructure",worried battery degradation replacement cost warranty end charging take long almost hour full charge home,"Worried about battery degradation and replacement cost after warranty ends. Charging takes too long, almost 6 hours for a full charge at home.",6,0.499514147,"Topic 6: charging, battery, almost, tier, use",0,0.09186599,"Topic 0: cost, replacement cost, replacement, price, battery",21,1.0,"Topic 21: cost warranty, battery degradation, warranty ends, ends, degradation replacement, worried battery"
EV1481,Customer Support,EV Scooter,Bajaj Chetak,West,5/17/2024,4,Build quality feels premium and the ride is extremely comfortable.,Performance & Ride Quality,build quality feel premium ride extremely comfortable,Build quality feels premium and the ride is extremely comfortable.,2,0.935713389,"Topic 2: feel, quality, range, support, quality feel",8,0.039049352,"Topic 8: service, service center, center, appointment long, center needed",18,0.010273225429579078,"Topic 18: infotainment, infotainment lags, touchscreen, touchscreen infotainment, lags intuitive, lags"
EV1482,Social Media,EV Scooter,Ather 450X,West,1/20/2024,2,Total cost of ownership is great once you factor in low maintenance and fuel savings. Zero tailpipe emissions is the main reason I chose an electric vehicle.,"Price & Subsidy, Environmental Impact",total cost ownership great factor low maintenance fuel saving zero tailpipe emission main reason chose,Total cost of ownership is great once you factor in low maintenance and fuel savings. Zero tailpipe emissions is the main reason I chose an electric vehicle.,0,0.571422286,"Topic 0: cost, battery, replacement cost, replacement, city",7,0.137522013,"Topic 7: riding, low, smooth, level, impressively",19,1.0,"Topic 19: chose, chose electric, emissions, emissions main, reason, reason chose"
EV1483,Social Media,EV Car,BYD Atto 3,North,1/10/2025,4,"Range anxiety is real, I plan every trip around charging stops now. LED lighting and digital dashboard give it a premium, modern look.","Range Anxiety, Design & Aesthetics",range anxiety real plan every trip around charging stop led lighting digital dashboard give premium modern look,"Range anxiety is real, I plan every trip around charging stops now. LED lighting and digital dashboard give it a premium, modern look.",2,0.501565885,"Topic 2: feel, quality, range, support, quality feel",9,0.118460541,"Topic 9: dashboard, caused dashboard, caused, dashboard freeze, freeze twice",20,0.0006139862522046389,"Topic 20: dashboard, caused, freeze twice, glitches, freeze, glitches caused"
EV1484,Survey,EV Car,BYD Atto 3,North,1/21/2024,5,For daily commute the range is fine but long trips are stressful because of low range. Charging infrastructure in tier 2 and tier 3 cities is almost non-existent.,"Range Anxiety, Charging Infrastructure",daily commute range fine long trip stressful low range charging infrastructure tier tier city almost non existent,For daily commute the range is fine but long trips are stressful because of low range. Charging infrastructure in tier 2 and tier 3 cities is almost non-existent.,0,0.530380882,"Topic 0: cost, battery, replacement cost, replacement, city",7,0.070363146,"Topic 7: riding, low, smooth, level, impressively",1,1.0,"Topic 1: range, transparent, proper, time company, proper information, battery degrades"
EV1485,Customer Support,EV Scooter,Ola S1,West,6/5/2024,3,EV subsidy scheme in my state got delayed and the discount amount reduced suddenly. For daily commute the range is fine but long trips are stressful because of low range.,"Price & Subsidy, Range Anxiety",subsidy scheme state got delayed discount amount reduced suddenly daily commute range fine long trip stressful low range,EV subsidy scheme in my state got delayed and the discount amount reduced suddenly. For daily commute the range is fine but long trips are stressful because of low range.,4,0.527481846,"Topic 4: software, month, year, battery, keep",7,0.068242641,"Topic 7: riding, low, smooth, level, impressively",15,1.0,"Topic 15: highway, discount, ev subsidy, delayed discount, subsidy scheme, state got"
EV1486,Customer Support,EV Car,Tesla Model 3,Central,5/20/2024,4,"LED lighting and digital dashboard give it a premium, modern look.",Design & Aesthetics,led lighting digital dashboard give premium modern look,"LED lighting and digital dashboard give it a premium, modern look.",0,0.943748755,"Topic 0: cost, battery, replacement cost, replacement, city",9,0.145980317,"Topic 9: dashboard, caused dashboard, caused, dashboard freeze, freeze twice",20,0.04838911884750084,"Topic 20: dashboard, caused, freeze twice, glitches, freeze, glitches caused"
EV1487,Survey,EV Car,BYD Atto 3,East,4/26/2024,4,Fast charging network needs serious expansion on highways. Navigation system integrated with range prediction is genuinely useful.,"Charging Infrastructure, Software & Connectivity",fast charging network need serious expansion highway navigation system integrated range prediction genuinely useful,Fast charging network needs serious expansion on highways. Navigation system integrated with range prediction is genuinely useful.,1,0.485185465,"Topic 1: range, system, genuinely, useful, genuinely useful",7,0.054472541,"Topic 7: riding, low, smooth, level, impressively",2,1.0,"Topic 2: makes, high, size makes, park, easy, maneuver"
EV1488,Social Media,EV Car,Hyundai Kona,East,2/23/2025,4,Service center staff are not well trained to handle EV specific issues. Battery performance is stable even after two years of heavy usage.,"Service & After-Sales, Battery Life & Degradation",service center staff well trained handle specific issue battery performance stable two year heavy usage,Service center staff are not well trained to handle EV specific issues. Battery performance is stable even after two years of heavy usage.,5,0.543267505,"Topic 5: battery, center, service center, service, safety",8,0.252296208,"Topic 8: service, service center, center, appointment long, center needed",7,1.0,"Topic 7: ev, good knowing, knowing, feels good, carbon footprint, knowing reducing"
EV1489,Marketplace Review,EV Scooter,Ather 450X,East,8/28/2024,4,"Range drops badly in winter, I lost almost 30% range in cold weather. Switching to EV feels good knowing I'm reducing my carbon footprint.","Range Anxiety, Environmental Impact",range drop badly winter lost almost range cold weather switching feel knowing reducing carbon footprint,"Range drops badly in winter, I lost almost 30% range in cold weather. Switching to EV feels good knowing I'm reducing my carbon footprint.",8,0.564975925,"Topic 8: range, drop, defeat purpose, energy, energy used",7,0.047573415,"Topic 7: riding, low, smooth, level, impressively",23,1.0,"Topic 23: 30 range, badly, badly winter, cold weather, drops badly, cold"
EV1490,Survey,EV Scooter,Ather 450X,Central,3/17/2024,4,"Fast charging network needs serious expansion on highways. Spare parts availability is a major issue, waited a month for a replacement part.","Charging Infrastructure, Service & After-Sales",fast charging network need serious expansion highway spare part availability major issue waited month replacement part,"Fast charging network needs serious expansion on highways. Spare parts availability is a major issue, waited a month for a replacement part.",3,0.970967187,"Topic 3: safety, use, highway, part, feature",6,0.043338764,"Topic 6: app, keep, update, software update, need",2,1.0,"Topic 2: makes, high, size makes, park, easy, maneuver"
EV1491,Marketplace Review,EV Scooter,TVS iQube,North,4/12/2024,5,"The battery warranty of 250 years gives me confidence in long term reliability. AC usage kills the range, on hot days I barely get half the claimed distance.","Battery Life & Degradation, Range Anxiety",battery warranty year give confidence long term reliability usage kill range hot day barely half claimed distance,"The battery warranty of 250 years gives me confidence in long term reliability. AC usage kills the range, on hot days I barely get half the claimed distance.",8,0.528891209,"Topic 8: range, drop, defeat purpose, energy, energy used",8,0.034845492,"Topic 8: service, service center, center, appointment long, center needed",4,1.0,"Topic 4: big motivation, big, motivation going, motivation, contributing, going"
EV1492,Survey,EV Scooter,Hero Vida V1,North,2/16/2024,4,I'm always worried about running out of charge before reaching my destination.,Range Anxiety,always worried running charge reaching destination,I'm always worried about running out of charge before reaching my destination.,5,0.924998493,"Topic 5: battery, center, service center, service, safety",9,0.046160397,"Topic 9: dashboard, caused dashboard, caused, dashboard freeze, freeze twice",15,0.04144988275691127,"Topic 15: highway, discount, ev subsidy, delayed discount, subsidy scheme, state got"
EV1493,Customer Support,EV Car,Hyundai Kona,West,10/1/2024,3,"Love the app that shows nearby charging stations, very convenient feature. Suspension is too stiff, ride quality is uncomfortable on bad roads.","Charging Infrastructure, Performance & Ride Quality",love app show nearby charging station convenient feature suspension stiff ride quality uncomfortable road,"Love the app that shows nearby charging stations, very convenient feature. Suspension is too stiff, ride quality is uncomfortable on bad roads.",6,0.493859724,"Topic 6: charging, battery, almost, tier, use",6,0.103431117,"Topic 6: app, keep, update, software update, need",8,0.011328339087350404,"Topic 8: vehicle good, test ratings, test, purchase decision, ratings, ratings reassured"
EV1494,Marketplace Review,EV Car,Mahindra XUV400,West,10/5/2024,4,Build materials feel sturdy but the design is a bit too plain compared to rivals.,Design & Aesthetics,build material feel sturdy design bit plain compared rival,Build materials feel sturdy but the design is a bit too plain compared to rivals.,6,0.949998733,"Topic 6: charging, battery, almost, tier, use",8,0.127332354,"Topic 8: service, service center, center, appointment long, center needed",14,1.0,"Topic 14: service, bit plain, design bit, compared rivals, bit, materials feel"
EV1495,Social Media,EV Scooter,Bajaj Chetak,North,5/15/2024,4,I'm always worried about running out of charge before reaching my destination.,Range Anxiety,always worried running charge reaching destination,I'm always worried about running out of charge before reaching my destination.,5,0.924998493,"Topic 5: battery, center, service center, service, safety",9,0.046160397,"Topic 9: dashboard, caused dashboard, caused, dashboard freeze, freeze twice",15,0.041450923645883604,"Topic 15: highway, discount, ev subsidy, delayed discount, subsidy scheme, state got"
EV1496,Marketplace Review,EV Car,Mahindra XUV400,Central,3/24/2025,5,Battery performance is stable even after two years of heavy usage.,Battery Life & Degradation,battery performance stable two year heavy usage,Battery performance is stable even after two years of heavy usage.,6,0.935713193,"Topic 6: charging, battery, almost, tier, use",8,0.052289309,"Topic 8: service, service center, center, appointment long, center needed",9,0.08833095360597082,"Topic 9: lot, better, expected, attracts lot, attracts, looks futuristic"
EV1497,Survey,EV Scooter,TVS iQube,South,5/9/2025,2,"Bluetooth connectivity drops frequently while riding, very frustrating. Finding a working charging station in my city is still very difficult. The design looks futuristic and attracts a lot of attention on the road.","Software & Connectivity, Charging Infrastructure, Design & Aesthetics",bluetooth connectivity drop frequently riding frustrating finding working charging station city difficult design look futuristic attracts lot attention road,"Bluetooth connectivity drops frequently while riding, very frustrating. Finding a working charging station in my city is still very difficult. The design looks futuristic and attracts a lot of attention on the road.",2,0.352766903,"Topic 2: feel, quality, range, support, quality feel",7,0.085933088,"Topic 7: riding, low, smooth, level, impressively",11,1.0,"Topic 11: home, bluetooth, riding frustrating, connectivity, bluetooth connectivity, drops frequently"
EV1498,Customer Support,EV Scooter,Hero Vida V1,North,6/21/2025,4,"Concerned about environmental impact of battery disposal and recycling. Running cost is much lower than petrol, saving a lot on fuel every month.","Environmental Impact, Price & Subsidy",concerned environmental impact battery disposal recycling running cost lower petrol saving lot fuel every month,"Concerned about environmental impact of battery disposal and recycling. Running cost is much lower than petrol, saving a lot on fuel every month.",4,0.598820206,"Topic 4: software, month, year, battery, keep",5,0.273509393,"Topic 5: battery disposal, disposal recycling, concerned, environmental impact, environmental",12,1.0,"Topic 12: battery disposal, environmental, disposal, disposal recycling, concerned, concerned environmental"
EV1499,Social Media,EV Scooter,Hero Vida V1,West,12/20/2024,3,"Interior quality feels cheap for the price point, needs improvement.",Design & Aesthetics,interior quality feel cheap price point need improvement,"Interior quality feels cheap for the price point, needs improvement.",2,0.943749083,"Topic 2: feel, quality, range, support, quality feel",6,0.051361379,"Topic 6: app, keep, update, software update, need",18,1.0,"Topic 18: infotainment, infotainment lags, touchscreen, touchscreen infotainment, lags intuitive, lags"
EV1500,Social Media,EV Car,Tata Nexon EV,Central,4/25/2025,4,"The companion app keeps crashing, needs urgent software updates. Battery replacement cost is almost half the price of the vehicle, very concerning.","Software & Connectivity, Battery Life & Degradation",companion app keep crashing need urgent software update battery replacement cost almost half price concerning,"The companion app keeps crashing, needs urgent software updates. Battery replacement cost is almost half the price of the vehicle, very concerning.",4,0.536653432,"Topic 4: software, month, year, battery, keep",6,0.284400265,"Topic 6: app, keep, update, software update, need",17,1.0,"Topic 17: app keeps, crashing, crashing needs, companion app, companion, urgent software"
EV1501,Customer Support,EV Scooter,Ather 450X,East,2/21/2024,4,"Read reports about battery fires, safety is my biggest concern before buying.",Safety Features,read report battery fire safety biggest concern buying,"Read reports about battery fires, safety is my biggest concern before buying.",5,0.943749511,"Topic 5: battery, center, service center, service, safety",4,0.062244543,"Topic 4: use, daily use, daily, dropped, within month",12,0.0198665061594133,"Topic 12: battery disposal, environmental, disposal, disposal recycling, concerned, concerned environmental"
EV1502,Social Media,EV Scooter,Bajaj Chetak,North,4/15/2025,5,"Smart key and app based lock features work flawlessly, very convenient. Contributing to a cleaner city is a big motivation behind going electric. Charging infrastructure in tier 2 and tier 3 cities is almost non-existent.","Software & Connectivity, Environmental Impact, Charging Infrastructure",smart key app based lock feature work flawlessly convenient contributing cleaner city big motivation behind going charging infrastructure tier tier city almost non existent,"Smart key and app based lock features work flawlessly, very convenient. Contributing to a cleaner city is a big motivation behind going electric. Charging infrastructure in tier 2 and tier 3 cities is almost non-existent.",9,0.345779758,"Topic 9: price, subsidy, service, battery disposal, concerned environmental",6,0.125666933,"Topic 6: app, keep, update, software update, need",22,1.0,"Topic 22: app based, based, based lock, features work, flawlessly, flawlessly convenient"
EV1503,Marketplace Review,EV Scooter,Ola S1,North,4/15/2024,3,"Compact size makes it easy to park and maneuver in city traffic. Energy used to charge still comes mostly from coal in my region, defeats the purpose somewhat. The real world range is much lower than advertised, I only get 100 km on a full charge.","Design & Aesthetics, Environmental Impact, Range Anxiety",compact size make easy park maneuver city traffic energy used charge come mostly coal region defeat purpose somewhat real world range lower advertised full charge,"Compact size makes it easy to park and maneuver in city traffic. Energy used to charge still comes mostly from coal in my region, defeats the purpose somewhat. The real world range is much lower than advertised, I only get 100 km on a full charge.",1,0.579594115,"Topic 1: range, system, genuinely, useful, genuinely useful",1,0.270235137,"Topic 1: charge come, defeat purpose, defeat, come mostly, come",2,0.09178765155231162,"Topic 2: makes, high, size makes, park, easy, maneuver"
EV1504,Social Media,EV Scooter,Ampere Magnus,West,12/15/2024,4,Acceleration is smooth and instant torque makes overtaking effortless.,Performance & Ride Quality,acceleration smooth instant torque make overtaking effortless,Acceleration is smooth and instant torque makes overtaking effortless.,4,0.935713353,"Topic 4: software, month, year, battery, keep",7,0.070715509,"Topic 7: riding, low, smooth, level, impressively",23,1.0,"Topic 23: 30 range, badly, badly winter, cold weather, drops badly, cold"
EV1505,Customer Support,EV Car,Mahindra XUV400,Central,4/29/2025,4,Build quality feels premium and the ride is extremely comfortable.,Performance & Ride Quality,build quality feel premium ride extremely comfortable,Build quality feels premium and the ride is extremely comfortable.,2,0.935713389,"Topic 2: feel, quality, range, support, quality feel",8,0.039049352,"Topic 8: service, service center, center, appointment long, center needed",18,0.010276596143771742,"Topic 18: infotainment, infotainment lags, touchscreen, touchscreen infotainment, lags intuitive, lags"
EV1506,Social Media,EV Car,Tata Nexon EV,North,12/15/2024,4,"Braking system feels sharp and responsive, regenerative braking works well.",Performance & Ride Quality,braking system feel sharp responsive regenerative braking work well,"Braking system feels sharp and responsive, regenerative braking works well.",7,0.949999688,"Topic 7: braking, work, system, work well, well",2,0.362732406,"Topic 2: braking, system, work well, work, well",24,1.0,"Topic 24: braking, braking feels, braking works, responsive, regenerative braking, responsive regenerative"
EV1507,Survey,EV Scooter,Hero Vida V1,North,6/17/2024,4,"Smart key and app based lock features work flawlessly, very convenient. No proper information on how battery degrades over time, company should be transparent.","Software & Connectivity, Battery Life & Degradation",smart key app based lock feature work flawlessly convenient proper information battery degrades time company transparent,"Smart key and app based lock features work flawlessly, very convenient. No proper information on how battery degrades over time, company should be transparent.",9,0.580233181,"Topic 9: price, subsidy, service, battery disposal, concerned environmental",6,0.165799203,"Topic 6: app, keep, update, software update, need",22,1.0,"Topic 22: app based, based, based lock, features work, flawlessly, flawlessly convenient"
EV1508,Customer Support,EV Scooter,Ola S1,Central,7/19/2024,4,"Running cost is much lower than petrol, saving a lot on fuel every month.",Price & Subsidy,running cost lower petrol saving lot fuel every month,"Running cost is much lower than petrol, saving a lot on fuel every month.",4,0.949998874,"Topic 4: software, month, year, battery, keep",9,0.051628088,"Topic 9: dashboard, caused dashboard, caused, dashboard freeze, freeze twice",9,0.009761533277709197,"Topic 9: lot, better, expected, attracts lot, attracts, looks futuristic"
EV1509,Marketplace Review,EV Scooter,Ather 450X,South,12/12/2024,4,Finding a working charging station in my city is still very difficult. Build materials feel sturdy but the design is a bit too plain compared to rivals.,"Charging Infrastructure, Design & Aesthetics",finding working charging station city difficult build material feel sturdy design bit plain compared rival,Finding a working charging station in my city is still very difficult. Build materials feel sturdy but the design is a bit too plain compared to rivals.,6,0.668156605,"Topic 6: charging, battery, almost, tier, use",8,0.09927202,"Topic 8: service, service center, center, appointment long, center needed",0,1.0,"Topic 0: collision, systems, braking collision, collision alert, systems work, really traffic"
EV1510,Marketplace Review,EV Car,Mahindra XUV400,Central,5/31/2025,4,"Battery performance is stable even after two years of heavy usage. Software glitches caused the dashboard to freeze twice in a month. The real world range is much lower than advertised, I only get 20 km on a full charge.","Battery Life & Degradation, Software & Connectivity, Range Anxiety",battery performance stable two year heavy usage software glitch caused dashboard freeze twice month real world range lower advertised full charge,"Battery performance is stable even after two years of heavy usage. Software glitches caused the dashboard to freeze twice in a month. The real world range is much lower than advertised, I only get 20 km on a full charge.",4,0.35644045,"Topic 4: software, month, year, battery, keep",9,0.266147425,"Topic 9: dashboard, caused dashboard, caused, dashboard freeze, freeze twice",20,0.08734219126100855,"Topic 20: dashboard, caused, freeze twice, glitches, freeze, glitches caused"
EV1511,Marketplace Review,EV Scooter,Ampere Magnus,Central,6/30/2024,4,Zero tailpipe emissions is the main reason I chose an electric vehicle.,Environmental Impact,zero tailpipe emission main reason chose,Zero tailpipe emissions is the main reason I chose an electric vehicle.,6,0.925,"Topic 6: charging, battery, almost, tier, use",7,0.153486816,"Topic 7: riding, low, smooth, level, impressively",19,1.0,"Topic 19: chose, chose electric, emissions, emissions main, reason, reason chose"
EV1512,Marketplace Review,EV Car,Tata Nexon EV,Central,11/25/2024,4,Emergency braking and collision alert systems work really well in traffic.,Safety Features,emergency braking collision alert system work well traffic,Emergency braking and collision alert systems work really well in traffic.,7,0.943749731,"Topic 7: braking, work, system, work well, well",2,0.319097782,"Topic 2: braking, system, work well, work, well",0,0.015242807513679723,"Topic 0: collision, systems, braking collision, collision alert, systems work, really traffic"
EV1513,Social Media,EV Scooter,Ampere Magnus,East,2/11/2025,3,"Build quality feels premium and the ride is extremely comfortable. Had a great experience with the service team, they explained everything clearly.","Performance & Ride Quality, Service & After-Sales",build quality feel premium ride extremely comfortable great experience service team explained everything clearly,"Build quality feels premium and the ride is extremely comfortable. Had a great experience with the service team, they explained everything clearly.",2,0.509863343,"Topic 2: feel, quality, range, support, quality feel",8,0.102182248,"Topic 8: service, service center, center, appointment long, center needed",8,0.010276715753986079,"Topic 8: vehicle good, test ratings, test, purchase decision, ratings, ratings reassured"
EV1514,Marketplace Review,EV Car,MG ZS EV,Central,6/8/2025,3,"Had a great experience with the service team, they explained everything clearly. The vehicle has good crash test ratings which reassured my purchase decision.","Service & After-Sales, Safety Features",great experience service team explained everything clearly crash test rating reassured purchase decision,"Had a great experience with the service team, they explained everything clearly. The vehicle has good crash test ratings which reassured my purchase decision.",9,0.498430489,"Topic 9: price, subsidy, service, battery disposal, concerned environmental",8,0.078955497,"Topic 8: service, service center, center, appointment long, center needed",8,1.0,"Topic 8: vehicle good, test ratings, test, purchase decision, ratings, ratings reassured"
EV1515,Social Media,EV Car,MG ZS EV,Central,10/24/2024,4,"Top speed is decent for city use but not enough for highway cruising. No proper information on how battery degrades over time, company should be transparent. Advanced safety features like ABS and traction control give peace of mind.","Performance & Ride Quality, Battery Life & Degradation, Safety Features",top speed decent city use enough highway cruising proper information battery degrades time company transparent advanced safety feature ab traction control give peace mind,"Top speed is decent for city use but not enough for highway cruising. No proper information on how battery degrades over time, company should be transparent. Advanced safety features like ABS and traction control give peace of mind.",3,0.693410445,"Topic 3: safety, use, highway, part, feature",3,0.248648419,"Topic 3: ab, ab traction, control give, traction, traction control",1,0.0009560008469877057,"Topic 1: range, transparent, proper, time company, proper information, battery degrades"
EV1516,Marketplace Review,EV Scooter,Ampere Magnus,Central,3/3/2025,3,The vehicle has good crash test ratings which reassured my purchase decision.,Safety Features,crash test rating reassured purchase decision,The vehicle has good crash test ratings which reassured my purchase decision.,9,0.925,"Topic 9: price, subsidy, service, battery disposal, concerned environmental",9,0.102568155,"Topic 9: dashboard, caused dashboard, caused, dashboard freeze, freeze twice",8,1.0,"Topic 8: vehicle good, test ratings, test, purchase decision, ratings, ratings reassured"
EV1517,Survey,EV Scooter,Ola S1,North,1/25/2025,4,"No proper information on how battery degrades over time, company should be transparent. The real world range is much lower than advertised, I only get 150 km on a full charge.","Battery Life & Degradation, Range Anxiety",proper information battery degrades time company transparent real world range lower advertised full charge,"No proper information on how battery degrades over time, company should be transparent. The real world range is much lower than advertised, I only get 150 km on a full charge.",5,0.503870964,"Topic 5: battery, center, service center, service, safety",8,0.037893204,"Topic 8: service, service center, center, appointment long, center needed",1,0.21916109590925512,"Topic 1: range, transparent, proper, time company, proper information, battery degrades"
EV1518,Customer Support,EV Scooter,Ather 450X,East,5/29/2024,5,"Claimed range of 8 km is misleading, actual range is way less in city traffic. Customer support over phone is helpful and resolves issues quickly.","Range Anxiety, Service & After-Sales",claimed range misleading actual range way less city traffic customer support phone helpful resolve issue quickly,"Claimed range of 8 km is misleading, actual range is way less in city traffic. Customer support over phone is helpful and resolves issues quickly.",2,0.970966815,"Topic 2: feel, quality, range, support, quality feel",7,0.051233905,"Topic 7: riding, low, smooth, level, impressively",1,1.0,"Topic 1: range, transparent, proper, time company, proper information, battery degrades"
EV1519,Marketplace Review,EV Car,Hyundai Kona,North,8/17/2024,5,Emergency braking and collision alert systems work really well in traffic.,Safety Features,emergency braking collision alert system work well traffic,Emergency braking and collision alert systems work really well in traffic.,7,0.943749731,"Topic 7: braking, work, system, work well, well",2,0.319097782,"Topic 2: braking, system, work well, work, well",0,0.015328138881007926,"Topic 0: collision, systems, braking collision, collision alert, systems work, really traffic"
EV1520,Customer Support,EV Car,BYD Atto 3,North,1/25/2025,4,Compact size makes it easy to park and maneuver in city traffic. Switching to EV feels good knowing I'm reducing my carbon footprint. Acceleration is smooth and instant torque makes overtaking effortless.,"Design & Aesthetics, Environmental Impact, Performance & Ride Quality",compact size make easy park maneuver city traffic switching feel knowing reducing carbon footprint acceleration smooth instant torque make overtaking effortless,Compact size makes it easy to park and maneuver in city traffic. Switching to EV feels good knowing I'm reducing my carbon footprint. Acceleration is smooth and instant torque makes overtaking effortless.,1,0.388027827,"Topic 1: range, system, genuinely, useful, genuinely useful",7,0.038957656,"Topic 7: riding, low, smooth, level, impressively",2,0.09140860645036378,"Topic 2: makes, high, size makes, park, easy, maneuver"
EV1521,Marketplace Review,EV Scooter,Ather 450X,South,1/11/2025,4,"Zero tailpipe emissions is the main reason I chose an electric vehicle. The vehicle has good crash test ratings which reassured my purchase decision. For the price, I expected better build quality and more features.","Environmental Impact, Safety Features, Price & Subsidy",zero tailpipe emission main reason chose crash test rating reassured purchase decision price expected better build quality feature,"Zero tailpipe emissions is the main reason I chose an electric vehicle. The vehicle has good crash test ratings which reassured my purchase decision. For the price, I expected better build quality and more features.",9,0.356962065,"Topic 9: price, subsidy, service, battery disposal, concerned environmental",7,0.108596097,"Topic 7: riding, low, smooth, level, impressively",19,1.0,"Topic 19: chose, chose electric, emissions, emissions main, reason, reason chose"
EV1522,Survey,EV Car,Tesla Model 3,South,6/26/2024,3,Advanced safety features like ABS and traction control give peace of mind.,Safety Features,advanced safety feature ab traction control give peace mind,Advanced safety features like ABS and traction control give peace of mind.,3,0.949999585,"Topic 3: safety, use, highway, part, feature",3,0.403444493,"Topic 3: ab, ab traction, control give, traction, traction control",10,0.0014951513218521325,"Topic 10: battery replacement, cost half, half price, concerning, price vehicle, vehicle concerning"
EV1523,Marketplace Review,EV Scooter,Ola S1,East,9/27/2024,5,Battery health dropped to 85% within 18 months of daily use.,Battery Life & Degradation,battery health dropped within month daily use,Battery health dropped to 85% within 18 months of daily use.,6,0.935712492,"Topic 6: charging, battery, almost, tier, use",4,0.39372037,"Topic 4: use, daily use, daily, dropped, within month",13,1.0,"Topic 13: 18, 18 months, 85, 85 18, health dropped, months daily"
EV1524,Customer Support,EV Scooter,Ola S1,West,6/7/2024,4,"The real world range is much lower than advertised, I only get 8 km on a full charge. No proper information on how battery degrades over time, company should be transparent. Braking system feels sharp and responsive, regenerative braking works well.","Range Anxiety, Battery Life & Degradation, Performance & Ride Quality",real world range lower advertised full charge proper information battery degrades time company transparent braking system feel sharp responsive regenerative braking work well,"The real world range is much lower than advertised, I only get 8 km on a full charge. No proper information on how battery degrades over time, company should be transparent. Braking system feels sharp and responsive, regenerative braking works well.",7,0.370056526,"Topic 7: braking, work, system, work well, well",2,0.241115879,"Topic 2: braking, system, work well, work, well",1,0.23692006677831293,"Topic 1: range, transparent, proper, time company, proper information, battery degrades"
EV1525,Customer Support,EV Scooter,Ampere Magnus,North,11/21/2024,4,"Read reports about battery fires, safety is my biggest concern before buying.",Safety Features,read report battery fire safety biggest concern buying,"Read reports about battery fires, safety is my biggest concern before buying.",5,0.943749511,"Topic 5: battery, center, service center, service, safety",4,0.062244543,"Topic 4: use, daily use, daily, dropped, within month",12,0.019848159918578873,"Topic 12: battery disposal, environmental, disposal, disposal recycling, concerned, concerned environmental"
EV1526,Survey,EV Car,BYD Atto 3,Central,6/12/2024,4,Compact size makes it easy to park and maneuver in city traffic.,Design & Aesthetics,compact size make easy park maneuver city traffic,Compact size makes it easy to park and maneuver in city traffic.,1,0.943749361,"Topic 1: range, system, genuinely, useful, genuinely useful",0,0.030857381,"Topic 0: cost, replacement cost, replacement, price, battery",2,0.09140639167880676,"Topic 2: makes, high, size makes, park, easy, maneuver"
EV1527,Customer Support,EV Scooter,Ola S1,South,8/6/2024,4,Top speed is decent for city use but not enough for highway cruising.,Performance & Ride Quality,top speed decent city use enough highway cruising,Top speed is decent for city use but not enough for highway cruising.,3,0.9437488,"Topic 3: safety, use, highway, part, feature",4,0.041234172,"Topic 4: use, daily use, daily, dropped, within month",15,0.0009557131180117096,"Topic 15: highway, discount, ev subsidy, delayed discount, subsidy scheme, state got"
EV1528,Social Media,EV Scooter,TVS iQube,Central,6/27/2025,5,"Smart key and app based lock features work flawlessly, very convenient. Stability control on wet roads is impressive and inspires confidence.","Software & Connectivity, Safety Features",smart key app based lock feature work flawlessly convenient stability control wet road impressive inspires confidence,"Smart key and app based lock features work flawlessly, very convenient. Stability control on wet roads is impressive and inspires confidence.",9,0.551612536,"Topic 9: price, subsidy, service, battery disposal, concerned environmental",7,0.16662958,"Topic 7: riding, low, smooth, level, impressively",22,1.0,"Topic 22: app based, based, based lock, features work, flawlessly, flawlessly convenient"
EV1529,Customer Support,EV Car,Tata Nexon EV,West,9/3/2024,4,"Energy used to charge still comes mostly from coal in my region, defeats the purpose somewhat.",Environmental Impact,energy used charge come mostly coal region defeat purpose somewhat,"Energy used to charge still comes mostly from coal in my region, defeats the purpose somewhat.",8,0.954999819,"Topic 8: range, drop, defeat purpose, energy, energy used",1,0.428435062,"Topic 1: charge come, defeat purpose, defeat, come mostly, come",6,1.0,"Topic 6: coal, defeats purpose, defeats, coal region, comes coal, comes"
EV1530,Customer Support,EV Car,Tata Nexon EV,West,4/26/2024,5,"Compact size makes it easy to park and maneuver in city traffic. Waiting time for service appointment is too long, more service centers needed.","Design & Aesthetics, Service & After-Sales",compact size make easy park maneuver city traffic waiting time service appointment long service center needed,"Compact size makes it easy to park and maneuver in city traffic. Waiting time for service appointment is too long, more service centers needed.",9,0.497561196,"Topic 9: price, subsidy, service, battery disposal, concerned environmental",8,0.263736152,"Topic 8: service, service center, center, appointment long, center needed",2,0.09138515172912835,"Topic 2: makes, high, size makes, park, easy, maneuver"
EV1531,Customer Support,EV Scooter,Ola S1,Central,6/4/2025,4,"The companion app keeps crashing, needs urgent software updates. Concerned about environmental impact of battery disposal and recycling.","Software & Connectivity, Environmental Impact",companion app keep crashing need urgent software update concerned environmental impact battery disposal recycling,"The companion app keeps crashing, needs urgent software updates. Concerned about environmental impact of battery disposal and recycling.",4,0.564670053,"Topic 4: software, month, year, battery, keep",6,0.295546567,"Topic 6: app, keep, update, software update, need",17,1.0,"Topic 17: app keeps, crashing, crashing needs, companion app, companion, urgent software"
EV1532,Survey,EV Car,Hyundai Kona,North,6/20/2024,4,Advanced safety features like ABS and traction control give peace of mind. Switching to EV feels good knowing I'm reducing my carbon footprint.,"Safety Features, Environmental Impact",advanced safety feature ab traction control give peace mind switching feel knowing reducing carbon footprint,Advanced safety features like ABS and traction control give peace of mind. Switching to EV feels good knowing I'm reducing my carbon footprint.,3,0.582847014,"Topic 3: safety, use, highway, part, feature",3,0.311794043,"Topic 3: ab, ab traction, control give, traction, traction control",7,1.0,"Topic 7: ev, good knowing, knowing, feels good, carbon footprint, knowing reducing"
EV1533,Social Media,EV Car,Tesla Model 3,West,4/16/2024,4,Insurance premium for EV is surprisingly high compared to petrol vehicles.,Price & Subsidy,insurance premium surprisingly high compared petrol,Insurance premium for EV is surprisingly high compared to petrol vehicles.,8,0.924997791,"Topic 8: range, drop, defeat purpose, energy, energy used",7,0.026150544,"Topic 7: riding, low, smooth, level, impressively",16,1.0,"Topic 16: tier, surprisingly, surprisingly high, compared petrol, insurance premium, insurance"
EV1534,Social Media,EV Car,Tesla Model 3,North,4/15/2025,4,"Handling and stability at high speed feels very confident and safe. The real world range is much lower than advertised, I only get 120 km on a full charge. Charging takes too long, almost 6 hours for a full charge at home.","Performance & Ride Quality, Range Anxiety, Charging Infrastructure",handling stability high speed feel confident safe real world range lower advertised full charge charging take long almost hour full charge home,"Handling and stability at high speed feels very confident and safe. The real world range is much lower than advertised, I only get 120 km on a full charge. Charging takes too long, almost 6 hours for a full charge at home.",1,0.657631055,"Topic 1: range, system, genuinely, useful, genuinely useful",1,0.040170624,"Topic 1: charge come, defeat purpose, defeat, come mostly, come",2,1.0,"Topic 2: makes, high, size makes, park, easy, maneuver"
EV1535,Social Media,EV Car,BYD Atto 3,East,2/21/2025,4,"Storage space under the seat is very limited, not practical for daily use.",Design & Aesthetics,storage space seat limited practical daily use,"Storage space under the seat is very limited, not practical for daily use.",3,0.93571352,"Topic 3: safety, use, highway, part, feature",4,0.148974955,"Topic 4: use, daily use, daily, dropped, within month",5,1.0,"Topic 5: air software, improving, great feature, keeps improving, updates great, improving time"
EV1536,Customer Support,EV Scooter,Bajaj Chetak,North,2/2/2025,4,Finding a working charging station in my city is still very difficult.,Charging Infrastructure,finding working charging station city difficult,Finding a working charging station in my city is still very difficult.,0,0.924998264,"Topic 0: cost, battery, replacement cost, replacement, city",6,0.061226602,"Topic 6: app, keep, update, software update, need",0,1.0,"Topic 0: collision, systems, braking collision, collision alert, systems work, really traffic"
EV1537,Survey,EV Car,Tesla Model 3,North,1/1/2025,4,Advanced safety features like ABS and traction control give peace of mind.,Safety Features,advanced safety feature ab traction control give peace mind,Advanced safety features like ABS and traction control give peace of mind.,3,0.949999585,"Topic 3: safety, use, highway, part, feature",3,0.403444493,"Topic 3: ab, ab traction, control give, traction, traction control",10,0.0014965006389001901,"Topic 10: battery replacement, cost half, half price, concerning, price vehicle, vehicle concerning"
EV1538,Customer Support,EV Scooter,Hero Vida V1,Central,3/29/2024,4,"Had a great experience with the service team, they explained everything clearly.",Service & After-Sales,great experience service team explained everything clearly,"Had a great experience with the service team, they explained everything clearly.",4,0.935712448,"Topic 4: software, month, year, battery, keep",8,0.103109565,"Topic 8: service, service center, center, appointment long, center needed",8,1.0,"Topic 8: vehicle good, test ratings, test, purchase decision, ratings, ratings reassured"
EV1539,Marketplace Review,EV Scooter,Bajaj Chetak,North,4/30/2025,4,"Battery health dropped to 85% within 18 months of daily use. Read reports about battery fires, safety is my biggest concern before buying.","Battery Life & Degradation, Safety Features",battery health dropped within month daily use read report battery fire safety biggest concern buying,"Battery health dropped to 85% within 18 months of daily use. Read reports about battery fires, safety is my biggest concern before buying.",5,0.530497752,"Topic 5: battery, center, service center, service, safety",4,0.292233785,"Topic 4: use, daily use, daily, dropped, within month",13,1.0,"Topic 13: 18, 18 months, 85, 85 18, health dropped, months daily"
EV1540,Customer Support,EV Scooter,Ampere Magnus,South,11/1/2024,4,Acceleration is smooth and instant torque makes overtaking effortless.,Performance & Ride Quality,acceleration smooth instant torque make overtaking effortless,Acceleration is smooth and instant torque makes overtaking effortless.,4,0.935713353,"Topic 4: software, month, year, battery, keep",7,0.070715509,"Topic 7: riding, low, smooth, level, impressively",23,1.0,"Topic 23: 30 range, badly, badly winter, cold weather, drops badly, cold"
EV1541,Survey,EV Car,Tata Nexon EV,North,2/7/2025,4,"Heard about a thermal runaway incident, this has shaken my trust in EV safety.",Safety Features,heard thermal runaway incident shaken trust safety,"Heard about a thermal runaway incident, this has shaken my trust in EV safety.",3,0.93571418,"Topic 3: safety, use, highway, part, feature",3,0.032099155,"Topic 3: ab, ab traction, control give, traction, traction control",7,0.0017461237134035474,"Topic 7: ev, good knowing, knowing, feels good, carbon footprint, knowing reducing"
EV1542,Social Media,EV Car,Hyundai Kona,East,8/4/2024,4,Build materials feel sturdy but the design is a bit too plain compared to rivals.,Design & Aesthetics,build material feel sturdy design bit plain compared rival,Build materials feel sturdy but the design is a bit too plain compared to rivals.,6,0.949998733,"Topic 6: charging, battery, almost, tier, use",8,0.127332354,"Topic 8: service, service center, center, appointment long, center needed",14,1.0,"Topic 14: service, bit plain, design bit, compared rivals, bit, materials feel"
EV1543,Social Media,EV Car,MG ZS EV,South,9/15/2024,3,"Running cost is much lower than petrol, saving a lot on fuel every month.",Price & Subsidy,running cost lower petrol saving lot fuel every month,"Running cost is much lower than petrol, saving a lot on fuel every month.",4,0.949998874,"Topic 4: software, month, year, battery, keep",9,0.051628088,"Topic 9: dashboard, caused dashboard, caused, dashboard freeze, freeze twice",9,0.00974875551456668,"Topic 9: lot, better, expected, attracts lot, attracts, looks futuristic"
EV1544,Survey,EV Car,Tesla Model 3,Central,4/17/2025,5,"The vehicle has good crash test ratings which reassured my purchase decision. Public chargers are often broken or occupied, need more charging stations urgently.","Safety Features, Charging Infrastructure",crash test rating reassured purchase decision public charger often broken occupied need charging station urgently,"The vehicle has good crash test ratings which reassured my purchase decision. Public chargers are often broken or occupied, need more charging stations urgently.",0,0.589654512,"Topic 0: cost, battery, replacement cost, replacement, city",9,0.072721014,"Topic 9: dashboard, caused dashboard, caused, dashboard freeze, freeze twice",0,0.008660837564241018,"Topic 0: collision, systems, braking collision, collision alert, systems work, really traffic"
EV1545,Social Media,EV Scooter,Ola S1,Central,5/13/2025,3,"Suspension is too stiff, ride quality is uncomfortable on bad roads. Zero tailpipe emissions is the main reason I chose an electric vehicle.","Performance & Ride Quality, Environmental Impact",suspension stiff ride quality uncomfortable road zero tailpipe emission main reason chose,"Suspension is too stiff, ride quality is uncomfortable on bad roads. Zero tailpipe emissions is the main reason I chose an electric vehicle.",6,0.482609169,"Topic 6: charging, battery, almost, tier, use",7,0.123904453,"Topic 7: riding, low, smooth, level, impressively",19,1.0,"Topic 19: chose, chose electric, emissions, emissions main, reason, reason chose"
EV1546,Survey,EV Car,Hyundai Kona,South,11/21/2024,4,"Touchscreen infotainment system lags and is not very intuitive to use. Energy used to charge still comes mostly from coal in my region, defeats the purpose somewhat.","Software & Connectivity, Environmental Impact",touchscreen infotainment system lag intuitive use energy used charge come mostly coal region defeat purpose somewhat,"Touchscreen infotainment system lags and is not very intuitive to use. Energy used to charge still comes mostly from coal in my region, defeats the purpose somewhat.",8,0.970967311,"Topic 8: range, drop, defeat purpose, energy, energy used",1,0.349086999,"Topic 1: charge come, defeat purpose, defeat, come mostly, come",18,1.0,"Topic 18: infotainment, infotainment lags, touchscreen, touchscreen infotainment, lags intuitive, lags"
EV1547,Social Media,EV Scooter,Hero Vida V1,Central,1/8/2025,4,"Noise levels are impressively low, riding experience is very smooth and quiet.",Performance & Ride Quality,noise level impressively low riding experience smooth quiet,"Noise levels are impressively low, riding experience is very smooth and quiet.",9,0.943749598,"Topic 9: price, subsidy, service, battery disposal, concerned environmental",7,0.346479625,"Topic 7: riding, low, smooth, level, impressively",3,0.1988658050491832,"Topic 3: low, stability control, control wet, impressive, impressive inspires, wet"
EV1548,Customer Support,EV Car,Tata Nexon EV,South,8/14/2024,5,Loved the color options and the overall styling of the vehicle.,Design & Aesthetics,loved color option overall styling,Loved the color options and the overall styling of the vehicle.,6,0.91,"Topic 6: charging, battery, almost, tier, use",1,0.016621026,"Topic 1: charge come, defeat purpose, defeat, come mostly, come",24,0.03306300122597827,"Topic 24: braking, braking feels, braking works, responsive, regenerative braking, responsive regenerative"
EV1549,Customer Support,EV Scooter,Ather 450X,West,4/18/2025,4,"Smart key and app based lock features work flawlessly, very convenient. Braking system feels sharp and responsive, regenerative braking works well.","Software & Connectivity, Performance & Ride Quality",smart key app based lock feature work flawlessly convenient braking system feel sharp responsive regenerative braking work well,"Smart key and app based lock features work flawlessly, very convenient. Braking system feels sharp and responsive, regenerative braking works well.",7,0.508617287,"Topic 7: braking, work, system, work well, well",2,0.281652398,"Topic 2: braking, system, work well, work, well",22,0.909235892058573,"Topic 22: app based, based, based lock, features work, flawlessly, flawlessly convenient"
EV1550,Survey,EV Scooter,Ampere Magnus,South,3/24/2024,3,Customer support over phone is helpful and resolves issues quickly. Battery health dropped to 85% within 18 months of daily use.,"Service & After-Sales, Battery Life & Degradation",customer support phone helpful resolve issue quickly battery health dropped within month daily use,Customer support over phone is helpful and resolves issues quickly. Battery health dropped to 85% within 18 months of daily use.,2,0.485184749,"Topic 2: feel, quality, range, support, quality feel",4,0.256136948,"Topic 4: use, daily use, daily, dropped, within month",13,1.0,"Topic 13: 18, 18 months, 85, 85 18, health dropped, months daily"
EV1551,Survey,EV Scooter,Hero Vida V1,North,1/20/2024,4,Stability control on wet roads is impressive and inspires confidence.,Safety Features,stability control wet road impressive inspires confidence,Stability control on wet roads is impressive and inspires confidence.,0,0.935713446,"Topic 0: cost, battery, replacement cost, replacement, city",7,0.259998231,"Topic 7: riding, low, smooth, level, impressively",3,1.0,"Topic 3: low, stability control, control wet, impressive, impressive inspires, wet"
EV1552,Marketplace Review,EV Car,BYD Atto 3,Central,8/5/2024,4,"Range anxiety is real, I plan every trip around charging stops now.",Range Anxiety,range anxiety real plan every trip around charging stop,"Range anxiety is real, I plan every trip around charging stops now.",2,0.949997191,"Topic 2: feel, quality, range, support, quality feel",9,0.026957355,"Topic 9: dashboard, caused dashboard, caused, dashboard freeze, freeze twice",15,0.0006139864573808161,"Topic 15: highway, discount, ev subsidy, delayed discount, subsidy scheme, state got"
EV1553,Social Media,EV Scooter,Hero Vida V1,East,2/5/2025,3,EV subsidy scheme in my state got delayed and the discount amount reduced suddenly.,Price & Subsidy,subsidy scheme state got delayed discount amount reduced suddenly,EV subsidy scheme in my state got delayed and the discount amount reduced suddenly.,4,0.949999791,"Topic 4: software, month, year, battery, keep",8,0.01521382,"Topic 8: service, service center, center, appointment long, center needed",15,1.0,"Topic 15: highway, discount, ev subsidy, delayed discount, subsidy scheme, state got"
EV1554,Survey,EV Car,Mahindra XUV400,West,1/7/2025,5,"Stability control on wet roads is impressive and inspires confidence. Claimed range of 8 km is misleading, actual range is way less in city traffic.","Safety Features, Range Anxiety",stability control wet road impressive inspires confidence claimed range misleading actual range way less city traffic,"Stability control on wet roads is impressive and inspires confidence. Claimed range of 8 km is misleading, actual range is way less in city traffic.",2,0.519266257,"Topic 2: feel, quality, range, support, quality feel",7,0.194453838,"Topic 7: riding, low, smooth, level, impressively",3,1.0,"Topic 3: low, stability control, control wet, impressive, impressive inspires, wet"
EV1555,Social Media,EV Car,BYD Atto 3,West,6/12/2024,5,Battery performance is stable even after two years of heavy usage.,Battery Life & Degradation,battery performance stable two year heavy usage,Battery performance is stable even after two years of heavy usage.,6,0.935713193,"Topic 6: charging, battery, almost, tier, use",8,0.052289309,"Topic 8: service, service center, center, appointment long, center needed",9,0.0882080869042168,"Topic 9: lot, better, expected, attracts lot, attracts, looks futuristic"
EV1556,Marketplace Review,EV Car,Tesla Model 3,East,2/11/2024,4,"For the price, I expected better build quality and more features.",Price & Subsidy,price expected better build quality feature,"For the price, I expected better build quality and more features.",2,0.924997459,"Topic 2: feel, quality, range, support, quality feel",8,0.039046387,"Topic 8: service, service center, center, appointment long, center needed",9,0.42180096625512764,"Topic 9: lot, better, expected, attracts lot, attracts, looks futuristic"
EV1557,Customer Support,EV Car,Tata Nexon EV,East,8/27/2024,3,"AC usage kills the range, on hot days I barely get half the claimed distance. Insurance premium for EV is surprisingly high compared to petrol vehicles.","Range Anxiety, Price & Subsidy",usage kill range hot day barely half claimed distance insurance premium surprisingly high compared petrol,"AC usage kills the range, on hot days I barely get half the claimed distance. Insurance premium for EV is surprisingly high compared to petrol vehicles.",8,0.968964883,"Topic 8: range, drop, defeat purpose, energy, energy used",7,0.021361282,"Topic 7: riding, low, smooth, level, impressively",4,1.0,"Topic 4: big motivation, big, motivation going, motivation, contributing, going"
EV1558,Survey,EV Scooter,Bajaj Chetak,North,11/27/2024,5,"Charging takes too long, almost 6 hours for a full charge at home.",Charging Infrastructure,charging take long almost hour full charge home,"Charging takes too long, almost 6 hours for a full charge at home.",6,0.94374764,"Topic 6: charging, battery, almost, tier, use",1,0.04253604,"Topic 1: charge come, defeat purpose, defeat, come mostly, come",11,0.010380974791908817,"Topic 11: home, bluetooth, riding frustrating, connectivity, bluetooth connectivity, drops frequently"
EV1559,Social Media,EV Scooter,Ampere Magnus,West,1/22/2025,4,"Braking system feels sharp and responsive, regenerative braking works well. Highway charging stops are rare, long distance travel is a nightmare.","Performance & Ride Quality, Charging Infrastructure",braking system feel sharp responsive regenerative braking work well highway charging stop rare long distance travel nightmare,"Braking system feels sharp and responsive, regenerative braking works well. Highway charging stops are rare, long distance travel is a nightmare.",7,0.51383999,"Topic 7: braking, work, system, work well, well",2,0.265933501,"Topic 2: braking, system, work well, work, well",24,1.0,"Topic 24: braking, braking feels, braking works, responsive, regenerative braking, responsive regenerative"
EV1560,Marketplace Review,EV Car,BYD Atto 3,East,12/19/2024,4,Navigation system integrated with range prediction is genuinely useful. Switching to EV feels good knowing I'm reducing my carbon footprint.,"Software & Connectivity, Environmental Impact",navigation system integrated range prediction genuinely useful switching feel knowing reducing carbon footprint,Navigation system integrated with range prediction is genuinely useful. Switching to EV feels good knowing I'm reducing my carbon footprint.,1,0.531652698,"Topic 1: range, system, genuinely, useful, genuinely useful",2,0.054575929,"Topic 2: braking, system, work well, work, well",7,0.029193566220532253,"Topic 7: ev, good knowing, knowing, feels good, carbon footprint, knowing reducing"
EV1561,Social Media,EV Car,Mahindra XUV400,South,3/19/2024,5,"Read reports about battery fires, safety is my biggest concern before buying. There are very few authorized service centers, had to travel 120 km for repair.","Safety Features, Service & After-Sales",read report battery fire safety biggest concern buying authorized service center travel repair,"Read reports about battery fires, safety is my biggest concern before buying. There are very few authorized service centers, had to travel 120 km for repair.",5,0.963999667,"Topic 5: battery, center, service center, service, safety",8,0.181933811,"Topic 8: service, service center, center, appointment long, center needed",12,0.019616690754064282,"Topic 12: battery disposal, environmental, disposal, disposal recycling, concerned, concerned environmental"
EV1562,Survey,EV Car,Hyundai Kona,South,2/28/2025,4,Handling and stability at high speed feels very confident and safe.,Performance & Ride Quality,handling stability high speed feel confident safe,Handling and stability at high speed feels very confident and safe.,1,0.935713476,"Topic 1: range, system, genuinely, useful, genuinely useful",7,0.042842529,"Topic 7: riding, low, smooth, level, impressively",2,1.0,"Topic 2: makes, high, size makes, park, easy, maneuver"
EV1563,Marketplace Review,EV Scooter,Hero Vida V1,West,8/3/2024,4,Contributing to a cleaner city is a big motivation behind going electric. Worried about battery degradation and replacement cost after warranty ends.,"Environmental Impact, Battery Life & Degradation",contributing cleaner city big motivation behind going worried battery degradation replacement cost warranty end,Contributing to a cleaner city is a big motivation behind going electric. Worried about battery degradation and replacement cost after warranty ends.,0,0.966666207,"Topic 0: cost, battery, replacement cost, replacement, city",0,0.090115965,"Topic 0: cost, replacement cost, replacement, price, battery",4,0.19976294312828022,"Topic 4: big motivation, big, motivation going, motivation, contributing, going"
EV1564,Social Media,EV Car,Tata Nexon EV,Central,6/13/2024,4,"No proper information on how battery degrades over time, company should be transparent.",Battery Life & Degradation,proper information battery degrades time company transparent,"No proper information on how battery degrades over time, company should be transparent.",5,0.935713658,"Topic 5: battery, center, service center, service, safety",8,0.052935026,"Topic 8: service, service center, center, appointment long, center needed",1,0.20670458569162412,"Topic 1: range, transparent, proper, time company, proper information, battery degrades"
EV1565,Social Media,EV Car,BYD Atto 3,North,6/19/2024,5,"Customer support over phone is helpful and resolves issues quickly. Battery replacement cost is almost half the price of the vehicle, very concerning.","Service & After-Sales, Battery Life & Degradation",customer support phone helpful resolve issue quickly battery replacement cost almost half price concerning,"Customer support over phone is helpful and resolves issues quickly. Battery replacement cost is almost half the price of the vehicle, very concerning.",2,0.509610543,"Topic 2: feel, quality, range, support, quality feel",0,0.071157637,"Topic 0: cost, replacement cost, replacement, price, battery",10,1.0,"Topic 10: battery replacement, cost half, half price, concerning, price vehicle, vehicle concerning"
EV1566,Customer Support,EV Car,Tesla Model 3,North,8/9/2024,4,Navigation system integrated with range prediction is genuinely useful.,Software & Connectivity,navigation system integrated range prediction genuinely useful,Navigation system integrated with range prediction is genuinely useful.,1,0.935713504,"Topic 1: range, system, genuinely, useful, genuinely useful",7,0.077765455,"Topic 7: riding, low, smooth, level, impressively",8,0.02924290429070136,"Topic 8: vehicle good, test ratings, test, purchase decision, ratings, ratings reassured"
EV1567,Social Media,EV Scooter,Bajaj Chetak,South,2/24/2025,4,"Energy used to charge still comes mostly from coal in my region, defeats the purpose somewhat. Battery health dropped to 85% within 18 months of daily use.","Environmental Impact, Battery Life & Degradation",energy used charge come mostly coal region defeat purpose somewhat battery health dropped within month daily use,"Energy used to charge still comes mostly from coal in my region, defeats the purpose somewhat. Battery health dropped to 85% within 18 months of daily use.",8,0.587849811,"Topic 8: range, drop, defeat purpose, energy, energy used",1,0.335843071,"Topic 1: charge come, defeat purpose, defeat, come mostly, come",6,1.0,"Topic 6: coal, defeats purpose, defeats, coal region, comes coal, comes"
EV1568,Customer Support,EV Scooter,Ather 450X,West,3/11/2024,5,"Insurance premium for EV is surprisingly high compared to petrol vehicles. Interior quality feels cheap for the price point, needs improvement.","Price & Subsidy, Design & Aesthetics",insurance premium surprisingly high compared petrol interior quality feel cheap price point need improvement,"Insurance premium for EV is surprisingly high compared to petrol vehicles. Interior quality feels cheap for the price point, needs improvement.",2,0.581214324,"Topic 2: feel, quality, range, support, quality feel",6,0.037755715,"Topic 6: app, keep, update, software update, need",16,1.0,"Topic 16: tier, surprisingly, surprisingly high, compared petrol, insurance premium, insurance"
EV1569,Social Media,EV Car,Tata Nexon EV,Central,5/31/2025,4,Compact size makes it easy to park and maneuver in city traffic. Worried about battery degradation and replacement cost after warranty ends.,"Design & Aesthetics, Battery Life & Degradation",compact size make easy park maneuver city traffic worried battery degradation replacement cost warranty end,Compact size makes it easy to park and maneuver in city traffic. Worried about battery degradation and replacement cost after warranty ends.,1,0.505304325,"Topic 1: range, system, genuinely, useful, genuinely useful",0,0.092702547,"Topic 0: cost, replacement cost, replacement, price, battery",2,0.09154901188720731,"Topic 2: makes, high, size makes, park, easy, maneuver"
EV1570,Survey,EV Car,Mahindra XUV400,Central,5/30/2025,4,"Public chargers are often broken or occupied, need more charging stations urgently.",Charging Infrastructure,public charger often broken occupied need charging station urgently,"Public chargers are often broken or occupied, need more charging stations urgently.",0,0.94999906,"Topic 0: cost, battery, replacement cost, replacement, city",6,0.098517264,"Topic 6: app, keep, update, software update, need",0,0.008547933420298841,"Topic 0: collision, systems, braking collision, collision alert, systems work, really traffic"
EV1571,Social Media,EV Scooter,Hero Vida V1,Central,1/2/2024,5,"Storage space under the seat is very limited, not practical for daily use. The vehicle has good crash test ratings which reassured my purchase decision.","Design & Aesthetics, Safety Features",storage space seat limited practical daily use crash test rating reassured purchase decision,"Storage space under the seat is very limited, not practical for daily use. The vehicle has good crash test ratings which reassured my purchase decision.",3,0.523999753,"Topic 3: safety, use, highway, part, feature",4,0.108377175,"Topic 4: use, daily use, daily, dropped, within month",5,1.0,"Topic 5: air software, improving, great feature, keeps improving, updates great, improving time"
EV1572,Marketplace Review,EV Car,Tesla Model 3,South,5/8/2025,5,Loved the color options and the overall styling of the vehicle.,Design & Aesthetics,loved color option overall styling,Loved the color options and the overall styling of the vehicle.,6,0.91,"Topic 6: charging, battery, almost, tier, use",1,0.016621026,"Topic 1: charge come, defeat purpose, defeat, come mostly, come",24,0.03310016518399354,"Topic 24: braking, braking feels, braking works, responsive, regenerative braking, responsive regenerative"
EV1573,Social Media,EV Car,Mahindra XUV400,East,5/3/2025,3,"EV subsidy scheme in my state got delayed and the discount amount reduced suddenly. Highway charging stops are rare, long distance travel is a nightmare.","Price & Subsidy, Charging Infrastructure",subsidy scheme state got delayed discount amount reduced suddenly highway charging stop rare long distance travel nightmare,"EV subsidy scheme in my state got delayed and the discount amount reduced suddenly. Highway charging stops are rare, long distance travel is a nightmare.",4,0.535162907,"Topic 4: software, month, year, battery, keep",8,0.055132224,"Topic 8: service, service center, center, appointment long, center needed",15,1.0,"Topic 15: highway, discount, ev subsidy, delayed discount, subsidy scheme, state got"
EV1574,Survey,EV Scooter,Ather 450X,North,6/19/2025,3,Finding a working charging station in my city is still very difficult. Emergency braking and collision alert systems work really well in traffic.,"Charging Infrastructure, Safety Features",finding working charging station city difficult emergency braking collision alert system work well traffic,Finding a working charging station in my city is still very difficult. Emergency braking and collision alert systems work really well in traffic.,7,0.559260518,"Topic 7: braking, work, system, work well, well",2,0.256533376,"Topic 2: braking, system, work well, work, well",0,1.0,"Topic 0: collision, systems, braking collision, collision alert, systems work, really traffic"
EV1575,Customer Support,EV Car,Tesla Model 3,West,1/5/2025,4,Home charging setup was expensive and took weeks to install.,Charging Infrastructure,home charging setup expensive took week install,Home charging setup was expensive and took weeks to install.,5,0.935713411,"Topic 5: battery, center, service center, service, safety",5,0.034397189,"Topic 5: battery disposal, disposal recycling, concerned, environmental impact, environmental",11,1.0,"Topic 11: home, bluetooth, riding frustrating, connectivity, bluetooth connectivity, drops frequently"
EV1576,Customer Support,EV Scooter,Hero Vida V1,East,3/9/2025,3,"Contributing to a cleaner city is a big motivation behind going electric. The motor is powerful and pickup is much better than petrol variants. Spare parts availability is a major issue, waited a month for a replacement part.","Environmental Impact, Performance & Ride Quality, Service & After-Sales",contributing cleaner city big motivation behind going motor powerful pickup better petrol variant spare part availability major issue waited month replacement part,"Contributing to a cleaner city is a big motivation behind going electric. The motor is powerful and pickup is much better than petrol variants. Spare parts availability is a major issue, waited a month for a replacement part.",3,0.671031946,"Topic 3: safety, use, highway, part, feature",0,0.027119203,"Topic 0: cost, replacement cost, replacement, price, battery",4,0.20568634944498926,"Topic 4: big motivation, big, motivation going, motivation, contributing, going"
EV1577,Customer Support,EV Scooter,Ather 450X,Central,5/10/2025,5,Customer support over phone is helpful and resolves issues quickly. Concerned about environmental impact of battery disposal and recycling.,"Service & After-Sales, Environmental Impact",customer support phone helpful resolve issue quickly concerned environmental impact battery disposal recycling,Customer support over phone is helpful and resolves issues quickly. Concerned about environmental impact of battery disposal and recycling.,2,0.523999478,"Topic 2: feel, quality, range, support, quality feel",5,0.274661589,"Topic 5: battery disposal, disposal recycling, concerned, environmental impact, environmental",12,1.0,"Topic 12: battery disposal, environmental, disposal, disposal recycling, concerned, concerned environmental"
EV1578,Social Media,EV Scooter,Hero Vida V1,North,8/23/2024,3,"Smart key and app based lock features work flawlessly, very convenient.",Software & Connectivity,smart key app based lock feature work flawlessly convenient,"Smart key and app based lock features work flawlessly, very convenient.",9,0.949998977,"Topic 9: price, subsidy, service, battery disposal, concerned environmental",6,0.203971773,"Topic 6: app, keep, update, software update, need",22,1.0,"Topic 22: app based, based, based lock, features work, flawlessly, flawlessly convenient"
EV1579,Social Media,EV Car,Tata Nexon EV,Central,2/14/2025,4,"Acceleration is smooth and instant torque makes overtaking effortless. Read reports about battery fires, safety is my biggest concern before buying.","Performance & Ride Quality, Safety Features",acceleration smooth instant torque make overtaking effortless read report battery fire safety biggest concern buying,"Acceleration is smooth and instant torque makes overtaking effortless. Read reports about battery fires, safety is my biggest concern before buying.",5,0.510486235,"Topic 5: battery, center, service center, service, safety",7,0.044685188,"Topic 7: riding, low, smooth, level, impressively",23,1.0,"Topic 23: 30 range, badly, badly winter, cold weather, drops badly, cold"
EV1580,Survey,EV Scooter,Hero Vida V1,North,5/28/2024,4,"The companion app keeps crashing, needs urgent software updates. Loved the color options and the overall styling of the vehicle. Fast charging network needs serious expansion on highways.","Software & Connectivity, Design & Aesthetics, Charging Infrastructure",companion app keep crashing need urgent software update loved color option overall styling fast charging network need serious expansion highway,"The companion app keeps crashing, needs urgent software updates. Loved the color options and the overall styling of the vehicle. Fast charging network needs serious expansion on highways.",4,0.360706929,"Topic 4: software, month, year, battery, keep",6,0.279724061,"Topic 6: app, keep, update, software update, need",17,1.0,"Topic 17: app keeps, crashing, crashing needs, companion app, companion, urgent software"
EV1581,Survey,EV Scooter,Ola S1,West,2/14/2025,3,Concerned about environmental impact of battery disposal and recycling. Stability control on wet roads is impressive and inspires confidence.,"Environmental Impact, Safety Features",concerned environmental impact battery disposal recycling stability control wet road impressive inspires confidence,Concerned about environmental impact of battery disposal and recycling. Stability control on wet roads is impressive and inspires confidence.,0,0.549629213,"Topic 0: cost, battery, replacement cost, replacement, city",5,0.287307925,"Topic 5: battery disposal, disposal recycling, concerned, environmental impact, environmental",12,0.08431515801246395,"Topic 12: battery disposal, environmental, disposal, disposal recycling, concerned, concerned environmental"
EV1582,Marketplace Review,EV Car,MG ZS EV,West,1/11/2024,4,"EV subsidy scheme in my state got delayed and the discount amount reduced suddenly. Read reports about battery fires, safety is my biggest concern before buying.","Price & Subsidy, Safety Features",subsidy scheme state got delayed discount amount reduced suddenly read report battery fire safety biggest concern buying,"EV subsidy scheme in my state got delayed and the discount amount reduced suddenly. Read reports about battery fires, safety is my biggest concern before buying.",4,0.528995983,"Topic 4: software, month, year, battery, keep",4,0.042923029,"Topic 4: use, daily use, daily, dropped, within month",15,1.0,"Topic 15: highway, discount, ev subsidy, delayed discount, subsidy scheme, state got"
EV1583,Social Media,EV Car,BYD Atto 3,Central,6/22/2024,2,"The real world range is much lower than advertised, I only get 120 km on a full charge. Handling and stability at high speed feels very confident and safe. EV subsidy scheme in my state got delayed and the discount amount reduced suddenly.","Range Anxiety, Performance & Ride Quality, Price & Subsidy",real world range lower advertised full charge handling stability high speed feel confident safe subsidy scheme state got delayed discount amount reduced suddenly,"The real world range is much lower than advertised, I only get 120 km on a full charge. Handling and stability at high speed feels very confident and safe. EV subsidy scheme in my state got delayed and the discount amount reduced suddenly.",1,0.58238707,"Topic 1: range, system, genuinely, useful, genuinely useful",7,0.034035504,"Topic 7: riding, low, smooth, level, impressively",15,1.0,"Topic 15: highway, discount, ev subsidy, delayed discount, subsidy scheme, state got"
EV1584,Marketplace Review,EV Scooter,TVS iQube,West,7/24/2024,4,Advanced safety features like ABS and traction control give peace of mind.,Safety Features,advanced safety feature ab traction control give peace mind,Advanced safety features like ABS and traction control give peace of mind.,3,0.949999585,"Topic 3: safety, use, highway, part, feature",3,0.403444493,"Topic 3: ab, ab traction, control give, traction, traction control",10,0.001497136464083283,"Topic 10: battery replacement, cost half, half price, concerning, price vehicle, vehicle concerning"
EV1585,Customer Support,EV Car,Tata Nexon EV,Central,12/22/2024,4,"Braking system feels sharp and responsive, regenerative braking works well.",Performance & Ride Quality,braking system feel sharp responsive regenerative braking work well,"Braking system feels sharp and responsive, regenerative braking works well.",7,0.949999688,"Topic 7: braking, work, system, work well, well",2,0.362732406,"Topic 2: braking, system, work well, work, well",24,1.0,"Topic 24: braking, braking feels, braking works, responsive, regenerative braking, responsive regenerative"
EV1586,Social Media,EV Car,BYD Atto 3,West,2/17/2025,4,Switching to EV feels good knowing I'm reducing my carbon footprint.,Environmental Impact,switching feel knowing reducing carbon footprint,Switching to EV feels good knowing I'm reducing my carbon footprint.,2,0.924999506,"Topic 2: feel, quality, range, support, quality feel",8,0.070115738,"Topic 8: service, service center, center, appointment long, center needed",7,1.0,"Topic 7: ev, good knowing, knowing, feels good, carbon footprint, knowing reducing"
EV1587,Marketplace Review,EV Scooter,Ather 450X,Central,4/19/2024,5,Advanced safety features like ABS and traction control give peace of mind.,Safety Features,advanced safety feature ab traction control give peace mind,Advanced safety features like ABS and traction control give peace of mind.,3,0.949999585,"Topic 3: safety, use, highway, part, feature",3,0.403444493,"Topic 3: ab, ab traction, control give, traction, traction control",10,0.0015005968353287837,"Topic 10: battery replacement, cost half, half price, concerning, price vehicle, vehicle concerning"
EV1588,Survey,EV Scooter,TVS iQube,Central,9/20/2024,3,"Heard about a thermal runaway incident, this has shaken my trust in EV safety.",Safety Features,heard thermal runaway incident shaken trust safety,"Heard about a thermal runaway incident, this has shaken my trust in EV safety.",3,0.93571418,"Topic 3: safety, use, highway, part, feature",3,0.032099155,"Topic 3: ab, ab traction, control give, traction, traction control",7,0.00174653309649447,"Topic 7: ev, good knowing, knowing, feels good, carbon footprint, knowing reducing"
EV1589,Marketplace Review,EV Scooter,Hero Vida V1,West,5/10/2025,4,"Resale value of electric vehicles is still uncertain, worried about depreciation.",Price & Subsidy,resale value uncertain worried depreciation,"Resale value of electric vehicles is still uncertain, worried about depreciation.",7,0.909999429,"Topic 7: braking, work, system, work well, well",9,0.015858813,"Topic 9: dashboard, caused dashboard, caused, dashboard freeze, freeze twice",5,0.04580443368196269,"Topic 5: air software, improving, great feature, keeps improving, updates great, improving time"
EV1590,Marketplace Review,EV Scooter,Hero Vida V1,Central,1/29/2024,4,"The companion app keeps crashing, needs urgent software updates. Highway charging stops are rare, long distance travel is a nightmare. Waiting time for service appointment is too long, more service centers needed.","Software & Connectivity, Charging Infrastructure, Service & After-Sales",companion app keep crashing need urgent software update highway charging stop rare long distance travel nightmare waiting time service appointment long service center needed,"The companion app keeps crashing, needs urgent software updates. Highway charging stops are rare, long distance travel is a nightmare. Waiting time for service appointment is too long, more service centers needed.",4,0.345151819,"Topic 4: software, month, year, battery, keep",8,0.250630144,"Topic 8: service, service center, center, appointment long, center needed",17,1.0,"Topic 17: app keeps, crashing, crashing needs, companion app, companion, urgent software"
EV1591,Social Media,EV Car,Tesla Model 3,East,2/26/2025,3,Acceleration is smooth and instant torque makes overtaking effortless.,Performance & Ride Quality,acceleration smooth instant torque make overtaking effortless,Acceleration is smooth and instant torque makes overtaking effortless.,4,0.935713353,"Topic 4: software, month, year, battery, keep",7,0.070715509,"Topic 7: riding, low, smooth, level, impressively",23,1.0,"Topic 23: 30 range, badly, badly winter, cold weather, drops badly, cold"
EV1592,Customer Support,EV Scooter,Ather 450X,North,2/12/2025,3,"Suspension is too stiff, ride quality is uncomfortable on bad roads. Charging infrastructure in tier 2 and tier 3 cities is almost non-existent.","Performance & Ride Quality, Charging Infrastructure",suspension stiff ride quality uncomfortable road charging infrastructure tier tier city almost non existent,"Suspension is too stiff, ride quality is uncomfortable on bad roads. Charging infrastructure in tier 2 and tier 3 cities is almost non-existent.",6,0.505406841,"Topic 6: charging, battery, almost, tier, use",0,0.020186376,"Topic 0: cost, replacement cost, replacement, price, battery",8,0.1758462957940163,"Topic 8: vehicle good, test ratings, test, purchase decision, ratings, ratings reassured"
EV1593,Social Media,EV Scooter,TVS iQube,Central,10/2/2024,4,"No proper information on how battery degrades over time, company should be transparent.",Battery Life & Degradation,proper information battery degrades time company transparent,"No proper information on how battery degrades over time, company should be transparent.",5,0.935713658,"Topic 5: battery, center, service center, service, safety",8,0.052935026,"Topic 8: service, service center, center, appointment long, center needed",1,0.20696641700131055,"Topic 1: range, transparent, proper, time company, proper information, battery degrades"
EV1594,Social Media,EV Car,Mahindra XUV400,South,9/4/2024,3,"There are very few authorized service centers, had to travel 150 km for repair.",Service & After-Sales,authorized service center travel repair,"There are very few authorized service centers, had to travel 150 km for repair.",5,0.909999018,"Topic 5: battery, center, service center, service, safety",8,0.271343284,"Topic 8: service, service center, center, appointment long, center needed",10,0.003667779057609174,"Topic 10: battery replacement, cost half, half price, concerning, price vehicle, vehicle concerning"
EV1595,Customer Support,EV Car,MG ZS EV,South,4/19/2024,4,"Charging infrastructure in tier 2 and tier 3 cities is almost non-existent. Energy used to charge still comes mostly from coal in my region, defeats the purpose somewhat.","Charging Infrastructure, Environmental Impact",charging infrastructure tier tier city almost non existent energy used charge come mostly coal region defeat purpose somewhat,"Charging infrastructure in tier 2 and tier 3 cities is almost non-existent. Energy used to charge still comes mostly from coal in my region, defeats the purpose somewhat.",8,0.561847333,"Topic 8: range, drop, defeat purpose, energy, energy used",1,0.303345829,"Topic 1: charge come, defeat purpose, defeat, come mostly, come",16,1.0,"Topic 16: tier, surprisingly, surprisingly high, compared petrol, insurance premium, insurance"
EV1596,Survey,EV Car,BYD Atto 3,West,1/15/2025,5,Concerned about environmental impact of battery disposal and recycling.,Environmental Impact,concerned environmental impact battery disposal recycling,Concerned about environmental impact of battery disposal and recycling.,9,0.924998615,"Topic 9: price, subsidy, service, battery disposal, concerned environmental",5,0.435865403,"Topic 5: battery disposal, disposal recycling, concerned, environmental impact, environmental",12,1.0,"Topic 12: battery disposal, environmental, disposal, disposal recycling, concerned, concerned environmental"
EV1597,Customer Support,EV Scooter,Ampere Magnus,West,7/6/2024,3,"Emergency braking and collision alert systems work really well in traffic. There are very few authorized service centers, had to travel 8 km for repair.","Safety Features, Service & After-Sales",emergency braking collision alert system work well traffic authorized service center travel repair,"Emergency braking and collision alert systems work really well in traffic. There are very few authorized service centers, had to travel 8 km for repair.",7,0.598556109,"Topic 7: braking, work, system, work well, well",2,0.246324644,"Topic 2: braking, system, work well, work, well",0,0.015228422336008506,"Topic 0: collision, systems, braking collision, collision alert, systems work, really traffic"
EV1598,Marketplace Review,EV Car,Tata Nexon EV,West,2/3/2024,5,The vehicle has good crash test ratings which reassured my purchase decision.,Safety Features,crash test rating reassured purchase decision,The vehicle has good crash test ratings which reassured my purchase decision.,9,0.925,"Topic 9: price, subsidy, service, battery disposal, concerned environmental",9,0.102568155,"Topic 9: dashboard, caused dashboard, caused, dashboard freeze, freeze twice",8,1.0,"Topic 8: vehicle good, test ratings, test, purchase decision, ratings, ratings reassured"
EV1599,Social Media,EV Scooter,Hero Vida V1,West,5/3/2024,5,Emergency braking and collision alert systems work really well in traffic.,Safety Features,emergency braking collision alert system work well traffic,Emergency braking and collision alert systems work really well in traffic.,7,0.943749731,"Topic 7: braking, work, system, work well, well",2,0.319097782,"Topic 2: braking, system, work well, work, well",0,0.015243646948090887,"Topic 0: collision, systems, braking collision, collision alert, systems work, really traffic"
EV1600,Survey,EV Scooter,Hero Vida V1,North,8/3/2024,4,"Loved the color options and the overall styling of the vehicle. Love the app that shows nearby charging stations, very convenient feature.","Design & Aesthetics, Charging Infrastructure",loved color option overall styling love app show nearby charging station convenient feature,"Loved the color options and the overall styling of the vehicle. Love the app that shows nearby charging stations, very convenient feature.",6,0.963999247,"Topic 6: charging, battery, almost, tier, use",6,0.11063953,"Topic 6: app, keep, update, software update, need",8,0.03300669545626764,"Topic 8: vehicle good, test ratings, test, purchase decision, ratings, ratings reassured"
EV1601,Customer Support,EV Scooter,Ather 450X,South,10/2/2024,5,"Touchscreen infotainment system lags and is not very intuitive to use. Suspension is too stiff, ride quality is uncomfortable on bad roads.","Software & Connectivity, Performance & Ride Quality",touchscreen infotainment system lag intuitive use suspension stiff ride quality uncomfortable road,"Touchscreen infotainment system lags and is not very intuitive to use. Suspension is too stiff, ride quality is uncomfortable on bad roads.",8,0.482608037,"Topic 8: range, drop, defeat purpose, energy, energy used",4,0.048402329,"Topic 4: use, daily use, daily, dropped, within month",18,1.0,"Topic 18: infotainment, infotainment lags, touchscreen, touchscreen infotainment, lags intuitive, lags"
EV1602,Social Media,EV Scooter,Bajaj Chetak,West,1/16/2025,4,"Noise levels are impressively low, riding experience is very smooth and quiet.",Performance & Ride Quality,noise level impressively low riding experience smooth quiet,"Noise levels are impressively low, riding experience is very smooth and quiet.",9,0.943749598,"Topic 9: price, subsidy, service, battery disposal, concerned environmental",7,0.346479625,"Topic 7: riding, low, smooth, level, impressively",3,0.19920427168554666,"Topic 3: low, stability control, control wet, impressive, impressive inspires, wet"
EV1603,Social Media,EV Scooter,Bajaj Chetak,Central,5/14/2024,4,Zero tailpipe emissions is the main reason I chose an electric vehicle.,Environmental Impact,zero tailpipe emission main reason chose,Zero tailpipe emissions is the main reason I chose an electric vehicle.,6,0.925,"Topic 6: charging, battery, almost, tier, use",7,0.153486816,"Topic 7: riding, low, smooth, level, impressively",19,1.0,"Topic 19: chose, chose electric, emissions, emissions main, reason, reason chose"
EV1604,Customer Support,EV Car,Tesla Model 3,South,3/18/2025,4,"Interior quality feels cheap for the price point, needs improvement.",Design & Aesthetics,interior quality feel cheap price point need improvement,"Interior quality feels cheap for the price point, needs improvement.",2,0.943749083,"Topic 2: feel, quality, range, support, quality feel",6,0.051361379,"Topic 6: app, keep, update, software update, need",18,1.0,"Topic 18: infotainment, infotainment lags, touchscreen, touchscreen infotainment, lags intuitive, lags"
EV1605,Social Media,EV Car,Tesla Model 3,West,1/10/2024,3,"Battery health dropped to 85% within 18 months of daily use. LED lighting and digital dashboard give it a premium, modern look. Software glitches caused the dashboard to freeze twice in a month.","Battery Life & Degradation, Design & Aesthetics, Software & Connectivity",battery health dropped within month daily use led lighting digital dashboard give premium modern look software glitch caused dashboard freeze twice month,"Battery health dropped to 85% within 18 months of daily use. LED lighting and digital dashboard give it a premium, modern look. Software glitches caused the dashboard to freeze twice in a month.",0,0.3606332,"Topic 0: cost, battery, replacement cost, replacement, city",9,0.338658791,"Topic 9: dashboard, caused dashboard, caused, dashboard freeze, freeze twice",13,0.764233207163562,"Topic 13: 18, 18 months, 85, 85 18, health dropped, months daily"
EV1606,Customer Support,EV Scooter,Bajaj Chetak,East,2/18/2024,4,The design looks futuristic and attracts a lot of attention on the road.,Design & Aesthetics,design look futuristic attracts lot attention road,The design looks futuristic and attracts a lot of attention on the road.,2,0.935713616,"Topic 2: feel, quality, range, support, quality feel",7,0.037911005,"Topic 7: riding, low, smooth, level, impressively",9,1.0,"Topic 9: lot, better, expected, attracts lot, attracts, looks futuristic"
EV1607,Social Media,EV Car,Tata Nexon EV,East,5/2/2025,4,Charging infrastructure in tier 2 and tier 3 cities is almost non-existent.,Charging Infrastructure,charging infrastructure tier tier city almost non existent,Charging infrastructure in tier 2 and tier 3 cities is almost non-existent.,6,0.943748493,"Topic 6: charging, battery, almost, tier, use",0,0.022957622,"Topic 0: cost, replacement cost, replacement, price, battery",16,1.0,"Topic 16: tier, surprisingly, surprisingly high, compared petrol, insurance premium, insurance"
EV1608,Customer Support,EV Scooter,TVS iQube,East,9/20/2024,4,"Handling and stability at high speed feels very confident and safe. AC usage kills the range, on hot days I barely get half the claimed distance. LED lighting and digital dashboard give it a premium, modern look.","Performance & Ride Quality, Range Anxiety, Design & Aesthetics",handling stability high speed feel confident safe usage kill range hot day barely half claimed distance led lighting digital dashboard give premium modern look,"Handling and stability at high speed feels very confident and safe. AC usage kills the range, on hot days I barely get half the claimed distance. LED lighting and digital dashboard give it a premium, modern look.",8,0.364851891,"Topic 8: range, drop, defeat purpose, energy, energy used",9,0.079998128,"Topic 9: dashboard, caused dashboard, caused, dashboard freeze, freeze twice",2,1.0,"Topic 2: makes, high, size makes, park, easy, maneuver"
EV1609,Social Media,EV Car,BYD Atto 3,East,12/29/2024,4,Build quality feels premium and the ride is extremely comfortable. Stability control on wet roads is impressive and inspires confidence.,"Performance & Ride Quality, Safety Features",build quality feel premium ride extremely comfortable stability control wet road impressive inspires confidence,Build quality feels premium and the ride is extremely comfortable. Stability control on wet roads is impressive and inspires confidence.,0,0.50826599,"Topic 0: cost, battery, replacement cost, replacement, city",7,0.18694842,"Topic 7: riding, low, smooth, level, impressively",3,1.0,"Topic 3: low, stability control, control wet, impressive, impressive inspires, wet"
EV1610,Marketplace Review,EV Scooter,Ola S1,Central,10/20/2024,3,Software glitches caused the dashboard to freeze twice in a month.,Software & Connectivity,software glitch caused dashboard freeze twice month,Software glitches caused the dashboard to freeze twice in a month.,4,0.935713937,"Topic 4: software, month, year, battery, keep",9,0.454167934,"Topic 9: dashboard, caused dashboard, caused, dashboard freeze, freeze twice",20,1.0,"Topic 20: dashboard, caused, freeze twice, glitches, freeze, glitches caused"
EV1611,Customer Support,EV Car,MG ZS EV,West,2/18/2025,5,Home charging setup was expensive and took weeks to install. Concerned about environmental impact of battery disposal and recycling.,"Charging Infrastructure, Environmental Impact",home charging setup expensive took week install concerned environmental impact battery disposal recycling,Home charging setup was expensive and took weeks to install. Concerned about environmental impact of battery disposal and recycling.,5,0.553729309,"Topic 5: battery, center, service center, service, safety",5,0.305390606,"Topic 5: battery disposal, disposal recycling, concerned, environmental impact, environmental",11,1.0,"Topic 11: home, bluetooth, riding frustrating, connectivity, bluetooth connectivity, drops frequently"
EV1612,Customer Support,EV Car,Hyundai Kona,East,9/30/2024,4,Contributing to a cleaner city is a big motivation behind going electric.,Environmental Impact,contributing cleaner city big motivation behind going,Contributing to a cleaner city is a big motivation behind going electric.,0,0.935713847,"Topic 0: cost, battery, replacement cost, replacement, city",0,0.025499456,"Topic 0: cost, replacement cost, replacement, price, battery",4,0.2011896209064446,"Topic 4: big motivation, big, motivation going, motivation, contributing, going"
EV1613,Customer Support,EV Scooter,Bajaj Chetak,Central,6/17/2025,4,"Over the air software updates are a great feature, keeps improving over time. Interior quality feels cheap for the price point, needs improvement.","Software & Connectivity, Design & Aesthetics",air software update great feature keep improving time interior quality feel cheap price point need improvement,"Over the air software updates are a great feature, keeps improving over time. Interior quality feels cheap for the price point, needs improvement.",2,0.49020232,"Topic 2: feel, quality, range, support, quality feel",6,0.16954516,"Topic 6: app, keep, update, software update, need",5,1.0,"Topic 5: air software, improving, great feature, keeps improving, updates great, improving time"
EV1614,Social Media,EV Car,MG ZS EV,East,3/22/2024,4,"Running cost is much lower than petrol, saving a lot on fuel every month. Worried about battery degradation and replacement cost after warranty ends. The design looks futuristic and attracts a lot of attention on the road.","Price & Subsidy, Battery Life & Degradation, Design & Aesthetics",running cost lower petrol saving lot fuel every month worried battery degradation replacement cost warranty end design look futuristic attracts lot attention road,"Running cost is much lower than petrol, saving a lot on fuel every month. Worried about battery degradation and replacement cost after warranty ends. The design looks futuristic and attracts a lot of attention on the road.",4,0.383101893,"Topic 4: software, month, year, battery, keep",0,0.086463362,"Topic 0: cost, replacement cost, replacement, price, battery",9,0.009768348541628369,"Topic 9: lot, better, expected, attracts lot, attracts, looks futuristic"
EV1615,Survey,EV Scooter,Ampere Magnus,North,2/10/2025,4,Advanced safety features like ABS and traction control give peace of mind.,Safety Features,advanced safety feature ab traction control give peace mind,Advanced safety features like ABS and traction control give peace of mind.,3,0.949999585,"Topic 3: safety, use, highway, part, feature",3,0.403444493,"Topic 3: ab, ab traction, control give, traction, traction control",10,0.001496628518212693,"Topic 10: battery replacement, cost half, half price, concerning, price vehicle, vehicle concerning"
EV1616,Social Media,EV Car,Hyundai Kona,North,2/3/2025,4,"There are very few authorized service centers, had to travel 5 km for repair. EV subsidy scheme in my state got delayed and the discount amount reduced suddenly.","Service & After-Sales, Price & Subsidy",authorized service center travel repair subsidy scheme state got delayed discount amount reduced suddenly,"There are very few authorized service centers, had to travel 5 km for repair. EV subsidy scheme in my state got delayed and the discount amount reduced suddenly.",4,0.646975927,"Topic 4: software, month, year, battery, keep",8,0.165306894,"Topic 8: service, service center, center, appointment long, center needed",15,1.0,"Topic 15: highway, discount, ev subsidy, delayed discount, subsidy scheme, state got"
EV1617,Social Media,EV Scooter,Hero Vida V1,South,6/23/2025,3,"Worried about battery degradation and replacement cost after warranty ends. AC usage kills the range, on hot days I barely get half the claimed distance.","Battery Life & Degradation, Range Anxiety",worried battery degradation replacement cost warranty end usage kill range hot day barely half claimed distance,"Worried about battery degradation and replacement cost after warranty ends. AC usage kills the range, on hot days I barely get half the claimed distance.",8,0.522543909,"Topic 8: range, drop, defeat purpose, energy, energy used",0,0.078304426,"Topic 0: cost, replacement cost, replacement, price, battery",4,1.0,"Topic 4: big motivation, big, motivation going, motivation, contributing, going"
EV1618,Marketplace Review,EV Scooter,Bajaj Chetak,Central,10/5/2024,4,Stability control on wet roads is impressive and inspires confidence. Navigation system integrated with range prediction is genuinely useful. Battery health dropped to 85% within 18 months of daily use.,"Safety Features, Software & Connectivity, Battery Life & Degradation",stability control wet road impressive inspires confidence navigation system integrated range prediction genuinely useful battery health dropped within month daily use,Stability control on wet roads is impressive and inspires confidence. Navigation system integrated with range prediction is genuinely useful. Battery health dropped to 85% within 18 months of daily use.,0,0.339493737,"Topic 0: cost, battery, replacement cost, replacement, city",4,0.214118135,"Topic 4: use, daily use, daily, dropped, within month",3,1.0,"Topic 3: low, stability control, control wet, impressive, impressive inspires, wet"
EV1619,Marketplace Review,EV Scooter,Hero Vida V1,Central,11/13/2024,5,"The motor is powerful and pickup is much better than petrol variants. Smart key and app based lock features work flawlessly, very convenient.","Performance & Ride Quality, Software & Connectivity",motor powerful pickup better petrol variant smart key app based lock feature work flawlessly convenient,"The motor is powerful and pickup is much better than petrol variants. Smart key and app based lock features work flawlessly, very convenient.",9,0.598213216,"Topic 9: price, subsidy, service, battery disposal, concerned environmental",6,0.15065759,"Topic 6: app, keep, update, software update, need",9,1.0,"Topic 9: lot, better, expected, attracts lot, attracts, looks futuristic"
EV1620,Customer Support,EV Car,Mahindra XUV400,East,2/26/2025,4,"After sales support has been excellent, quick response and doorstep service. Worried about battery degradation and replacement cost after warranty ends.","Service & After-Sales, Battery Life & Degradation",sale support excellent quick response doorstep service worried battery degradation replacement cost warranty end,"After sales support has been excellent, quick response and doorstep service. Worried about battery degradation and replacement cost after warranty ends.",2,0.485184935,"Topic 2: feel, quality, range, support, quality feel",0,0.077588205,"Topic 0: cost, replacement cost, replacement, price, battery",21,1.0,"Topic 21: cost warranty, battery degradation, warranty ends, ends, degradation replacement, worried battery"
EV1621,Social Media,EV Car,BYD Atto 3,East,10/20/2024,4,Software glitches caused the dashboard to freeze twice in a month. Emergency braking and collision alert systems work really well in traffic. Battery range degrades faster than expected after just one year of use.,"Software & Connectivity, Safety Features, Range Anxiety",software glitch caused dashboard freeze twice month emergency braking collision alert system work well traffic battery range degrades faster expected year use,Software glitches caused the dashboard to freeze twice in a month. Emergency braking and collision alert systems work really well in traffic. Battery range degrades faster than expected after just one year of use.,4,0.621426702,"Topic 4: software, month, year, battery, keep",9,0.251546095,"Topic 9: dashboard, caused dashboard, caused, dashboard freeze, freeze twice",20,1.0,"Topic 20: dashboard, caused, freeze twice, glitches, freeze, glitches caused"
EV1622,Marketplace Review,EV Scooter,Ola S1,East,8/24/2024,4,"AC usage kills the range, on hot days I barely get half the claimed distance. Read reports about battery fires, safety is my biggest concern before buying.","Range Anxiety, Safety Features",usage kill range hot day barely half claimed distance read report battery fire safety biggest concern buying,"AC usage kills the range, on hot days I barely get half the claimed distance. Read reports about battery fires, safety is my biggest concern before buying.",8,0.518180736,"Topic 8: range, drop, defeat purpose, energy, energy used",4,0.04305178,"Topic 4: use, daily use, daily, dropped, within month",4,1.0,"Topic 4: big motivation, big, motivation going, motivation, contributing, going"
EV1623,Marketplace Review,EV Scooter,Ampere Magnus,West,9/12/2024,4,"Battery replacement cost is almost half the price of the vehicle, very concerning. Interior quality feels cheap for the price point, needs improvement.","Battery Life & Degradation, Design & Aesthetics",battery replacement cost almost half price concerning interior quality feel cheap price point need improvement,"Battery replacement cost is almost half the price of the vehicle, very concerning. Interior quality feels cheap for the price point, needs improvement.",2,0.513566249,"Topic 2: feel, quality, range, support, quality feel",0,0.090532527,"Topic 0: cost, replacement cost, replacement, price, battery",10,1.0,"Topic 10: battery replacement, cost half, half price, concerning, price vehicle, vehicle concerning"
EV1624,Marketplace Review,EV Scooter,Ola S1,South,6/13/2025,4,Concerned about environmental impact of battery disposal and recycling.,Environmental Impact,concerned environmental impact battery disposal recycling,Concerned about environmental impact of battery disposal and recycling.,9,0.924998615,"Topic 9: price, subsidy, service, battery disposal, concerned environmental",5,0.435865403,"Topic 5: battery disposal, disposal recycling, concerned, environmental impact, environmental",12,1.0,"Topic 12: battery disposal, environmental, disposal, disposal recycling, concerned, concerned environmental"
EV1625,Customer Support,EV Scooter,Hero Vida V1,West,7/11/2024,4,Home charging setup was expensive and took weeks to install. The battery warranty of 100 years gives me confidence in long term reliability.,"Charging Infrastructure, Battery Life & Degradation",home charging setup expensive took week install battery warranty year give confidence long term reliability,Home charging setup was expensive and took weeks to install. The battery warranty of 100 years gives me confidence in long term reliability.,4,0.497532063,"Topic 4: software, month, year, battery, keep",8,0.057886371,"Topic 8: service, service center, center, appointment long, center needed",11,1.0,"Topic 11: home, bluetooth, riding frustrating, connectivity, bluetooth connectivity, drops frequently"
EV1626,Marketplace Review,EV Scooter,Ampere Magnus,East,5/18/2025,4,"Total cost of ownership is great once you factor in low maintenance and fuel savings. Acceleration is smooth and instant torque makes overtaking effortless. The real world range is much lower than advertised, I only get 120 km on a full charge.","Price & Subsidy, Performance & Ride Quality, Range Anxiety",total cost ownership great factor low maintenance fuel saving acceleration smooth instant torque make overtaking effortless real world range lower advertised full charge,"Total cost of ownership is great once you factor in low maintenance and fuel savings. Acceleration is smooth and instant torque makes overtaking effortless. The real world range is much lower than advertised, I only get 120 km on a full charge.",4,0.348163751,"Topic 4: software, month, year, battery, keep",7,0.08559761,"Topic 7: riding, low, smooth, level, impressively",3,1.0,"Topic 3: low, stability control, control wet, impressive, impressive inspires, wet"
EV1627,Customer Support,EV Car,Hyundai Kona,South,3/24/2025,4,"Range drops badly in winter, I lost almost 30% range in cold weather. Total cost of ownership is great once you factor in low maintenance and fuel savings.","Range Anxiety, Price & Subsidy",range drop badly winter lost almost range cold weather total cost ownership great factor low maintenance fuel saving,"Range drops badly in winter, I lost almost 30% range in cold weather. Total cost of ownership is great once you factor in low maintenance and fuel savings.",0,0.52807894,"Topic 0: cost, battery, replacement cost, replacement, city",7,0.084193433,"Topic 7: riding, low, smooth, level, impressively",23,1.0,"Topic 23: 30 range, badly, badly winter, cold weather, drops badly, cold"
EV1628,Social Media,EV Car,Mahindra XUV400,East,3/6/2025,4,"After sales support has been excellent, quick response and doorstep service. Bluetooth connectivity drops frequently while riding, very frustrating.","Service & After-Sales, Software & Connectivity",sale support excellent quick response doorstep service bluetooth connectivity drop frequently riding frustrating,"After sales support has been excellent, quick response and doorstep service. Bluetooth connectivity drops frequently while riding, very frustrating.",2,0.523999782,"Topic 2: feel, quality, range, support, quality feel",7,0.085922909,"Topic 7: riding, low, smooth, level, impressively",11,1.0,"Topic 11: home, bluetooth, riding frustrating, connectivity, bluetooth connectivity, drops frequently"
EV1629,Survey,EV Car,Hyundai Kona,South,2/27/2024,4,"Had a great experience with the service team, they explained everything clearly.",Service & After-Sales,great experience service team explained everything clearly,"Had a great experience with the service team, they explained everything clearly.",4,0.935712448,"Topic 4: software, month, year, battery, keep",8,0.103109565,"Topic 8: service, service center, center, appointment long, center needed",8,1.0,"Topic 8: vehicle good, test ratings, test, purchase decision, ratings, ratings reassured"
EV1630,Marketplace Review,EV Scooter,Ola S1,South,7/15/2024,5,"Had a great experience with the service team, they explained everything clearly.",Service & After-Sales,great experience service team explained everything clearly,"Had a great experience with the service team, they explained everything clearly.",4,0.935712448,"Topic 4: software, month, year, battery, keep",8,0.103109565,"Topic 8: service, service center, center, appointment long, center needed",8,1.0,"Topic 8: vehicle good, test ratings, test, purchase decision, ratings, ratings reassured"
EV1631,Survey,EV Scooter,Ola S1,South,1/29/2025,4,Software glitches caused the dashboard to freeze twice in a month. The upfront price is high but government subsidy makes it affordable.,"Software & Connectivity, Price & Subsidy",software glitch caused dashboard freeze twice month upfront price high government subsidy make affordable,Software glitches caused the dashboard to freeze twice in a month. The upfront price is high but government subsidy makes it affordable.,4,0.516574307,"Topic 4: software, month, year, battery, keep",9,0.316990265,"Topic 9: dashboard, caused dashboard, caused, dashboard freeze, freeze twice",20,1.0,"Topic 20: dashboard, caused, freeze twice, glitches, freeze, glitches caused"
EV1632,Survey,EV Car,Mahindra XUV400,Central,8/1/2024,5,Software glitches caused the dashboard to freeze twice in a month. Loved the color options and the overall styling of the vehicle.,"Software & Connectivity, Design & Aesthetics",software glitch caused dashboard freeze twice month loved color option overall styling,Software glitches caused the dashboard to freeze twice in a month. Loved the color options and the overall styling of the vehicle.,4,0.547311407,"Topic 4: software, month, year, battery, keep",9,0.337633061,"Topic 9: dashboard, caused dashboard, caused, dashboard freeze, freeze twice",20,1.0,"Topic 20: dashboard, caused, freeze twice, glitches, freeze, glitches caused"
EV1633,Survey,EV Scooter,Ather 450X,Central,6/17/2025,4,"Charging takes too long, almost 6 hours for a full charge at home.",Charging Infrastructure,charging take long almost hour full charge home,"Charging takes too long, almost 6 hours for a full charge at home.",6,0.94374764,"Topic 6: charging, battery, almost, tier, use",1,0.04253604,"Topic 1: charge come, defeat purpose, defeat, come mostly, come",11,0.010378976850538334,"Topic 11: home, bluetooth, riding frustrating, connectivity, bluetooth connectivity, drops frequently"
EV1634,Customer Support,EV Scooter,Hero Vida V1,South,1/4/2025,3,"Claimed range of 100 km is misleading, actual range is way less in city traffic.",Range Anxiety,claimed range misleading actual range way less city traffic,"Claimed range of 100 km is misleading, actual range is way less in city traffic.",2,0.949997407,"Topic 2: feel, quality, range, support, quality feel",7,0.041861356,"Topic 7: riding, low, smooth, level, impressively",1,1.0,"Topic 1: range, transparent, proper, time company, proper information, battery degrades"
EV1635,Marketplace Review,EV Car,Tesla Model 3,East,1/16/2024,3,Battery performance is stable even after two years of heavy usage. Service center staff are not well trained to handle EV specific issues.,"Battery Life & Degradation, Service & After-Sales",battery performance stable two year heavy usage service center staff well trained handle specific issue,Battery performance is stable even after two years of heavy usage. Service center staff are not well trained to handle EV specific issues.,5,0.543267505,"Topic 5: battery, center, service center, service, safety",8,0.252296208,"Topic 8: service, service center, center, appointment long, center needed",7,0.0917567501466567,"Topic 7: ev, good knowing, knowing, feels good, carbon footprint, knowing reducing"
EV1636,Survey,EV Scooter,Ather 450X,North,5/1/2025,3,Zero tailpipe emissions is the main reason I chose an electric vehicle.,Environmental Impact,zero tailpipe emission main reason chose,Zero tailpipe emissions is the main reason I chose an electric vehicle.,6,0.925,"Topic 6: charging, battery, almost, tier, use",7,0.153486816,"Topic 7: riding, low, smooth, level, impressively",19,1.0,"Topic 19: chose, chose electric, emissions, emissions main, reason, reason chose"
EV1637,Social Media,EV Scooter,Ola S1,South,5/26/2025,4,"Love the app that shows nearby charging stations, very convenient feature.",Charging Infrastructure,love app show nearby charging station convenient feature,"Love the app that shows nearby charging stations, very convenient feature.",6,0.943748039,"Topic 6: charging, battery, almost, tier, use",6,0.138731495,"Topic 6: app, keep, update, software update, need",8,0.011146979357528577,"Topic 8: vehicle good, test ratings, test, purchase decision, ratings, ratings reassured"
EV1638,Customer Support,EV Car,Tata Nexon EV,South,4/19/2024,4,"Battery replacement cost is almost half the price of the vehicle, very concerning.",Battery Life & Degradation,battery replacement cost almost half price concerning,"Battery replacement cost is almost half the price of the vehicle, very concerning.",0,0.935712194,"Topic 0: cost, battery, replacement cost, replacement, city",0,0.109297637,"Topic 0: cost, replacement cost, replacement, price, battery",10,1.0,"Topic 10: battery replacement, cost half, half price, concerning, price vehicle, vehicle concerning"
EV1639,Customer Support,EV Car,Hyundai Kona,West,7/16/2024,4,"AC usage kills the range, on hot days I barely get half the claimed distance. Build materials feel sturdy but the design is a bit too plain compared to rivals.","Range Anxiety, Design & Aesthetics",usage kill range hot day barely half claimed distance build material feel sturdy design bit plain compared rival,"AC usage kills the range, on hot days I barely get half the claimed distance. Build materials feel sturdy but the design is a bit too plain compared to rivals.",6,0.49201772,"Topic 6: charging, battery, almost, tier, use",8,0.089845312,"Topic 8: service, service center, center, appointment long, center needed",4,1.0,"Topic 4: big motivation, big, motivation going, motivation, contributing, going"
EV1640,Survey,EV Car,Hyundai Kona,West,3/24/2025,3,"Heard about a thermal runaway incident, this has shaken my trust in EV safety. Waiting time for service appointment is too long, more service centers needed.","Safety Features, Service & After-Sales",heard thermal runaway incident shaken trust safety waiting time service appointment long service center needed,"Heard about a thermal runaway incident, this has shaken my trust in EV safety. Waiting time for service appointment is too long, more service centers needed.",9,0.520688511,"Topic 9: price, subsidy, service, battery disposal, concerned environmental",8,0.275236445,"Topic 8: service, service center, center, appointment long, center needed",14,0.0017460990109375706,"Topic 14: service, bit plain, design bit, compared rivals, bit, materials feel"
EV1641,Social Media,EV Scooter,Ather 450X,Central,12/22/2024,4,"Braking system feels sharp and responsive, regenerative braking works well. Smart key and app based lock features work flawlessly, very convenient.","Performance & Ride Quality, Software & Connectivity",braking system feel sharp responsive regenerative braking work well smart key app based lock feature work flawlessly convenient,"Braking system feels sharp and responsive, regenerative braking works well. Smart key and app based lock features work flawlessly, very convenient.",7,0.508617287,"Topic 7: braking, work, system, work well, well",2,0.281652398,"Topic 2: braking, system, work well, work, well",24,1.0,"Topic 24: braking, braking feels, braking works, responsive, regenerative braking, responsive regenerative"
EV1642,Social Media,EV Car,Tata Nexon EV,West,10/29/2024,4,Customer support over phone is helpful and resolves issues quickly.,Service & After-Sales,customer support phone helpful resolve issue quickly,Customer support over phone is helpful and resolves issues quickly.,2,0.935713818,"Topic 2: feel, quality, range, support, quality feel",7,0.029696184,"Topic 7: riding, low, smooth, level, impressively",0,1.0,"Topic 0: collision, systems, braking collision, collision alert, systems work, really traffic"
EV1643,Survey,EV Scooter,Bajaj Chetak,Central,1/23/2025,4,Worried about battery degradation and replacement cost after warranty ends.,Battery Life & Degradation,worried battery degradation replacement cost warranty end,Worried about battery degradation and replacement cost after warranty ends.,0,0.935712873,"Topic 0: cost, battery, replacement cost, replacement, city",0,0.107282482,"Topic 0: cost, replacement cost, replacement, price, battery",21,1.0,"Topic 21: cost warranty, battery degradation, warranty ends, ends, degradation replacement, worried battery"
EV1644,Social Media,EV Scooter,Ampere Magnus,East,3/5/2024,5,Emergency braking and collision alert systems work really well in traffic.,Safety Features,emergency braking collision alert system work well traffic,Emergency braking and collision alert systems work really well in traffic.,7,0.943749731,"Topic 7: braking, work, system, work well, well",2,0.319097782,"Topic 2: braking, system, work well, work, well",0,0.015205293178189519,"Topic 0: collision, systems, braking collision, collision alert, systems work, really traffic"
EV1645,Marketplace Review,EV Car,BYD Atto 3,Central,6/6/2024,3,Concerned about environmental impact of battery disposal and recycling.,Environmental Impact,concerned environmental impact battery disposal recycling,Concerned about environmental impact of battery disposal and recycling.,9,0.924998615,"Topic 9: price, subsidy, service, battery disposal, concerned environmental",5,0.435865403,"Topic 5: battery disposal, disposal recycling, concerned, environmental impact, environmental",12,1.0,"Topic 12: battery disposal, environmental, disposal, disposal recycling, concerned, concerned environmental"
EV1646,Customer Support,EV Scooter,Bajaj Chetak,North,4/8/2024,5,Advanced safety features like ABS and traction control give peace of mind. Home charging setup was expensive and took weeks to install.,"Safety Features, Charging Infrastructure",advanced safety feature ab traction control give peace mind home charging setup expensive took week install,Advanced safety features like ABS and traction control give peace of mind. Home charging setup was expensive and took weeks to install.,3,0.558340161,"Topic 3: safety, use, highway, part, feature",3,0.300273265,"Topic 3: ab, ab traction, control give, traction, traction control",11,1.0,"Topic 11: home, bluetooth, riding frustrating, connectivity, bluetooth connectivity, drops frequently"
EV1647,Social Media,EV Car,Tata Nexon EV,North,5/12/2025,4,"The upfront price is high but government subsidy makes it affordable. Highway charging stops are rare, long distance travel is a nightmare.","Price & Subsidy, Charging Infrastructure",upfront price high government subsidy make affordable highway charging stop rare long distance travel nightmare,"The upfront price is high but government subsidy makes it affordable. Highway charging stops are rare, long distance travel is a nightmare.",8,0.518742824,"Topic 8: range, drop, defeat purpose, energy, energy used",8,0.043417521,"Topic 8: service, service center, center, appointment long, center needed",15,0.0016658101648462321,"Topic 15: highway, discount, ev subsidy, delayed discount, subsidy scheme, state got"
EV1648,Customer Support,EV Scooter,Ampere Magnus,North,1/10/2025,3,"Price after subsidy is still higher than a comparable petrol scooter. Charging infrastructure in tier 2 and tier 3 cities is almost non-existent. Range drops badly in winter, I lost almost 30% range in cold weather.","Price & Subsidy, Charging Infrastructure, Range Anxiety",price subsidy higher comparable petrol scooter charging infrastructure tier tier city almost non existent range drop badly winter lost almost range cold weather,"Price after subsidy is still higher than a comparable petrol scooter. Charging infrastructure in tier 2 and tier 3 cities is almost non-existent. Range drops badly in winter, I lost almost 30% range in cold weather.",8,0.408168968,"Topic 8: range, drop, defeat purpose, energy, energy used",0,0.040747129,"Topic 0: cost, replacement cost, replacement, price, battery",6,0.005819294746202672,"Topic 6: coal, defeats purpose, defeats, coal region, comes coal, comes"
EV1649,Survey,EV Scooter,Hero Vida V1,East,3/1/2025,4,"Acceleration is smooth and instant torque makes overtaking effortless. Range drops badly in winter, I lost almost 30% range in cold weather. Had a great experience with the service team, they explained everything clearly.","Performance & Ride Quality, Range Anxiety, Service & After-Sales",acceleration smooth instant torque make overtaking effortless range drop badly winter lost almost range cold weather great experience service team explained everything clearly,"Acceleration is smooth and instant torque makes overtaking effortless. Range drops badly in winter, I lost almost 30% range in cold weather. Had a great experience with the service team, they explained everything clearly.",4,0.606764711,"Topic 4: software, month, year, battery, keep",7,0.104940428,"Topic 7: riding, low, smooth, level, impressively",23,1.0,"Topic 23: 30 range, badly, badly winter, cold weather, drops badly, cold"
EV1650,Social Media,EV Scooter,Ola S1,Central,4/9/2024,4,Fast charging network needs serious expansion on highways.,Charging Infrastructure,fast charging network need serious expansion highway,Fast charging network needs serious expansion on highways.,3,0.935712804,"Topic 3: safety, use, highway, part, feature",6,0.075128743,"Topic 6: app, keep, update, software update, need",2,1.0,"Topic 2: makes, high, size makes, park, easy, maneuver"
EV1651,Social Media,EV Scooter,Ather 450X,Central,9/11/2024,5,Zero tailpipe emissions is the main reason I chose an electric vehicle.,Environmental Impact,zero tailpipe emission main reason chose,Zero tailpipe emissions is the main reason I chose an electric vehicle.,6,0.925,"Topic 6: charging, battery, almost, tier, use",7,0.153486816,"Topic 7: riding, low, smooth, level, impressively",19,1.0,"Topic 19: chose, chose electric, emissions, emissions main, reason, reason chose"
EV1652,Survey,EV Scooter,Hero Vida V1,Central,1/1/2025,3,Software glitches caused the dashboard to freeze twice in a month.,Software & Connectivity,software glitch caused dashboard freeze twice month,Software glitches caused the dashboard to freeze twice in a month.,4,0.935713937,"Topic 4: software, month, year, battery, keep",9,0.454167934,"Topic 9: dashboard, caused dashboard, caused, dashboard freeze, freeze twice",20,1.0,"Topic 20: dashboard, caused, freeze twice, glitches, freeze, glitches caused"
EV1653,Social Media,EV Scooter,Ola S1,South,2/15/2025,4,The vehicle has good crash test ratings which reassured my purchase decision.,Safety Features,crash test rating reassured purchase decision,The vehicle has good crash test ratings which reassured my purchase decision.,9,0.925,"Topic 9: price, subsidy, service, battery disposal, concerned environmental",9,0.102568155,"Topic 9: dashboard, caused dashboard, caused, dashboard freeze, freeze twice",8,1.0,"Topic 8: vehicle good, test ratings, test, purchase decision, ratings, ratings reassured"
EV1654,Marketplace Review,EV Car,BYD Atto 3,East,11/18/2024,3,"The vehicle has good crash test ratings which reassured my purchase decision. Noise levels are impressively low, riding experience is very smooth and quiet.","Safety Features, Performance & Ride Quality",crash test rating reassured purchase decision noise level impressively low riding experience smooth quiet,"The vehicle has good crash test ratings which reassured my purchase decision. Noise levels are impressively low, riding experience is very smooth and quiet.",9,0.966666531,"Topic 9: price, subsidy, service, battery disposal, concerned environmental",7,0.278241266,"Topic 7: riding, low, smooth, level, impressively",8,1.0,"Topic 8: vehicle good, test ratings, test, purchase decision, ratings, ratings reassured"
EV1655,Customer Support,EV Scooter,Hero Vida V1,Central,9/3/2024,4,Zero tailpipe emissions is the main reason I chose an electric vehicle. Emergency braking and collision alert systems work really well in traffic.,"Environmental Impact, Safety Features",zero tailpipe emission main reason chose emergency braking collision alert system work well traffic,Zero tailpipe emissions is the main reason I chose an electric vehicle. Emergency braking and collision alert systems work really well in traffic.,7,0.559260408,"Topic 7: braking, work, system, work well, well",2,0.235821159,"Topic 2: braking, system, work well, work, well",19,1.0,"Topic 19: chose, chose electric, emissions, emissions main, reason, reason chose"
EV1656,Marketplace Review,EV Scooter,TVS iQube,West,2/10/2025,4,"Range anxiety is real, I plan every trip around charging stops now. Energy used to charge still comes mostly from coal in my region, defeats the purpose somewhat.","Range Anxiety, Environmental Impact",range anxiety real plan every trip around charging stop energy used charge come mostly coal region defeat purpose somewhat,"Range anxiety is real, I plan every trip around charging stops now. Energy used to charge still comes mostly from coal in my region, defeats the purpose somewhat.",8,0.593195613,"Topic 8: range, drop, defeat purpose, energy, energy used",1,0.308395672,"Topic 1: charge come, defeat purpose, defeat, come mostly, come",6,0.0006139862144672947,"Topic 6: coal, defeats purpose, defeats, coal region, comes coal, comes"
EV1657,Social Media,EV Car,BYD Atto 3,East,1/7/2024,3,"There are very few authorized service centers, had to travel 150 km for repair.",Service & After-Sales,authorized service center travel repair,"There are very few authorized service centers, had to travel 150 km for repair.",5,0.909999018,"Topic 5: battery, center, service center, service, safety",8,0.271343284,"Topic 8: service, service center, center, appointment long, center needed",10,0.0036677870948569145,"Topic 10: battery replacement, cost half, half price, concerning, price vehicle, vehicle concerning"
EV1658,Customer Support,EV Scooter,Ola S1,Central,6/7/2025,3,"Heard about a thermal runaway incident, this has shaken my trust in EV safety.",Safety Features,heard thermal runaway incident shaken trust safety,"Heard about a thermal runaway incident, this has shaken my trust in EV safety.",3,0.93571418,"Topic 3: safety, use, highway, part, feature",3,0.032099155,"Topic 3: ab, ab traction, control give, traction, traction control",7,0.001745735618138951,"Topic 7: ev, good knowing, knowing, feels good, carbon footprint, knowing reducing"
EV1659,Survey,EV Car,Tata Nexon EV,West,12/30/2024,5,Battery health dropped to 85% within 18 months of daily use.,Battery Life & Degradation,battery health dropped within month daily use,Battery health dropped to 85% within 18 months of daily use.,6,0.935712492,"Topic 6: charging, battery, almost, tier, use",4,0.39372037,"Topic 4: use, daily use, daily, dropped, within month",13,1.0,"Topic 13: 18, 18 months, 85, 85 18, health dropped, months daily"
EV1660,Social Media,EV Scooter,TVS iQube,South,9/19/2024,3,"Customer support over phone is helpful and resolves issues quickly. Highway charging stops are rare, long distance travel is a nightmare.","Service & After-Sales, Charging Infrastructure",customer support phone helpful resolve issue quickly highway charging stop rare long distance travel nightmare,"Customer support over phone is helpful and resolves issues quickly. Highway charging stops are rare, long distance travel is a nightmare.",2,0.490288399,"Topic 2: feel, quality, range, support, quality feel",8,0.060971345,"Topic 8: service, service center, center, appointment long, center needed",15,1.0,"Topic 15: highway, discount, ev subsidy, delayed discount, subsidy scheme, state got"
EV1661,Survey,EV Car,Tesla Model 3,East,5/9/2025,3,"Battery replacement cost is almost half the price of the vehicle, very concerning.",Battery Life & Degradation,battery replacement cost almost half price concerning,"Battery replacement cost is almost half the price of the vehicle, very concerning.",0,0.935712194,"Topic 0: cost, battery, replacement cost, replacement, city",0,0.109297637,"Topic 0: cost, replacement cost, replacement, price, battery",10,1.0,"Topic 10: battery replacement, cost half, half price, concerning, price vehicle, vehicle concerning"
EV1662,Customer Support,EV Car,BYD Atto 3,North,1/25/2025,5,"Love the app that shows nearby charging stations, very convenient feature. For daily commute the range is fine but long trips are stressful because of low range. Noise levels are impressively low, riding experience is very smooth and quiet.","Charging Infrastructure, Range Anxiety, Performance & Ride Quality",love app show nearby charging station convenient feature daily commute range fine long trip stressful low range noise level impressively low riding experience smooth quiet,"Love the app that shows nearby charging stations, very convenient feature. For daily commute the range is fine but long trips are stressful because of low range. Noise levels are impressively low, riding experience is very smooth and quiet.",0,0.371187088,"Topic 0: cost, battery, replacement cost, replacement, city",7,0.251549815,"Topic 7: riding, low, smooth, level, impressively",1,1.0,"Topic 1: range, transparent, proper, time company, proper information, battery degrades"
EV1663,Survey,EV Car,MG ZS EV,West,2/25/2024,4,Service center staff are not well trained to handle EV specific issues. The vehicle has good crash test ratings which reassured my purchase decision.,"Service & After-Sales, Safety Features",service center staff well trained handle specific issue crash test rating reassured purchase decision,Service center staff are not well trained to handle EV specific issues. The vehicle has good crash test ratings which reassured my purchase decision.,5,0.529621338,"Topic 5: battery, center, service center, service, safety",8,0.224916073,"Topic 8: service, service center, center, appointment long, center needed",7,1.0,"Topic 7: ev, good knowing, knowing, feels good, carbon footprint, knowing reducing"
EV1664,Social Media,EV Car,Hyundai Kona,South,2/21/2024,4,"Storage space under the seat is very limited, not practical for daily use.",Design & Aesthetics,storage space seat limited practical daily use,"Storage space under the seat is very limited, not practical for daily use.",3,0.93571352,"Topic 3: safety, use, highway, part, feature",4,0.148974955,"Topic 4: use, daily use, daily, dropped, within month",5,1.0,"Topic 5: air software, improving, great feature, keeps improving, updates great, improving time"
EV1665,Marketplace Review,EV Car,MG ZS EV,East,2/7/2025,4,The battery warranty of 100 years gives me confidence in long term reliability. Contributing to a cleaner city is a big motivation behind going electric.,"Battery Life & Degradation, Environmental Impact",battery warranty year give confidence long term reliability contributing cleaner city big motivation behind going,The battery warranty of 100 years gives me confidence in long term reliability. Contributing to a cleaner city is a big motivation behind going electric.,0,0.547884952,"Topic 0: cost, battery, replacement cost, replacement, city",8,0.031350399,"Topic 8: service, service center, center, appointment long, center needed",4,1.0,"Topic 4: big motivation, big, motivation going, motivation, contributing, going"
EV1666,Marketplace Review,EV Car,BYD Atto 3,East,3/28/2024,4,"Storage space under the seat is very limited, not practical for daily use. Stability control on wet roads is impressive and inspires confidence.","Design & Aesthetics, Safety Features",storage space seat limited practical daily use stability control wet road impressive inspires confidence,"Storage space under the seat is very limited, not practical for daily use. Stability control on wet roads is impressive and inspires confidence.",3,0.494232158,"Topic 3: safety, use, highway, part, feature",7,0.181580109,"Topic 7: riding, low, smooth, level, impressively",5,1.0,"Topic 5: air software, improving, great feature, keeps improving, updates great, improving time"
EV1667,Marketplace Review,EV Car,MG ZS EV,Central,7/21/2024,4,"Bluetooth connectivity drops frequently while riding, very frustrating.",Software & Connectivity,bluetooth connectivity drop frequently riding frustrating,"Bluetooth connectivity drops frequently while riding, very frustrating.",8,0.924999723,"Topic 8: range, drop, defeat purpose, energy, energy used",7,0.103162611,"Topic 7: riding, low, smooth, level, impressively",11,1.0,"Topic 11: home, bluetooth, riding frustrating, connectivity, bluetooth connectivity, drops frequently"
EV1668,Social Media,EV Car,BYD Atto 3,South,3/14/2024,5,"After sales support has been excellent, quick response and doorstep service. Build materials feel sturdy but the design is a bit too plain compared to rivals.","Service & After-Sales, Design & Aesthetics",sale support excellent quick response doorstep service build material feel sturdy design bit plain compared rival,"After sales support has been excellent, quick response and doorstep service. Build materials feel sturdy but the design is a bit too plain compared to rivals.",6,0.48952727,"Topic 6: charging, battery, almost, tier, use",8,0.170742469,"Topic 8: service, service center, center, appointment long, center needed",14,1.0,"Topic 14: service, bit plain, design bit, compared rivals, bit, materials feel"
EV1669,Marketplace Review,EV Car,Tata Nexon EV,West,1/9/2025,4,Top speed is decent for city use but not enough for highway cruising. The upfront price is high but government subsidy makes it affordable. Concerned about environmental impact of battery disposal and recycling.,"Performance & Ride Quality, Price & Subsidy, Environmental Impact",top speed decent city use enough highway cruising upfront price high government subsidy make affordable concerned environmental impact battery disposal recycling,Top speed is decent for city use but not enough for highway cruising. The upfront price is high but government subsidy makes it affordable. Concerned about environmental impact of battery disposal and recycling.,9,0.602499878,"Topic 9: price, subsidy, service, battery disposal, concerned environmental",5,0.212863422,"Topic 5: battery disposal, disposal recycling, concerned, environmental impact, environmental",12,0.000955957330679449,"Topic 12: battery disposal, environmental, disposal, disposal recycling, concerned, concerned environmental"
EV1670,Marketplace Review,EV Car,Hyundai Kona,Central,5/29/2024,4,"The companion app keeps crashing, needs urgent software updates.",Software & Connectivity,companion app keep crashing need urgent software update,"The companion app keeps crashing, needs urgent software updates.",4,0.943749217,"Topic 4: software, month, year, battery, keep",6,0.391311163,"Topic 6: app, keep, update, software update, need",17,1.0,"Topic 17: app keeps, crashing, crashing needs, companion app, companion, urgent software"
EV1671,Customer Support,EV Car,MG ZS EV,South,3/28/2024,3,Finding a working charging station in my city is still very difficult.,Charging Infrastructure,finding working charging station city difficult,Finding a working charging station in my city is still very difficult.,0,0.924998264,"Topic 0: cost, battery, replacement cost, replacement, city",6,0.061226602,"Topic 6: app, keep, update, software update, need",0,1.0,"Topic 0: collision, systems, braking collision, collision alert, systems work, really traffic"
EV1672,Social Media,EV Car,BYD Atto 3,East,1/15/2024,5,"Braking system feels sharp and responsive, regenerative braking works well. Charging infrastructure in tier 2 and tier 3 cities is almost non-existent.","Performance & Ride Quality, Charging Infrastructure",braking system feel sharp responsive regenerative braking work well charging infrastructure tier tier city almost non existent,"Braking system feels sharp and responsive, regenerative braking works well. Charging infrastructure in tier 2 and tier 3 cities is almost non-existent.",7,0.511404172,"Topic 7: braking, work, system, work well, well",2,0.258070462,"Topic 2: braking, system, work well, work, well",24,1.0,"Topic 24: braking, braking feels, braking works, responsive, regenerative braking, responsive regenerative"
EV1673,Customer Support,EV Scooter,Ola S1,South,8/4/2024,3,EV subsidy scheme in my state got delayed and the discount amount reduced suddenly.,Price & Subsidy,subsidy scheme state got delayed discount amount reduced suddenly,EV subsidy scheme in my state got delayed and the discount amount reduced suddenly.,4,0.949999791,"Topic 4: software, month, year, battery, keep",8,0.01521382,"Topic 8: service, service center, center, appointment long, center needed",15,1.0,"Topic 15: highway, discount, ev subsidy, delayed discount, subsidy scheme, state got"
EV1674,Social Media,EV Scooter,Ampere Magnus,North,1/20/2025,5,Switching to EV feels good knowing I'm reducing my carbon footprint. The vehicle has good crash test ratings which reassured my purchase decision.,"Environmental Impact, Safety Features",switching feel knowing reducing carbon footprint crash test rating reassured purchase decision,Switching to EV feels good knowing I'm reducing my carbon footprint. The vehicle has good crash test ratings which reassured my purchase decision.,9,0.482608655,"Topic 9: price, subsidy, service, battery disposal, concerned environmental",9,0.080376638,"Topic 9: dashboard, caused dashboard, caused, dashboard freeze, freeze twice",7,1.0,"Topic 7: ev, good knowing, knowing, feels good, carbon footprint, knowing reducing"
EV1675,Customer Support,EV Car,Tata Nexon EV,South,10/4/2024,3,Battery range degrades faster than expected after just one year of use.,Range Anxiety,battery range degrades faster expected year use,Battery range degrades faster than expected after just one year of use.,4,0.935708387,"Topic 4: software, month, year, battery, keep",4,0.067557016,"Topic 4: use, daily use, daily, dropped, within month",9,1.0,"Topic 9: lot, better, expected, attracts lot, attracts, looks futuristic"
EV1676,Marketplace Review,EV Car,Tata Nexon EV,East,1/3/2025,4,"Charging takes too long, almost 6 hours for a full charge at home. For daily commute the range is fine but long trips are stressful because of low range.","Charging Infrastructure, Range Anxiety",charging take long almost hour full charge home daily commute range fine long trip stressful low range,"Charging takes too long, almost 6 hours for a full charge at home. For daily commute the range is fine but long trips are stressful because of low range.",0,0.518814658,"Topic 0: cost, battery, replacement cost, replacement, city",7,0.071494058,"Topic 7: riding, low, smooth, level, impressively",1,0.010416399814394028,"Topic 1: range, transparent, proper, time company, proper information, battery degrades"
EV1677,Survey,EV Car,Mahindra XUV400,East,5/11/2025,4,"Energy used to charge still comes mostly from coal in my region, defeats the purpose somewhat.",Environmental Impact,energy used charge come mostly coal region defeat purpose somewhat,"Energy used to charge still comes mostly from coal in my region, defeats the purpose somewhat.",8,0.954999819,"Topic 8: range, drop, defeat purpose, energy, energy used",1,0.428435062,"Topic 1: charge come, defeat purpose, defeat, come mostly, come",6,1.0,"Topic 6: coal, defeats purpose, defeats, coal region, comes coal, comes"
EV1678,Social Media,EV Car,MG ZS EV,Central,4/13/2025,5,Stability control on wet roads is impressive and inspires confidence.,Safety Features,stability control wet road impressive inspires confidence,Stability control on wet roads is impressive and inspires confidence.,0,0.935713446,"Topic 0: cost, battery, replacement cost, replacement, city",7,0.259998231,"Topic 7: riding, low, smooth, level, impressively",3,1.0,"Topic 3: low, stability control, control wet, impressive, impressive inspires, wet"
EV1679,Social Media,EV Car,Tata Nexon EV,Central,11/8/2024,5,Build quality feels premium and the ride is extremely comfortable.,Performance & Ride Quality,build quality feel premium ride extremely comfortable,Build quality feels premium and the ride is extremely comfortable.,2,0.935713389,"Topic 2: feel, quality, range, support, quality feel",8,0.039049352,"Topic 8: service, service center, center, appointment long, center needed",18,0.010276747182332518,"Topic 18: infotainment, infotainment lags, touchscreen, touchscreen infotainment, lags intuitive, lags"
EV1680,Social Media,EV Scooter,Hero Vida V1,North,12/21/2024,5,Top speed is decent for city use but not enough for highway cruising.,Performance & Ride Quality,top speed decent city use enough highway cruising,Top speed is decent for city use but not enough for highway cruising.,3,0.9437488,"Topic 3: safety, use, highway, part, feature",4,0.041234172,"Topic 4: use, daily use, daily, dropped, within month",15,0.0009554333273155409,"Topic 15: highway, discount, ev subsidy, delayed discount, subsidy scheme, state got"
EV1681,Customer Support,EV Scooter,Ather 450X,North,9/20/2024,3,"LED lighting and digital dashboard give it a premium, modern look.",Design & Aesthetics,led lighting digital dashboard give premium modern look,"LED lighting and digital dashboard give it a premium, modern look.",0,0.943748755,"Topic 0: cost, battery, replacement cost, replacement, city",9,0.145980317,"Topic 9: dashboard, caused dashboard, caused, dashboard freeze, freeze twice",20,0.048387412521874694,"Topic 20: dashboard, caused, freeze twice, glitches, freeze, glitches caused"
EV1682,Customer Support,EV Car,BYD Atto 3,South,6/4/2024,4,"Handling and stability at high speed feels very confident and safe. Build materials feel sturdy but the design is a bit too plain compared to rivals. Battery replacement cost is almost half the price of the vehicle, very concerning.","Performance & Ride Quality, Design & Aesthetics, Battery Life & Degradation",handling stability high speed feel confident safe build material feel sturdy design bit plain compared rival battery replacement cost almost half price concerning,"Handling and stability at high speed feels very confident and safe. Build materials feel sturdy but the design is a bit too plain compared to rivals. Battery replacement cost is almost half the price of the vehicle, very concerning.",6,0.412410237,"Topic 6: charging, battery, almost, tier, use",8,0.078034086,"Topic 8: service, service center, center, appointment long, center needed",2,1.0,"Topic 2: makes, high, size makes, park, easy, maneuver"
EV1683,Social Media,EV Car,Mahindra XUV400,Central,6/5/2024,4,Loved the color options and the overall styling of the vehicle.,Design & Aesthetics,loved color option overall styling,Loved the color options and the overall styling of the vehicle.,6,0.91,"Topic 6: charging, battery, almost, tier, use",1,0.016621026,"Topic 1: charge come, defeat purpose, defeat, come mostly, come",24,0.03308321442675546,"Topic 24: braking, braking feels, braking works, responsive, regenerative braking, responsive regenerative"
EV1684,Social Media,EV Scooter,Bajaj Chetak,South,5/21/2024,5,"Energy used to charge still comes mostly from coal in my region, defeats the purpose somewhat.",Environmental Impact,energy used charge come mostly coal region defeat purpose somewhat,"Energy used to charge still comes mostly from coal in my region, defeats the purpose somewhat.",8,0.954999819,"Topic 8: range, drop, defeat purpose, energy, energy used",1,0.428435062,"Topic 1: charge come, defeat purpose, defeat, come mostly, come",6,1.0,"Topic 6: coal, defeats purpose, defeats, coal region, comes coal, comes"
EV1685,Customer Support,EV Car,MG ZS EV,Central,5/18/2024,4,"Loved the color options and the overall styling of the vehicle. Worried about battery degradation and replacement cost after warranty ends. Heard about a thermal runaway incident, this has shaken my trust in EV safety.","Design & Aesthetics, Battery Life & Degradation, Safety Features",loved color option overall styling worried battery degradation replacement cost warranty end heard thermal runaway incident shaken trust safety,"Loved the color options and the overall styling of the vehicle. Worried about battery degradation and replacement cost after warranty ends. Heard about a thermal runaway incident, this has shaken my trust in EV safety.",3,0.373591675,"Topic 3: safety, use, highway, part, feature",0,0.061133912,"Topic 0: cost, replacement cost, replacement, price, battery",21,0.03346902961415518,"Topic 21: cost warranty, battery degradation, warranty ends, ends, degradation replacement, worried battery"
EV1686,Customer Support,EV Car,MG ZS EV,South,1/31/2024,4,"Noise levels are impressively low, riding experience is very smooth and quiet.",Performance & Ride Quality,noise level impressively low riding experience smooth quiet,"Noise levels are impressively low, riding experience is very smooth and quiet.",9,0.943749598,"Topic 9: price, subsidy, service, battery disposal, concerned environmental",7,0.346479625,"Topic 7: riding, low, smooth, level, impressively",3,0.19842095353066858,"Topic 3: low, stability control, control wet, impressive, impressive inspires, wet"
EV1687,Marketplace Review,EV Scooter,TVS iQube,East,6/4/2024,4,Total cost of ownership is great once you factor in low maintenance and fuel savings. Home charging setup was expensive and took weeks to install.,"Price & Subsidy, Charging Infrastructure",total cost ownership great factor low maintenance fuel saving home charging setup expensive took week install,Total cost of ownership is great once you factor in low maintenance and fuel savings. Home charging setup was expensive and took weeks to install.,0,0.571634358,"Topic 0: cost, battery, replacement cost, replacement, city",7,0.041856043,"Topic 7: riding, low, smooth, level, impressively",3,1.0,"Topic 3: low, stability control, control wet, impressive, impressive inspires, wet"
EV1688,Customer Support,EV Car,BYD Atto 3,Central,8/24/2024,4,Zero tailpipe emissions is the main reason I chose an electric vehicle.,Environmental Impact,zero tailpipe emission main reason chose,Zero tailpipe emissions is the main reason I chose an electric vehicle.,6,0.925,"Topic 6: charging, battery, almost, tier, use",7,0.153486816,"Topic 7: riding, low, smooth, level, impressively",19,1.0,"Topic 19: chose, chose electric, emissions, emissions main, reason, reason chose"
EV1689,Survey,EV Car,Tesla Model 3,East,3/22/2024,4,"Over the air software updates are a great feature, keeps improving over time.",Software & Connectivity,air software update great feature keep improving time,"Over the air software updates are a great feature, keeps improving over time.",6,0.943747549,"Topic 6: charging, battery, almost, tier, use",6,0.188636444,"Topic 6: app, keep, update, software update, need",5,1.0,"Topic 5: air software, improving, great feature, keeps improving, updates great, improving time"
EV1690,Customer Support,EV Scooter,Hero Vida V1,South,1/31/2025,3,"Bluetooth connectivity drops frequently while riding, very frustrating.",Software & Connectivity,bluetooth connectivity drop frequently riding frustrating,"Bluetooth connectivity drops frequently while riding, very frustrating.",8,0.924999723,"Topic 8: range, drop, defeat purpose, energy, energy used",7,0.103162611,"Topic 7: riding, low, smooth, level, impressively",11,1.0,"Topic 11: home, bluetooth, riding frustrating, connectivity, bluetooth connectivity, drops frequently"
EV1691,Social Media,EV Car,MG ZS EV,South,2/3/2024,4,Loved the color options and the overall styling of the vehicle. For daily commute the range is fine but long trips are stressful because of low range.,"Design & Aesthetics, Range Anxiety",loved color option overall styling daily commute range fine long trip stressful low range,Loved the color options and the overall styling of the vehicle. For daily commute the range is fine but long trips are stressful because of low range.,0,0.592685538,"Topic 0: cost, battery, replacement cost, replacement, city",7,0.075363808,"Topic 7: riding, low, smooth, level, impressively",1,0.03331426094992029,"Topic 1: range, transparent, proper, time company, proper information, battery degrades"
EV1692,Social Media,EV Car,Tesla Model 3,South,3/8/2024,4,"Battery replacement cost is almost half the price of the vehicle, very concerning.",Battery Life & Degradation,battery replacement cost almost half price concerning,"Battery replacement cost is almost half the price of the vehicle, very concerning.",0,0.935712194,"Topic 0: cost, battery, replacement cost, replacement, city",0,0.109297637,"Topic 0: cost, replacement cost, replacement, price, battery",10,1.0,"Topic 10: battery replacement, cost half, half price, concerning, price vehicle, vehicle concerning"
EV1693,Customer Support,EV Scooter,Hero Vida V1,West,9/9/2024,4,"LED lighting and digital dashboard give it a premium, modern look. Switching to EV feels good knowing I'm reducing my carbon footprint.","Design & Aesthetics, Environmental Impact",led lighting digital dashboard give premium modern look switching feel knowing reducing carbon footprint,"LED lighting and digital dashboard give it a premium, modern look. Switching to EV feels good knowing I'm reducing my carbon footprint.",0,0.519331515,"Topic 0: cost, battery, replacement cost, replacement, city",9,0.118232717,"Topic 9: dashboard, caused dashboard, caused, dashboard freeze, freeze twice",7,0.04831868929158438,"Topic 7: ev, good knowing, knowing, feels good, carbon footprint, knowing reducing"
EV1694,Customer Support,EV Scooter,Hero Vida V1,West,6/21/2025,3,"Range drops badly in winter, I lost almost 30% range in cold weather.",Range Anxiety,range drop badly winter lost almost range cold weather,"Range drops badly in winter, I lost almost 30% range in cold weather.",8,0.949999084,"Topic 8: range, drop, defeat purpose, energy, energy used",7,0.062578708,"Topic 7: riding, low, smooth, level, impressively",23,1.0,"Topic 23: 30 range, badly, badly winter, cold weather, drops badly, cold"
EV1695,Survey,EV Scooter,Bajaj Chetak,South,6/15/2025,3,Stability control on wet roads is impressive and inspires confidence. The design looks futuristic and attracts a lot of attention on the road.,"Safety Features, Design & Aesthetics",stability control wet road impressive inspires confidence design look futuristic attracts lot attention road,Stability control on wet roads is impressive and inspires confidence. The design looks futuristic and attracts a lot of attention on the road.,0,0.508495939,"Topic 0: cost, battery, replacement cost, replacement, city",7,0.20202779,"Topic 7: riding, low, smooth, level, impressively",3,1.0,"Topic 3: low, stability control, control wet, impressive, impressive inspires, wet"
EV1696,Survey,EV Scooter,Ampere Magnus,South,10/25/2024,5,"Smart key and app based lock features work flawlessly, very convenient. LED lighting and digital dashboard give it a premium, modern look. After sales support has been excellent, quick response and doorstep service.","Software & Connectivity, Design & Aesthetics, Service & After-Sales",smart key app based lock feature work flawlessly convenient led lighting digital dashboard give premium modern look sale support excellent quick response doorstep service,"Smart key and app based lock features work flawlessly, very convenient. LED lighting and digital dashboard give it a premium, modern look. After sales support has been excellent, quick response and doorstep service.",9,0.378940389,"Topic 9: price, subsidy, service, battery disposal, concerned environmental",6,0.118186001,"Topic 6: app, keep, update, software update, need",22,1.0,"Topic 22: app based, based, based lock, features work, flawlessly, flawlessly convenient"
EV1697,Marketplace Review,EV Scooter,Ather 450X,East,2/25/2024,5,"Emergency braking and collision alert systems work really well in traffic. No proper information on how battery degrades over time, company should be transparent.","Safety Features, Battery Life & Degradation",emergency braking collision alert system work well traffic proper information battery degrades time company transparent,"Emergency braking and collision alert systems work really well in traffic. No proper information on how battery degrades over time, company should be transparent.",7,0.514208438,"Topic 7: braking, work, system, work well, well",2,0.244435725,"Topic 2: braking, system, work well, work, well",0,0.015253611252011117,"Topic 0: collision, systems, braking collision, collision alert, systems work, really traffic"
EV1698,Survey,EV Scooter,Ola S1,South,5/18/2024,4,"Storage space under the seat is very limited, not practical for daily use.",Design & Aesthetics,storage space seat limited practical daily use,"Storage space under the seat is very limited, not practical for daily use.",3,0.93571352,"Topic 3: safety, use, highway, part, feature",4,0.148974955,"Topic 4: use, daily use, daily, dropped, within month",5,1.0,"Topic 5: air software, improving, great feature, keeps improving, updates great, improving time"
EV1699,Survey,EV Scooter,Bajaj Chetak,South,4/9/2025,3,Switching to EV feels good knowing I'm reducing my carbon footprint. EV subsidy scheme in my state got delayed and the discount amount reduced suddenly. Touchscreen infotainment system lags and is not very intuitive to use.,"Environmental Impact, Price & Subsidy, Software & Connectivity",switching feel knowing reducing carbon footprint subsidy scheme state got delayed discount amount reduced suddenly touchscreen infotainment system lag intuitive use,Switching to EV feels good knowing I'm reducing my carbon footprint. EV subsidy scheme in my state got delayed and the discount amount reduced suddenly. Touchscreen infotainment system lags and is not very intuitive to use.,4,0.437907793,"Topic 4: software, month, year, battery, keep",8,0.043745465,"Topic 8: service, service center, center, appointment long, center needed",7,1.0,"Topic 7: ev, good knowing, knowing, feels good, carbon footprint, knowing reducing"
EV1700,Survey,EV Car,Tesla Model 3,North,4/26/2024,3,Software glitches caused the dashboard to freeze twice in a month.,Software & Connectivity,software glitch caused dashboard freeze twice month,Software glitches caused the dashboard to freeze twice in a month.,4,0.935713937,"Topic 4: software, month, year, battery, keep",9,0.454167934,"Topic 9: dashboard, caused dashboard, caused, dashboard freeze, freeze twice",20,1.0,"Topic 20: dashboard, caused, freeze twice, glitches, freeze, glitches caused"
EV1701,Marketplace Review,EV Scooter,Ola S1,Central,6/12/2024,5,Compact size makes it easy to park and maneuver in city traffic.,Design & Aesthetics,compact size make easy park maneuver city traffic,Compact size makes it easy to park and maneuver in city traffic.,1,0.943749361,"Topic 1: range, system, genuinely, useful, genuinely useful",0,0.030857381,"Topic 0: cost, replacement cost, replacement, price, battery",2,0.09143144254976918,"Topic 2: makes, high, size makes, park, easy, maneuver"
EV1702,Social Media,EV Scooter,Ola S1,East,6/2/2024,5,Battery health dropped to 85% within 18 months of daily use.,Battery Life & Degradation,battery health dropped within month daily use,Battery health dropped to 85% within 18 months of daily use.,6,0.935712492,"Topic 6: charging, battery, almost, tier, use",4,0.39372037,"Topic 4: use, daily use, daily, dropped, within month",13,1.0,"Topic 13: 18, 18 months, 85, 85 18, health dropped, months daily"
EV1703,Survey,EV Car,Tesla Model 3,West,11/11/2024,4,"Waiting time for service appointment is too long, more service centers needed.",Service & After-Sales,waiting time service appointment long service center needed,"Waiting time for service appointment is too long, more service centers needed.",9,0.943747689,"Topic 9: price, subsidy, service, battery disposal, concerned environmental",8,0.379906776,"Topic 8: service, service center, center, appointment long, center needed",14,1.0,"Topic 14: service, bit plain, design bit, compared rivals, bit, materials feel"
EV1704,Social Media,EV Scooter,TVS iQube,North,5/14/2024,3,"EV subsidy scheme in my state got delayed and the discount amount reduced suddenly. The real world range is much lower than advertised, I only get 15 km on a full charge.","Price & Subsidy, Range Anxiety",subsidy scheme state got delayed discount amount reduced suddenly real world range lower advertised full charge,"EV subsidy scheme in my state got delayed and the discount amount reduced suddenly. The real world range is much lower than advertised, I only get 15 km on a full charge.",4,0.576169648,"Topic 4: software, month, year, battery, keep",1,0.032057546,"Topic 1: charge come, defeat purpose, defeat, come mostly, come",15,1.0,"Topic 15: highway, discount, ev subsidy, delayed discount, subsidy scheme, state got"
EV1705,Survey,EV Scooter,Bajaj Chetak,Central,5/20/2025,3,Price after subsidy is still higher than a comparable petrol scooter.,Price & Subsidy,price subsidy higher comparable petrol scooter,Price after subsidy is still higher than a comparable petrol scooter.,9,0.924998907,"Topic 9: price, subsidy, service, battery disposal, concerned environmental",0,0.029697944,"Topic 0: cost, replacement cost, replacement, price, battery",6,0.005800023808465483,"Topic 6: coal, defeats purpose, defeats, coal region, comes coal, comes"
EV1706,Marketplace Review,EV Scooter,Bajaj Chetak,West,3/22/2024,4,"Energy used to charge still comes mostly from coal in my region, defeats the purpose somewhat. Range anxiety is real, I plan every trip around charging stops now. Price after subsidy is still higher than a comparable petrol scooter.","Environmental Impact, Range Anxiety, Price & Subsidy",energy used charge come mostly coal region defeat purpose somewhat range anxiety real plan every trip around charging stop price subsidy higher comparable petrol scooter,"Energy used to charge still comes mostly from coal in my region, defeats the purpose somewhat. Range anxiety is real, I plan every trip around charging stops now. Price after subsidy is still higher than a comparable petrol scooter.",8,0.472410054,"Topic 8: range, drop, defeat purpose, energy, energy used",1,0.279742367,"Topic 1: charge come, defeat purpose, defeat, come mostly, come",6,0.5886369160701916,"Topic 6: coal, defeats purpose, defeats, coal region, comes coal, comes"
EV1707,Social Media,EV Car,MG ZS EV,North,12/23/2024,4,"The real world range is much lower than advertised, I only get 3 km on a full charge. Battery performance is stable even after two years of heavy usage.","Range Anxiety, Battery Life & Degradation",real world range lower advertised full charge battery performance stable two year heavy usage,"The real world range is much lower than advertised, I only get 3 km on a full charge. Battery performance is stable even after two years of heavy usage.",6,0.531216643,"Topic 6: charging, battery, almost, tier, use",8,0.037381273,"Topic 8: service, service center, center, appointment long, center needed",1,1.0,"Topic 1: range, transparent, proper, time company, proper information, battery degrades"
EV1708,Survey,EV Scooter,TVS iQube,North,4/21/2024,3,"Interior quality feels cheap for the price point, needs improvement.",Design & Aesthetics,interior quality feel cheap price point need improvement,"Interior quality feels cheap for the price point, needs improvement.",2,0.943749083,"Topic 2: feel, quality, range, support, quality feel",6,0.051361379,"Topic 6: app, keep, update, software update, need",18,1.0,"Topic 18: infotainment, infotainment lags, touchscreen, touchscreen infotainment, lags intuitive, lags"
EV1709,Customer Support,EV Car,Tesla Model 3,Central,6/30/2024,4,"The companion app keeps crashing, needs urgent software updates. Handling and stability at high speed feels very confident and safe.","Software & Connectivity, Performance & Ride Quality",companion app keep crashing need urgent software update handling stability high speed feel confident safe,"The companion app keeps crashing, needs urgent software updates. Handling and stability at high speed feels very confident and safe.",4,0.520688664,"Topic 4: software, month, year, battery, keep",6,0.304277853,"Topic 6: app, keep, update, software update, need",17,1.0,"Topic 17: app keeps, crashing, crashing needs, companion app, companion, urgent software"
EV1710,Customer Support,EV Scooter,TVS iQube,West,3/10/2024,5,"LED lighting and digital dashboard give it a premium, modern look.",Design & Aesthetics,led lighting digital dashboard give premium modern look,"LED lighting and digital dashboard give it a premium, modern look.",0,0.943748755,"Topic 0: cost, battery, replacement cost, replacement, city",9,0.145980317,"Topic 9: dashboard, caused dashboard, caused, dashboard freeze, freeze twice",20,0.04839878478616413,"Topic 20: dashboard, caused, freeze twice, glitches, freeze, glitches caused"
EV1711,Marketplace Review,EV Car,Hyundai Kona,South,5/4/2024,4,"Customer support over phone is helpful and resolves issues quickly. Noise levels are impressively low, riding experience is very smooth and quiet.","Service & After-Sales, Performance & Ride Quality",customer support phone helpful resolve issue quickly noise level impressively low riding experience smooth quiet,"Customer support over phone is helpful and resolves issues quickly. Noise levels are impressively low, riding experience is very smooth and quiet.",9,0.520689692,"Topic 9: price, subsidy, service, battery disposal, concerned environmental",7,0.262536484,"Topic 7: riding, low, smooth, level, impressively",3,0.19905692752891987,"Topic 3: low, stability control, control wet, impressive, impressive inspires, wet"
EV1712,Social Media,EV Car,Tesla Model 3,Central,2/29/2024,4,"Public chargers are often broken or occupied, need more charging stations urgently.",Charging Infrastructure,public charger often broken occupied need charging station urgently,"Public chargers are often broken or occupied, need more charging stations urgently.",0,0.94999906,"Topic 0: cost, battery, replacement cost, replacement, city",6,0.098517264,"Topic 6: app, keep, update, software update, need",0,0.008556800626313784,"Topic 0: collision, systems, braking collision, collision alert, systems work, really traffic"
EV1713,Customer Support,EV Scooter,Hero Vida V1,West,11/20/2024,3,Customer support over phone is helpful and resolves issues quickly.,Service & After-Sales,customer support phone helpful resolve issue quickly,Customer support over phone is helpful and resolves issues quickly.,2,0.935713818,"Topic 2: feel, quality, range, support, quality feel",7,0.029696184,"Topic 7: riding, low, smooth, level, impressively",0,1.0,"Topic 0: collision, systems, braking collision, collision alert, systems work, really traffic"
EV1714,Marketplace Review,EV Scooter,Ather 450X,Central,5/24/2025,4,"Smart key and app based lock features work flawlessly, very convenient.",Software & Connectivity,smart key app based lock feature work flawlessly convenient,"Smart key and app based lock features work flawlessly, very convenient.",9,0.949998977,"Topic 9: price, subsidy, service, battery disposal, concerned environmental",6,0.203971773,"Topic 6: app, keep, update, software update, need",22,1.0,"Topic 22: app based, based, based lock, features work, flawlessly, flawlessly convenient"
EV1715,Social Media,EV Car,BYD Atto 3,East,7/17/2024,4,"Range drops badly in winter, I lost almost 30% range in cold weather.",Range Anxiety,range drop badly winter lost almost range cold weather,"Range drops badly in winter, I lost almost 30% range in cold weather.",8,0.949999084,"Topic 8: range, drop, defeat purpose, energy, energy used",7,0.062578708,"Topic 7: riding, low, smooth, level, impressively",23,1.0,"Topic 23: 30 range, badly, badly winter, cold weather, drops badly, cold"
EV1716,Survey,EV Car,Mahindra XUV400,South,2/28/2025,5,The design looks futuristic and attracts a lot of attention on the road.,Design & Aesthetics,design look futuristic attracts lot attention road,The design looks futuristic and attracts a lot of attention on the road.,2,0.935713616,"Topic 2: feel, quality, range, support, quality feel",7,0.037911005,"Topic 7: riding, low, smooth, level, impressively",9,1.0,"Topic 9: lot, better, expected, attracts lot, attracts, looks futuristic"
EV1717,Social Media,EV Scooter,TVS iQube,North,7/25/2024,4,"After sales support has been excellent, quick response and doorstep service.",Service & After-Sales,sale support excellent quick response doorstep service,"After sales support has been excellent, quick response and doorstep service.",2,0.935713634,"Topic 2: feel, quality, range, support, quality feel",8,0.11298738,"Topic 8: service, service center, center, appointment long, center needed",21,1.0,"Topic 21: cost warranty, battery degradation, warranty ends, ends, degradation replacement, worried battery"
EV1718,Customer Support,EV Car,Hyundai Kona,Central,11/27/2024,4,"AC usage kills the range, on hot days I barely get half the claimed distance. Highway charging stops are rare, long distance travel is a nightmare. Acceleration is smooth and instant torque makes overtaking effortless.","Range Anxiety, Charging Infrastructure, Performance & Ride Quality",usage kill range hot day barely half claimed distance highway charging stop rare long distance travel nightmare acceleration smooth instant torque make overtaking effortless,"AC usage kills the range, on hot days I barely get half the claimed distance. Highway charging stops are rare, long distance travel is a nightmare. Acceleration is smooth and instant torque makes overtaking effortless.",8,0.689111655,"Topic 8: range, drop, defeat purpose, energy, energy used",7,0.042024693,"Topic 7: riding, low, smooth, level, impressively",4,1.0,"Topic 4: big motivation, big, motivation going, motivation, contributing, going"
EV1719,Customer Support,EV Car,MG ZS EV,East,5/5/2025,3,Software glitches caused the dashboard to freeze twice in a month. I'm always worried about running out of charge before reaching my destination.,"Software & Connectivity, Range Anxiety",software glitch caused dashboard freeze twice month always worried running charge reaching destination,Software glitches caused the dashboard to freeze twice in a month. I'm always worried about running out of charge before reaching my destination.,4,0.546769792,"Topic 4: software, month, year, battery, keep",9,0.352622664,"Topic 9: dashboard, caused dashboard, caused, dashboard freeze, freeze twice",20,0.8453584270126545,"Topic 20: dashboard, caused, freeze twice, glitches, freeze, glitches caused"
EV1720,Marketplace Review,EV Scooter,Ather 450X,Central,12/9/2024,4,"Smart key and app based lock features work flawlessly, very convenient.",Software & Connectivity,smart key app based lock feature work flawlessly convenient,"Smart key and app based lock features work flawlessly, very convenient.",9,0.949998977,"Topic 9: price, subsidy, service, battery disposal, concerned environmental",6,0.203971773,"Topic 6: app, keep, update, software update, need",22,1.0,"Topic 22: app based, based, based lock, features work, flawlessly, flawlessly convenient"
EV1721,Survey,EV Scooter,Hero Vida V1,Central,11/2/2024,5,"Energy used to charge still comes mostly from coal in my region, defeats the purpose somewhat. Acceleration is smooth and instant torque makes overtaking effortless.","Environmental Impact, Performance & Ride Quality",energy used charge come mostly coal region defeat purpose somewhat acceleration smooth instant torque make overtaking effortless,"Energy used to charge still comes mostly from coal in my region, defeats the purpose somewhat. Acceleration is smooth and instant torque makes overtaking effortless.",8,0.578788356,"Topic 8: range, drop, defeat purpose, energy, energy used",1,0.31677843,"Topic 1: charge come, defeat purpose, defeat, come mostly, come",6,1.0,"Topic 6: coal, defeats purpose, defeats, coal region, comes coal, comes"
EV1722,Customer Support,EV Car,BYD Atto 3,East,3/8/2024,4,"Worried about battery degradation and replacement cost after warranty ends. After sales support has been excellent, quick response and doorstep service.","Battery Life & Degradation, Service & After-Sales",worried battery degradation replacement cost warranty end sale support excellent quick response doorstep service,"Worried about battery degradation and replacement cost after warranty ends. After sales support has been excellent, quick response and doorstep service.",2,0.485184935,"Topic 2: feel, quality, range, support, quality feel",0,0.077588205,"Topic 0: cost, replacement cost, replacement, price, battery",21,1.0,"Topic 21: cost warranty, battery degradation, warranty ends, ends, degradation replacement, worried battery"
EV1723,Social Media,EV Scooter,Hero Vida V1,Central,2/2/2025,5,Battery performance is stable even after two years of heavy usage.,Battery Life & Degradation,battery performance stable two year heavy usage,Battery performance is stable even after two years of heavy usage.,6,0.935713193,"Topic 6: charging, battery, almost, tier, use",8,0.052289309,"Topic 8: service, service center, center, appointment long, center needed",9,0.08788252997879625,"Topic 9: lot, better, expected, attracts lot, attracts, looks futuristic"
EV1724,Customer Support,EV Car,Hyundai Kona,North,10/5/2024,3,The design looks futuristic and attracts a lot of attention on the road.,Design & Aesthetics,design look futuristic attracts lot attention road,The design looks futuristic and attracts a lot of attention on the road.,2,0.935713616,"Topic 2: feel, quality, range, support, quality feel",7,0.037911005,"Topic 7: riding, low, smooth, level, impressively",9,1.0,"Topic 9: lot, better, expected, attracts lot, attracts, looks futuristic"
EV1725,Customer Support,EV Scooter,Ather 450X,West,11/5/2024,3,"EV subsidy scheme in my state got delayed and the discount amount reduced suddenly. Read reports about battery fires, safety is my biggest concern before buying.","Price & Subsidy, Safety Features",subsidy scheme state got delayed discount amount reduced suddenly read report battery fire safety biggest concern buying,"EV subsidy scheme in my state got delayed and the discount amount reduced suddenly. Read reports about battery fires, safety is my biggest concern before buying.",4,0.528995983,"Topic 4: software, month, year, battery, keep",4,0.042923029,"Topic 4: use, daily use, daily, dropped, within month",15,1.0,"Topic 15: highway, discount, ev subsidy, delayed discount, subsidy scheme, state got"
EV1726,Survey,EV Car,Hyundai Kona,South,4/4/2024,4,Navigation system integrated with range prediction is genuinely useful.,Software & Connectivity,navigation system integrated range prediction genuinely useful,Navigation system integrated with range prediction is genuinely useful.,1,0.935713504,"Topic 1: range, system, genuinely, useful, genuinely useful",7,0.077765455,"Topic 7: riding, low, smooth, level, impressively",8,0.02917507061291401,"Topic 8: vehicle good, test ratings, test, purchase decision, ratings, ratings reassured"
EV1727,Social Media,EV Car,Mahindra XUV400,South,12/14/2024,4,Touchscreen infotainment system lags and is not very intuitive to use. The vehicle has good crash test ratings which reassured my purchase decision.,"Software & Connectivity, Safety Features",touchscreen infotainment system lag intuitive use crash test rating reassured purchase decision,Touchscreen infotainment system lags and is not very intuitive to use. The vehicle has good crash test ratings which reassured my purchase decision.,9,0.482608727,"Topic 9: price, subsidy, service, battery disposal, concerned environmental",9,0.068950386,"Topic 9: dashboard, caused dashboard, caused, dashboard freeze, freeze twice",18,1.0,"Topic 18: infotainment, infotainment lags, touchscreen, touchscreen infotainment, lags intuitive, lags"
EV1728,Social Media,EV Car,Tata Nexon EV,South,2/7/2024,5,"Bluetooth connectivity drops frequently while riding, very frustrating.",Software & Connectivity,bluetooth connectivity drop frequently riding frustrating,"Bluetooth connectivity drops frequently while riding, very frustrating.",8,0.924999723,"Topic 8: range, drop, defeat purpose, energy, energy used",7,0.103162611,"Topic 7: riding, low, smooth, level, impressively",11,1.0,"Topic 11: home, bluetooth, riding frustrating, connectivity, bluetooth connectivity, drops frequently"
EV1729,Customer Support,EV Car,Tata Nexon EV,North,3/30/2024,4,"Acceleration is smooth and instant torque makes overtaking effortless. The companion app keeps crashing, needs urgent software updates.","Performance & Ride Quality, Software & Connectivity",acceleration smooth instant torque make overtaking effortless companion app keep crashing need urgent software update,"Acceleration is smooth and instant torque makes overtaking effortless. The companion app keeps crashing, needs urgent software updates.",4,0.968965071,"Topic 4: software, month, year, battery, keep",6,0.2815,"Topic 6: app, keep, update, software update, need",17,1.0,"Topic 17: app keeps, crashing, crashing needs, companion app, companion, urgent software"
EV1730,Customer Support,EV Scooter,Ola S1,South,11/24/2024,2,Price after subsidy is still higher than a comparable petrol scooter.,Price & Subsidy,price subsidy higher comparable petrol scooter,Price after subsidy is still higher than a comparable petrol scooter.,9,0.924998907,"Topic 9: price, subsidy, service, battery disposal, concerned environmental",0,0.029697944,"Topic 0: cost, replacement cost, replacement, price, battery",6,0.005794273021155719,"Topic 6: coal, defeats purpose, defeats, coal region, comes coal, comes"
EV1731,Customer Support,EV Scooter,TVS iQube,West,4/30/2024,4,"There are very few authorized service centers, had to travel 120 km for repair.",Service & After-Sales,authorized service center travel repair,"There are very few authorized service centers, had to travel 120 km for repair.",5,0.909999018,"Topic 5: battery, center, service center, service, safety",8,0.271343284,"Topic 8: service, service center, center, appointment long, center needed",10,0.0036677362586224945,"Topic 10: battery replacement, cost half, half price, concerning, price vehicle, vehicle concerning"
EV1732,Survey,EV Scooter,Ola S1,Central,6/10/2025,4,Fast charging network needs serious expansion on highways.,Charging Infrastructure,fast charging network need serious expansion highway,Fast charging network needs serious expansion on highways.,3,0.935712804,"Topic 3: safety, use, highway, part, feature",6,0.075128743,"Topic 6: app, keep, update, software update, need",2,1.0,"Topic 2: makes, high, size makes, park, easy, maneuver"
EV1733,Customer Support,EV Scooter,Ampere Magnus,East,5/24/2024,4,Customer support over phone is helpful and resolves issues quickly.,Service & After-Sales,customer support phone helpful resolve issue quickly,Customer support over phone is helpful and resolves issues quickly.,2,0.935713818,"Topic 2: feel, quality, range, support, quality feel",7,0.029696184,"Topic 7: riding, low, smooth, level, impressively",0,1.0,"Topic 0: collision, systems, braking collision, collision alert, systems work, really traffic"
EV1734,Survey,EV Car,MG ZS EV,East,12/12/2024,2,Emergency braking and collision alert systems work really well in traffic.,Safety Features,emergency braking collision alert system work well traffic,Emergency braking and collision alert systems work really well in traffic.,7,0.943749731,"Topic 7: braking, work, system, work well, well",2,0.319097782,"Topic 2: braking, system, work well, work, well",0,0.015282464029188002,"Topic 0: collision, systems, braking collision, collision alert, systems work, really traffic"
EV1735,Survey,EV Car,MG ZS EV,West,2/21/2024,4,"Highway charging stops are rare, long distance travel is a nightmare.",Charging Infrastructure,highway charging stop rare long distance travel nightmare,"Highway charging stops are rare, long distance travel is a nightmare.",8,0.94374795,"Topic 8: range, drop, defeat purpose, energy, energy used",8,0.065657377,"Topic 8: service, service center, center, appointment long, center needed",15,1.0,"Topic 15: highway, discount, ev subsidy, delayed discount, subsidy scheme, state got"
EV1736,Marketplace Review,EV Car,Tata Nexon EV,West,7/2/2024,5,"Energy used to charge still comes mostly from coal in my region, defeats the purpose somewhat. Touchscreen infotainment system lags and is not very intuitive to use.","Environmental Impact, Software & Connectivity",energy used charge come mostly coal region defeat purpose somewhat touchscreen infotainment system lag intuitive use,"Energy used to charge still comes mostly from coal in my region, defeats the purpose somewhat. Touchscreen infotainment system lags and is not very intuitive to use.",8,0.970967311,"Topic 8: range, drop, defeat purpose, energy, energy used",1,0.349086999,"Topic 1: charge come, defeat purpose, defeat, come mostly, come",6,1.0,"Topic 6: coal, defeats purpose, defeats, coal region, comes coal, comes"
EV1737,Social Media,EV Scooter,TVS iQube,Central,3/21/2024,3,"The companion app keeps crashing, needs urgent software updates. No proper information on how battery degrades over time, company should be transparent.","Software & Connectivity, Battery Life & Degradation",companion app keep crashing need urgent software update proper information battery degrades time company transparent,"The companion app keeps crashing, needs urgent software updates. No proper information on how battery degrades over time, company should be transparent.",4,0.545429719,"Topic 4: software, month, year, battery, keep",6,0.295402043,"Topic 6: app, keep, update, software update, need",17,1.0,"Topic 17: app keeps, crashing, crashing needs, companion app, companion, urgent software"
EV1738,Marketplace Review,EV Scooter,Ola S1,East,4/21/2025,4,"Over the air software updates are a great feature, keeps improving over time.",Software & Connectivity,air software update great feature keep improving time,"Over the air software updates are a great feature, keeps improving over time.",6,0.943747549,"Topic 6: charging, battery, almost, tier, use",6,0.188636444,"Topic 6: app, keep, update, software update, need",5,1.0,"Topic 5: air software, improving, great feature, keeps improving, updates great, improving time"
EV1739,Customer Support,EV Car,MG ZS EV,East,2/5/2025,4,"Battery replacement cost is almost half the price of the vehicle, very concerning. Build quality feels premium and the ride is extremely comfortable. Advanced safety features like ABS and traction control give peace of mind.","Battery Life & Degradation, Performance & Ride Quality, Safety Features",battery replacement cost almost half price concerning build quality feel premium ride extremely comfortable advanced safety feature ab traction control give peace mind,"Battery replacement cost is almost half the price of the vehicle, very concerning. Build quality feels premium and the ride is extremely comfortable. Advanced safety features like ABS and traction control give peace of mind.",3,0.377465772,"Topic 3: safety, use, highway, part, feature",3,0.264852047,"Topic 3: ab, ab traction, control give, traction, traction control",10,1.0,"Topic 10: battery replacement, cost half, half price, concerning, price vehicle, vehicle concerning"
EV1740,Survey,EV Car,Mahindra XUV400,East,5/5/2025,4,"Smart key and app based lock features work flawlessly, very convenient.",Software & Connectivity,smart key app based lock feature work flawlessly convenient,"Smart key and app based lock features work flawlessly, very convenient.",9,0.949998977,"Topic 9: price, subsidy, service, battery disposal, concerned environmental",6,0.203971773,"Topic 6: app, keep, update, software update, need",22,1.0,"Topic 22: app based, based, based lock, features work, flawlessly, flawlessly convenient"
EV1741,Customer Support,EV Car,Hyundai Kona,Central,5/10/2024,4,Advanced safety features like ABS and traction control give peace of mind.,Safety Features,advanced safety feature ab traction control give peace mind,Advanced safety features like ABS and traction control give peace of mind.,3,0.949999585,"Topic 3: safety, use, highway, part, feature",3,0.403444493,"Topic 3: ab, ab traction, control give, traction, traction control",10,0.001496910823725502,"Topic 10: battery replacement, cost half, half price, concerning, price vehicle, vehicle concerning"
EV1742,Survey,EV Scooter,Hero Vida V1,East,3/13/2024,4,Customer support over phone is helpful and resolves issues quickly.,Service & After-Sales,customer support phone helpful resolve issue quickly,Customer support over phone is helpful and resolves issues quickly.,2,0.935713818,"Topic 2: feel, quality, range, support, quality feel",7,0.029696184,"Topic 7: riding, low, smooth, level, impressively",0,1.0,"Topic 0: collision, systems, braking collision, collision alert, systems work, really traffic"
EV1743,Marketplace Review,EV Scooter,Bajaj Chetak,South,9/6/2024,4,"Read reports about battery fires, safety is my biggest concern before buying.",Safety Features,read report battery fire safety biggest concern buying,"Read reports about battery fires, safety is my biggest concern before buying.",5,0.943749511,"Topic 5: battery, center, service center, service, safety",4,0.062244543,"Topic 4: use, daily use, daily, dropped, within month",12,0.01980131845785314,"Topic 12: battery disposal, environmental, disposal, disposal recycling, concerned, concerned environmental"
EV1744,Survey,EV Scooter,Bajaj Chetak,East,8/1/2024,3,Contributing to a cleaner city is a big motivation behind going electric.,Environmental Impact,contributing cleaner city big motivation behind going,Contributing to a cleaner city is a big motivation behind going electric.,0,0.935713847,"Topic 0: cost, battery, replacement cost, replacement, city",0,0.025499456,"Topic 0: cost, replacement cost, replacement, price, battery",4,0.1981684340722376,"Topic 4: big motivation, big, motivation going, motivation, contributing, going"
EV1745,Customer Support,EV Scooter,Ampere Magnus,Central,8/29/2024,5,"No proper information on how battery degrades over time, company should be transparent. Charging infrastructure in tier 2 and tier 3 cities is almost non-existent.","Battery Life & Degradation, Charging Infrastructure",proper information battery degrades time company transparent charging infrastructure tier tier city almost non existent,"No proper information on how battery degrades over time, company should be transparent. Charging infrastructure in tier 2 and tier 3 cities is almost non-existent.",6,0.537724181,"Topic 6: charging, battery, almost, tier, use",8,0.032407797,"Topic 8: service, service center, center, appointment long, center needed",1,0.21048447959058916,"Topic 1: range, transparent, proper, time company, proper information, battery degrades"
EV1746,Marketplace Review,EV Car,BYD Atto 3,East,4/9/2024,4,"Over the air software updates are a great feature, keeps improving over time.",Software & Connectivity,air software update great feature keep improving time,"Over the air software updates are a great feature, keeps improving over time.",6,0.943747549,"Topic 6: charging, battery, almost, tier, use",6,0.188636444,"Topic 6: app, keep, update, software update, need",5,1.0,"Topic 5: air software, improving, great feature, keeps improving, updates great, improving time"
EV1747,Survey,EV Scooter,Bajaj Chetak,Central,4/21/2024,4,"Concerned about environmental impact of battery disposal and recycling. Storage space under the seat is very limited, not practical for daily use.","Environmental Impact, Design & Aesthetics",concerned environmental impact battery disposal recycling storage space seat limited practical daily use,"Concerned about environmental impact of battery disposal and recycling. Storage space under the seat is very limited, not practical for daily use.",3,0.52399961,"Topic 3: safety, use, highway, part, feature",5,0.283158325,"Topic 5: battery disposal, disposal recycling, concerned, environmental impact, environmental",12,1.0,"Topic 12: battery disposal, environmental, disposal, disposal recycling, concerned, concerned environmental"
EV1748,Social Media,EV Car,Tata Nexon EV,South,1/1/2024,4,"No proper information on how battery degrades over time, company should be transparent.",Battery Life & Degradation,proper information battery degrades time company transparent,"No proper information on how battery degrades over time, company should be transparent.",5,0.935713658,"Topic 5: battery, center, service center, service, safety",8,0.052935026,"Topic 8: service, service center, center, appointment long, center needed",1,0.2073120376803341,"Topic 1: range, transparent, proper, time company, proper information, battery degrades"
EV1749,Customer Support,EV Car,Mahindra XUV400,West,4/2/2025,3,Price after subsidy is still higher than a comparable petrol scooter.,Price & Subsidy,price subsidy higher comparable petrol scooter,Price after subsidy is still higher than a comparable petrol scooter.,9,0.924998907,"Topic 9: price, subsidy, service, battery disposal, concerned environmental",0,0.029697944,"Topic 0: cost, replacement cost, replacement, price, battery",6,0.005804203241733955,"Topic 6: coal, defeats purpose, defeats, coal region, comes coal, comes"
EV1750,Customer Support,EV Scooter,TVS iQube,West,12/18/2024,4,"Highway charging stops are rare, long distance travel is a nightmare. I'm always worried about running out of charge before reaching my destination.","Charging Infrastructure, Range Anxiety",highway charging stop rare long distance travel nightmare always worried running charge reaching destination,"Highway charging stops are rare, long distance travel is a nightmare. I'm always worried about running out of charge before reaching my destination.",8,0.543003765,"Topic 8: range, drop, defeat purpose, energy, energy used",8,0.049641052,"Topic 8: service, service center, center, appointment long, center needed",15,1.0,"Topic 15: highway, discount, ev subsidy, delayed discount, subsidy scheme, state got"
EV1751,Customer Support,EV Scooter,Ola S1,Central,2/24/2024,5,"AC usage kills the range, on hot days I barely get half the claimed distance.",Range Anxiety,usage kill range hot day barely half claimed distance,"AC usage kills the range, on hot days I barely get half the claimed distance.",8,0.949999273,"Topic 8: range, drop, defeat purpose, energy, energy used",0,0.01816458,"Topic 0: cost, replacement cost, replacement, price, battery",4,1.0,"Topic 4: big motivation, big, motivation going, motivation, contributing, going"
EV1752,Survey,EV Car,Hyundai Kona,South,3/18/2025,4,Contributing to a cleaner city is a big motivation behind going electric.,Environmental Impact,contributing cleaner city big motivation behind going,Contributing to a cleaner city is a big motivation behind going electric.,0,0.935713847,"Topic 0: cost, battery, replacement cost, replacement, city",0,0.025499456,"Topic 0: cost, replacement cost, replacement, price, battery",4,0.19760206100822963,"Topic 4: big motivation, big, motivation going, motivation, contributing, going"
EV1753,Marketplace Review,EV Scooter,Hero Vida V1,West,1/25/2025,4,Compact size makes it easy to park and maneuver in city traffic.,Design & Aesthetics,compact size make easy park maneuver city traffic,Compact size makes it easy to park and maneuver in city traffic.,1,0.943749361,"Topic 1: range, system, genuinely, useful, genuinely useful",0,0.030857381,"Topic 0: cost, replacement cost, replacement, price, battery",2,0.09142750350615704,"Topic 2: makes, high, size makes, park, easy, maneuver"
EV1754,Social Media,EV Car,Tesla Model 3,West,5/22/2024,4,Insurance premium for EV is surprisingly high compared to petrol vehicles. The vehicle has good crash test ratings which reassured my purchase decision.,"Price & Subsidy, Safety Features",insurance premium surprisingly high compared petrol crash test rating reassured purchase decision,Insurance premium for EV is surprisingly high compared to petrol vehicles. The vehicle has good crash test ratings which reassured my purchase decision.,9,0.531889734,"Topic 9: price, subsidy, service, battery disposal, concerned environmental",9,0.083574953,"Topic 9: dashboard, caused dashboard, caused, dashboard freeze, freeze twice",16,1.0,"Topic 16: tier, surprisingly, surprisingly high, compared petrol, insurance premium, insurance"
EV1755,Customer Support,EV Scooter,Ather 450X,South,5/17/2024,3,"Range drops badly in winter, I lost almost 30% range in cold weather.",Range Anxiety,range drop badly winter lost almost range cold weather,"Range drops badly in winter, I lost almost 30% range in cold weather.",8,0.949999084,"Topic 8: range, drop, defeat purpose, energy, energy used",7,0.062578708,"Topic 7: riding, low, smooth, level, impressively",23,1.0,"Topic 23: 30 range, badly, badly winter, cold weather, drops badly, cold"
EV1756,Marketplace Review,EV Car,MG ZS EV,West,5/19/2024,4,Home charging setup was expensive and took weeks to install.,Charging Infrastructure,home charging setup expensive took week install,Home charging setup was expensive and took weeks to install.,5,0.935713411,"Topic 5: battery, center, service center, service, safety",5,0.034397189,"Topic 5: battery disposal, disposal recycling, concerned, environmental impact, environmental",11,1.0,"Topic 11: home, bluetooth, riding frustrating, connectivity, bluetooth connectivity, drops frequently"
EV1757,Marketplace Review,EV Scooter,Bajaj Chetak,Central,7/3/2024,4,Navigation system integrated with range prediction is genuinely useful.,Software & Connectivity,navigation system integrated range prediction genuinely useful,Navigation system integrated with range prediction is genuinely useful.,1,0.935713504,"Topic 1: range, system, genuinely, useful, genuinely useful",7,0.077765455,"Topic 7: riding, low, smooth, level, impressively",8,0.029212149680110256,"Topic 8: vehicle good, test ratings, test, purchase decision, ratings, ratings reassured"
EV1758,Marketplace Review,EV Scooter,Ampere Magnus,West,12/29/2024,3,Total cost of ownership is great once you factor in low maintenance and fuel savings.,Price & Subsidy,total cost ownership great factor low maintenance fuel saving,Total cost of ownership is great once you factor in low maintenance and fuel savings.,0,0.949998942,"Topic 0: cost, battery, replacement cost, replacement, city",7,0.056445734,"Topic 7: riding, low, smooth, level, impressively",3,1.0,"Topic 3: low, stability control, control wet, impressive, impressive inspires, wet"
EV1759,Survey,EV Scooter,Ampere Magnus,Central,5/25/2025,3,EV subsidy scheme in my state got delayed and the discount amount reduced suddenly.,Price & Subsidy,subsidy scheme state got delayed discount amount reduced suddenly,EV subsidy scheme in my state got delayed and the discount amount reduced suddenly.,4,0.949999791,"Topic 4: software, month, year, battery, keep",8,0.01521382,"Topic 8: service, service center, center, appointment long, center needed",15,1.0,"Topic 15: highway, discount, ev subsidy, delayed discount, subsidy scheme, state got"
EV1760,Customer Support,EV Scooter,Ampere Magnus,North,2/8/2024,2,"Concerned about environmental impact of battery disposal and recycling. The companion app keeps crashing, needs urgent software updates.","Environmental Impact, Software & Connectivity",concerned environmental impact battery disposal recycling companion app keep crashing need urgent software update,"Concerned about environmental impact of battery disposal and recycling. The companion app keeps crashing, needs urgent software updates.",4,0.564670053,"Topic 4: software, month, year, battery, keep",6,0.295546567,"Topic 6: app, keep, update, software update, need",17,1.0,"Topic 17: app keeps, crashing, crashing needs, companion app, companion, urgent software"
EV1761,Survey,EV Scooter,Hero Vida V1,South,6/23/2025,3,"Spare parts availability is a major issue, waited a month for a replacement part.",Service & After-Sales,spare part availability major issue waited month replacement part,"Spare parts availability is a major issue, waited a month for a replacement part.",3,0.949999206,"Topic 3: safety, use, highway, part, feature",9,0.022143653,"Topic 9: dashboard, caused dashboard, caused, dashboard freeze, freeze twice",0,0.19201428116808925,"Topic 0: collision, systems, braking collision, collision alert, systems work, really traffic"
EV1762,Survey,EV Car,BYD Atto 3,South,4/28/2025,4,"Charging takes too long, almost 6 hours for a full charge at home.",Charging Infrastructure,charging take long almost hour full charge home,"Charging takes too long, almost 6 hours for a full charge at home.",6,0.94374764,"Topic 6: charging, battery, almost, tier, use",1,0.04253604,"Topic 1: charge come, defeat purpose, defeat, come mostly, come",11,0.010375253001710672,"Topic 11: home, bluetooth, riding frustrating, connectivity, bluetooth connectivity, drops frequently"
EV1763,Survey,EV Car,Hyundai Kona,West,4/9/2025,4,"Emergency braking and collision alert systems work really well in traffic. Touchscreen infotainment system lags and is not very intuitive to use. Braking system feels sharp and responsive, regenerative braking works well.","Safety Features, Software & Connectivity, Performance & Ride Quality",emergency braking collision alert system work well traffic touchscreen infotainment system lag intuitive use braking system feel sharp responsive regenerative braking work well,"Emergency braking and collision alert systems work really well in traffic. Touchscreen infotainment system lags and is not very intuitive to use. Braking system feels sharp and responsive, regenerative braking works well.",7,0.748646534,"Topic 7: braking, work, system, work well, well",2,0.403116454,"Topic 2: braking, system, work well, work, well",0,0.015230560982120432,"Topic 0: collision, systems, braking collision, collision alert, systems work, really traffic"
EV1764,Survey,EV Scooter,Ather 450X,Central,11/7/2024,5,"Switching to EV feels good knowing I'm reducing my carbon footprint. Waiting time for service appointment is too long, more service centers needed.","Environmental Impact, Service & After-Sales",switching feel knowing reducing carbon footprint waiting time service appointment long service center needed,"Switching to EV feels good knowing I'm reducing my carbon footprint. Waiting time for service appointment is too long, more service centers needed.",9,0.531069839,"Topic 9: price, subsidy, service, battery disposal, concerned environmental",8,0.333374294,"Topic 8: service, service center, center, appointment long, center needed",7,1.0,"Topic 7: ev, good knowing, knowing, feels good, carbon footprint, knowing reducing"
EV1765,Social Media,EV Scooter,Ampere Magnus,Central,2/22/2024,4,"Had a great experience with the service team, they explained everything clearly.",Service & After-Sales,great experience service team explained everything clearly,"Had a great experience with the service team, they explained everything clearly.",4,0.935712448,"Topic 4: software, month, year, battery, keep",8,0.103109565,"Topic 8: service, service center, center, appointment long, center needed",8,1.0,"Topic 8: vehicle good, test ratings, test, purchase decision, ratings, ratings reassured"
EV1766,Marketplace Review,EV Car,Hyundai Kona,North,5/9/2024,4,Advanced safety features like ABS and traction control give peace of mind.,Safety Features,advanced safety feature ab traction control give peace mind,Advanced safety features like ABS and traction control give peace of mind.,3,0.949999585,"Topic 3: safety, use, highway, part, feature",3,0.403444493,"Topic 3: ab, ab traction, control give, traction, traction control",10,0.0014969088287797453,"Topic 10: battery replacement, cost half, half price, concerning, price vehicle, vehicle concerning"
EV1767,Social Media,EV Scooter,TVS iQube,Central,10/14/2024,4,Service center staff are not well trained to handle EV specific issues. Switching to EV feels good knowing I'm reducing my carbon footprint.,"Service & After-Sales, Environmental Impact",service center staff well trained handle specific issue switching feel knowing reducing carbon footprint,Service center staff are not well trained to handle EV specific issues. Switching to EV feels good knowing I'm reducing my carbon footprint.,5,0.536452992,"Topic 5: battery, center, service center, service, safety",8,0.269446307,"Topic 8: service, service center, center, appointment long, center needed",7,1.0,"Topic 7: ev, good knowing, knowing, feels good, carbon footprint, knowing reducing"
EV1768,Social Media,EV Car,BYD Atto 3,West,1/13/2025,4,"No proper information on how battery degrades over time, company should be transparent. There are very few authorized service centers, had to travel 15 km for repair.","Battery Life & Degradation, Service & After-Sales",proper information battery degrades time company transparent authorized service center travel repair,"No proper information on how battery degrades over time, company should be transparent. There are very few authorized service centers, had to travel 15 km for repair.",5,0.960869165,"Topic 5: battery, center, service center, service, safety",8,0.213846631,"Topic 8: service, service center, center, appointment long, center needed",1,0.2085901730668358,"Topic 1: range, transparent, proper, time company, proper information, battery degrades"
EV1769,Survey,EV Car,BYD Atto 3,East,3/27/2024,4,"Battery replacement cost is almost half the price of the vehicle, very concerning. Contributing to a cleaner city is a big motivation behind going electric.","Battery Life & Degradation, Environmental Impact",battery replacement cost almost half price concerning contributing cleaner city big motivation behind going,"Battery replacement cost is almost half the price of the vehicle, very concerning. Contributing to a cleaner city is a big motivation behind going electric.",0,0.966666036,"Topic 0: cost, battery, replacement cost, replacement, city",0,0.091167814,"Topic 0: cost, replacement cost, replacement, price, battery",10,1.0,"Topic 10: battery replacement, cost half, half price, concerning, price vehicle, vehicle concerning"
EV1770,Marketplace Review,EV Scooter,Ather 450X,South,8/3/2024,3,Concerned about environmental impact of battery disposal and recycling.,Environmental Impact,concerned environmental impact battery disposal recycling,Concerned about environmental impact of battery disposal and recycling.,9,0.924998615,"Topic 9: price, subsidy, service, battery disposal, concerned environmental",5,0.435865403,"Topic 5: battery disposal, disposal recycling, concerned, environmental impact, environmental",12,1.0,"Topic 12: battery disposal, environmental, disposal, disposal recycling, concerned, concerned environmental"
EV1771,Customer Support,EV Car,Tesla Model 3,North,2/23/2024,3,"Battery replacement cost is almost half the price of the vehicle, very concerning. Bluetooth connectivity drops frequently while riding, very frustrating.","Battery Life & Degradation, Software & Connectivity",battery replacement cost almost half price concerning bluetooth connectivity drop frequently riding frustrating,"Battery replacement cost is almost half the price of the vehicle, very concerning. Bluetooth connectivity drops frequently while riding, very frustrating.",0,0.489898052,"Topic 0: cost, battery, replacement cost, replacement, city",0,0.075625832,"Topic 0: cost, replacement cost, replacement, price, battery",10,1.0,"Topic 10: battery replacement, cost half, half price, concerning, price vehicle, vehicle concerning"
EV1772,Social Media,EV Scooter,Bajaj Chetak,West,2/3/2025,4,Touchscreen infotainment system lags and is not very intuitive to use.,Software & Connectivity,touchscreen infotainment system lag intuitive use,Touchscreen infotainment system lags and is not very intuitive to use.,8,0.92499737,"Topic 8: range, drop, defeat purpose, energy, energy used",2,0.072613133,"Topic 2: braking, system, work well, work, well",18,1.0,"Topic 18: infotainment, infotainment lags, touchscreen, touchscreen infotainment, lags intuitive, lags"
EV1773,Marketplace Review,EV Car,BYD Atto 3,North,10/22/2024,4,"Bluetooth connectivity drops frequently while riding, very frustrating.",Software & Connectivity,bluetooth connectivity drop frequently riding frustrating,"Bluetooth connectivity drops frequently while riding, very frustrating.",8,0.924999723,"Topic 8: range, drop, defeat purpose, energy, energy used",7,0.103162611,"Topic 7: riding, low, smooth, level, impressively",11,1.0,"Topic 11: home, bluetooth, riding frustrating, connectivity, bluetooth connectivity, drops frequently"
EV1774,Survey,EV Scooter,Ampere Magnus,North,6/28/2025,4,"Braking system feels sharp and responsive, regenerative braking works well. Loved the color options and the overall styling of the vehicle.","Performance & Ride Quality, Design & Aesthetics",braking system feel sharp responsive regenerative braking work well loved color option overall styling,"Braking system feels sharp and responsive, regenerative braking works well. Loved the color options and the overall styling of the vehicle.",7,0.627974017,"Topic 7: braking, work, system, work well, well",2,0.293651731,"Topic 2: braking, system, work well, work, well",24,1.0,"Topic 24: braking, braking feels, braking works, responsive, regenerative braking, responsive regenerative"
EV1775,Survey,EV Scooter,TVS iQube,East,2/4/2025,5,"Smart key and app based lock features work flawlessly, very convenient.",Software & Connectivity,smart key app based lock feature work flawlessly convenient,"Smart key and app based lock features work flawlessly, very convenient.",9,0.949998977,"Topic 9: price, subsidy, service, battery disposal, concerned environmental",6,0.203971773,"Topic 6: app, keep, update, software update, need",22,1.0,"Topic 22: app based, based, based lock, features work, flawlessly, flawlessly convenient"
EV1776,Social Media,EV Car,Tesla Model 3,Central,12/11/2024,5,The battery warranty of 20 years gives me confidence in long term reliability.,Battery Life & Degradation,battery warranty year give confidence long term reliability,The battery warranty of 20 years gives me confidence in long term reliability.,4,0.943748007,"Topic 4: software, month, year, battery, keep",8,0.048653052,"Topic 8: service, service center, center, appointment long, center needed",4,1.0,"Topic 4: big motivation, big, motivation going, motivation, contributing, going"
EV1777,Survey,EV Car,Tesla Model 3,North,1/13/2024,5,The design looks futuristic and attracts a lot of attention on the road.,Design & Aesthetics,design look futuristic attracts lot attention road,The design looks futuristic and attracts a lot of attention on the road.,2,0.935713616,"Topic 2: feel, quality, range, support, quality feel",7,0.037911005,"Topic 7: riding, low, smooth, level, impressively",9,1.0,"Topic 9: lot, better, expected, attracts lot, attracts, looks futuristic"
EV1778,Marketplace Review,EV Car,Tesla Model 3,East,8/12/2024,4,"After sales support has been excellent, quick response and doorstep service.",Service & After-Sales,sale support excellent quick response doorstep service,"After sales support has been excellent, quick response and doorstep service.",2,0.935713634,"Topic 2: feel, quality, range, support, quality feel",8,0.11298738,"Topic 8: service, service center, center, appointment long, center needed",21,1.0,"Topic 21: cost warranty, battery degradation, warranty ends, ends, degradation replacement, worried battery"
EV1779,Survey,EV Car,Tata Nexon EV,Central,4/4/2024,3,"Range drops badly in winter, I lost almost 30% range in cold weather. Running cost is much lower than petrol, saving a lot on fuel every month.","Range Anxiety, Price & Subsidy",range drop badly winter lost almost range cold weather running cost lower petrol saving lot fuel every month,"Range drops badly in winter, I lost almost 30% range in cold weather. Running cost is much lower than petrol, saving a lot on fuel every month.",8,0.491439839,"Topic 8: range, drop, defeat purpose, energy, energy used",0,0.045575183,"Topic 0: cost, replacement cost, replacement, price, battery",23,1.0,"Topic 23: 30 range, badly, badly winter, cold weather, drops badly, cold"
EV1780,Social Media,EV Car,BYD Atto 3,West,7/8/2024,5,Home charging setup was expensive and took weeks to install.,Charging Infrastructure,home charging setup expensive took week install,Home charging setup was expensive and took weeks to install.,5,0.935713411,"Topic 5: battery, center, service center, service, safety",5,0.034397189,"Topic 5: battery disposal, disposal recycling, concerned, environmental impact, environmental",11,1.0,"Topic 11: home, bluetooth, riding frustrating, connectivity, bluetooth connectivity, drops frequently"
EV1781,Marketplace Review,EV Scooter,TVS iQube,North,4/9/2025,5,"Had a great experience with the service team, they explained everything clearly.",Service & After-Sales,great experience service team explained everything clearly,"Had a great experience with the service team, they explained everything clearly.",4,0.935712448,"Topic 4: software, month, year, battery, keep",8,0.103109565,"Topic 8: service, service center, center, appointment long, center needed",8,1.0,"Topic 8: vehicle good, test ratings, test, purchase decision, ratings, ratings reassured"
EV1782,Customer Support,EV Scooter,Hero Vida V1,East,6/14/2024,4,"Charging takes too long, almost 6 hours for a full charge at home.",Charging Infrastructure,charging take long almost hour full charge home,"Charging takes too long, almost 6 hours for a full charge at home.",6,0.94374764,"Topic 6: charging, battery, almost, tier, use",1,0.04253604,"Topic 1: charge come, defeat purpose, defeat, come mostly, come",11,0.010359161683166269,"Topic 11: home, bluetooth, riding frustrating, connectivity, bluetooth connectivity, drops frequently"
EV1783,Marketplace Review,EV Car,Mahindra XUV400,East,3/2/2024,4,"There are very few authorized service centers, had to travel 15 km for repair. Switching to EV feels good knowing I'm reducing my carbon footprint.","Service & After-Sales, Environmental Impact",authorized service center travel repair switching feel knowing reducing carbon footprint,"There are very few authorized service centers, had to travel 15 km for repair. Switching to EV feels good knowing I'm reducing my carbon footprint.",2,0.547896854,"Topic 2: feel, quality, range, support, quality feel",8,0.232061445,"Topic 8: service, service center, center, appointment long, center needed",7,1.0,"Topic 7: ev, good knowing, knowing, feels good, carbon footprint, knowing reducing"
EV1784,Marketplace Review,EV Scooter,Ather 450X,South,5/18/2025,3,"Highway charging stops are rare, long distance travel is a nightmare. Battery health dropped to 85% within 18 months of daily use.","Charging Infrastructure, Battery Life & Degradation",highway charging stop rare long distance travel nightmare battery health dropped within month daily use,"Highway charging stops are rare, long distance travel is a nightmare. Battery health dropped to 85% within 18 months of daily use.",8,0.494799446,"Topic 8: range, drop, defeat purpose, energy, energy used",4,0.263315162,"Topic 4: use, daily use, daily, dropped, within month",15,1.0,"Topic 15: highway, discount, ev subsidy, delayed discount, subsidy scheme, state got"
EV1785,Customer Support,EV Car,Mahindra XUV400,North,2/5/2024,4,"Charging infrastructure in tier 2 and tier 3 cities is almost non-existent. Switching to EV feels good knowing I'm reducing my carbon footprint. Spare parts availability is a major issue, waited a month for a replacement part.","Charging Infrastructure, Environmental Impact, Service & After-Sales",charging infrastructure tier tier city almost non existent switching feel knowing reducing carbon footprint spare part availability major issue waited month replacement part,"Charging infrastructure in tier 2 and tier 3 cities is almost non-existent. Switching to EV feels good knowing I'm reducing my carbon footprint. Spare parts availability is a major issue, waited a month for a replacement part.",3,0.385754489,"Topic 3: safety, use, highway, part, feature",8,0.03490587,"Topic 8: service, service center, center, appointment long, center needed",16,1.0,"Topic 16: tier, surprisingly, surprisingly high, compared petrol, insurance premium, insurance"
EV1786,Survey,EV Car,Tesla Model 3,North,2/3/2025,5,"Waiting time for service appointment is too long, more service centers needed. The battery warranty of 300 years gives me confidence in long term reliability.","Service & After-Sales, Battery Life & Degradation",waiting time service appointment long service center needed battery warranty year give confidence long term reliability,"Waiting time for service appointment is too long, more service centers needed. The battery warranty of 300 years gives me confidence in long term reliability.",9,0.487721903,"Topic 9: price, subsidy, service, battery disposal, concerned environmental",8,0.302986675,"Topic 8: service, service center, center, appointment long, center needed",4,1.0,"Topic 4: big motivation, big, motivation going, motivation, contributing, going"
EV1787,Marketplace Review,EV Car,BYD Atto 3,West,3/22/2025,5,Compact size makes it easy to park and maneuver in city traffic. Fast charging network needs serious expansion on highways.,"Design & Aesthetics, Charging Infrastructure",compact size make easy park maneuver city traffic fast charging network need serious expansion highway,Compact size makes it easy to park and maneuver in city traffic. Fast charging network needs serious expansion on highways.,1,0.509797137,"Topic 1: range, system, genuinely, useful, genuinely useful",6,0.049818878,"Topic 6: app, keep, update, software update, need",2,0.09402909680496113,"Topic 2: makes, high, size makes, park, easy, maneuver"
EV1788,Marketplace Review,EV Car,Mahindra XUV400,North,1/2/2025,3,"Noise levels are impressively low, riding experience is very smooth and quiet. Service center staff are not well trained to handle EV specific issues.","Performance & Ride Quality, Service & After-Sales",noise level impressively low riding experience smooth quiet service center staff well trained handle specific issue,"Noise levels are impressively low, riding experience is very smooth and quiet. Service center staff are not well trained to handle EV specific issues.",9,0.51941609,"Topic 9: price, subsidy, service, battery disposal, concerned environmental",7,0.236723447,"Topic 7: riding, low, smooth, level, impressively",3,0.19731070781413526,"Topic 3: low, stability control, control wet, impressive, impressive inspires, wet"
EV1789,Customer Support,EV Car,Hyundai Kona,North,4/15/2025,4,"Waiting time for service appointment is too long, more service centers needed.",Service & After-Sales,waiting time service appointment long service center needed,"Waiting time for service appointment is too long, more service centers needed.",9,0.943747689,"Topic 9: price, subsidy, service, battery disposal, concerned environmental",8,0.379906776,"Topic 8: service, service center, center, appointment long, center needed",14,1.0,"Topic 14: service, bit plain, design bit, compared rivals, bit, materials feel"
EV1790,Survey,EV Car,MG ZS EV,West,7/14/2024,4,"Waiting time for service appointment is too long, more service centers needed. Build materials feel sturdy but the design is a bit too plain compared to rivals. Love the app that shows nearby charging stations, very convenient feature.","Service & After-Sales, Design & Aesthetics, Charging Infrastructure",waiting time service appointment long service center needed build material feel sturdy design bit plain compared rival love app show nearby charging station convenient feature,"Waiting time for service appointment is too long, more service centers needed. Build materials feel sturdy but the design is a bit too plain compared to rivals. Love the app that shows nearby charging stations, very convenient feature.",6,0.670173735,"Topic 6: charging, battery, almost, tier, use",8,0.291149794,"Topic 8: service, service center, center, appointment long, center needed",14,1.0,"Topic 14: service, bit plain, design bit, compared rivals, bit, materials feel"
EV1791,Marketplace Review,EV Scooter,Ola S1,South,5/23/2024,3,"Claimed range of 80 km is misleading, actual range is way less in city traffic.",Range Anxiety,claimed range misleading actual range way less city traffic,"Claimed range of 80 km is misleading, actual range is way less in city traffic.",2,0.949997407,"Topic 2: feel, quality, range, support, quality feel",7,0.041861356,"Topic 7: riding, low, smooth, level, impressively",1,1.0,"Topic 1: range, transparent, proper, time company, proper information, battery degrades"
EV1792,Marketplace Review,EV Car,Mahindra XUV400,North,11/11/2024,5,Navigation system integrated with range prediction is genuinely useful.,Software & Connectivity,navigation system integrated range prediction genuinely useful,Navigation system integrated with range prediction is genuinely useful.,1,0.935713504,"Topic 1: range, system, genuinely, useful, genuinely useful",7,0.077765455,"Topic 7: riding, low, smooth, level, impressively",8,0.02921738734298692,"Topic 8: vehicle good, test ratings, test, purchase decision, ratings, ratings reassured"
EV1793,Survey,EV Scooter,Ola S1,East,2/27/2024,4,Acceleration is smooth and instant torque makes overtaking effortless.,Performance & Ride Quality,acceleration smooth instant torque make overtaking effortless,Acceleration is smooth and instant torque makes overtaking effortless.,4,0.935713353,"Topic 4: software, month, year, battery, keep",7,0.070715509,"Topic 7: riding, low, smooth, level, impressively",23,1.0,"Topic 23: 30 range, badly, badly winter, cold weather, drops badly, cold"
EV1794,Social Media,EV Scooter,Ola S1,Central,4/14/2025,4,"Read reports about battery fires, safety is my biggest concern before buying.",Safety Features,read report battery fire safety biggest concern buying,"Read reports about battery fires, safety is my biggest concern before buying.",5,0.943749511,"Topic 5: battery, center, service center, service, safety",4,0.062244543,"Topic 4: use, daily use, daily, dropped, within month",12,0.019839421634438036,"Topic 12: battery disposal, environmental, disposal, disposal recycling, concerned, concerned environmental"
EV1795,Survey,EV Car,Tata Nexon EV,South,5/15/2025,3,"The real world range is much lower than advertised, I only get 150 km on a full charge. Software glitches caused the dashboard to freeze twice in a month.","Range Anxiety, Software & Connectivity",real world range lower advertised full charge software glitch caused dashboard freeze twice month,"The real world range is much lower than advertised, I only get 150 km on a full charge. Software glitches caused the dashboard to freeze twice in a month.",4,0.509264382,"Topic 4: software, month, year, battery, keep",9,0.32528728,"Topic 9: dashboard, caused dashboard, caused, dashboard freeze, freeze twice",1,1.0,"Topic 1: range, transparent, proper, time company, proper information, battery degrades"
EV1796,Social Media,EV Car,Tata Nexon EV,North,11/10/2024,4,Charging infrastructure in tier 2 and tier 3 cities is almost non-existent.,Charging Infrastructure,charging infrastructure tier tier city almost non existent,Charging infrastructure in tier 2 and tier 3 cities is almost non-existent.,6,0.943748493,"Topic 6: charging, battery, almost, tier, use",0,0.022957622,"Topic 0: cost, replacement cost, replacement, price, battery",16,1.0,"Topic 16: tier, surprisingly, surprisingly high, compared petrol, insurance premium, insurance"
EV1797,Survey,EV Car,BYD Atto 3,North,4/26/2024,4,"The companion app keeps crashing, needs urgent software updates. Price after subsidy is still higher than a comparable petrol scooter.","Software & Connectivity, Price & Subsidy",companion app keep crashing need urgent software update price subsidy higher comparable petrol scooter,"The companion app keeps crashing, needs urgent software updates. Price after subsidy is still higher than a comparable petrol scooter.",4,0.582823999,"Topic 4: software, month, year, battery, keep",6,0.288024703,"Topic 6: app, keep, update, software update, need",17,1.0,"Topic 17: app keeps, crashing, crashing needs, companion app, companion, urgent software"
EV1798,Marketplace Review,EV Scooter,TVS iQube,East,5/3/2024,4,"Concerned about environmental impact of battery disposal and recycling. Read reports about battery fires, safety is my biggest concern before buying. Worried about battery degradation and replacement cost after warranty ends.","Environmental Impact, Safety Features, Battery Life & Degradation",concerned environmental impact battery disposal recycling read report battery fire safety biggest concern buying worried battery degradation replacement cost warranty end,"Concerned about environmental impact of battery disposal and recycling. Read reports about battery fires, safety is my biggest concern before buying. Worried about battery degradation and replacement cost after warranty ends.",5,0.40914633,"Topic 5: battery, center, service center, service, safety",5,0.235638403,"Topic 5: battery disposal, disposal recycling, concerned, environmental impact, environmental",12,1.0,"Topic 12: battery disposal, environmental, disposal, disposal recycling, concerned, concerned environmental"
EV1799,Survey,EV Car,Hyundai Kona,North,10/7/2024,3,"Battery replacement cost is almost half the price of the vehicle, very concerning.",Battery Life & Degradation,battery replacement cost almost half price concerning,"Battery replacement cost is almost half the price of the vehicle, very concerning.",0,0.935712194,"Topic 0: cost, battery, replacement cost, replacement, city",0,0.109297637,"Topic 0: cost, replacement cost, replacement, price, battery",10,1.0,"Topic 10: battery replacement, cost half, half price, concerning, price vehicle, vehicle concerning"
EV1800,Customer Support,EV Car,Tesla Model 3,Central,6/17/2024,4,Navigation system integrated with range prediction is genuinely useful. The upfront price is high but government subsidy makes it affordable.,"Software & Connectivity, Price & Subsidy",navigation system integrated range prediction genuinely useful upfront price high government subsidy make affordable,Navigation system integrated with range prediction is genuinely useful. The upfront price is high but government subsidy makes it affordable.,1,0.539127206,"Topic 1: range, system, genuinely, useful, genuinely useful",7,0.05199653,"Topic 7: riding, low, smooth, level, impressively",2,0.02922762786810798,"Topic 2: makes, high, size makes, park, easy, maneuver"
EV1801,Marketplace Review,EV Car,Tata Nexon EV,South,1/17/2024,4,"The companion app keeps crashing, needs urgent software updates. Finding a working charging station in my city is still very difficult.","Software & Connectivity, Charging Infrastructure",companion app keep crashing need urgent software update finding working charging station city difficult,"The companion app keeps crashing, needs urgent software updates. Finding a working charging station in my city is still very difficult.",4,0.547052469,"Topic 4: software, month, year, battery, keep",6,0.336109093,"Topic 6: app, keep, update, software update, need",17,0.82806515936305,"Topic 17: app keeps, crashing, crashing needs, companion app, companion, urgent software"
EV1802,Customer Support,EV Car,Tata Nexon EV,West,5/2/2025,4,Battery health dropped to 85% within 18 months of daily use.,Battery Life & Degradation,battery health dropped within month daily use,Battery health dropped to 85% within 18 months of daily use.,6,0.935712492,"Topic 6: charging, battery, almost, tier, use",4,0.39372037,"Topic 4: use, daily use, daily, dropped, within month",13,1.0,"Topic 13: 18, 18 months, 85, 85 18, health dropped, months daily"
EV1803,Customer Support,EV Car,Tesla Model 3,Central,4/6/2025,4,Compact size makes it easy to park and maneuver in city traffic. The upfront price is high but government subsidy makes it affordable. Battery performance is stable even after two years of heavy usage.,"Design & Aesthetics, Price & Subsidy, Battery Life & Degradation",compact size make easy park maneuver city traffic upfront price high government subsidy make affordable battery performance stable two year heavy usage,Compact size makes it easy to park and maneuver in city traffic. The upfront price is high but government subsidy makes it affordable. Battery performance is stable even after two years of heavy usage.,1,0.382901034,"Topic 1: range, system, genuinely, useful, genuinely useful",0,0.053799249,"Topic 0: cost, replacement cost, replacement, price, battery",2,0.09143709761744614,"Topic 2: makes, high, size makes, park, easy, maneuver"
EV1804,Marketplace Review,EV Car,Tesla Model 3,Central,3/31/2024,4,"After sales support has been excellent, quick response and doorstep service.",Service & After-Sales,sale support excellent quick response doorstep service,"After sales support has been excellent, quick response and doorstep service.",2,0.935713634,"Topic 2: feel, quality, range, support, quality feel",8,0.11298738,"Topic 8: service, service center, center, appointment long, center needed",21,1.0,"Topic 21: cost warranty, battery degradation, warranty ends, ends, degradation replacement, worried battery"
EV1805,Social Media,EV Scooter,Ola S1,South,4/30/2024,4,"Heard about a thermal runaway incident, this has shaken my trust in EV safety. Love the app that shows nearby charging stations, very convenient feature.","Safety Features, Charging Infrastructure",heard thermal runaway incident shaken trust safety love app show nearby charging station convenient feature,"Heard about a thermal runaway incident, this has shaken my trust in EV safety. Love the app that shows nearby charging stations, very convenient feature.",6,0.489470499,"Topic 6: charging, battery, almost, tier, use",6,0.096576016,"Topic 6: app, keep, update, software update, need",8,0.0017458531408938598,"Topic 8: vehicle good, test ratings, test, purchase decision, ratings, ratings reassured"
EV1806,Social Media,EV Car,Mahindra XUV400,East,2/24/2024,4,Total cost of ownership is great once you factor in low maintenance and fuel savings. Charging infrastructure in tier 2 and tier 3 cities is almost non-existent.,"Price & Subsidy, Charging Infrastructure",total cost ownership great factor low maintenance fuel saving charging infrastructure tier tier city almost non existent,Total cost of ownership is great once you factor in low maintenance and fuel savings. Charging infrastructure in tier 2 and tier 3 cities is almost non-existent.,0,0.553222789,"Topic 0: cost, battery, replacement cost, replacement, city",7,0.043072582,"Topic 7: riding, low, smooth, level, impressively",16,1.0,"Topic 16: tier, surprisingly, surprisingly high, compared petrol, insurance premium, insurance"
EV1807,Social Media,EV Scooter,Ather 450X,North,2/25/2024,3,"The motor is powerful and pickup is much better than petrol variants. Spare parts availability is a major issue, waited a month for a replacement part.","Performance & Ride Quality, Service & After-Sales",motor powerful pickup better petrol variant spare part availability major issue waited month replacement part,"The motor is powerful and pickup is much better than petrol variants. Spare parts availability is a major issue, waited a month for a replacement part.",3,0.968964991,"Topic 3: safety, use, highway, part, feature",9,0.019143337,"Topic 9: dashboard, caused dashboard, caused, dashboard freeze, freeze twice",9,1.0,"Topic 9: lot, better, expected, attracts lot, attracts, looks futuristic"
EV1808,Marketplace Review,EV Scooter,TVS iQube,North,4/16/2024,5,"I'm always worried about running out of charge before reaching my destination. Read reports about battery fires, safety is my biggest concern before buying.","Range Anxiety, Safety Features",always worried running charge reaching destination read report battery fire safety biggest concern buying,"I'm always worried about running out of charge before reaching my destination. Read reports about battery fires, safety is my biggest concern before buying.",5,0.966666224,"Topic 5: battery, center, service center, service, safety",4,0.048187939,"Topic 4: use, daily use, daily, dropped, within month",12,0.041512471733045654,"Topic 12: battery disposal, environmental, disposal, disposal recycling, concerned, concerned environmental"
EV1809,Survey,EV Car,Mahindra XUV400,North,8/28/2024,5,Navigation system integrated with range prediction is genuinely useful.,Software & Connectivity,navigation system integrated range prediction genuinely useful,Navigation system integrated with range prediction is genuinely useful.,1,0.935713504,"Topic 1: range, system, genuinely, useful, genuinely useful",7,0.077765455,"Topic 7: riding, low, smooth, level, impressively",8,0.029165192072891415,"Topic 8: vehicle good, test ratings, test, purchase decision, ratings, ratings reassured"
EV1810,Social Media,EV Scooter,Bajaj Chetak,East,8/23/2024,5,"Love the app that shows nearby charging stations, very convenient feature.",Charging Infrastructure,love app show nearby charging station convenient feature,"Love the app that shows nearby charging stations, very convenient feature.",6,0.943748039,"Topic 6: charging, battery, almost, tier, use",6,0.138731495,"Topic 6: app, keep, update, software update, need",8,0.011137645405069532,"Topic 8: vehicle good, test ratings, test, purchase decision, ratings, ratings reassured"
EV1811,Social Media,EV Car,Tata Nexon EV,West,7/23/2024,5,"The design looks futuristic and attracts a lot of attention on the road. For the price, I expected better build quality and more features.","Design & Aesthetics, Price & Subsidy",design look futuristic attracts lot attention road price expected better build quality feature,"The design looks futuristic and attracts a lot of attention on the road. For the price, I expected better build quality and more features.",2,0.963999209,"Topic 2: feel, quality, range, support, quality feel",8,0.043175706,"Topic 8: service, service center, center, appointment long, center needed",9,1.0,"Topic 9: lot, better, expected, attracts lot, attracts, looks futuristic"
EV1812,Marketplace Review,EV Scooter,Ola S1,South,8/9/2024,3,"Zero tailpipe emissions is the main reason I chose an electric vehicle. Bluetooth connectivity drops frequently while riding, very frustrating.","Environmental Impact, Software & Connectivity",zero tailpipe emission main reason chose bluetooth connectivity drop frequently riding frustrating,"Zero tailpipe emissions is the main reason I chose an electric vehicle. Bluetooth connectivity drops frequently while riding, very frustrating.",8,0.482608667,"Topic 8: range, drop, defeat purpose, energy, energy used",7,0.181131436,"Topic 7: riding, low, smooth, level, impressively",19,0.7099904363819589,"Topic 19: chose, chose electric, emissions, emissions main, reason, reason chose"
EV1813,Marketplace Review,EV Scooter,Ather 450X,South,1/2/2025,4,"There are very few authorized service centers, had to travel 250 km for repair.",Service & After-Sales,authorized service center travel repair,"There are very few authorized service centers, had to travel 250 km for repair.",5,0.909999018,"Topic 5: battery, center, service center, service, safety",8,0.271343284,"Topic 8: service, service center, center, appointment long, center needed",10,0.0036677049385768676,"Topic 10: battery replacement, cost half, half price, concerning, price vehicle, vehicle concerning"
EV1814,Survey,EV Car,Tata Nexon EV,East,5/19/2024,5,Charging infrastructure in tier 2 and tier 3 cities is almost non-existent.,Charging Infrastructure,charging infrastructure tier tier city almost non existent,Charging infrastructure in tier 2 and tier 3 cities is almost non-existent.,6,0.943748493,"Topic 6: charging, battery, almost, tier, use",0,0.022957622,"Topic 0: cost, replacement cost, replacement, price, battery",16,1.0,"Topic 16: tier, surprisingly, surprisingly high, compared petrol, insurance premium, insurance"
EV1815,Social Media,EV Scooter,Bajaj Chetak,East,8/13/2024,3,"Customer support over phone is helpful and resolves issues quickly. Battery performance is stable even after two years of heavy usage. Read reports about battery fires, safety is my biggest concern before buying.","Service & After-Sales, Battery Life & Degradation, Safety Features",customer support phone helpful resolve issue quickly battery performance stable two year heavy usage read report battery fire safety biggest concern buying,"Customer support over phone is helpful and resolves issues quickly. Battery performance is stable even after two years of heavy usage. Read reports about battery fires, safety is my biggest concern before buying.",5,0.38311549,"Topic 5: battery, center, service center, service, safety",8,0.05429472,"Topic 8: service, service center, center, appointment long, center needed",12,0.08890894847166304,"Topic 12: battery disposal, environmental, disposal, disposal recycling, concerned, concerned environmental"
EV1816,Marketplace Review,EV Car,Mahindra XUV400,South,4/29/2025,5,Touchscreen infotainment system lags and is not very intuitive to use.,Software & Connectivity,touchscreen infotainment system lag intuitive use,Touchscreen infotainment system lags and is not very intuitive to use.,8,0.92499737,"Topic 8: range, drop, defeat purpose, energy, energy used",2,0.072613133,"Topic 2: braking, system, work well, work, well",18,1.0,"Topic 18: infotainment, infotainment lags, touchscreen, touchscreen infotainment, lags intuitive, lags"
EV1817,Marketplace Review,EV Car,Tesla Model 3,South,9/10/2024,4,"Noise levels are impressively low, riding experience is very smooth and quiet.",Performance & Ride Quality,noise level impressively low riding experience smooth quiet,"Noise levels are impressively low, riding experience is very smooth and quiet.",9,0.943749598,"Topic 9: price, subsidy, service, battery disposal, concerned environmental",7,0.346479625,"Topic 7: riding, low, smooth, level, impressively",3,0.19974870369441208,"Topic 3: low, stability control, control wet, impressive, impressive inspires, wet"
EV1818,Social Media,EV Car,BYD Atto 3,Central,1/6/2024,5,The design looks futuristic and attracts a lot of attention on the road. Battery range degrades faster than expected after just one year of use.,"Design & Aesthetics, Range Anxiety",design look futuristic attracts lot attention road battery range degrades faster expected year use,The design looks futuristic and attracts a lot of attention on the road. Battery range degrades faster than expected after just one year of use.,2,0.520304595,"Topic 2: feel, quality, range, support, quality feel",4,0.059062404,"Topic 4: use, daily use, daily, dropped, within month",9,1.0,"Topic 9: lot, better, expected, attracts lot, attracts, looks futuristic"
EV1819,Marketplace Review,EV Car,Mahindra XUV400,West,4/10/2024,4,"Bluetooth connectivity drops frequently while riding, very frustrating.",Software & Connectivity,bluetooth connectivity drop frequently riding frustrating,"Bluetooth connectivity drops frequently while riding, very frustrating.",8,0.924999723,"Topic 8: range, drop, defeat purpose, energy, energy used",7,0.103162611,"Topic 7: riding, low, smooth, level, impressively",11,1.0,"Topic 11: home, bluetooth, riding frustrating, connectivity, bluetooth connectivity, drops frequently"
EV1820,Survey,EV Car,Tata Nexon EV,West,8/11/2024,4,The battery warranty of 200 years gives me confidence in long term reliability.,Battery Life & Degradation,battery warranty year give confidence long term reliability,The battery warranty of 200 years gives me confidence in long term reliability.,4,0.943748007,"Topic 4: software, month, year, battery, keep",8,0.048653052,"Topic 8: service, service center, center, appointment long, center needed",4,1.0,"Topic 4: big motivation, big, motivation going, motivation, contributing, going"
EV1821,Survey,EV Car,Tesla Model 3,North,5/6/2025,5,"There are very few authorized service centers, had to travel 5 km for repair.",Service & After-Sales,authorized service center travel repair,"There are very few authorized service centers, had to travel 5 km for repair.",5,0.909999018,"Topic 5: battery, center, service center, service, safety",8,0.271343284,"Topic 8: service, service center, center, appointment long, center needed",10,0.0036680321931437,"Topic 10: battery replacement, cost half, half price, concerning, price vehicle, vehicle concerning"
EV1822,Survey,EV Scooter,Ampere Magnus,West,4/19/2025,3,"Battery health dropped to 85% within 18 months of daily use. LED lighting and digital dashboard give it a premium, modern look.","Battery Life & Degradation, Design & Aesthetics",battery health dropped within month daily use led lighting digital dashboard give premium modern look,"Battery health dropped to 85% within 18 months of daily use. LED lighting and digital dashboard give it a premium, modern look.",0,0.552885572,"Topic 0: cost, battery, replacement cost, replacement, city",4,0.24496807,"Topic 4: use, daily use, daily, dropped, within month",13,1.0,"Topic 13: 18, 18 months, 85, 85 18, health dropped, months daily"
EV1823,Marketplace Review,EV Scooter,Hero Vida V1,North,3/13/2024,4,Build materials feel sturdy but the design is a bit too plain compared to rivals.,Design & Aesthetics,build material feel sturdy design bit plain compared rival,Build materials feel sturdy but the design is a bit too plain compared to rivals.,6,0.949998733,"Topic 6: charging, battery, almost, tier, use",8,0.127332354,"Topic 8: service, service center, center, appointment long, center needed",14,1.0,"Topic 14: service, bit plain, design bit, compared rivals, bit, materials feel"
EV1824,Survey,EV Scooter,Ampere Magnus,East,3/12/2025,4,"Waiting time for service appointment is too long, more service centers needed.",Service & After-Sales,waiting time service appointment long service center needed,"Waiting time for service appointment is too long, more service centers needed.",9,0.943747689,"Topic 9: price, subsidy, service, battery disposal, concerned environmental",8,0.379906776,"Topic 8: service, service center, center, appointment long, center needed",14,1.0,"Topic 14: service, bit plain, design bit, compared rivals, bit, materials feel"
EV1825,Survey,EV Car,Tesla Model 3,Central,12/9/2024,3,"AC usage kills the range, on hot days I barely get half the claimed distance. Advanced safety features like ABS and traction control give peace of mind.","Range Anxiety, Safety Features",usage kill range hot day barely half claimed distance advanced safety feature ab traction control give peace mind,"AC usage kills the range, on hot days I barely get half the claimed distance. Advanced safety features like ABS and traction control give peace of mind.",3,0.488571865,"Topic 3: safety, use, highway, part, feature",3,0.271731875,"Topic 3: ab, ab traction, control give, traction, traction control",4,1.0,"Topic 4: big motivation, big, motivation going, motivation, contributing, going"
EV1826,Customer Support,EV Car,Mahindra XUV400,West,2/11/2024,3,"Suspension is too stiff, ride quality is uncomfortable on bad roads. Energy used to charge still comes mostly from coal in my region, defeats the purpose somewhat.","Performance & Ride Quality, Environmental Impact",suspension stiff ride quality uncomfortable road energy used charge come mostly coal region defeat purpose somewhat,"Suspension is too stiff, ride quality is uncomfortable on bad roads. Energy used to charge still comes mostly from coal in my region, defeats the purpose somewhat.",8,0.616130208,"Topic 8: range, drop, defeat purpose, energy, energy used",1,0.324112558,"Topic 1: charge come, defeat purpose, defeat, come mostly, come",8,0.17566504079446427,"Topic 8: vehicle good, test ratings, test, purchase decision, ratings, ratings reassured"
EV1827,Social Media,EV Car,BYD Atto 3,South,12/8/2024,5,"Running cost is much lower than petrol, saving a lot on fuel every month.",Price & Subsidy,running cost lower petrol saving lot fuel every month,"Running cost is much lower than petrol, saving a lot on fuel every month.",4,0.949998874,"Topic 4: software, month, year, battery, keep",9,0.051628088,"Topic 9: dashboard, caused dashboard, caused, dashboard freeze, freeze twice",9,0.009724213040108027,"Topic 9: lot, better, expected, attracts lot, attracts, looks futuristic"
EV1828,Social Media,EV Scooter,Hero Vida V1,South,11/24/2024,5,"Noise levels are impressively low, riding experience is very smooth and quiet. After sales support has been excellent, quick response and doorstep service.","Performance & Ride Quality, Service & After-Sales",noise level impressively low riding experience smooth quiet sale support excellent quick response doorstep service,"Noise levels are impressively low, riding experience is very smooth and quiet. After sales support has been excellent, quick response and doorstep service.",9,0.542400801,"Topic 9: price, subsidy, service, battery disposal, concerned environmental",7,0.264829306,"Topic 7: riding, low, smooth, level, impressively",3,0.20075603983584098,"Topic 3: low, stability control, control wet, impressive, impressive inspires, wet"
EV1829,Customer Support,EV Car,Tata Nexon EV,East,4/8/2025,4,Navigation system integrated with range prediction is genuinely useful.,Software & Connectivity,navigation system integrated range prediction genuinely useful,Navigation system integrated with range prediction is genuinely useful.,1,0.935713504,"Topic 1: range, system, genuinely, useful, genuinely useful",7,0.077765455,"Topic 7: riding, low, smooth, level, impressively",8,0.02916952479785691,"Topic 8: vehicle good, test ratings, test, purchase decision, ratings, ratings reassured"
EV1830,Customer Support,EV Car,Mahindra XUV400,West,1/11/2025,5,"Charging infrastructure in tier 2 and tier 3 cities is almost non-existent. Running cost is much lower than petrol, saving a lot on fuel every month.","Charging Infrastructure, Price & Subsidy",charging infrastructure tier tier city almost non existent running cost lower petrol saving lot fuel every month,"Charging infrastructure in tier 2 and tier 3 cities is almost non-existent. Running cost is much lower than petrol, saving a lot on fuel every month.",4,0.506612468,"Topic 4: software, month, year, battery, keep",0,0.047889268,"Topic 0: cost, replacement cost, replacement, price, battery",16,1.0,"Topic 16: tier, surprisingly, surprisingly high, compared petrol, insurance premium, insurance"
EV1831,Social Media,EV Car,Mahindra XUV400,East,3/19/2024,4,Home charging setup was expensive and took weeks to install.,Charging Infrastructure,home charging setup expensive took week install,Home charging setup was expensive and took weeks to install.,5,0.935713411,"Topic 5: battery, center, service center, service, safety",5,0.034397189,"Topic 5: battery disposal, disposal recycling, concerned, environmental impact, environmental",11,1.0,"Topic 11: home, bluetooth, riding frustrating, connectivity, bluetooth connectivity, drops frequently"
EV1832,Social Media,EV Scooter,Ola S1,West,6/3/2024,5,The upfront price is high but government subsidy makes it affordable. The vehicle has good crash test ratings which reassured my purchase decision.,"Price & Subsidy, Safety Features",upfront price high government subsidy make affordable crash test rating reassured purchase decision,The upfront price is high but government subsidy makes it affordable. The vehicle has good crash test ratings which reassured my purchase decision.,9,0.963999569,"Topic 9: price, subsidy, service, battery disposal, concerned environmental",9,0.068036025,"Topic 9: dashboard, caused dashboard, caused, dashboard freeze, freeze twice",8,0.0016648410890092702,"Topic 8: vehicle good, test ratings, test, purchase decision, ratings, ratings reassured"
EV1833,Social Media,EV Scooter,Hero Vida V1,West,12/21/2024,5,Build materials feel sturdy but the design is a bit too plain compared to rivals. Software glitches caused the dashboard to freeze twice in a month.,"Design & Aesthetics, Software & Connectivity",build material feel sturdy design bit plain compared rival software glitch caused dashboard freeze twice month,Build materials feel sturdy but the design is a bit too plain compared to rivals. Software glitches caused the dashboard to freeze twice in a month.,6,0.57713363,"Topic 6: charging, battery, almost, tier, use",9,0.303706277,"Topic 9: dashboard, caused dashboard, caused, dashboard freeze, freeze twice",14,1.0,"Topic 14: service, bit plain, design bit, compared rivals, bit, materials feel"
EV1834,Social Media,EV Car,Hyundai Kona,North,1/23/2024,3,"Resale value of electric vehicles is still uncertain, worried about depreciation. Emergency braking and collision alert systems work really well in traffic.","Price & Subsidy, Safety Features",resale value uncertain worried depreciation emergency braking collision alert system work well traffic,"Resale value of electric vehicles is still uncertain, worried about depreciation. Emergency braking and collision alert systems work really well in traffic.",7,0.96399981,"Topic 7: braking, work, system, work well, well",2,0.23932184,"Topic 2: braking, system, work well, work, well",5,0.04585382628117737,"Topic 5: air software, improving, great feature, keeps improving, updates great, improving time"
EV1835,Customer Support,EV Scooter,Hero Vida V1,West,6/26/2025,5,Emergency braking and collision alert systems work really well in traffic. Touchscreen infotainment system lags and is not very intuitive to use.,"Safety Features, Software & Connectivity",emergency braking collision alert system work well traffic touchscreen infotainment system lag intuitive use,Emergency braking and collision alert systems work really well in traffic. Touchscreen infotainment system lags and is not very intuitive to use.,7,0.588413235,"Topic 7: braking, work, system, work well, well",2,0.280408178,"Topic 2: braking, system, work well, work, well",0,0.015220798700395671,"Topic 0: collision, systems, braking collision, collision alert, systems work, really traffic"
EV1836,Social Media,EV Car,Hyundai Kona,East,8/20/2024,5,Touchscreen infotainment system lags and is not very intuitive to use.,Software & Connectivity,touchscreen infotainment system lag intuitive use,Touchscreen infotainment system lags and is not very intuitive to use.,8,0.92499737,"Topic 8: range, drop, defeat purpose, energy, energy used",2,0.072613133,"Topic 2: braking, system, work well, work, well",18,1.0,"Topic 18: infotainment, infotainment lags, touchscreen, touchscreen infotainment, lags intuitive, lags"
EV1837,Social Media,EV Scooter,Ola S1,East,10/18/2024,4,Navigation system integrated with range prediction is genuinely useful. Battery health dropped to 85% within 18 months of daily use.,"Software & Connectivity, Battery Life & Degradation",navigation system integrated range prediction genuinely useful battery health dropped within month daily use,Navigation system integrated with range prediction is genuinely useful. Battery health dropped to 85% within 18 months of daily use.,1,0.485185322,"Topic 1: range, system, genuinely, useful, genuinely useful",4,0.26944229,"Topic 4: use, daily use, daily, dropped, within month",13,0.02941325451670617,"Topic 13: 18, 18 months, 85, 85 18, health dropped, months daily"
EV1838,Social Media,EV Scooter,Ather 450X,South,6/14/2024,2,"The upfront price is high but government subsidy makes it affordable. Love the app that shows nearby charging stations, very convenient feature.","Price & Subsidy, Charging Infrastructure",upfront price high government subsidy make affordable love app show nearby charging station convenient feature,"The upfront price is high but government subsidy makes it affordable. Love the app that shows nearby charging stations, very convenient feature.",9,0.515819834,"Topic 9: price, subsidy, service, battery disposal, concerned environmental",6,0.100571977,"Topic 6: app, keep, update, software update, need",8,0.0016669256628768052,"Topic 8: vehicle good, test ratings, test, purchase decision, ratings, ratings reassured"
EV1839,Customer Support,EV Car,Mahindra XUV400,East,7/7/2024,4,The upfront price is high but government subsidy makes it affordable.,Price & Subsidy,upfront price high government subsidy make affordable,The upfront price is high but government subsidy makes it affordable.,9,0.935713,"Topic 9: price, subsidy, service, battery disposal, concerned environmental",0,0.054278679,"Topic 0: cost, replacement cost, replacement, price, battery",2,0.0016629071462792094,"Topic 2: makes, high, size makes, park, easy, maneuver"
EV1840,Social Media,EV Scooter,TVS iQube,East,4/4/2025,4,"Read reports about battery fires, safety is my biggest concern before buying.",Safety Features,read report battery fire safety biggest concern buying,"Read reports about battery fires, safety is my biggest concern before buying.",5,0.943749511,"Topic 5: battery, center, service center, service, safety",4,0.062244543,"Topic 4: use, daily use, daily, dropped, within month",12,0.020051564725597094,"Topic 12: battery disposal, environmental, disposal, disposal recycling, concerned, concerned environmental"
EV1841,Survey,EV Scooter,Ola S1,West,5/26/2025,4,"Battery replacement cost is almost half the price of the vehicle, very concerning.",Battery Life & Degradation,battery replacement cost almost half price concerning,"Battery replacement cost is almost half the price of the vehicle, very concerning.",0,0.935712194,"Topic 0: cost, battery, replacement cost, replacement, city",0,0.109297637,"Topic 0: cost, replacement cost, replacement, price, battery",10,1.0,"Topic 10: battery replacement, cost half, half price, concerning, price vehicle, vehicle concerning"
EV1842,Survey,EV Scooter,Ather 450X,Central,6/3/2025,4,"Build quality feels premium and the ride is extremely comfortable. After sales support has been excellent, quick response and doorstep service.","Performance & Ride Quality, Service & After-Sales",build quality feel premium ride extremely comfortable sale support excellent quick response doorstep service,"Build quality feels premium and the ride is extremely comfortable. After sales support has been excellent, quick response and doorstep service.",2,0.966666273,"Topic 2: feel, quality, range, support, quality feel",8,0.108206881,"Topic 8: service, service center, center, appointment long, center needed",21,0.01026189841061808,"Topic 21: cost warranty, battery degradation, warranty ends, ends, degradation replacement, worried battery"
EV1843,Marketplace Review,EV Car,BYD Atto 3,East,4/25/2024,4,"The companion app keeps crashing, needs urgent software updates.",Software & Connectivity,companion app keep crashing need urgent software update,"The companion app keeps crashing, needs urgent software updates.",4,0.943749217,"Topic 4: software, month, year, battery, keep",6,0.391311163,"Topic 6: app, keep, update, software update, need",17,1.0,"Topic 17: app keeps, crashing, crashing needs, companion app, companion, urgent software"
EV1844,Survey,EV Car,Tesla Model 3,East,1/26/2024,3,"Storage space under the seat is very limited, not practical for daily use. Resale value of electric vehicles is still uncertain, worried about depreciation.","Design & Aesthetics, Price & Subsidy",storage space seat limited practical daily use resale value uncertain worried depreciation,"Storage space under the seat is very limited, not practical for daily use. Resale value of electric vehicles is still uncertain, worried about depreciation.",3,0.569564413,"Topic 3: safety, use, highway, part, feature",4,0.109742238,"Topic 4: use, daily use, daily, dropped, within month",5,0.0454334304365957,"Topic 5: air software, improving, great feature, keeps improving, updates great, improving time"
EV1845,Survey,EV Car,Hyundai Kona,Central,7/18/2024,4,"Energy used to charge still comes mostly from coal in my region, defeats the purpose somewhat.",Environmental Impact,energy used charge come mostly coal region defeat purpose somewhat,"Energy used to charge still comes mostly from coal in my region, defeats the purpose somewhat.",8,0.954999819,"Topic 8: range, drop, defeat purpose, energy, energy used",1,0.428435062,"Topic 1: charge come, defeat purpose, defeat, come mostly, come",6,1.0,"Topic 6: coal, defeats purpose, defeats, coal region, comes coal, comes"
EV1846,Social Media,EV Car,Hyundai Kona,North,3/26/2024,5,Stability control on wet roads is impressive and inspires confidence. Software glitches caused the dashboard to freeze twice in a month.,"Safety Features, Software & Connectivity",stability control wet road impressive inspires confidence software glitch caused dashboard freeze twice month,Stability control on wet roads is impressive and inspires confidence. Software glitches caused the dashboard to freeze twice in a month.,4,0.488253098,"Topic 4: software, month, year, battery, keep",9,0.316755592,"Topic 9: dashboard, caused dashboard, caused, dashboard freeze, freeze twice",3,1.0,"Topic 3: low, stability control, control wet, impressive, impressive inspires, wet"
EV1847,Marketplace Review,EV Car,BYD Atto 3,South,5/17/2025,3,Acceleration is smooth and instant torque makes overtaking effortless. Stability control on wet roads is impressive and inspires confidence.,"Performance & Ride Quality, Safety Features",acceleration smooth instant torque make overtaking effortless stability control wet road impressive inspires confidence,Acceleration is smooth and instant torque makes overtaking effortless. Stability control on wet roads is impressive and inspires confidence.,4,0.503244463,"Topic 4: software, month, year, battery, keep",7,0.228652735,"Topic 7: riding, low, smooth, level, impressively",3,1.0,"Topic 3: low, stability control, control wet, impressive, impressive inspires, wet"
EV1848,Social Media,EV Scooter,Bajaj Chetak,West,1/13/2025,3,Loved the color options and the overall styling of the vehicle.,Design & Aesthetics,loved color option overall styling,Loved the color options and the overall styling of the vehicle.,6,0.91,"Topic 6: charging, battery, almost, tier, use",1,0.016621026,"Topic 1: charge come, defeat purpose, defeat, come mostly, come",24,0.03309384140893881,"Topic 24: braking, braking feels, braking works, responsive, regenerative braking, responsive regenerative"
EV1849,Customer Support,EV Car,Hyundai Kona,East,11/11/2024,3,"Smart key and app based lock features work flawlessly, very convenient.",Software & Connectivity,smart key app based lock feature work flawlessly convenient,"Smart key and app based lock features work flawlessly, very convenient.",9,0.949998977,"Topic 9: price, subsidy, service, battery disposal, concerned environmental",6,0.203971773,"Topic 6: app, keep, update, software update, need",22,0.8948698287303163,"Topic 22: app based, based, based lock, features work, flawlessly, flawlessly convenient"
EV1850,Marketplace Review,EV Car,MG ZS EV,West,3/29/2025,4,"There are very few authorized service centers, had to travel 8 km for repair.",Service & After-Sales,authorized service center travel repair,"There are very few authorized service centers, had to travel 8 km for repair.",5,0.909999018,"Topic 5: battery, center, service center, service, safety",8,0.271343284,"Topic 8: service, service center, center, appointment long, center needed",10,0.003667355409422932,"Topic 10: battery replacement, cost half, half price, concerning, price vehicle, vehicle concerning"
EV1851,Marketplace Review,EV Scooter,Hero Vida V1,South,3/29/2024,5,Battery health dropped to 85% within 18 months of daily use.,Battery Life & Degradation,battery health dropped within month daily use,Battery health dropped to 85% within 18 months of daily use.,6,0.935712492,"Topic 6: charging, battery, almost, tier, use",4,0.39372037,"Topic 4: use, daily use, daily, dropped, within month",13,1.0,"Topic 13: 18, 18 months, 85, 85 18, health dropped, months daily"
EV1852,Customer Support,EV Scooter,Bajaj Chetak,North,1/19/2025,4,Finding a working charging station in my city is still very difficult.,Charging Infrastructure,finding working charging station city difficult,Finding a working charging station in my city is still very difficult.,0,0.924998264,"Topic 0: cost, battery, replacement cost, replacement, city",6,0.061226602,"Topic 6: app, keep, update, software update, need",0,1.0,"Topic 0: collision, systems, braking collision, collision alert, systems work, really traffic"
EV1853,Customer Support,EV Scooter,Hero Vida V1,West,6/28/2024,4,Stability control on wet roads is impressive and inspires confidence. Navigation system integrated with range prediction is genuinely useful.,"Safety Features, Software & Connectivity",stability control wet road impressive inspires confidence navigation system integrated range prediction genuinely useful,Stability control on wet roads is impressive and inspires confidence. Navigation system integrated with range prediction is genuinely useful.,1,0.49995165,"Topic 1: range, system, genuinely, useful, genuinely useful",7,0.238027242,"Topic 7: riding, low, smooth, level, impressively",3,1.0,"Topic 3: low, stability control, control wet, impressive, impressive inspires, wet"
EV1854,Social Media,EV Car,MG ZS EV,West,10/23/2024,4,Emergency braking and collision alert systems work really well in traffic.,Safety Features,emergency braking collision alert system work well traffic,Emergency braking and collision alert systems work really well in traffic.,7,0.943749731,"Topic 7: braking, work, system, work well, well",2,0.319097782,"Topic 2: braking, system, work well, work, well",0,0.015236466811926022,"Topic 0: collision, systems, braking collision, collision alert, systems work, really traffic"
EV1855,Customer Support,EV Car,Hyundai Kona,West,4/19/2025,5,The upfront price is high but government subsidy makes it affordable.,Price & Subsidy,upfront price high government subsidy make affordable,The upfront price is high but government subsidy makes it affordable.,9,0.935713,"Topic 9: price, subsidy, service, battery disposal, concerned environmental",0,0.054278679,"Topic 0: cost, replacement cost, replacement, price, battery",2,0.0016666344161544394,"Topic 2: makes, high, size makes, park, easy, maneuver"
EV1856,Customer Support,EV Car,MG ZS EV,East,4/28/2025,4,"Charging takes too long, almost 6 hours for a full charge at home.",Charging Infrastructure,charging take long almost hour full charge home,"Charging takes too long, almost 6 hours for a full charge at home.",6,0.94374764,"Topic 6: charging, battery, almost, tier, use",1,0.04253604,"Topic 1: charge come, defeat purpose, defeat, come mostly, come",11,0.0103866646815138,"Topic 11: home, bluetooth, riding frustrating, connectivity, bluetooth connectivity, drops frequently"
EV1857,Marketplace Review,EV Scooter,Ather 450X,South,1/30/2024,4,"Charging takes too long, almost 6 hours for a full charge at home.",Charging Infrastructure,charging take long almost hour full charge home,"Charging takes too long, almost 6 hours for a full charge at home.",6,0.94374764,"Topic 6: charging, battery, almost, tier, use",1,0.04253604,"Topic 1: charge come, defeat purpose, defeat, come mostly, come",11,0.010392397675523983,"Topic 11: home, bluetooth, riding frustrating, connectivity, bluetooth connectivity, drops frequently"
EV1858,Customer Support,EV Scooter,Ola S1,Central,5/7/2025,5,Contributing to a cleaner city is a big motivation behind going electric.,Environmental Impact,contributing cleaner city big motivation behind going,Contributing to a cleaner city is a big motivation behind going electric.,0,0.935713847,"Topic 0: cost, battery, replacement cost, replacement, city",0,0.025499456,"Topic 0: cost, replacement cost, replacement, price, battery",4,0.2013942414508832,"Topic 4: big motivation, big, motivation going, motivation, contributing, going"
EV1859,Marketplace Review,EV Scooter,Hero Vida V1,North,1/17/2025,5,Stability control on wet roads is impressive and inspires confidence.,Safety Features,stability control wet road impressive inspires confidence,Stability control on wet roads is impressive and inspires confidence.,0,0.935713446,"Topic 0: cost, battery, replacement cost, replacement, city",7,0.259998231,"Topic 7: riding, low, smooth, level, impressively",3,1.0,"Topic 3: low, stability control, control wet, impressive, impressive inspires, wet"
EV1860,Social Media,EV Car,Hyundai Kona,Central,2/29/2024,4,"Battery replacement cost is almost half the price of the vehicle, very concerning. Suspension is too stiff, ride quality is uncomfortable on bad roads.","Battery Life & Degradation, Performance & Ride Quality",battery replacement cost almost half price concerning suspension stiff ride quality uncomfortable road,"Battery replacement cost is almost half the price of the vehicle, very concerning. Suspension is too stiff, ride quality is uncomfortable on bad roads.",0,0.963998973,"Topic 0: cost, battery, replacement cost, replacement, city",0,0.076387187,"Topic 0: cost, replacement cost, replacement, price, battery",10,1.0,"Topic 10: battery replacement, cost half, half price, concerning, price vehicle, vehicle concerning"
EV1861,Survey,EV Scooter,Ather 450X,East,1/4/2025,4,"The design looks futuristic and attracts a lot of attention on the road. Braking system feels sharp and responsive, regenerative braking works well.","Design & Aesthetics, Performance & Ride Quality",design look futuristic attracts lot attention road braking system feel sharp responsive regenerative braking work well,"The design looks futuristic and attracts a lot of attention on the road. Braking system feels sharp and responsive, regenerative braking works well.",7,0.537297718,"Topic 7: braking, work, system, work well, well",2,0.268738499,"Topic 2: braking, system, work well, work, well",24,0.5295759187324406,"Topic 24: braking, braking feels, braking works, responsive, regenerative braking, responsive regenerative"
EV1862,Survey,EV Scooter,Ampere Magnus,Central,7/17/2024,4,"Battery performance is stable even after two years of heavy usage. Love the app that shows nearby charging stations, very convenient feature. Concerned about environmental impact of battery disposal and recycling.","Battery Life & Degradation, Charging Infrastructure, Environmental Impact",battery performance stable two year heavy usage love app show nearby charging station convenient feature concerned environmental impact battery disposal recycling,"Battery performance is stable even after two years of heavy usage. Love the app that shows nearby charging stations, very convenient feature. Concerned about environmental impact of battery disposal and recycling.",6,0.68800248,"Topic 6: charging, battery, almost, tier, use",5,0.240246325,"Topic 5: battery disposal, disposal recycling, concerned, environmental impact, environmental",12,0.08881801316812311,"Topic 12: battery disposal, environmental, disposal, disposal recycling, concerned, concerned environmental"
EV1863,Customer Support,EV Scooter,TVS iQube,North,12/26/2024,3,Worried about battery degradation and replacement cost after warranty ends.,Battery Life & Degradation,worried battery degradation replacement cost warranty end,Worried about battery degradation and replacement cost after warranty ends.,0,0.935712873,"Topic 0: cost, battery, replacement cost, replacement, city",0,0.107282482,"Topic 0: cost, replacement cost, replacement, price, battery",21,1.0,"Topic 21: cost warranty, battery degradation, warranty ends, ends, degradation replacement, worried battery"
EV1864,Customer Support,EV Car,BYD Atto 3,East,5/11/2025,4,The design looks futuristic and attracts a lot of attention on the road. The motor is powerful and pickup is much better than petrol variants. Battery health dropped to 85% within 18 months of daily use.,"Design & Aesthetics, Performance & Ride Quality, Battery Life & Degradation",design look futuristic attracts lot attention road motor powerful pickup better petrol variant battery health dropped within month daily use,The design looks futuristic and attracts a lot of attention on the road. The motor is powerful and pickup is much better than petrol variants. Battery health dropped to 85% within 18 months of daily use.,2,0.347479427,"Topic 2: feel, quality, range, support, quality feel",4,0.214701319,"Topic 4: use, daily use, daily, dropped, within month",9,1.0,"Topic 9: lot, better, expected, attracts lot, attracts, looks futuristic"
EV1865,Survey,EV Car,MG ZS EV,West,4/16/2025,4,Home charging setup was expensive and took weeks to install. Switching to EV feels good knowing I'm reducing my carbon footprint.,"Charging Infrastructure, Environmental Impact",home charging setup expensive took week install switching feel knowing reducing carbon footprint,Home charging setup was expensive and took weeks to install. Switching to EV feels good knowing I'm reducing my carbon footprint.,5,0.514533832,"Topic 5: battery, center, service center, service, safety",8,0.071660468,"Topic 8: service, service center, center, appointment long, center needed",7,1.0,"Topic 7: ev, good knowing, knowing, feels good, carbon footprint, knowing reducing"
EV1866,Customer Support,EV Scooter,TVS iQube,East,5/22/2024,4,Navigation system integrated with range prediction is genuinely useful.,Software & Connectivity,navigation system integrated range prediction genuinely useful,Navigation system integrated with range prediction is genuinely useful.,1,0.935713504,"Topic 1: range, system, genuinely, useful, genuinely useful",7,0.077765455,"Topic 7: riding, low, smooth, level, impressively",8,0.029308968639529087,"Topic 8: vehicle good, test ratings, test, purchase decision, ratings, ratings reassured"
EV1867,Customer Support,EV Scooter,Ather 450X,North,5/1/2024,4,Total cost of ownership is great once you factor in low maintenance and fuel savings.,Price & Subsidy,total cost ownership great factor low maintenance fuel saving,Total cost of ownership is great once you factor in low maintenance and fuel savings.,0,0.949998942,"Topic 0: cost, battery, replacement cost, replacement, city",7,0.056445734,"Topic 7: riding, low, smooth, level, impressively",3,1.0,"Topic 3: low, stability control, control wet, impressive, impressive inspires, wet"
EV1868,Social Media,EV Car,Tesla Model 3,East,5/8/2024,4,"Insurance premium for EV is surprisingly high compared to petrol vehicles. No proper information on how battery degrades over time, company should be transparent. Public chargers are often broken or occupied, need more charging stations urgently.","Price & Subsidy, Battery Life & Degradation, Charging Infrastructure",insurance premium surprisingly high compared petrol proper information battery degrades time company transparent public charger often broken occupied need charging station urgently,"Insurance premium for EV is surprisingly high compared to petrol vehicles. No proper information on how battery degrades over time, company should be transparent. Public chargers are often broken or occupied, need more charging stations urgently.",0,0.420021104,"Topic 0: cost, battery, replacement cost, replacement, city",6,0.074353479,"Topic 6: app, keep, update, software update, need",16,1.0,"Topic 16: tier, surprisingly, surprisingly high, compared petrol, insurance premium, insurance"
EV1869,Marketplace Review,EV Car,Tata Nexon EV,West,2/13/2024,3,"Running cost is much lower than petrol, saving a lot on fuel every month.",Price & Subsidy,running cost lower petrol saving lot fuel every month,"Running cost is much lower than petrol, saving a lot on fuel every month.",4,0.949998874,"Topic 4: software, month, year, battery, keep",9,0.051628088,"Topic 9: dashboard, caused dashboard, caused, dashboard freeze, freeze twice",9,0.009753682868214276,"Topic 9: lot, better, expected, attracts lot, attracts, looks futuristic"
EV1870,Survey,EV Car,Tesla Model 3,West,5/1/2024,4,Service center staff are not well trained to handle EV specific issues.,Service & After-Sales,service center staff well trained handle specific issue,Service center staff are not well trained to handle EV specific issues.,5,0.943748934,"Topic 5: battery, center, service center, service, safety",8,0.29569031,"Topic 8: service, service center, center, appointment long, center needed",7,1.0,"Topic 7: ev, good knowing, knowing, feels good, carbon footprint, knowing reducing"
EV1871,Survey,EV Car,Hyundai Kona,North,5/6/2024,4,"Energy used to charge still comes mostly from coal in my region, defeats the purpose somewhat. Price after subsidy is still higher than a comparable petrol scooter.","Environmental Impact, Price & Subsidy",energy used charge come mostly coal region defeat purpose somewhat price subsidy higher comparable petrol scooter,"Energy used to charge still comes mostly from coal in my region, defeats the purpose somewhat. Price after subsidy is still higher than a comparable petrol scooter.",8,0.638428661,"Topic 8: range, drop, defeat purpose, energy, energy used",1,0.345290062,"Topic 1: charge come, defeat purpose, defeat, come mostly, come",6,0.7200879494705041,"Topic 6: coal, defeats purpose, defeats, coal region, comes coal, comes"
EV1872,Customer Support,EV Car,Tesla Model 3,North,4/2/2024,4,"The battery warranty of 120 years gives me confidence in long term reliability. Had a great experience with the service team, they explained everything clearly. The motor is powerful and pickup is much better than petrol variants.","Battery Life & Degradation, Service & After-Sales, Performance & Ride Quality",battery warranty year give confidence long term reliability great experience service team explained everything clearly motor powerful pickup better petrol variant,"The battery warranty of 120 years gives me confidence in long term reliability. Had a great experience with the service team, they explained everything clearly. The motor is powerful and pickup is much better than petrol variants.",4,0.71345667,"Topic 4: software, month, year, battery, keep",8,0.089028584,"Topic 8: service, service center, center, appointment long, center needed",4,1.0,"Topic 4: big motivation, big, motivation going, motivation, contributing, going"
EV1873,Survey,EV Car,Tata Nexon EV,Central,8/10/2024,3,EV subsidy scheme in my state got delayed and the discount amount reduced suddenly.,Price & Subsidy,subsidy scheme state got delayed discount amount reduced suddenly,EV subsidy scheme in my state got delayed and the discount amount reduced suddenly.,4,0.949999791,"Topic 4: software, month, year, battery, keep",8,0.01521382,"Topic 8: service, service center, center, appointment long, center needed",15,1.0,"Topic 15: highway, discount, ev subsidy, delayed discount, subsidy scheme, state got"
EV1874,Survey,EV Car,BYD Atto 3,North,8/7/2024,3,The vehicle has good crash test ratings which reassured my purchase decision. Software glitches caused the dashboard to freeze twice in a month.,"Safety Features, Software & Connectivity",crash test rating reassured purchase decision software glitch caused dashboard freeze twice month,The vehicle has good crash test ratings which reassured my purchase decision. Software glitches caused the dashboard to freeze twice in a month.,4,0.523999878,"Topic 4: software, month, year, battery, keep",9,0.397632834,"Topic 9: dashboard, caused dashboard, caused, dashboard freeze, freeze twice",20,0.866713348180094,"Topic 20: dashboard, caused, freeze twice, glitches, freeze, glitches caused"
EV1875,Survey,EV Car,Mahindra XUV400,South,12/29/2024,4,"Interior quality feels cheap for the price point, needs improvement. Energy used to charge still comes mostly from coal in my region, defeats the purpose somewhat.","Design & Aesthetics, Environmental Impact",interior quality feel cheap price point need improvement energy used charge come mostly coal region defeat purpose somewhat,"Interior quality feels cheap for the price point, needs improvement. Energy used to charge still comes mostly from coal in my region, defeats the purpose somewhat.",8,0.545714496,"Topic 8: range, drop, defeat purpose, energy, energy used",1,0.317029162,"Topic 1: charge come, defeat purpose, defeat, come mostly, come",18,1.0,"Topic 18: infotainment, infotainment lags, touchscreen, touchscreen infotainment, lags intuitive, lags"
EV1876,Survey,EV Car,Mahindra XUV400,East,5/6/2024,4,"The companion app keeps crashing, needs urgent software updates.",Software & Connectivity,companion app keep crashing need urgent software update,"The companion app keeps crashing, needs urgent software updates.",4,0.943749217,"Topic 4: software, month, year, battery, keep",6,0.391311163,"Topic 6: app, keep, update, software update, need",17,1.0,"Topic 17: app keeps, crashing, crashing needs, companion app, companion, urgent software"
EV1877,Customer Support,EV Car,Mahindra XUV400,East,2/11/2024,4,"Love the app that shows nearby charging stations, very convenient feature.",Charging Infrastructure,love app show nearby charging station convenient feature,"Love the app that shows nearby charging stations, very convenient feature.",6,0.943748039,"Topic 6: charging, battery, almost, tier, use",6,0.138731495,"Topic 6: app, keep, update, software update, need",8,0.011137536363220587,"Topic 8: vehicle good, test ratings, test, purchase decision, ratings, ratings reassured"
EV1878,Marketplace Review,EV Scooter,Ola S1,East,4/12/2025,4,Concerned about environmental impact of battery disposal and recycling.,Environmental Impact,concerned environmental impact battery disposal recycling,Concerned about environmental impact of battery disposal and recycling.,9,0.924998615,"Topic 9: price, subsidy, service, battery disposal, concerned environmental",5,0.435865403,"Topic 5: battery disposal, disposal recycling, concerned, environmental impact, environmental",12,1.0,"Topic 12: battery disposal, environmental, disposal, disposal recycling, concerned, concerned environmental"
EV1879,Marketplace Review,EV Scooter,Ather 450X,East,3/14/2025,4,"Running cost is much lower than petrol, saving a lot on fuel every month.",Price & Subsidy,running cost lower petrol saving lot fuel every month,"Running cost is much lower than petrol, saving a lot on fuel every month.",4,0.949998874,"Topic 4: software, month, year, battery, keep",9,0.051628088,"Topic 9: dashboard, caused dashboard, caused, dashboard freeze, freeze twice",9,0.009747559493421912,"Topic 9: lot, better, expected, attracts lot, attracts, looks futuristic"
EV1880,Customer Support,EV Scooter,Hero Vida V1,South,1/14/2024,4,"Bluetooth connectivity drops frequently while riding, very frustrating. Charging infrastructure in tier 2 and tier 3 cities is almost non-existent.","Software & Connectivity, Charging Infrastructure",bluetooth connectivity drop frequently riding frustrating charging infrastructure tier tier city almost non existent,"Bluetooth connectivity drops frequently while riding, very frustrating. Charging infrastructure in tier 2 and tier 3 cities is almost non-existent.",6,0.537608669,"Topic 6: charging, battery, almost, tier, use",7,0.067293941,"Topic 7: riding, low, smooth, level, impressively",11,1.0,"Topic 11: home, bluetooth, riding frustrating, connectivity, bluetooth connectivity, drops frequently"
EV1881,Social Media,EV Car,Tata Nexon EV,West,2/14/2025,5,Switching to EV feels good knowing I'm reducing my carbon footprint.,Environmental Impact,switching feel knowing reducing carbon footprint,Switching to EV feels good knowing I'm reducing my carbon footprint.,2,0.924999506,"Topic 2: feel, quality, range, support, quality feel",8,0.070115738,"Topic 8: service, service center, center, appointment long, center needed",7,1.0,"Topic 7: ev, good knowing, knowing, feels good, carbon footprint, knowing reducing"
EV1882,Customer Support,EV Car,Tata Nexon EV,South,12/12/2024,3,"Running cost is much lower than petrol, saving a lot on fuel every month. Interior quality feels cheap for the price point, needs improvement.","Price & Subsidy, Design & Aesthetics",running cost lower petrol saving lot fuel every month interior quality feel cheap price point need improvement,"Running cost is much lower than petrol, saving a lot on fuel every month. Interior quality feels cheap for the price point, needs improvement.",4,0.506822022,"Topic 4: software, month, year, battery, keep",0,0.052403772,"Topic 0: cost, replacement cost, replacement, price, battery",18,0.00973131240862636,"Topic 18: infotainment, infotainment lags, touchscreen, touchscreen infotainment, lags intuitive, lags"
EV1883,Marketplace Review,EV Scooter,Hero Vida V1,East,10/6/2024,4,"Storage space under the seat is very limited, not practical for daily use. Noise levels are impressively low, riding experience is very smooth and quiet.","Design & Aesthetics, Performance & Ride Quality",storage space seat limited practical daily use noise level impressively low riding experience smooth quiet,"Storage space under the seat is very limited, not practical for daily use. Noise levels are impressively low, riding experience is very smooth and quiet.",9,0.520689414,"Topic 9: price, subsidy, service, battery disposal, concerned environmental",7,0.252128932,"Topic 7: riding, low, smooth, level, impressively",5,1.0,"Topic 5: air software, improving, great feature, keeps improving, updates great, improving time"
EV1884,Customer Support,EV Scooter,Ampere Magnus,South,4/10/2025,4,"Public chargers are often broken or occupied, need more charging stations urgently.",Charging Infrastructure,public charger often broken occupied need charging station urgently,"Public chargers are often broken or occupied, need more charging stations urgently.",0,0.94999906,"Topic 0: cost, battery, replacement cost, replacement, city",6,0.098517264,"Topic 6: app, keep, update, software update, need",0,0.0085598313227888,"Topic 0: collision, systems, braking collision, collision alert, systems work, really traffic"
EV1885,Marketplace Review,EV Scooter,Bajaj Chetak,South,5/17/2024,3,"Range drops badly in winter, I lost almost 30% range in cold weather.",Range Anxiety,range drop badly winter lost almost range cold weather,"Range drops badly in winter, I lost almost 30% range in cold weather.",8,0.949999084,"Topic 8: range, drop, defeat purpose, energy, energy used",7,0.062578708,"Topic 7: riding, low, smooth, level, impressively",23,1.0,"Topic 23: 30 range, badly, badly winter, cold weather, drops badly, cold"
EV1886,Marketplace Review,EV Car,Tata Nexon EV,North,7/2/2024,4,Compact size makes it easy to park and maneuver in city traffic.,Design & Aesthetics,compact size make easy park maneuver city traffic,Compact size makes it easy to park and maneuver in city traffic.,1,0.943749361,"Topic 1: range, system, genuinely, useful, genuinely useful",0,0.030857381,"Topic 0: cost, replacement cost, replacement, price, battery",2,0.09141845238585079,"Topic 2: makes, high, size makes, park, easy, maneuver"
EV1887,Customer Support,EV Scooter,Ather 450X,Central,4/8/2024,5,Charging infrastructure in tier 2 and tier 3 cities is almost non-existent.,Charging Infrastructure,charging infrastructure tier tier city almost non existent,Charging infrastructure in tier 2 and tier 3 cities is almost non-existent.,6,0.943748493,"Topic 6: charging, battery, almost, tier, use",0,0.022957622,"Topic 0: cost, replacement cost, replacement, price, battery",16,1.0,"Topic 16: tier, surprisingly, surprisingly high, compared petrol, insurance premium, insurance"
EV1888,Customer Support,EV Scooter,Ather 450X,West,5/17/2025,3,"Heard about a thermal runaway incident, this has shaken my trust in EV safety. After sales support has been excellent, quick response and doorstep service.","Safety Features, Service & After-Sales",heard thermal runaway incident shaken trust safety sale support excellent quick response doorstep service,"Heard about a thermal runaway incident, this has shaken my trust in EV safety. After sales support has been excellent, quick response and doorstep service.",3,0.485185073,"Topic 3: safety, use, highway, part, feature",8,0.088441187,"Topic 8: service, service center, center, appointment long, center needed",21,0.0017462789162654825,"Topic 21: cost warranty, battery degradation, warranty ends, ends, degradation replacement, worried battery"
EV1889,Marketplace Review,EV Car,Tata Nexon EV,North,1/27/2025,4,Touchscreen infotainment system lags and is not very intuitive to use.,Software & Connectivity,touchscreen infotainment system lag intuitive use,Touchscreen infotainment system lags and is not very intuitive to use.,8,0.92499737,"Topic 8: range, drop, defeat purpose, energy, energy used",2,0.072613133,"Topic 2: braking, system, work well, work, well",18,1.0,"Topic 18: infotainment, infotainment lags, touchscreen, touchscreen infotainment, lags intuitive, lags"
EV1890,Marketplace Review,EV Scooter,Bajaj Chetak,North,2/3/2024,4,"No proper information on how battery degrades over time, company should be transparent. The vehicle has good crash test ratings which reassured my purchase decision.","Battery Life & Degradation, Safety Features",proper information battery degrades time company transparent crash test rating reassured purchase decision,"No proper information on how battery degrades over time, company should be transparent. The vehicle has good crash test ratings which reassured my purchase decision.",5,0.497121409,"Topic 5: battery, center, service center, service, safety",9,0.067262224,"Topic 9: dashboard, caused dashboard, caused, dashboard freeze, freeze twice",1,0.20558015407438465,"Topic 1: range, transparent, proper, time company, proper information, battery degrades"
EV1891,Marketplace Review,EV Car,Mahindra XUV400,South,11/15/2024,4,"LED lighting and digital dashboard give it a premium, modern look. The companion app keeps crashing, needs urgent software updates.","Design & Aesthetics, Software & Connectivity",led lighting digital dashboard give premium modern look companion app keep crashing need urgent software update,"LED lighting and digital dashboard give it a premium, modern look. The companion app keeps crashing, needs urgent software updates.",4,0.51424687,"Topic 4: software, month, year, battery, keep",6,0.263748462,"Topic 6: app, keep, update, software update, need",17,1.0,"Topic 17: app keeps, crashing, crashing needs, companion app, companion, urgent software"
EV1892,Marketplace Review,EV Scooter,Hero Vida V1,West,6/9/2024,4,Advanced safety features like ABS and traction control give peace of mind.,Safety Features,advanced safety feature ab traction control give peace mind,Advanced safety features like ABS and traction control give peace of mind.,3,0.949999585,"Topic 3: safety, use, highway, part, feature",3,0.403444493,"Topic 3: ab, ab traction, control give, traction, traction control",10,0.0014966112845409471,"Topic 10: battery replacement, cost half, half price, concerning, price vehicle, vehicle concerning"
EV1893,Marketplace Review,EV Scooter,TVS iQube,Central,1/21/2025,4,Concerned about environmental impact of battery disposal and recycling.,Environmental Impact,concerned environmental impact battery disposal recycling,Concerned about environmental impact of battery disposal and recycling.,9,0.924998615,"Topic 9: price, subsidy, service, battery disposal, concerned environmental",5,0.435865403,"Topic 5: battery disposal, disposal recycling, concerned, environmental impact, environmental",12,1.0,"Topic 12: battery disposal, environmental, disposal, disposal recycling, concerned, concerned environmental"
EV1894,Survey,EV Scooter,TVS iQube,North,2/16/2024,3,The battery warranty of 8 years gives me confidence in long term reliability. Acceleration is smooth and instant torque makes overtaking effortless.,"Battery Life & Degradation, Performance & Ride Quality",battery warranty year give confidence long term reliability acceleration smooth instant torque make overtaking effortless,The battery warranty of 8 years gives me confidence in long term reliability. Acceleration is smooth and instant torque makes overtaking effortless.,4,0.968964762,"Topic 4: software, month, year, battery, keep",7,0.062536848,"Topic 7: riding, low, smooth, level, impressively",4,1.0,"Topic 4: big motivation, big, motivation going, motivation, contributing, going"
EV1895,Survey,EV Scooter,Bajaj Chetak,West,12/19/2024,4,Top speed is decent for city use but not enough for highway cruising. The design looks futuristic and attracts a lot of attention on the road.,"Performance & Ride Quality, Design & Aesthetics",top speed decent city use enough highway cruising design look futuristic attracts lot attention road,Top speed is decent for city use but not enough for highway cruising. The design looks futuristic and attracts a lot of attention on the road.,3,0.50675194,"Topic 3: safety, use, highway, part, feature",4,0.041728651,"Topic 4: use, daily use, daily, dropped, within month",9,0.0009555143673265426,"Topic 9: lot, better, expected, attracts lot, attracts, looks futuristic"
EV1896,Social Media,EV Car,MG ZS EV,East,3/27/2024,4,"Public chargers are often broken or occupied, need more charging stations urgently. After sales support has been excellent, quick response and doorstep service.","Charging Infrastructure, Service & After-Sales",public charger often broken occupied need charging station urgently sale support excellent quick response doorstep service,"Public chargers are often broken or occupied, need more charging stations urgently. After sales support has been excellent, quick response and doorstep service.",0,0.527811189,"Topic 0: cost, battery, replacement cost, replacement, city",8,0.072984831,"Topic 8: service, service center, center, appointment long, center needed",0,0.008546462336250362,"Topic 0: collision, systems, braking collision, collision alert, systems work, really traffic"
EV1897,Customer Support,EV Car,Tata Nexon EV,North,4/16/2025,5,Compact size makes it easy to park and maneuver in city traffic.,Design & Aesthetics,compact size make easy park maneuver city traffic,Compact size makes it easy to park and maneuver in city traffic.,1,0.943749361,"Topic 1: range, system, genuinely, useful, genuinely useful",0,0.030857381,"Topic 0: cost, replacement cost, replacement, price, battery",2,0.09142492876755424,"Topic 2: makes, high, size makes, park, easy, maneuver"
EV1898,Survey,EV Scooter,TVS iQube,West,1/23/2024,4,Top speed is decent for city use but not enough for highway cruising. Compact size makes it easy to park and maneuver in city traffic. Advanced safety features like ABS and traction control give peace of mind.,"Performance & Ride Quality, Design & Aesthetics, Safety Features",top speed decent city use enough highway cruising compact size make easy park maneuver city traffic advanced safety feature ab traction control give peace mind,Top speed is decent for city use but not enough for highway cruising. Compact size makes it easy to park and maneuver in city traffic. Advanced safety features like ABS and traction control give peace of mind.,3,0.65813247,"Topic 3: safety, use, highway, part, feature",3,0.233544879,"Topic 3: ab, ab traction, control give, traction, traction control",2,0.000955487181817074,"Topic 2: makes, high, size makes, park, easy, maneuver"
EV1899,Social Media,EV Scooter,Ola S1,East,5/23/2025,3,"Heard about a thermal runaway incident, this has shaken my trust in EV safety. Braking system feels sharp and responsive, regenerative braking works well. The battery warranty of 300 years gives me confidence in long term reliability.","Safety Features, Performance & Ride Quality, Battery Life & Degradation",heard thermal runaway incident shaken trust safety braking system feel sharp responsive regenerative braking work well battery warranty year give confidence long term reliability,"Heard about a thermal runaway incident, this has shaken my trust in EV safety. Braking system feels sharp and responsive, regenerative braking works well. The battery warranty of 300 years gives me confidence in long term reliability.",7,0.371740809,"Topic 7: braking, work, system, work well, well",2,0.216877369,"Topic 2: braking, system, work well, work, well",24,1.0,"Topic 24: braking, braking feels, braking works, responsive, regenerative braking, responsive regenerative"
EV1900,Survey,EV Car,Mahindra XUV400,Central,8/7/2024,4,"After sales support has been excellent, quick response and doorstep service.",Service & After-Sales,sale support excellent quick response doorstep service,"After sales support has been excellent, quick response and doorstep service.",2,0.935713634,"Topic 2: feel, quality, range, support, quality feel",8,0.11298738,"Topic 8: service, service center, center, appointment long, center needed",21,1.0,"Topic 21: cost warranty, battery degradation, warranty ends, ends, degradation replacement, worried battery"
EV1901,Marketplace Review,EV Car,Hyundai Kona,South,4/4/2024,4,"Energy used to charge still comes mostly from coal in my region, defeats the purpose somewhat. Love the app that shows nearby charging stations, very convenient feature.","Environmental Impact, Charging Infrastructure",energy used charge come mostly coal region defeat purpose somewhat love app show nearby charging station convenient feature,"Energy used to charge still comes mostly from coal in my region, defeats the purpose somewhat. Love the app that shows nearby charging stations, very convenient feature.",8,0.548271656,"Topic 8: range, drop, defeat purpose, energy, energy used",1,0.317509653,"Topic 1: charge come, defeat purpose, defeat, come mostly, come",6,1.0,"Topic 6: coal, defeats purpose, defeats, coal region, comes coal, comes"
EV1902,Marketplace Review,EV Scooter,Ola S1,West,8/2/2024,5,"Braking system feels sharp and responsive, regenerative braking works well. Charging takes too long, almost 6 hours for a full charge at home.","Performance & Ride Quality, Charging Infrastructure",braking system feel sharp responsive regenerative braking work well charging take long almost hour full charge home,"Braking system feels sharp and responsive, regenerative braking works well. Charging takes too long, almost 6 hours for a full charge at home.",7,0.511404157,"Topic 7: braking, work, system, work well, well",2,0.268627531,"Topic 2: braking, system, work well, work, well",24,1.0,"Topic 24: braking, braking feels, braking works, responsive, regenerative braking, responsive regenerative"
EV1903,Customer Support,EV Scooter,Hero Vida V1,South,2/28/2025,4,"Build materials feel sturdy but the design is a bit too plain compared to rivals. Had a great experience with the service team, they explained everything clearly. Navigation system integrated with range prediction is genuinely useful.","Design & Aesthetics, Service & After-Sales, Software & Connectivity",build material feel sturdy design bit plain compared rival great experience service team explained everything clearly navigation system integrated range prediction genuinely useful,"Build materials feel sturdy but the design is a bit too plain compared to rivals. Had a great experience with the service team, they explained everything clearly. Navigation system integrated with range prediction is genuinely useful.",6,0.386241303,"Topic 6: charging, battery, almost, tier, use",8,0.134338224,"Topic 8: service, service center, center, appointment long, center needed",14,1.0,"Topic 14: service, bit plain, design bit, compared rivals, bit, materials feel"
EV1904,Social Media,EV Car,Tata Nexon EV,Central,5/26/2025,3,"For the price, I expected better build quality and more features.",Price & Subsidy,price expected better build quality feature,"For the price, I expected better build quality and more features.",2,0.924997459,"Topic 2: feel, quality, range, support, quality feel",8,0.039046387,"Topic 8: service, service center, center, appointment long, center needed",9,0.422205324262579,"Topic 9: lot, better, expected, attracts lot, attracts, looks futuristic"
EV1905,Marketplace Review,EV Scooter,Hero Vida V1,Central,3/2/2024,4,"The vehicle has good crash test ratings which reassured my purchase decision. For the price, I expected better build quality and more features.","Safety Features, Price & Subsidy",crash test rating reassured purchase decision price expected better build quality feature,"The vehicle has good crash test ratings which reassured my purchase decision. For the price, I expected better build quality and more features.",9,0.540225561,"Topic 9: price, subsidy, service, battery disposal, concerned environmental",9,0.0866316,"Topic 9: dashboard, caused dashboard, caused, dashboard freeze, freeze twice",8,1.0,"Topic 8: vehicle good, test ratings, test, purchase decision, ratings, ratings reassured"
EV1906,Social Media,EV Car,MG ZS EV,East,3/21/2025,5,"LED lighting and digital dashboard give it a premium, modern look. Handling and stability at high speed feels very confident and safe.","Design & Aesthetics, Performance & Ride Quality",led lighting digital dashboard give premium modern look handling stability high speed feel confident safe,"LED lighting and digital dashboard give it a premium, modern look. Handling and stability at high speed feels very confident and safe.",0,0.534404416,"Topic 0: cost, battery, replacement cost, replacement, city",9,0.10681879,"Topic 9: dashboard, caused dashboard, caused, dashboard freeze, freeze twice",2,0.048423202011133294,"Topic 2: makes, high, size makes, park, easy, maneuver"
EV1907,Customer Support,EV Car,Mahindra XUV400,East,6/13/2024,5,"Waiting time for service appointment is too long, more service centers needed.",Service & After-Sales,waiting time service appointment long service center needed,"Waiting time for service appointment is too long, more service centers needed.",9,0.943747689,"Topic 9: price, subsidy, service, battery disposal, concerned environmental",8,0.379906776,"Topic 8: service, service center, center, appointment long, center needed",14,1.0,"Topic 14: service, bit plain, design bit, compared rivals, bit, materials feel"
EV1908,Social Media,EV Car,Mahindra XUV400,North,6/2/2024,3,EV subsidy scheme in my state got delayed and the discount amount reduced suddenly. Battery range degrades faster than expected after just one year of use. Contributing to a cleaner city is a big motivation behind going electric.,"Price & Subsidy, Range Anxiety, Environmental Impact",subsidy scheme state got delayed discount amount reduced suddenly battery range degrades faster expected year use contributing cleaner city big motivation behind going,EV subsidy scheme in my state got delayed and the discount amount reduced suddenly. Battery range degrades faster than expected after just one year of use. Contributing to a cleaner city is a big motivation behind going electric.,4,0.663664538,"Topic 4: software, month, year, battery, keep",4,0.035154775,"Topic 4: use, daily use, daily, dropped, within month",4,0.21313995622790283,"Topic 4: big motivation, big, motivation going, motivation, contributing, going"
EV1909,Survey,EV Scooter,Bajaj Chetak,South,6/12/2024,4,Service center staff are not well trained to handle EV specific issues. The battery warranty of 8 years gives me confidence in long term reliability.,"Service & After-Sales, Battery Life & Degradation",service center staff well trained handle specific issue battery warranty year give confidence long term reliability,Service center staff are not well trained to handle EV specific issues. The battery warranty of 8 years gives me confidence in long term reliability.,5,0.50280932,"Topic 5: battery, center, service center, service, safety",8,0.247636696,"Topic 8: service, service center, center, appointment long, center needed",7,1.0,"Topic 7: ev, good knowing, knowing, feels good, carbon footprint, knowing reducing"
EV1910,Social Media,EV Scooter,Hero Vida V1,North,5/12/2025,4,"Range drops badly in winter, I lost almost 30% range in cold weather. Concerned about environmental impact of battery disposal and recycling.","Range Anxiety, Environmental Impact",range drop badly winter lost almost range cold weather concerned environmental impact battery disposal recycling,"Range drops badly in winter, I lost almost 30% range in cold weather. Concerned about environmental impact of battery disposal and recycling.",8,0.58965461,"Topic 8: range, drop, defeat purpose, energy, energy used",5,0.257254519,"Topic 5: battery disposal, disposal recycling, concerned, environmental impact, environmental",23,1.0,"Topic 23: 30 range, badly, badly winter, cold weather, drops badly, cold"
EV1911,Marketplace Review,EV Scooter,Ola S1,East,4/2/2024,4,"The design looks futuristic and attracts a lot of attention on the road. Battery performance is stable even after two years of heavy usage. Running cost is much lower than petrol, saving a lot on fuel every month.","Design & Aesthetics, Battery Life & Degradation, Price & Subsidy",design look futuristic attracts lot attention road battery performance stable two year heavy usage running cost lower petrol saving lot fuel every month,"The design looks futuristic and attracts a lot of attention on the road. Battery performance is stable even after two years of heavy usage. Running cost is much lower than petrol, saving a lot on fuel every month.",4,0.402535339,"Topic 4: software, month, year, battery, keep",9,0.040999499,"Topic 9: dashboard, caused dashboard, caused, dashboard freeze, freeze twice",9,1.0,"Topic 9: lot, better, expected, attracts lot, attracts, looks futuristic"
EV1912,Survey,EV Scooter,Bajaj Chetak,South,5/5/2024,4,Top speed is decent for city use but not enough for highway cruising.,Performance & Ride Quality,top speed decent city use enough highway cruising,Top speed is decent for city use but not enough for highway cruising.,3,0.9437488,"Topic 3: safety, use, highway, part, feature",4,0.041234172,"Topic 4: use, daily use, daily, dropped, within month",15,0.000955559107013926,"Topic 15: highway, discount, ev subsidy, delayed discount, subsidy scheme, state got"
EV1913,Social Media,EV Scooter,Hero Vida V1,West,8/11/2024,4,Battery health dropped to 85% within 18 months of daily use. Fast charging network needs serious expansion on highways.,"Battery Life & Degradation, Charging Infrastructure",battery health dropped within month daily use fast charging network need serious expansion highway,Battery health dropped to 85% within 18 months of daily use. Fast charging network needs serious expansion on highways.,3,0.541776065,"Topic 3: safety, use, highway, part, feature",4,0.272908767,"Topic 4: use, daily use, daily, dropped, within month",13,1.0,"Topic 13: 18, 18 months, 85, 85 18, health dropped, months daily"
EV1914,Marketplace Review,EV Scooter,Bajaj Chetak,East,2/27/2024,4,Touchscreen infotainment system lags and is not very intuitive to use. Stability control on wet roads is impressive and inspires confidence.,"Software & Connectivity, Safety Features",touchscreen infotainment system lag intuitive use stability control wet road impressive inspires confidence,Touchscreen infotainment system lags and is not very intuitive to use. Stability control on wet roads is impressive and inspires confidence.,0,0.523999515,"Topic 0: cost, battery, replacement cost, replacement, city",7,0.187200501,"Topic 7: riding, low, smooth, level, impressively",18,1.0,"Topic 18: infotainment, infotainment lags, touchscreen, touchscreen infotainment, lags intuitive, lags"
EV1915,Marketplace Review,EV Car,Hyundai Kona,West,9/9/2024,3,"After sales support has been excellent, quick response and doorstep service. Battery replacement cost is almost half the price of the vehicle, very concerning.","Service & After-Sales, Battery Life & Degradation",sale support excellent quick response doorstep service battery replacement cost almost half price concerning,"After sales support has been excellent, quick response and doorstep service. Battery replacement cost is almost half the price of the vehicle, very concerning.",2,0.509610561,"Topic 2: feel, quality, range, support, quality feel",0,0.078581443,"Topic 0: cost, replacement cost, replacement, price, battery",10,1.0,"Topic 10: battery replacement, cost half, half price, concerning, price vehicle, vehicle concerning"
EV1916,Survey,EV Scooter,TVS iQube,Central,2/5/2024,4,"Claimed range of 200 km is misleading, actual range is way less in city traffic.",Range Anxiety,claimed range misleading actual range way less city traffic,"Claimed range of 200 km is misleading, actual range is way less in city traffic.",2,0.949997407,"Topic 2: feel, quality, range, support, quality feel",7,0.041861356,"Topic 7: riding, low, smooth, level, impressively",1,1.0,"Topic 1: range, transparent, proper, time company, proper information, battery degrades"
EV1917,Customer Support,EV Scooter,TVS iQube,North,8/30/2024,4,"Bluetooth connectivity drops frequently while riding, very frustrating.",Software & Connectivity,bluetooth connectivity drop frequently riding frustrating,"Bluetooth connectivity drops frequently while riding, very frustrating.",8,0.924999723,"Topic 8: range, drop, defeat purpose, energy, energy used",7,0.103162611,"Topic 7: riding, low, smooth, level, impressively",11,1.0,"Topic 11: home, bluetooth, riding frustrating, connectivity, bluetooth connectivity, drops frequently"
EV1918,Customer Support,EV Car,Mahindra XUV400,East,4/2/2024,4,"Total cost of ownership is great once you factor in low maintenance and fuel savings. Spare parts availability is a major issue, waited a month for a replacement part. Concerned about environmental impact of battery disposal and recycling.","Price & Subsidy, Service & After-Sales, Environmental Impact",total cost ownership great factor low maintenance fuel saving spare part availability major issue waited month replacement part concerned environmental impact battery disposal recycling,"Total cost of ownership is great once you factor in low maintenance and fuel savings. Spare parts availability is a major issue, waited a month for a replacement part. Concerned about environmental impact of battery disposal and recycling.",0,0.39397585,"Topic 0: cost, battery, replacement cost, replacement, city",5,0.187312977,"Topic 5: battery disposal, disposal recycling, concerned, environmental impact, environmental",3,1.0,"Topic 3: low, stability control, control wet, impressive, impressive inspires, wet"
EV1919,Customer Support,EV Scooter,Ola S1,North,5/18/2025,4,"Smart key and app based lock features work flawlessly, very convenient. Loved the color options and the overall styling of the vehicle.","Software & Connectivity, Design & Aesthetics",smart key app based lock feature work flawlessly convenient loved color option overall styling,"Smart key and app based lock features work flawlessly, very convenient. Loved the color options and the overall styling of the vehicle.",9,0.600204237,"Topic 9: price, subsidy, service, battery disposal, concerned environmental",6,0.163594149,"Topic 6: app, keep, update, software update, need",22,1.0,"Topic 22: app based, based, based lock, features work, flawlessly, flawlessly convenient"
EV1920,Social Media,EV Scooter,Ola S1,East,6/2/2025,3,"Highway charging stops are rare, long distance travel is a nightmare. Top speed is decent for city use but not enough for highway cruising.","Charging Infrastructure, Performance & Ride Quality",highway charging stop rare long distance travel nightmare top speed decent city use enough highway cruising,"Highway charging stops are rare, long distance travel is a nightmare. Top speed is decent for city use but not enough for highway cruising.",3,0.50818655,"Topic 3: safety, use, highway, part, feature",8,0.042884486,"Topic 8: service, service center, center, appointment long, center needed",15,1.0,"Topic 15: highway, discount, ev subsidy, delayed discount, subsidy scheme, state got"
EV1921,Survey,EV Scooter,Hero Vida V1,North,7/7/2024,4,"Smart key and app based lock features work flawlessly, very convenient.",Software & Connectivity,smart key app based lock feature work flawlessly convenient,"Smart key and app based lock features work flawlessly, very convenient.",9,0.949998977,"Topic 9: price, subsidy, service, battery disposal, concerned environmental",6,0.203971773,"Topic 6: app, keep, update, software update, need",22,1.0,"Topic 22: app based, based, based lock, features work, flawlessly, flawlessly convenient"
EV1922,Marketplace Review,EV Car,Tata Nexon EV,South,11/8/2024,5,Handling and stability at high speed feels very confident and safe. Home charging setup was expensive and took weeks to install.,"Performance & Ride Quality, Charging Infrastructure",handling stability high speed feel confident safe home charging setup expensive took week install,Handling and stability at high speed feels very confident and safe. Home charging setup was expensive and took weeks to install.,1,0.485185168,"Topic 1: range, system, genuinely, useful, genuinely useful",6,0.032792834,"Topic 6: app, keep, update, software update, need",2,1.0,"Topic 2: makes, high, size makes, park, easy, maneuver"
EV1923,Social Media,EV Car,BYD Atto 3,Central,2/24/2025,4,"Build quality feels premium and the ride is extremely comfortable. Smart key and app based lock features work flawlessly, very convenient.","Performance & Ride Quality, Software & Connectivity",build quality feel premium ride extremely comfortable smart key app based lock feature work flawlessly convenient,"Build quality feels premium and the ride is extremely comfortable. Smart key and app based lock features work flawlessly, very convenient.",9,0.542063414,"Topic 9: price, subsidy, service, battery disposal, concerned environmental",6,0.154188821,"Topic 6: app, keep, update, software update, need",22,1.0,"Topic 22: app based, based, based lock, features work, flawlessly, flawlessly convenient"
EV1924,Social Media,EV Car,Hyundai Kona,Central,12/1/2024,4,"There are very few authorized service centers, had to travel 100 km for repair.",Service & After-Sales,authorized service center travel repair,"There are very few authorized service centers, had to travel 100 km for repair.",5,0.909999018,"Topic 5: battery, center, service center, service, safety",8,0.271343284,"Topic 8: service, service center, center, appointment long, center needed",10,0.003667995081011024,"Topic 10: battery replacement, cost half, half price, concerning, price vehicle, vehicle concerning"
EV1925,Social Media,EV Scooter,TVS iQube,West,1/21/2025,4,Switching to EV feels good knowing I'm reducing my carbon footprint. The upfront price is high but government subsidy makes it affordable.,"Environmental Impact, Price & Subsidy",switching feel knowing reducing carbon footprint upfront price high government subsidy make affordable,Switching to EV feels good knowing I'm reducing my carbon footprint. The upfront price is high but government subsidy makes it affordable.,9,0.507255341,"Topic 9: price, subsidy, service, battery disposal, concerned environmental",8,0.043108098,"Topic 8: service, service center, center, appointment long, center needed",7,1.0,"Topic 7: ev, good knowing, knowing, feels good, carbon footprint, knowing reducing"
EV1926,Marketplace Review,EV Car,Tata Nexon EV,South,9/25/2024,5,"Battery replacement cost is almost half the price of the vehicle, very concerning. For daily commute the range is fine but long trips are stressful because of low range.","Battery Life & Degradation, Range Anxiety",battery replacement cost almost half price concerning daily commute range fine long trip stressful low range,"Battery replacement cost is almost half the price of the vehicle, very concerning. For daily commute the range is fine but long trips are stressful because of low range.",0,0.970966542,"Topic 0: cost, battery, replacement cost, replacement, city",0,0.071939242,"Topic 0: cost, replacement cost, replacement, price, battery",10,1.0,"Topic 10: battery replacement, cost half, half price, concerning, price vehicle, vehicle concerning"
EV1927,Survey,EV Scooter,Ather 450X,East,6/23/2024,4,Switching to EV feels good knowing I'm reducing my carbon footprint.,Environmental Impact,switching feel knowing reducing carbon footprint,Switching to EV feels good knowing I'm reducing my carbon footprint.,2,0.924999506,"Topic 2: feel, quality, range, support, quality feel",8,0.070115738,"Topic 8: service, service center, center, appointment long, center needed",7,1.0,"Topic 7: ev, good knowing, knowing, feels good, carbon footprint, knowing reducing"
EV1928,Marketplace Review,EV Car,Tesla Model 3,West,5/21/2025,4,Fast charging network needs serious expansion on highways.,Charging Infrastructure,fast charging network need serious expansion highway,Fast charging network needs serious expansion on highways.,3,0.935712804,"Topic 3: safety, use, highway, part, feature",6,0.075128743,"Topic 6: app, keep, update, software update, need",2,1.0,"Topic 2: makes, high, size makes, park, easy, maneuver"
EV1929,Customer Support,EV Car,MG ZS EV,East,5/21/2025,5,"Interior quality feels cheap for the price point, needs improvement.",Design & Aesthetics,interior quality feel cheap price point need improvement,"Interior quality feels cheap for the price point, needs improvement.",2,0.943749083,"Topic 2: feel, quality, range, support, quality feel",6,0.051361379,"Topic 6: app, keep, update, software update, need",18,1.0,"Topic 18: infotainment, infotainment lags, touchscreen, touchscreen infotainment, lags intuitive, lags"
EV1930,Social Media,EV Scooter,Ather 450X,East,7/12/2024,4,"Interior quality feels cheap for the price point, needs improvement.",Design & Aesthetics,interior quality feel cheap price point need improvement,"Interior quality feels cheap for the price point, needs improvement.",2,0.943749083,"Topic 2: feel, quality, range, support, quality feel",6,0.051361379,"Topic 6: app, keep, update, software update, need",18,1.0,"Topic 18: infotainment, infotainment lags, touchscreen, touchscreen infotainment, lags intuitive, lags"
EV1931,Survey,EV Scooter,Ather 450X,East,9/25/2024,5,"For the price, I expected better build quality and more features.",Price & Subsidy,price expected better build quality feature,"For the price, I expected better build quality and more features.",2,0.924997459,"Topic 2: feel, quality, range, support, quality feel",8,0.039046387,"Topic 8: service, service center, center, appointment long, center needed",9,0.4227537429375735,"Topic 9: lot, better, expected, attracts lot, attracts, looks futuristic"
EV1932,Marketplace Review,EV Car,Hyundai Kona,North,1/11/2024,4,"Smart key and app based lock features work flawlessly, very convenient. The battery warranty of 5 years gives me confidence in long term reliability.","Software & Connectivity, Battery Life & Degradation",smart key app based lock feature work flawlessly convenient battery warranty year give confidence long term reliability,"Smart key and app based lock features work flawlessly, very convenient. The battery warranty of 5 years gives me confidence in long term reliability.",9,0.540683078,"Topic 9: price, subsidy, service, battery disposal, concerned environmental",6,0.165461205,"Topic 6: app, keep, update, software update, need",22,1.0,"Topic 22: app based, based, based lock, features work, flawlessly, flawlessly convenient"
EV1933,Social Media,EV Scooter,Hero Vida V1,West,3/9/2025,4,Concerned about environmental impact of battery disposal and recycling.,Environmental Impact,concerned environmental impact battery disposal recycling,Concerned about environmental impact of battery disposal and recycling.,9,0.924998615,"Topic 9: price, subsidy, service, battery disposal, concerned environmental",5,0.435865403,"Topic 5: battery disposal, disposal recycling, concerned, environmental impact, environmental",12,1.0,"Topic 12: battery disposal, environmental, disposal, disposal recycling, concerned, concerned environmental"
EV1934,Survey,EV Car,Tata Nexon EV,North,12/6/2024,5,"For the price, I expected better build quality and more features.",Price & Subsidy,price expected better build quality feature,"For the price, I expected better build quality and more features.",2,0.924997459,"Topic 2: feel, quality, range, support, quality feel",8,0.039046387,"Topic 8: service, service center, center, appointment long, center needed",9,0.42064274936332896,"Topic 9: lot, better, expected, attracts lot, attracts, looks futuristic"
EV1935,Survey,EV Scooter,Ampere Magnus,North,9/16/2024,5,"The vehicle has good crash test ratings which reassured my purchase decision. Storage space under the seat is very limited, not practical for daily use.","Safety Features, Design & Aesthetics",crash test rating reassured purchase decision storage space seat limited practical daily use,"The vehicle has good crash test ratings which reassured my purchase decision. Storage space under the seat is very limited, not practical for daily use.",3,0.523999753,"Topic 3: safety, use, highway, part, feature",4,0.108377175,"Topic 4: use, daily use, daily, dropped, within month",5,1.0,"Topic 5: air software, improving, great feature, keeps improving, updates great, improving time"
EV1936,Survey,EV Scooter,Ather 450X,Central,7/2/2024,4,"There are very few authorized service centers, had to travel 20 km for repair.",Service & After-Sales,authorized service center travel repair,"There are very few authorized service centers, had to travel 20 km for repair.",5,0.909999018,"Topic 5: battery, center, service center, service, safety",8,0.271343284,"Topic 8: service, service center, center, appointment long, center needed",10,0.003667933375892405,"Topic 10: battery replacement, cost half, half price, concerning, price vehicle, vehicle concerning"
EV1937,Marketplace Review,EV Scooter,TVS iQube,South,4/1/2024,5,"Suspension is too stiff, ride quality is uncomfortable on bad roads. The vehicle has good crash test ratings which reassured my purchase decision. The design looks futuristic and attracts a lot of attention on the road.","Performance & Ride Quality, Safety Features, Design & Aesthetics",suspension stiff ride quality uncomfortable road crash test rating reassured purchase decision design look futuristic attracts lot attention road,"Suspension is too stiff, ride quality is uncomfortable on bad roads. The vehicle has good crash test ratings which reassured my purchase decision. The design looks futuristic and attracts a lot of attention on the road.",2,0.402183682,"Topic 2: feel, quality, range, support, quality feel",9,0.067650757,"Topic 9: dashboard, caused dashboard, caused, dashboard freeze, freeze twice",8,0.19373046720890816,"Topic 8: vehicle good, test ratings, test, purchase decision, ratings, ratings reassured"
EV1938,Social Media,EV Scooter,Ola S1,West,10/14/2024,4,"Braking system feels sharp and responsive, regenerative braking works well. Loved the color options and the overall styling of the vehicle.","Performance & Ride Quality, Design & Aesthetics",braking system feel sharp responsive regenerative braking work well loved color option overall styling,"Braking system feels sharp and responsive, regenerative braking works well. Loved the color options and the overall styling of the vehicle.",7,0.627974017,"Topic 7: braking, work, system, work well, well",2,0.293651731,"Topic 2: braking, system, work well, work, well",24,1.0,"Topic 24: braking, braking feels, braking works, responsive, regenerative braking, responsive regenerative"
EV1939,Customer Support,EV Scooter,Ampere Magnus,West,6/17/2024,4,Build quality feels premium and the ride is extremely comfortable.,Performance & Ride Quality,build quality feel premium ride extremely comfortable,Build quality feels premium and the ride is extremely comfortable.,2,0.935713389,"Topic 2: feel, quality, range, support, quality feel",8,0.039049352,"Topic 8: service, service center, center, appointment long, center needed",18,0.010290982380512768,"Topic 18: infotainment, infotainment lags, touchscreen, touchscreen infotainment, lags intuitive, lags"
EV1940,Marketplace Review,EV Car,BYD Atto 3,North,7/12/2024,4,Battery health dropped to 85% within 18 months of daily use. I'm always worried about running out of charge before reaching my destination.,"Battery Life & Degradation, Range Anxiety",battery health dropped within month daily use always worried running charge reaching destination,Battery health dropped to 85% within 18 months of daily use. I'm always worried about running out of charge before reaching my destination.,6,0.519444786,"Topic 6: charging, battery, almost, tier, use",4,0.264400612,"Topic 4: use, daily use, daily, dropped, within month",13,1.0,"Topic 13: 18, 18 months, 85, 85 18, health dropped, months daily"
EV1941,Customer Support,EV Car,Mahindra XUV400,South,4/23/2025,4,"Storage space under the seat is very limited, not practical for daily use. Finding a working charging station in my city is still very difficult.","Design & Aesthetics, Charging Infrastructure",storage space seat limited practical daily use finding working charging station city difficult,"Storage space under the seat is very limited, not practical for daily use. Finding a working charging station in my city is still very difficult.",3,0.548495144,"Topic 3: safety, use, highway, part, feature",4,0.11279832,"Topic 4: use, daily use, daily, dropped, within month",5,1.0,"Topic 5: air software, improving, great feature, keeps improving, updates great, improving time"
EV1942,Marketplace Review,EV Scooter,TVS iQube,West,5/19/2025,5,Home charging setup was expensive and took weeks to install.,Charging Infrastructure,home charging setup expensive took week install,Home charging setup was expensive and took weeks to install.,5,0.935713411,"Topic 5: battery, center, service center, service, safety",5,0.034397189,"Topic 5: battery disposal, disposal recycling, concerned, environmental impact, environmental",11,1.0,"Topic 11: home, bluetooth, riding frustrating, connectivity, bluetooth connectivity, drops frequently"
EV1943,Survey,EV Car,Hyundai Kona,South,10/17/2024,5,Battery health dropped to 85% within 18 months of daily use.,Battery Life & Degradation,battery health dropped within month daily use,Battery health dropped to 85% within 18 months of daily use.,6,0.935712492,"Topic 6: charging, battery, almost, tier, use",4,0.39372037,"Topic 4: use, daily use, daily, dropped, within month",13,1.0,"Topic 13: 18, 18 months, 85, 85 18, health dropped, months daily"
EV1944,Social Media,EV Scooter,Ampere Magnus,Central,1/5/2024,4,"Heard about a thermal runaway incident, this has shaken my trust in EV safety.",Safety Features,heard thermal runaway incident shaken trust safety,"Heard about a thermal runaway incident, this has shaken my trust in EV safety.",3,0.93571418,"Topic 3: safety, use, highway, part, feature",3,0.032099155,"Topic 3: ab, ab traction, control give, traction, traction control",7,0.0017462125254617516,"Topic 7: ev, good knowing, knowing, feels good, carbon footprint, knowing reducing"
EV1945,Survey,EV Car,Mahindra XUV400,South,5/25/2025,3,"Charging takes too long, almost 6 hours for a full charge at home. Handling and stability at high speed feels very confident and safe. For daily commute the range is fine but long trips are stressful because of low range.","Charging Infrastructure, Performance & Ride Quality, Range Anxiety",charging take long almost hour full charge home handling stability high speed feel confident safe daily commute range fine long trip stressful low range,"Charging takes too long, almost 6 hours for a full charge at home. Handling and stability at high speed feels very confident and safe. For daily commute the range is fine but long trips are stressful because of low range.",0,0.35054814,"Topic 0: cost, battery, replacement cost, replacement, city",7,0.08337341,"Topic 7: riding, low, smooth, level, impressively",1,0.010529045328980578,"Topic 1: range, transparent, proper, time company, proper information, battery degrades"
EV1946,Survey,EV Scooter,Ampere Magnus,East,6/6/2024,5,Battery range degrades faster than expected after just one year of use. Charging infrastructure in tier 2 and tier 3 cities is almost non-existent.,"Range Anxiety, Charging Infrastructure",battery range degrades faster expected year use charging infrastructure tier tier city almost non existent,Battery range degrades faster than expected after just one year of use. Charging infrastructure in tier 2 and tier 3 cities is almost non-existent.,6,0.589378609,"Topic 6: charging, battery, almost, tier, use",4,0.041610142,"Topic 4: use, daily use, daily, dropped, within month",9,1.0,"Topic 9: lot, better, expected, attracts lot, attracts, looks futuristic"
EV1947,Customer Support,EV Scooter,Hero Vida V1,Central,1/6/2024,5,"Build quality feels premium and the ride is extremely comfortable. AC usage kills the range, on hot days I barely get half the claimed distance.","Performance & Ride Quality, Range Anxiety",build quality feel premium ride extremely comfortable usage kill range hot day barely half claimed distance,"Build quality feels premium and the ride is extremely comfortable. AC usage kills the range, on hot days I barely get half the claimed distance.",8,0.542347875,"Topic 8: range, drop, defeat purpose, energy, energy used",8,0.028348631,"Topic 8: service, service center, center, appointment long, center needed",4,0.010276836350411244,"Topic 4: big motivation, big, motivation going, motivation, contributing, going"
EV1948,Survey,EV Car,MG ZS EV,East,11/26/2024,4,"Range drops badly in winter, I lost almost 30% range in cold weather.",Range Anxiety,range drop badly winter lost almost range cold weather,"Range drops badly in winter, I lost almost 30% range in cold weather.",8,0.949999084,"Topic 8: range, drop, defeat purpose, energy, energy used",7,0.062578708,"Topic 7: riding, low, smooth, level, impressively",23,1.0,"Topic 23: 30 range, badly, badly winter, cold weather, drops badly, cold"
EV1949,Marketplace Review,EV Scooter,Ola S1,East,7/1/2024,4,"Running cost is much lower than petrol, saving a lot on fuel every month. The design looks futuristic and attracts a lot of attention on the road.","Price & Subsidy, Design & Aesthetics",running cost lower petrol saving lot fuel every month design look futuristic attracts lot attention road,"Running cost is much lower than petrol, saving a lot on fuel every month. The design looks futuristic and attracts a lot of attention on the road.",4,0.540406853,"Topic 4: software, month, year, battery, keep",9,0.048341568,"Topic 9: dashboard, caused dashboard, caused, dashboard freeze, freeze twice",9,0.009773706657384309,"Topic 9: lot, better, expected, attracts lot, attracts, looks futuristic"
EV1950,Marketplace Review,EV Car,MG ZS EV,West,10/18/2024,3,Worried about battery degradation and replacement cost after warranty ends.,Battery Life & Degradation,worried battery degradation replacement cost warranty end,Worried about battery degradation and replacement cost after warranty ends.,0,0.935712873,"Topic 0: cost, battery, replacement cost, replacement, city",0,0.107282482,"Topic 0: cost, replacement cost, replacement, price, battery",21,1.0,"Topic 21: cost warranty, battery degradation, warranty ends, ends, degradation replacement, worried battery"
EV1951,Marketplace Review,EV Scooter,Bajaj Chetak,East,5/14/2024,2,Top speed is decent for city use but not enough for highway cruising. Fast charging network needs serious expansion on highways.,"Performance & Ride Quality, Charging Infrastructure",top speed decent city use enough highway cruising fast charging network need serious expansion highway,Top speed is decent for city use but not enough for highway cruising. Fast charging network needs serious expansion on highways.,3,0.968964817,"Topic 3: safety, use, highway, part, feature",6,0.059138608,"Topic 6: app, keep, update, software update, need",2,0.0009572227612150747,"Topic 2: makes, high, size makes, park, easy, maneuver"
EV1952,Marketplace Review,EV Scooter,Bajaj Chetak,West,10/1/2024,4,"Energy used to charge still comes mostly from coal in my region, defeats the purpose somewhat.",Environmental Impact,energy used charge come mostly coal region defeat purpose somewhat,"Energy used to charge still comes mostly from coal in my region, defeats the purpose somewhat.",8,0.954999819,"Topic 8: range, drop, defeat purpose, energy, energy used",1,0.428435062,"Topic 1: charge come, defeat purpose, defeat, come mostly, come",6,1.0,"Topic 6: coal, defeats purpose, defeats, coal region, comes coal, comes"
EV1953,Marketplace Review,EV Scooter,Ola S1,East,7/9/2024,4,Build materials feel sturdy but the design is a bit too plain compared to rivals.,Design & Aesthetics,build material feel sturdy design bit plain compared rival,Build materials feel sturdy but the design is a bit too plain compared to rivals.,6,0.949998733,"Topic 6: charging, battery, almost, tier, use",8,0.127332354,"Topic 8: service, service center, center, appointment long, center needed",14,1.0,"Topic 14: service, bit plain, design bit, compared rivals, bit, materials feel"
EV1954,Survey,EV Scooter,Ola S1,Central,12/15/2024,4,Software glitches caused the dashboard to freeze twice in a month.,Software & Connectivity,software glitch caused dashboard freeze twice month,Software glitches caused the dashboard to freeze twice in a month.,4,0.935713937,"Topic 4: software, month, year, battery, keep",9,0.454167934,"Topic 9: dashboard, caused dashboard, caused, dashboard freeze, freeze twice",20,1.0,"Topic 20: dashboard, caused, freeze twice, glitches, freeze, glitches caused"
EV1955,Social Media,EV Car,Tesla Model 3,West,6/23/2025,4,The vehicle has good crash test ratings which reassured my purchase decision. Charging infrastructure in tier 2 and tier 3 cities is almost non-existent.,"Safety Features, Charging Infrastructure",crash test rating reassured purchase decision charging infrastructure tier tier city almost non existent,The vehicle has good crash test ratings which reassured my purchase decision. Charging infrastructure in tier 2 and tier 3 cities is almost non-existent.,6,0.559258284,"Topic 6: charging, battery, almost, tier, use",9,0.062006156,"Topic 9: dashboard, caused dashboard, caused, dashboard freeze, freeze twice",8,0.3761741266818139,"Topic 8: vehicle good, test ratings, test, purchase decision, ratings, ratings reassured"
EV1956,Marketplace Review,EV Scooter,Ola S1,East,6/1/2024,4,"No proper information on how battery degrades over time, company should be transparent.",Battery Life & Degradation,proper information battery degrades time company transparent,"No proper information on how battery degrades over time, company should be transparent.",5,0.935713658,"Topic 5: battery, center, service center, service, safety",8,0.052935026,"Topic 8: service, service center, center, appointment long, center needed",1,0.20577213551829715,"Topic 1: range, transparent, proper, time company, proper information, battery degrades"
EV1957,Marketplace Review,EV Scooter,Ather 450X,East,2/18/2024,4,"Advanced safety features like ABS and traction control give peace of mind. Public chargers are often broken or occupied, need more charging stations urgently.","Safety Features, Charging Infrastructure",advanced safety feature ab traction control give peace mind public charger often broken occupied need charging station urgently,"Advanced safety features like ABS and traction control give peace of mind. Public chargers are often broken or occupied, need more charging stations urgently.",3,0.498298619,"Topic 3: safety, use, highway, part, feature",3,0.274901395,"Topic 3: ab, ab traction, control give, traction, traction control",0,0.008739079323636004,"Topic 0: collision, systems, braking collision, collision alert, systems work, really traffic"
EV1958,Survey,EV Scooter,Bajaj Chetak,West,9/16/2024,5,"Braking system feels sharp and responsive, regenerative braking works well.",Performance & Ride Quality,braking system feel sharp responsive regenerative braking work well,"Braking system feels sharp and responsive, regenerative braking works well.",7,0.949999688,"Topic 7: braking, work, system, work well, well",2,0.362732406,"Topic 2: braking, system, work well, work, well",24,1.0,"Topic 24: braking, braking feels, braking works, responsive, regenerative braking, responsive regenerative"
EV1959,Survey,EV Car,BYD Atto 3,North,4/18/2025,4,Battery health dropped to 85% within 18 months of daily use.,Battery Life & Degradation,battery health dropped within month daily use,Battery health dropped to 85% within 18 months of daily use.,6,0.935712492,"Topic 6: charging, battery, almost, tier, use",4,0.39372037,"Topic 4: use, daily use, daily, dropped, within month",13,1.0,"Topic 13: 18, 18 months, 85, 85 18, health dropped, months daily"
EV1960,Survey,EV Scooter,Ola S1,West,10/31/2024,4,Build quality feels premium and the ride is extremely comfortable. Navigation system integrated with range prediction is genuinely useful.,"Performance & Ride Quality, Software & Connectivity",build quality feel premium ride extremely comfortable navigation system integrated range prediction genuinely useful,Build quality feels premium and the ride is extremely comfortable. Navigation system integrated with range prediction is genuinely useful.,1,0.489006171,"Topic 1: range, system, genuinely, useful, genuinely useful",7,0.06089645,"Topic 7: riding, low, smooth, level, impressively",8,0.02901604014586364,"Topic 8: vehicle good, test ratings, test, purchase decision, ratings, ratings reassured"
EV1961,Social Media,EV Scooter,TVS iQube,South,7/8/2024,4,"Charging takes too long, almost 6 hours for a full charge at home.",Charging Infrastructure,charging take long almost hour full charge home,"Charging takes too long, almost 6 hours for a full charge at home.",6,0.94374764,"Topic 6: charging, battery, almost, tier, use",1,0.04253604,"Topic 1: charge come, defeat purpose, defeat, come mostly, come",11,0.010332733745582332,"Topic 11: home, bluetooth, riding frustrating, connectivity, bluetooth connectivity, drops frequently"
EV1962,Survey,EV Car,Mahindra XUV400,North,2/8/2025,3,Finding a working charging station in my city is still very difficult.,Charging Infrastructure,finding working charging station city difficult,Finding a working charging station in my city is still very difficult.,0,0.924998264,"Topic 0: cost, battery, replacement cost, replacement, city",6,0.061226602,"Topic 6: app, keep, update, software update, need",0,1.0,"Topic 0: collision, systems, braking collision, collision alert, systems work, really traffic"
EV1963,Marketplace Review,EV Car,Tesla Model 3,West,2/18/2025,4,Concerned about environmental impact of battery disposal and recycling. Navigation system integrated with range prediction is genuinely useful.,"Environmental Impact, Software & Connectivity",concerned environmental impact battery disposal recycling navigation system integrated range prediction genuinely useful,Concerned about environmental impact of battery disposal and recycling. Navigation system integrated with range prediction is genuinely useful.,1,0.52400012,"Topic 1: range, system, genuinely, useful, genuinely useful",5,0.31128957,"Topic 5: battery disposal, disposal recycling, concerned, environmental impact, environmental",12,0.029423431069792807,"Topic 12: battery disposal, environmental, disposal, disposal recycling, concerned, concerned environmental"
EV1964,Marketplace Review,EV Scooter,Hero Vida V1,East,3/30/2024,5,Battery health dropped to 85% within 18 months of daily use.,Battery Life & Degradation,battery health dropped within month daily use,Battery health dropped to 85% within 18 months of daily use.,6,0.935712492,"Topic 6: charging, battery, almost, tier, use",4,0.39372037,"Topic 4: use, daily use, daily, dropped, within month",13,1.0,"Topic 13: 18, 18 months, 85, 85 18, health dropped, months daily"
EV1965,Survey,EV Car,MG ZS EV,North,7/11/2024,4,"Claimed range of 15 km is misleading, actual range is way less in city traffic.",Range Anxiety,claimed range misleading actual range way less city traffic,"Claimed range of 15 km is misleading, actual range is way less in city traffic.",2,0.949997407,"Topic 2: feel, quality, range, support, quality feel",7,0.041861356,"Topic 7: riding, low, smooth, level, impressively",1,1.0,"Topic 1: range, transparent, proper, time company, proper information, battery degrades"
EV1966,Social Media,EV Car,Tesla Model 3,West,7/14/2024,3,"Home charging setup was expensive and took weeks to install. Spare parts availability is a major issue, waited a month for a replacement part. Bluetooth connectivity drops frequently while riding, very frustrating.","Charging Infrastructure, Service & After-Sales, Software & Connectivity",home charging setup expensive took week install spare part availability major issue waited month replacement part bluetooth connectivity drop frequently riding frustrating,"Home charging setup was expensive and took weeks to install. Spare parts availability is a major issue, waited a month for a replacement part. Bluetooth connectivity drops frequently while riding, very frustrating.",3,0.404037786,"Topic 3: safety, use, highway, part, feature",7,0.047800478,"Topic 7: riding, low, smooth, level, impressively",11,1.0,"Topic 11: home, bluetooth, riding frustrating, connectivity, bluetooth connectivity, drops frequently"
EV1967,Social Media,EV Car,Tata Nexon EV,South,3/31/2025,4,"The companion app keeps crashing, needs urgent software updates. Contributing to a cleaner city is a big motivation behind going electric.","Software & Connectivity, Environmental Impact",companion app keep crashing need urgent software update contributing cleaner city big motivation behind going,"The companion app keeps crashing, needs urgent software updates. Contributing to a cleaner city is a big motivation behind going electric.",4,0.507963277,"Topic 4: software, month, year, battery, keep",6,0.281140895,"Topic 6: app, keep, update, software update, need",17,1.0,"Topic 17: app keeps, crashing, crashing needs, companion app, companion, urgent software"
EV1968,Customer Support,EV Car,MG ZS EV,Central,2/5/2025,4,"The real world range is much lower than advertised, I only get 100 km on a full charge. Noise levels are impressively low, riding experience is very smooth and quiet.","Range Anxiety, Performance & Ride Quality",real world range lower advertised full charge noise level impressively low riding experience smooth quiet,"The real world range is much lower than advertised, I only get 100 km on a full charge. Noise levels are impressively low, riding experience is very smooth and quiet.",9,0.520689025,"Topic 9: price, subsidy, service, battery disposal, concerned environmental",7,0.262017576,"Topic 7: riding, low, smooth, level, impressively",1,1.0,"Topic 1: range, transparent, proper, time company, proper information, battery degrades"
EV1969,Customer Support,EV Scooter,Bajaj Chetak,North,5/14/2025,4,"Storage space under the seat is very limited, not practical for daily use.",Design & Aesthetics,storage space seat limited practical daily use,"Storage space under the seat is very limited, not practical for daily use.",3,0.93571352,"Topic 3: safety, use, highway, part, feature",4,0.148974955,"Topic 4: use, daily use, daily, dropped, within month",5,1.0,"Topic 5: air software, improving, great feature, keeps improving, updates great, improving time"
EV1970,Survey,EV Scooter,Ather 450X,Central,1/20/2024,3,Compact size makes it easy to park and maneuver in city traffic. Handling and stability at high speed feels very confident and safe.,"Design & Aesthetics, Performance & Ride Quality",compact size make easy park maneuver city traffic handling stability high speed feel confident safe,Compact size makes it easy to park and maneuver in city traffic. Handling and stability at high speed feels very confident and safe.,1,0.968965151,"Topic 1: range, system, genuinely, useful, genuinely useful",0,0.02837874,"Topic 0: cost, replacement cost, replacement, price, battery",2,0.09140024098477048,"Topic 2: makes, high, size makes, park, easy, maneuver"
EV1971,Marketplace Review,EV Scooter,Hero Vida V1,West,4/29/2024,4,"Bluetooth connectivity drops frequently while riding, very frustrating. Noise levels are impressively low, riding experience is very smooth and quiet.","Software & Connectivity, Performance & Ride Quality",bluetooth connectivity drop frequently riding frustrating noise level impressively low riding experience smooth quiet,"Bluetooth connectivity drops frequently while riding, very frustrating. Noise levels are impressively low, riding experience is very smooth and quiet.",9,0.568857112,"Topic 9: price, subsidy, service, battery disposal, concerned environmental",7,0.316340357,"Topic 7: riding, low, smooth, level, impressively",11,1.0,"Topic 11: home, bluetooth, riding frustrating, connectivity, bluetooth connectivity, drops frequently"
EV1972,Customer Support,EV Car,MG ZS EV,South,4/25/2025,4,The motor is powerful and pickup is much better than petrol variants. Navigation system integrated with range prediction is genuinely useful.,"Performance & Ride Quality, Software & Connectivity",motor powerful pickup better petrol variant navigation system integrated range prediction genuinely useful,The motor is powerful and pickup is much better than petrol variants. Navigation system integrated with range prediction is genuinely useful.,1,0.524000948,"Topic 1: range, system, genuinely, useful, genuinely useful",7,0.057890695,"Topic 7: riding, low, smooth, level, impressively",9,0.028994818633368516,"Topic 9: lot, better, expected, attracts lot, attracts, looks futuristic"
EV1973,Customer Support,EV Car,BYD Atto 3,Central,4/24/2025,5,"No proper information on how battery degrades over time, company should be transparent. Waiting time for service appointment is too long, more service centers needed.","Battery Life & Degradation, Service & After-Sales",proper information battery degrades time company transparent waiting time service appointment long service center needed,"No proper information on how battery degrades over time, company should be transparent. Waiting time for service appointment is too long, more service centers needed.",5,0.556940239,"Topic 5: battery, center, service center, service, safety",8,0.308180036,"Topic 8: service, service center, center, appointment long, center needed",1,0.21169509068230857,"Topic 1: range, transparent, proper, time company, proper information, battery degrades"
EV1974,Customer Support,EV Scooter,Bajaj Chetak,West,6/14/2024,4,"Concerned about environmental impact of battery disposal and recycling. Running cost is much lower than petrol, saving a lot on fuel every month.","Environmental Impact, Price & Subsidy",concerned environmental impact battery disposal recycling running cost lower petrol saving lot fuel every month,"Concerned about environmental impact of battery disposal and recycling. Running cost is much lower than petrol, saving a lot on fuel every month.",4,0.598820206,"Topic 4: software, month, year, battery, keep",5,0.273509393,"Topic 5: battery disposal, disposal recycling, concerned, environmental impact, environmental",12,1.0,"Topic 12: battery disposal, environmental, disposal, disposal recycling, concerned, concerned environmental"
EV1975,Social Media,EV Scooter,Ather 450X,South,6/9/2024,5,Contributing to a cleaner city is a big motivation behind going electric.,Environmental Impact,contributing cleaner city big motivation behind going,Contributing to a cleaner city is a big motivation behind going electric.,0,0.935713847,"Topic 0: cost, battery, replacement cost, replacement, city",0,0.025499456,"Topic 0: cost, replacement cost, replacement, price, battery",4,0.19837236795324645,"Topic 4: big motivation, big, motivation going, motivation, contributing, going"
EV1976,Marketplace Review,EV Car,Mahindra XUV400,East,8/28/2024,5,The upfront price is high but government subsidy makes it affordable.,Price & Subsidy,upfront price high government subsidy make affordable,The upfront price is high but government subsidy makes it affordable.,9,0.935713,"Topic 9: price, subsidy, service, battery disposal, concerned environmental",0,0.054278679,"Topic 0: cost, replacement cost, replacement, price, battery",2,0.0016701562971225433,"Topic 2: makes, high, size makes, park, easy, maneuver"
EV1977,Customer Support,EV Car,Hyundai Kona,East,6/11/2024,4,Worried about battery degradation and replacement cost after warranty ends. Advanced safety features like ABS and traction control give peace of mind.,"Battery Life & Degradation, Safety Features",worried battery degradation replacement cost warranty end advanced safety feature ab traction control give peace mind,Worried about battery degradation and replacement cost after warranty ends. Advanced safety features like ABS and traction control give peace of mind.,3,0.543987246,"Topic 3: safety, use, highway, part, feature",3,0.305972182,"Topic 3: ab, ab traction, control give, traction, traction control",10,0.41066368697254263,"Topic 10: battery replacement, cost half, half price, concerning, price vehicle, vehicle concerning"
EV1978,Survey,EV Scooter,Bajaj Chetak,Central,8/20/2024,5,Fast charging network needs serious expansion on highways. Emergency braking and collision alert systems work really well in traffic.,"Charging Infrastructure, Safety Features",fast charging network need serious expansion highway emergency braking collision alert system work well traffic,Fast charging network needs serious expansion on highways. Emergency braking and collision alert systems work really well in traffic.,7,0.520690525,"Topic 7: braking, work, system, work well, well",2,0.225904179,"Topic 2: braking, system, work well, work, well",2,1.0,"Topic 2: makes, high, size makes, park, easy, maneuver"
EV1979,Customer Support,EV Scooter,TVS iQube,North,9/30/2024,4,Battery performance is stable even after two years of heavy usage. Stability control on wet roads is impressive and inspires confidence.,"Battery Life & Degradation, Safety Features",battery performance stable two year heavy usage stability control wet road impressive inspires confidence,Battery performance is stable even after two years of heavy usage. Stability control on wet roads is impressive and inspires confidence.,0,0.503789517,"Topic 0: cost, battery, replacement cost, replacement, city",7,0.183560024,"Topic 7: riding, low, smooth, level, impressively",3,0.08610639053661398,"Topic 3: low, stability control, control wet, impressive, impressive inspires, wet"
EV1980,Survey,EV Car,Tesla Model 3,West,4/13/2025,4,"Public chargers are often broken or occupied, need more charging stations urgently. Energy used to charge still comes mostly from coal in my region, defeats the purpose somewhat.","Charging Infrastructure, Environmental Impact",public charger often broken occupied need charging station urgently energy used charge come mostly coal region defeat purpose somewhat,"Public chargers are often broken or occupied, need more charging stations urgently. Energy used to charge still comes mostly from coal in my region, defeats the purpose somewhat.",8,0.527564477,"Topic 8: range, drop, defeat purpose, energy, energy used",1,0.304400156,"Topic 1: charge come, defeat purpose, defeat, come mostly, come",0,0.008566986590890042,"Topic 0: collision, systems, braking collision, collision alert, systems work, really traffic"
EV1981,Survey,EV Car,BYD Atto 3,South,4/30/2024,4,"Resale value of electric vehicles is still uncertain, worried about depreciation.",Price & Subsidy,resale value uncertain worried depreciation,"Resale value of electric vehicles is still uncertain, worried about depreciation.",7,0.909999429,"Topic 7: braking, work, system, work well, well",9,0.015858813,"Topic 9: dashboard, caused dashboard, caused, dashboard freeze, freeze twice",5,0.045416248894689225,"Topic 5: air software, improving, great feature, keeps improving, updates great, improving time"
EV1982,Customer Support,EV Car,Tesla Model 3,West,6/2/2025,4,Software glitches caused the dashboard to freeze twice in a month.,Software & Connectivity,software glitch caused dashboard freeze twice month,Software glitches caused the dashboard to freeze twice in a month.,4,0.935713937,"Topic 4: software, month, year, battery, keep",9,0.454167934,"Topic 9: dashboard, caused dashboard, caused, dashboard freeze, freeze twice",20,1.0,"Topic 20: dashboard, caused, freeze twice, glitches, freeze, glitches caused"
EV1983,Customer Support,EV Car,MG ZS EV,East,5/21/2024,2,Charging infrastructure in tier 2 and tier 3 cities is almost non-existent. Insurance premium for EV is surprisingly high compared to petrol vehicles.,"Charging Infrastructure, Price & Subsidy",charging infrastructure tier tier city almost non existent insurance premium surprisingly high compared petrol,Charging infrastructure in tier 2 and tier 3 cities is almost non-existent. Insurance premium for EV is surprisingly high compared to petrol vehicles.,6,0.561483621,"Topic 6: charging, battery, almost, tier, use",0,0.022218472,"Topic 0: cost, replacement cost, replacement, price, battery",16,1.0,"Topic 16: tier, surprisingly, surprisingly high, compared petrol, insurance premium, insurance"
EV1984,Marketplace Review,EV Car,MG ZS EV,East,10/20/2024,4,"The vehicle has good crash test ratings which reassured my purchase decision. The battery warranty of 5 years gives me confidence in long term reliability. Highway charging stops are rare, long distance travel is a nightmare.","Safety Features, Battery Life & Degradation, Charging Infrastructure",crash test rating reassured purchase decision battery warranty year give confidence long term reliability highway charging stop rare long distance travel nightmare,"The vehicle has good crash test ratings which reassured my purchase decision. The battery warranty of 5 years gives me confidence in long term reliability. Highway charging stops are rare, long distance travel is a nightmare.",8,0.351228459,"Topic 8: range, drop, defeat purpose, energy, energy used",8,0.0695619,"Topic 8: service, service center, center, appointment long, center needed",4,1.0,"Topic 4: big motivation, big, motivation going, motivation, contributing, going"
EV1985,Social Media,EV Scooter,Hero Vida V1,South,6/26/2025,5,"LED lighting and digital dashboard give it a premium, modern look.",Design & Aesthetics,led lighting digital dashboard give premium modern look,"LED lighting and digital dashboard give it a premium, modern look.",0,0.943748755,"Topic 0: cost, battery, replacement cost, replacement, city",9,0.145980317,"Topic 9: dashboard, caused dashboard, caused, dashboard freeze, freeze twice",20,0.04828165635164596,"Topic 20: dashboard, caused, freeze twice, glitches, freeze, glitches caused"
EV1986,Marketplace Review,EV Car,MG ZS EV,West,2/23/2025,4,"Smart key and app based lock features work flawlessly, very convenient. Stability control on wet roads is impressive and inspires confidence.","Software & Connectivity, Safety Features",smart key app based lock feature work flawlessly convenient stability control wet road impressive inspires confidence,"Smart key and app based lock features work flawlessly, very convenient. Stability control on wet roads is impressive and inspires confidence.",9,0.551612536,"Topic 9: price, subsidy, service, battery disposal, concerned environmental",7,0.16662958,"Topic 7: riding, low, smooth, level, impressively",22,1.0,"Topic 22: app based, based, based lock, features work, flawlessly, flawlessly convenient"
EV1987,Marketplace Review,EV Scooter,Ola S1,South,1/11/2024,4,Advanced safety features like ABS and traction control give peace of mind.,Safety Features,advanced safety feature ab traction control give peace mind,Advanced safety features like ABS and traction control give peace of mind.,3,0.949999585,"Topic 3: safety, use, highway, part, feature",3,0.403444493,"Topic 3: ab, ab traction, control give, traction, traction control",10,0.0014958824548624125,"Topic 10: battery replacement, cost half, half price, concerning, price vehicle, vehicle concerning"
EV1988,Customer Support,EV Car,Hyundai Kona,West,6/17/2024,4,The design looks futuristic and attracts a lot of attention on the road.,Design & Aesthetics,design look futuristic attracts lot attention road,The design looks futuristic and attracts a lot of attention on the road.,2,0.935713616,"Topic 2: feel, quality, range, support, quality feel",7,0.037911005,"Topic 7: riding, low, smooth, level, impressively",9,1.0,"Topic 9: lot, better, expected, attracts lot, attracts, looks futuristic"
EV1989,Social Media,EV Scooter,Ola S1,Central,2/29/2024,3,The vehicle has good crash test ratings which reassured my purchase decision.,Safety Features,crash test rating reassured purchase decision,The vehicle has good crash test ratings which reassured my purchase decision.,9,0.925,"Topic 9: price, subsidy, service, battery disposal, concerned environmental",9,0.102568155,"Topic 9: dashboard, caused dashboard, caused, dashboard freeze, freeze twice",8,1.0,"Topic 8: vehicle good, test ratings, test, purchase decision, ratings, ratings reassured"
EV1990,Customer Support,EV Scooter,Bajaj Chetak,East,12/18/2024,3,"I'm always worried about running out of charge before reaching my destination. Waiting time for service appointment is too long, more service centers needed.","Range Anxiety, Service & After-Sales",always worried running charge reaching destination waiting time service appointment long service center needed,"I'm always worried about running out of charge before reaching my destination. Waiting time for service appointment is too long, more service centers needed.",5,0.543119865,"Topic 5: battery, center, service center, service, safety",8,0.282788191,"Topic 8: service, service center, center, appointment long, center needed",14,0.04141314080458396,"Topic 14: service, bit plain, design bit, compared rivals, bit, materials feel"
EV1991,Social Media,EV Scooter,Bajaj Chetak,Central,3/28/2025,4,"Noise levels are impressively low, riding experience is very smooth and quiet.",Performance & Ride Quality,noise level impressively low riding experience smooth quiet,"Noise levels are impressively low, riding experience is very smooth and quiet.",9,0.943749598,"Topic 9: price, subsidy, service, battery disposal, concerned environmental",7,0.346479625,"Topic 7: riding, low, smooth, level, impressively",3,0.19878233087730995,"Topic 3: low, stability control, control wet, impressive, impressive inspires, wet"
EV1992,Survey,EV Car,Hyundai Kona,North,12/8/2024,5,Build materials feel sturdy but the design is a bit too plain compared to rivals.,Design & Aesthetics,build material feel sturdy design bit plain compared rival,Build materials feel sturdy but the design is a bit too plain compared to rivals.,6,0.949998733,"Topic 6: charging, battery, almost, tier, use",8,0.127332354,"Topic 8: service, service center, center, appointment long, center needed",14,1.0,"Topic 14: service, bit plain, design bit, compared rivals, bit, materials feel"
EV1993,Customer Support,EV Car,BYD Atto 3,South,4/5/2024,4,"The vehicle has good crash test ratings which reassured my purchase decision. Energy used to charge still comes mostly from coal in my region, defeats the purpose somewhat.","Safety Features, Environmental Impact",crash test rating reassured purchase decision energy used charge come mostly coal region defeat purpose somewhat,"The vehicle has good crash test ratings which reassured my purchase decision. Energy used to charge still comes mostly from coal in my region, defeats the purpose somewhat.",8,0.616129293,"Topic 8: range, drop, defeat purpose, energy, energy used",1,0.333279617,"Topic 1: charge come, defeat purpose, defeat, come mostly, come",6,1.0,"Topic 6: coal, defeats purpose, defeats, coal region, comes coal, comes"
EV1994,Social Media,EV Scooter,Hero Vida V1,North,1/29/2024,4,"Heard about a thermal runaway incident, this has shaken my trust in EV safety.",Safety Features,heard thermal runaway incident shaken trust safety,"Heard about a thermal runaway incident, this has shaken my trust in EV safety.",3,0.93571418,"Topic 3: safety, use, highway, part, feature",3,0.032099155,"Topic 3: ab, ab traction, control give, traction, traction control",7,0.0017467767666943523,"Topic 7: ev, good knowing, knowing, feels good, carbon footprint, knowing reducing"
EV1995,Customer Support,EV Scooter,Ather 450X,West,6/1/2025,4,Finding a working charging station in my city is still very difficult.,Charging Infrastructure,finding working charging station city difficult,Finding a working charging station in my city is still very difficult.,0,0.924998264,"Topic 0: cost, battery, replacement cost, replacement, city",6,0.061226602,"Topic 6: app, keep, update, software update, need",0,1.0,"Topic 0: collision, systems, braking collision, collision alert, systems work, really traffic"
EV1996,Customer Support,EV Scooter,TVS iQube,North,2/18/2024,4,Charging infrastructure in tier 2 and tier 3 cities is almost non-existent.,Charging Infrastructure,charging infrastructure tier tier city almost non existent,Charging infrastructure in tier 2 and tier 3 cities is almost non-existent.,6,0.943748493,"Topic 6: charging, battery, almost, tier, use",0,0.022957622,"Topic 0: cost, replacement cost, replacement, price, battery",16,1.0,"Topic 16: tier, surprisingly, surprisingly high, compared petrol, insurance premium, insurance"
EV1997,Survey,EV Scooter,Ampere Magnus,West,12/13/2024,4,Price after subsidy is still higher than a comparable petrol scooter.,Price & Subsidy,price subsidy higher comparable petrol scooter,Price after subsidy is still higher than a comparable petrol scooter.,9,0.924998907,"Topic 9: price, subsidy, service, battery disposal, concerned environmental",0,0.029697944,"Topic 0: cost, replacement cost, replacement, price, battery",6,0.005811509931457264,"Topic 6: coal, defeats purpose, defeats, coal region, comes coal, comes"
EV1998,Customer Support,EV Scooter,TVS iQube,Central,5/23/2024,4,Compact size makes it easy to park and maneuver in city traffic.,Design & Aesthetics,compact size make easy park maneuver city traffic,Compact size makes it easy to park and maneuver in city traffic.,1,0.943749361,"Topic 1: range, system, genuinely, useful, genuinely useful",0,0.030857381,"Topic 0: cost, replacement cost, replacement, price, battery",2,0.0913464639130242,"Topic 2: makes, high, size makes, park, easy, maneuver"
EV1999,Customer Support,EV Car,Tata Nexon EV,Central,7/16/2024,4,"Handling and stability at high speed feels very confident and safe. Over the air software updates are a great feature, keeps improving over time.","Performance & Ride Quality, Software & Connectivity",handling stability high speed feel confident safe air software update great feature keep improving time,"Handling and stability at high speed feels very confident and safe. Over the air software updates are a great feature, keeps improving over time.",6,0.532208086,"Topic 6: charging, battery, almost, tier, use",6,0.16118734,"Topic 6: app, keep, update, software update, need",2,1.0,"Topic 2: makes, high, size makes, park, easy, maneuver"
EV2000,Survey,EV Scooter,Bajaj Chetak,North,3/4/2024,3,"Interior quality feels cheap for the price point, needs improvement. Battery replacement cost is almost half the price of the vehicle, very concerning. The companion app keeps crashing, needs urgent software updates.","Design & Aesthetics, Battery Life & Degradation, Software & Connectivity",interior quality feel cheap price point need improvement battery replacement cost almost half price concerning companion app keep crashing need urgent software update,"Interior quality feels cheap for the price point, needs improvement. Battery replacement cost is almost half the price of the vehicle, very concerning. The companion app keeps crashing, needs urgent software updates.",4,0.358555962,"Topic 4: software, month, year, battery, keep",6,0.248349212,"Topic 6: app, keep, update, software update, need",18,1.0,"Topic 18: infotainment, infotainment lags, touchscreen, touchscreen infotainment, lags intuitive, lags"
EV2001,Marketplace Review,EV Scooter,Hero Vida V1,Central,6/15/2025,4,"LED lighting and digital dashboard give it a premium, modern look.",Design & Aesthetics,led lighting digital dashboard give premium modern look,"LED lighting and digital dashboard give it a premium, modern look.",0,0.943748755,"Topic 0: cost, battery, replacement cost, replacement, city",9,0.145980317,"Topic 9: dashboard, caused dashboard, caused, dashboard freeze, freeze twice",20,0.04829423226845549,"Topic 20: dashboard, caused, freeze twice, glitches, freeze, glitches caused"
EV2002,Marketplace Review,EV Scooter,Ampere Magnus,West,3/26/2025,4,Software glitches caused the dashboard to freeze twice in a month.,Software & Connectivity,software glitch caused dashboard freeze twice month,Software glitches caused the dashboard to freeze twice in a month.,4,0.935713937,"Topic 4: software, month, year, battery, keep",9,0.454167934,"Topic 9: dashboard, caused dashboard, caused, dashboard freeze, freeze twice",20,1.0,"Topic 20: dashboard, caused, freeze twice, glitches, freeze, glitches caused"
EV2003,Social Media,EV Scooter,Ather 450X,Central,5/10/2024,4,"Over the air software updates are a great feature, keeps improving over time. Energy used to charge still comes mostly from coal in my region, defeats the purpose somewhat.","Software & Connectivity, Environmental Impact",air software update great feature keep improving time energy used charge come mostly coal region defeat purpose somewhat,"Over the air software updates are a great feature, keeps improving over time. Energy used to charge still comes mostly from coal in my region, defeats the purpose somewhat.",8,0.537651562,"Topic 8: range, drop, defeat purpose, energy, energy used",1,0.312110642,"Topic 1: charge come, defeat purpose, defeat, come mostly, come",5,1.0,"Topic 5: air software, improving, great feature, keeps improving, updates great, improving time"
EV2004,Social Media,EV Car,Tesla Model 3,West,4/29/2025,4,"AC usage kills the range, on hot days I barely get half the claimed distance. Worried about battery degradation and replacement cost after warranty ends.","Range Anxiety, Battery Life & Degradation",usage kill range hot day barely half claimed distance worried battery degradation replacement cost warranty end,"AC usage kills the range, on hot days I barely get half the claimed distance. Worried about battery degradation and replacement cost after warranty ends.",8,0.522543909,"Topic 8: range, drop, defeat purpose, energy, energy used",0,0.078304426,"Topic 0: cost, replacement cost, replacement, price, battery",4,1.0,"Topic 4: big motivation, big, motivation going, motivation, contributing, going"
EV2005,Survey,EV Scooter,Ola S1,East,10/23/2024,4,"Range drops badly in winter, I lost almost 30% range in cold weather. The vehicle has good crash test ratings which reassured my purchase decision. The battery warranty of 250 years gives me confidence in long term reliability.","Range Anxiety, Safety Features, Battery Life & Degradation",range drop badly winter lost almost range cold weather crash test rating reassured purchase decision battery warranty year give confidence long term reliability,"Range drops badly in winter, I lost almost 30% range in cold weather. The vehicle has good crash test ratings which reassured my purchase decision. The battery warranty of 250 years gives me confidence in long term reliability.",8,0.388812723,"Topic 8: range, drop, defeat purpose, energy, energy used",7,0.065060515,"Topic 7: riding, low, smooth, level, impressively",23,1.0,"Topic 23: 30 range, badly, badly winter, cold weather, drops badly, cold"
EV2006,Marketplace Review,EV Scooter,TVS iQube,North,5/26/2024,4,Worried about battery degradation and replacement cost after warranty ends. Loved the color options and the overall styling of the vehicle.,"Battery Life & Degradation, Design & Aesthetics",worried battery degradation replacement cost warranty end loved color option overall styling,Worried about battery degradation and replacement cost after warranty ends. Loved the color options and the overall styling of the vehicle.,0,0.550253001,"Topic 0: cost, battery, replacement cost, replacement, city",0,0.08013336,"Topic 0: cost, replacement cost, replacement, price, battery",21,1.0,"Topic 21: cost warranty, battery degradation, warranty ends, ends, degradation replacement, worried battery"
EV2007,Social Media,EV Scooter,Ather 450X,West,1/3/2024,4,"Love the app that shows nearby charging stations, very convenient feature. Advanced safety features like ABS and traction control give peace of mind.","Charging Infrastructure, Safety Features",love app show nearby charging station convenient feature advanced safety feature ab traction control give peace mind,"Love the app that shows nearby charging stations, very convenient feature. Advanced safety features like ABS and traction control give peace of mind.",3,0.537422593,"Topic 3: safety, use, highway, part, feature",3,0.300283145,"Topic 3: ab, ab traction, control give, traction, traction control",8,0.011121474674280504,"Topic 8: vehicle good, test ratings, test, purchase decision, ratings, ratings reassured"
EV2008,Marketplace Review,EV Car,Mahindra XUV400,Central,11/13/2024,4,Contributing to a cleaner city is a big motivation behind going electric.,Environmental Impact,contributing cleaner city big motivation behind going,Contributing to a cleaner city is a big motivation behind going electric.,0,0.935713847,"Topic 0: cost, battery, replacement cost, replacement, city",0,0.025499456,"Topic 0: cost, replacement cost, replacement, price, battery",4,0.20022734335940412,"Topic 4: big motivation, big, motivation going, motivation, contributing, going"
EV2009,Marketplace Review,EV Scooter,Bajaj Chetak,Central,5/15/2024,3,Battery performance is stable even after two years of heavy usage.,Battery Life & Degradation,battery performance stable two year heavy usage,Battery performance is stable even after two years of heavy usage.,6,0.935713193,"Topic 6: charging, battery, almost, tier, use",8,0.052289309,"Topic 8: service, service center, center, appointment long, center needed",9,0.0882734106610073,"Topic 9: lot, better, expected, attracts lot, attracts, looks futuristic"
EV2010,Marketplace Review,EV Scooter,Bajaj Chetak,South,11/29/2024,4,"Highway charging stops are rare, long distance travel is a nightmare.",Charging Infrastructure,highway charging stop rare long distance travel nightmare,"Highway charging stops are rare, long distance travel is a nightmare.",8,0.94374795,"Topic 8: range, drop, defeat purpose, energy, energy used",8,0.065657377,"Topic 8: service, service center, center, appointment long, center needed",15,1.0,"Topic 15: highway, discount, ev subsidy, delayed discount, subsidy scheme, state got"
EV2011,Marketplace Review,EV Scooter,Ather 450X,East,2/16/2024,4,Software glitches caused the dashboard to freeze twice in a month.,Software & Connectivity,software glitch caused dashboard freeze twice month,Software glitches caused the dashboard to freeze twice in a month.,4,0.935713937,"Topic 4: software, month, year, battery, keep",9,0.454167934,"Topic 9: dashboard, caused dashboard, caused, dashboard freeze, freeze twice",20,1.0,"Topic 20: dashboard, caused, freeze twice, glitches, freeze, glitches caused"
EV2012,Survey,EV Scooter,Hero Vida V1,South,1/26/2024,5,Concerned about environmental impact of battery disposal and recycling.,Environmental Impact,concerned environmental impact battery disposal recycling,Concerned about environmental impact of battery disposal and recycling.,9,0.924998615,"Topic 9: price, subsidy, service, battery disposal, concerned environmental",5,0.435865403,"Topic 5: battery disposal, disposal recycling, concerned, environmental impact, environmental",12,1.0,"Topic 12: battery disposal, environmental, disposal, disposal recycling, concerned, concerned environmental"
EV2013,Survey,EV Car,Tesla Model 3,South,2/24/2024,4,Zero tailpipe emissions is the main reason I chose an electric vehicle. Emergency braking and collision alert systems work really well in traffic.,"Environmental Impact, Safety Features",zero tailpipe emission main reason chose emergency braking collision alert system work well traffic,Zero tailpipe emissions is the main reason I chose an electric vehicle. Emergency braking and collision alert systems work really well in traffic.,7,0.559260408,"Topic 7: braking, work, system, work well, well",2,0.235821159,"Topic 2: braking, system, work well, work, well",19,1.0,"Topic 19: chose, chose electric, emissions, emissions main, reason, reason chose"
EV2014,Social Media,EV Car,Tata Nexon EV,North,10/8/2024,5,"For the price, I expected better build quality and more features. Switching to EV feels good knowing I'm reducing my carbon footprint.","Price & Subsidy, Environmental Impact",price expected better build quality feature switching feel knowing reducing carbon footprint,"For the price, I expected better build quality and more features. Switching to EV feels good knowing I'm reducing my carbon footprint.",2,0.960868767,"Topic 2: feel, quality, range, support, quality feel",8,0.077770155,"Topic 8: service, service center, center, appointment long, center needed",7,1.0,"Topic 7: ev, good knowing, knowing, feels good, carbon footprint, knowing reducing"
EV2015,Survey,EV Scooter,Bajaj Chetak,West,1/24/2024,3,"Noise levels are impressively low, riding experience is very smooth and quiet.",Performance & Ride Quality,noise level impressively low riding experience smooth quiet,"Noise levels are impressively low, riding experience is very smooth and quiet.",9,0.943749598,"Topic 9: price, subsidy, service, battery disposal, concerned environmental",7,0.346479625,"Topic 7: riding, low, smooth, level, impressively",3,0.1988479661816577,"Topic 3: low, stability control, control wet, impressive, impressive inspires, wet"
EV2016,Survey,EV Car,Mahindra XUV400,Central,11/20/2024,4,The design looks futuristic and attracts a lot of attention on the road. Service center staff are not well trained to handle EV specific issues.,"Design & Aesthetics, Service & After-Sales",design look futuristic attracts lot attention road service center staff well trained handle specific issue,The design looks futuristic and attracts a lot of attention on the road. Service center staff are not well trained to handle EV specific issues.,5,0.4968028,"Topic 5: battery, center, service center, service, safety",8,0.231043774,"Topic 8: service, service center, center, appointment long, center needed",7,1.0,"Topic 7: ev, good knowing, knowing, feels good, carbon footprint, knowing reducing"
EV2017,Social Media,EV Car,BYD Atto 3,East,5/27/2024,4,"Worried about battery degradation and replacement cost after warranty ends. There are very few authorized service centers, had to travel 200 km for repair.","Battery Life & Degradation, Service & After-Sales",worried battery degradation replacement cost warranty end authorized service center travel repair,"Worried about battery degradation and replacement cost after warranty ends. There are very few authorized service centers, had to travel 200 km for repair.",0,0.525350455,"Topic 0: cost, battery, replacement cost, replacement, city",8,0.170494138,"Topic 8: service, service center, center, appointment long, center needed",21,1.0,"Topic 21: cost warranty, battery degradation, warranty ends, ends, degradation replacement, worried battery"
EV2018,Social Media,EV Scooter,Hero Vida V1,North,11/29/2024,4,"No proper information on how battery degrades over time, company should be transparent. The real world range is much lower than advertised, I only get 200 km on a full charge.","Battery Life & Degradation, Range Anxiety",proper information battery degrades time company transparent real world range lower advertised full charge,"No proper information on how battery degrades over time, company should be transparent. The real world range is much lower than advertised, I only get 200 km on a full charge.",5,0.503870964,"Topic 5: battery, center, service center, service, safety",8,0.037893204,"Topic 8: service, service center, center, appointment long, center needed",1,0.22774088026827924,"Topic 1: range, transparent, proper, time company, proper information, battery degrades"
EV2019,Customer Support,EV Scooter,Ola S1,South,2/26/2025,4,"Braking system feels sharp and responsive, regenerative braking works well.",Performance & Ride Quality,braking system feel sharp responsive regenerative braking work well,"Braking system feels sharp and responsive, regenerative braking works well.",7,0.949999688,"Topic 7: braking, work, system, work well, well",2,0.362732406,"Topic 2: braking, system, work well, work, well",24,1.0,"Topic 24: braking, braking feels, braking works, responsive, regenerative braking, responsive regenerative"
EV2020,Survey,EV Scooter,Ola S1,South,9/2/2024,3,"Energy used to charge still comes mostly from coal in my region, defeats the purpose somewhat.",Environmental Impact,energy used charge come mostly coal region defeat purpose somewhat,"Energy used to charge still comes mostly from coal in my region, defeats the purpose somewhat.",8,0.954999819,"Topic 8: range, drop, defeat purpose, energy, energy used",1,0.428435062,"Topic 1: charge come, defeat purpose, defeat, come mostly, come",6,1.0,"Topic 6: coal, defeats purpose, defeats, coal region, comes coal, comes"
EV2021,Marketplace Review,EV Car,Mahindra XUV400,North,10/2/2024,4,"AC usage kills the range, on hot days I barely get half the claimed distance.",Range Anxiety,usage kill range hot day barely half claimed distance,"AC usage kills the range, on hot days I barely get half the claimed distance.",8,0.949999273,"Topic 8: range, drop, defeat purpose, energy, energy used",0,0.01816458,"Topic 0: cost, replacement cost, replacement, price, battery",4,1.0,"Topic 4: big motivation, big, motivation going, motivation, contributing, going"
EV2022,Marketplace Review,EV Scooter,Ampere Magnus,North,5/10/2025,3,"Claimed range of 80 km is misleading, actual range is way less in city traffic. Loved the color options and the overall styling of the vehicle.","Range Anxiety, Design & Aesthetics",claimed range misleading actual range way less city traffic loved color option overall styling,"Claimed range of 80 km is misleading, actual range is way less in city traffic. Loved the color options and the overall styling of the vehicle.",2,0.619986668,"Topic 2: feel, quality, range, support, quality feel",7,0.032040709,"Topic 7: riding, low, smooth, level, impressively",1,1.0,"Topic 1: range, transparent, proper, time company, proper information, battery degrades"
EV2023,Social Media,EV Car,MG ZS EV,East,2/20/2025,4,"Smart key and app based lock features work flawlessly, very convenient. Fast charging network needs serious expansion on highways.","Software & Connectivity, Charging Infrastructure",smart key app based lock feature work flawlessly convenient fast charging network need serious expansion highway,"Smart key and app based lock features work flawlessly, very convenient. Fast charging network needs serious expansion on highways.",9,0.534262877,"Topic 9: price, subsidy, service, battery disposal, concerned environmental",6,0.201172243,"Topic 6: app, keep, update, software update, need",22,1.0,"Topic 22: app based, based, based lock, features work, flawlessly, flawlessly convenient"
EV2024,Social Media,EV Car,Hyundai Kona,South,3/9/2025,4,"Advanced safety features like ABS and traction control give peace of mind. The companion app keeps crashing, needs urgent software updates.","Safety Features, Software & Connectivity",advanced safety feature ab traction control give peace mind companion app keep crashing need urgent software update,"Advanced safety features like ABS and traction control give peace of mind. The companion app keeps crashing, needs urgent software updates.",3,0.524729941,"Topic 3: safety, use, highway, part, feature",3,0.284860176,"Topic 3: ab, ab traction, control give, traction, traction control",17,1.0,"Topic 17: app keeps, crashing, crashing needs, companion app, companion, urgent software"
EV2025,Customer Support,EV Scooter,Ampere Magnus,South,1/1/2024,5,Battery range degrades faster than expected after just one year of use.,Range Anxiety,battery range degrades faster expected year use,Battery range degrades faster than expected after just one year of use.,4,0.935708387,"Topic 4: software, month, year, battery, keep",4,0.067557016,"Topic 4: use, daily use, daily, dropped, within month",9,1.0,"Topic 9: lot, better, expected, attracts lot, attracts, looks futuristic"
EV2026,Customer Support,EV Scooter,Ampere Magnus,West,12/25/2024,3,EV subsidy scheme in my state got delayed and the discount amount reduced suddenly. Advanced safety features like ABS and traction control give peace of mind.,"Price & Subsidy, Safety Features",subsidy scheme state got delayed discount amount reduced suddenly advanced safety feature ab traction control give peace mind,EV subsidy scheme in my state got delayed and the discount amount reduced suddenly. Advanced safety features like ABS and traction control give peace of mind.,4,0.499263015,"Topic 4: software, month, year, battery, keep",3,0.281114523,"Topic 3: ab, ab traction, control give, traction, traction control",15,1.0,"Topic 15: highway, discount, ev subsidy, delayed discount, subsidy scheme, state got"
EV2027,Survey,EV Car,Tesla Model 3,East,4/1/2024,4,"LED lighting and digital dashboard give it a premium, modern look. Home charging setup was expensive and took weeks to install.","Design & Aesthetics, Charging Infrastructure",led lighting digital dashboard give premium modern look home charging setup expensive took week install,"LED lighting and digital dashboard give it a premium, modern look. Home charging setup was expensive and took weeks to install.",0,0.541041287,"Topic 0: cost, battery, replacement cost, replacement, city",9,0.105465589,"Topic 9: dashboard, caused dashboard, caused, dashboard freeze, freeze twice",11,0.04834841996561435,"Topic 11: home, bluetooth, riding frustrating, connectivity, bluetooth connectivity, drops frequently"
EV2028,Social Media,EV Scooter,Bajaj Chetak,Central,5/31/2025,4,Top speed is decent for city use but not enough for highway cruising.,Performance & Ride Quality,top speed decent city use enough highway cruising,Top speed is decent for city use but not enough for highway cruising.,3,0.9437488,"Topic 3: safety, use, highway, part, feature",4,0.041234172,"Topic 4: use, daily use, daily, dropped, within month",15,0.0009555455294804138,"Topic 15: highway, discount, ev subsidy, delayed discount, subsidy scheme, state got"
EV2029,Marketplace Review,EV Scooter,Hero Vida V1,East,9/8/2024,4,The motor is powerful and pickup is much better than petrol variants. Contributing to a cleaner city is a big motivation behind going electric.,"Performance & Ride Quality, Environmental Impact",motor powerful pickup better petrol variant contributing cleaner city big motivation behind going,The motor is powerful and pickup is much better than petrol variants. Contributing to a cleaner city is a big motivation behind going electric.,0,0.510287969,"Topic 0: cost, battery, replacement cost, replacement, city",0,0.021219707,"Topic 0: cost, replacement cost, replacement, price, battery",4,0.20150147675716912,"Topic 4: big motivation, big, motivation going, motivation, contributing, going"
EV2030,Social Media,EV Scooter,Ola S1,North,5/2/2025,3,"For daily commute the range is fine but long trips are stressful because of low range. Energy used to charge still comes mostly from coal in my region, defeats the purpose somewhat. No proper information on how battery degrades over time, company should be transparent.","Range Anxiety, Environmental Impact, Battery Life & Degradation",daily commute range fine long trip stressful low range energy used charge come mostly coal region defeat purpose somewhat proper information battery degrades time company transparent,"For daily commute the range is fine but long trips are stressful because of low range. Energy used to charge still comes mostly from coal in my region, defeats the purpose somewhat. No proper information on how battery degrades over time, company should be transparent.",8,0.417945145,"Topic 8: range, drop, defeat purpose, energy, energy used",1,0.26225388,"Topic 1: charge come, defeat purpose, defeat, come mostly, come",1,1.0,"Topic 1: range, transparent, proper, time company, proper information, battery degrades"
EV2031,Survey,EV Scooter,Bajaj Chetak,North,2/1/2024,3,"Touchscreen infotainment system lags and is not very intuitive to use. Highway charging stops are rare, long distance travel is a nightmare.","Software & Connectivity, Charging Infrastructure",touchscreen infotainment system lag intuitive use highway charging stop rare long distance travel nightmare,"Touchscreen infotainment system lags and is not very intuitive to use. Highway charging stops are rare, long distance travel is a nightmare.",8,0.96666549,"Topic 8: range, drop, defeat purpose, energy, energy used",4,0.05644952,"Topic 4: use, daily use, daily, dropped, within month",18,1.0,"Topic 18: infotainment, infotainment lags, touchscreen, touchscreen infotainment, lags intuitive, lags"
EV2032,Social Media,EV Scooter,Bajaj Chetak,North,5/7/2024,5,Touchscreen infotainment system lags and is not very intuitive to use.,Software & Connectivity,touchscreen infotainment system lag intuitive use,Touchscreen infotainment system lags and is not very intuitive to use.,8,0.92499737,"Topic 8: range, drop, defeat purpose, energy, energy used",2,0.072613133,"Topic 2: braking, system, work well, work, well",18,1.0,"Topic 18: infotainment, infotainment lags, touchscreen, touchscreen infotainment, lags intuitive, lags"
EV2033,Survey,EV Car,Mahindra XUV400,South,1/21/2024,5,"There are very few authorized service centers, had to travel 100 km for repair. Braking system feels sharp and responsive, regenerative braking works well.","Service & After-Sales, Performance & Ride Quality",authorized service center travel repair braking system feel sharp responsive regenerative braking work well,"There are very few authorized service centers, had to travel 100 km for repair. Braking system feels sharp and responsive, regenerative braking works well.",7,0.628840705,"Topic 7: braking, work, system, work well, well",2,0.289253453,"Topic 2: braking, system, work well, work, well",10,0.0036677819703138334,"Topic 10: battery replacement, cost half, half price, concerning, price vehicle, vehicle concerning"
EV2034,Marketplace Review,EV Car,MG ZS EV,East,2/7/2024,3,"Spare parts availability is a major issue, waited a month for a replacement part.",Service & After-Sales,spare part availability major issue waited month replacement part,"Spare parts availability is a major issue, waited a month for a replacement part.",3,0.949999206,"Topic 3: safety, use, highway, part, feature",9,0.022143653,"Topic 9: dashboard, caused dashboard, caused, dashboard freeze, freeze twice",0,0.19283498316828693,"Topic 0: collision, systems, braking collision, collision alert, systems work, really traffic"
EV2035,Social Media,EV Car,Tata Nexon EV,West,4/23/2024,3,Customer support over phone is helpful and resolves issues quickly.,Service & After-Sales,customer support phone helpful resolve issue quickly,Customer support over phone is helpful and resolves issues quickly.,2,0.935713818,"Topic 2: feel, quality, range, support, quality feel",7,0.029696184,"Topic 7: riding, low, smooth, level, impressively",0,1.0,"Topic 0: collision, systems, braking collision, collision alert, systems work, really traffic"
EV2036,Social Media,EV Scooter,Ather 450X,Central,6/28/2024,4,"Public chargers are often broken or occupied, need more charging stations urgently. Battery health dropped to 85% within 18 months of daily use.","Charging Infrastructure, Battery Life & Degradation",public charger often broken occupied need charging station urgently battery health dropped within month daily use,"Public chargers are often broken or occupied, need more charging stations urgently. Battery health dropped to 85% within 18 months of daily use.",0,0.547794899,"Topic 0: cost, battery, replacement cost, replacement, city",4,0.242253392,"Topic 4: use, daily use, daily, dropped, within month",0,0.008487103831961105,"Topic 0: collision, systems, braking collision, collision alert, systems work, really traffic"
EV2037,Social Media,EV Scooter,Ampere Magnus,Central,10/7/2024,4,The upfront price is high but government subsidy makes it affordable.,Price & Subsidy,upfront price high government subsidy make affordable,The upfront price is high but government subsidy makes it affordable.,9,0.935713,"Topic 9: price, subsidy, service, battery disposal, concerned environmental",0,0.054278679,"Topic 0: cost, replacement cost, replacement, price, battery",2,0.0016681453155553798,"Topic 2: makes, high, size makes, park, easy, maneuver"
EV2038,Marketplace Review,EV Scooter,Hero Vida V1,North,3/13/2025,3,"For daily commute the range is fine but long trips are stressful because of low range. Noise levels are impressively low, riding experience is very smooth and quiet.","Range Anxiety, Performance & Ride Quality",daily commute range fine long trip stressful low range noise level impressively low riding experience smooth quiet,"For daily commute the range is fine but long trips are stressful because of low range. Noise levels are impressively low, riding experience is very smooth and quiet.",0,0.498640478,"Topic 0: cost, battery, replacement cost, replacement, city",7,0.298537005,"Topic 7: riding, low, smooth, level, impressively",1,1.0,"Topic 1: range, transparent, proper, time company, proper information, battery degrades"
EV2039,Marketplace Review,EV Scooter,Ola S1,West,1/5/2025,5,Advanced safety features like ABS and traction control give peace of mind.,Safety Features,advanced safety feature ab traction control give peace mind,Advanced safety features like ABS and traction control give peace of mind.,3,0.949999585,"Topic 3: safety, use, highway, part, feature",3,0.403444493,"Topic 3: ab, ab traction, control give, traction, traction control",10,0.0014967868450685578,"Topic 10: battery replacement, cost half, half price, concerning, price vehicle, vehicle concerning"
EV2040,Customer Support,EV Car,Tata Nexon EV,West,6/29/2025,5,Touchscreen infotainment system lags and is not very intuitive to use.,Software & Connectivity,touchscreen infotainment system lag intuitive use,Touchscreen infotainment system lags and is not very intuitive to use.,8,0.92499737,"Topic 8: range, drop, defeat purpose, energy, energy used",2,0.072613133,"Topic 2: braking, system, work well, work, well",18,1.0,"Topic 18: infotainment, infotainment lags, touchscreen, touchscreen infotainment, lags intuitive, lags"
EV2041,Social Media,EV Car,Mahindra XUV400,East,3/24/2024,3,Zero tailpipe emissions is the main reason I chose an electric vehicle. For daily commute the range is fine but long trips are stressful because of low range.,"Environmental Impact, Range Anxiety",zero tailpipe emission main reason chose daily commute range fine long trip stressful low range,Zero tailpipe emissions is the main reason I chose an electric vehicle. For daily commute the range is fine but long trips are stressful because of low range.,0,0.548415213,"Topic 0: cost, battery, replacement cost, replacement, city",7,0.172257707,"Topic 7: riding, low, smooth, level, impressively",19,1.0,"Topic 19: chose, chose electric, emissions, emissions main, reason, reason chose"
EV2042,Social Media,EV Car,MG ZS EV,South,12/3/2024,5,Service center staff are not well trained to handle EV specific issues.,Service & After-Sales,service center staff well trained handle specific issue,Service center staff are not well trained to handle EV specific issues.,5,0.943748934,"Topic 5: battery, center, service center, service, safety",8,0.29569031,"Topic 8: service, service center, center, appointment long, center needed",7,1.0,"Topic 7: ev, good knowing, knowing, feels good, carbon footprint, knowing reducing"
EV2043,Marketplace Review,EV Car,Tata Nexon EV,West,1/25/2024,4,Concerned about environmental impact of battery disposal and recycling.,Environmental Impact,concerned environmental impact battery disposal recycling,Concerned about environmental impact of battery disposal and recycling.,9,0.924998615,"Topic 9: price, subsidy, service, battery disposal, concerned environmental",5,0.435865403,"Topic 5: battery disposal, disposal recycling, concerned, environmental impact, environmental",12,1.0,"Topic 12: battery disposal, environmental, disposal, disposal recycling, concerned, concerned environmental"
EV2044,Survey,EV Scooter,Ather 450X,West,9/1/2024,4,Acceleration is smooth and instant torque makes overtaking effortless.,Performance & Ride Quality,acceleration smooth instant torque make overtaking effortless,Acceleration is smooth and instant torque makes overtaking effortless.,4,0.935713353,"Topic 4: software, month, year, battery, keep",7,0.070715509,"Topic 7: riding, low, smooth, level, impressively",23,1.0,"Topic 23: 30 range, badly, badly winter, cold weather, drops badly, cold"
EV2045,Social Media,EV Scooter,Ampere Magnus,North,3/25/2025,4,"Public chargers are often broken or occupied, need more charging stations urgently. The companion app keeps crashing, needs urgent software updates. Switching to EV feels good knowing I'm reducing my carbon footprint.","Charging Infrastructure, Software & Connectivity, Environmental Impact",public charger often broken occupied need charging station urgently companion app keep crashing need urgent software update switching feel knowing reducing carbon footprint,"Public chargers are often broken or occupied, need more charging stations urgently. The companion app keeps crashing, needs urgent software updates. Switching to EV feels good knowing I'm reducing my carbon footprint.",0,0.375345539,"Topic 0: cost, battery, replacement cost, replacement, city",6,0.289904412,"Topic 6: app, keep, update, software update, need",7,1.0,"Topic 7: ev, good knowing, knowing, feels good, carbon footprint, knowing reducing"
EV2046,Survey,EV Scooter,TVS iQube,South,3/4/2024,3,"The companion app keeps crashing, needs urgent software updates.",Software & Connectivity,companion app keep crashing need urgent software update,"The companion app keeps crashing, needs urgent software updates.",4,0.943749217,"Topic 4: software, month, year, battery, keep",6,0.391311163,"Topic 6: app, keep, update, software update, need",17,1.0,"Topic 17: app keeps, crashing, crashing needs, companion app, companion, urgent software"
EV2047,Marketplace Review,EV Scooter,Ampere Magnus,North,4/14/2024,4,"The real world range is much lower than advertised, I only get 200 km on a full charge.",Range Anxiety,real world range lower advertised full charge,"The real world range is much lower than advertised, I only get 200 km on a full charge.",1,0.935713055,"Topic 1: range, system, genuinely, useful, genuinely useful",1,0.031760106,"Topic 1: charge come, defeat purpose, defeat, come mostly, come",1,1.0,"Topic 1: range, transparent, proper, time company, proper information, battery degrades"
EV2048,Survey,EV Scooter,Bajaj Chetak,Central,2/24/2025,3,"For the price, I expected better build quality and more features. For daily commute the range is fine but long trips are stressful because of low range.","Price & Subsidy, Range Anxiety",price expected better build quality feature daily commute range fine long trip stressful low range,"For the price, I expected better build quality and more features. For daily commute the range is fine but long trips are stressful because of low range.",0,0.566310868,"Topic 0: cost, battery, replacement cost, replacement, city",7,0.078855975,"Topic 7: riding, low, smooth, level, impressively",1,1.0,"Topic 1: range, transparent, proper, time company, proper information, battery degrades"
EV2049,Survey,EV Scooter,Bajaj Chetak,East,1/27/2024,4,"Navigation system integrated with range prediction is genuinely useful. Read reports about battery fires, safety is my biggest concern before buying. Handling and stability at high speed feels very confident and safe.","Software & Connectivity, Safety Features, Performance & Ride Quality",navigation system integrated range prediction genuinely useful read report battery fire safety biggest concern buying handling stability high speed feel confident safe,"Navigation system integrated with range prediction is genuinely useful. Read reports about battery fires, safety is my biggest concern before buying. Handling and stability at high speed feels very confident and safe.",1,0.621428926,"Topic 1: range, system, genuinely, useful, genuinely useful",7,0.063647052,"Topic 7: riding, low, smooth, level, impressively",2,0.029188804867874684,"Topic 2: makes, high, size makes, park, easy, maneuver"
EV2050,Survey,EV Car,Tata Nexon EV,Central,7/17/2024,4,Zero tailpipe emissions is the main reason I chose an electric vehicle.,Environmental Impact,zero tailpipe emission main reason chose,Zero tailpipe emissions is the main reason I chose an electric vehicle.,6,0.925,"Topic 6: charging, battery, almost, tier, use",7,0.153486816,"Topic 7: riding, low, smooth, level, impressively",19,1.0,"Topic 19: chose, chose electric, emissions, emissions main, reason, reason chose"
EV2051,Marketplace Review,EV Scooter,TVS iQube,West,3/31/2025,4,Battery health dropped to 85% within 18 months of daily use. The upfront price is high but government subsidy makes it affordable.,"Battery Life & Degradation, Price & Subsidy",battery health dropped within month daily use upfront price high government subsidy make affordable,Battery health dropped to 85% within 18 months of daily use. The upfront price is high but government subsidy makes it affordable.,9,0.500969479,"Topic 9: price, subsidy, service, battery disposal, concerned environmental",4,0.262923308,"Topic 4: use, daily use, daily, dropped, within month",13,1.0,"Topic 13: 18, 18 months, 85, 85 18, health dropped, months daily"
EV2052,Customer Support,EV Car,MG ZS EV,Central,3/22/2025,3,"The vehicle has good crash test ratings which reassured my purchase decision. Suspension is too stiff, ride quality is uncomfortable on bad roads.","Safety Features, Performance & Ride Quality",crash test rating reassured purchase decision suspension stiff ride quality uncomfortable road,"The vehicle has good crash test ratings which reassured my purchase decision. Suspension is too stiff, ride quality is uncomfortable on bad roads.",9,0.482609388,"Topic 9: price, subsidy, service, battery disposal, concerned environmental",9,0.073067042,"Topic 9: dashboard, caused dashboard, caused, dashboard freeze, freeze twice",8,0.7220637723797091,"Topic 8: vehicle good, test ratings, test, purchase decision, ratings, ratings reassured"
EV2053,Customer Support,EV Car,Mahindra XUV400,Central,12/17/2024,3,"After sales support has been excellent, quick response and doorstep service.",Service & After-Sales,sale support excellent quick response doorstep service,"After sales support has been excellent, quick response and doorstep service.",2,0.935713634,"Topic 2: feel, quality, range, support, quality feel",8,0.11298738,"Topic 8: service, service center, center, appointment long, center needed",21,1.0,"Topic 21: cost warranty, battery degradation, warranty ends, ends, degradation replacement, worried battery"
EV2054,Social Media,EV Car,BYD Atto 3,North,8/31/2024,4,"Heard about a thermal runaway incident, this has shaken my trust in EV safety.",Safety Features,heard thermal runaway incident shaken trust safety,"Heard about a thermal runaway incident, this has shaken my trust in EV safety.",3,0.93571418,"Topic 3: safety, use, highway, part, feature",3,0.032099155,"Topic 3: ab, ab traction, control give, traction, traction control",7,0.001745544557990978,"Topic 7: ev, good knowing, knowing, feels good, carbon footprint, knowing reducing"
EV2055,Customer Support,EV Car,Mahindra XUV400,South,7/24/2024,3,"Running cost is much lower than petrol, saving a lot on fuel every month.",Price & Subsidy,running cost lower petrol saving lot fuel every month,"Running cost is much lower than petrol, saving a lot on fuel every month.",4,0.949998874,"Topic 4: software, month, year, battery, keep",9,0.051628088,"Topic 9: dashboard, caused dashboard, caused, dashboard freeze, freeze twice",9,0.009736517797091768,"Topic 9: lot, better, expected, attracts lot, attracts, looks futuristic"
EV2056,Marketplace Review,EV Scooter,Ather 450X,West,12/5/2024,4,"Energy used to charge still comes mostly from coal in my region, defeats the purpose somewhat. Braking system feels sharp and responsive, regenerative braking works well.","Environmental Impact, Performance & Ride Quality",energy used charge come mostly coal region defeat purpose somewhat braking system feel sharp responsive regenerative braking work well,"Energy used to charge still comes mostly from coal in my region, defeats the purpose somewhat. Braking system feels sharp and responsive, regenerative braking works well.",8,0.520970125,"Topic 8: range, drop, defeat purpose, energy, energy used",1,0.300033593,"Topic 1: charge come, defeat purpose, defeat, come mostly, come",6,1.0,"Topic 6: coal, defeats purpose, defeats, coal region, comes coal, comes"
EV2057,Social Media,EV Scooter,TVS iQube,North,4/10/2025,5,Battery range degrades faster than expected after just one year of use.,Range Anxiety,battery range degrades faster expected year use,Battery range degrades faster than expected after just one year of use.,4,0.935708387,"Topic 4: software, month, year, battery, keep",4,0.067557016,"Topic 4: use, daily use, daily, dropped, within month",9,1.0,"Topic 9: lot, better, expected, attracts lot, attracts, looks futuristic"
EV2058,Social Media,EV Car,Tata Nexon EV,South,4/22/2025,3,Zero tailpipe emissions is the main reason I chose an electric vehicle.,Environmental Impact,zero tailpipe emission main reason chose,Zero tailpipe emissions is the main reason I chose an electric vehicle.,6,0.925,"Topic 6: charging, battery, almost, tier, use",7,0.153486816,"Topic 7: riding, low, smooth, level, impressively",19,1.0,"Topic 19: chose, chose electric, emissions, emissions main, reason, reason chose"
EV2059,Customer Support,EV Car,Mahindra XUV400,West,7/29/2024,3,"Loved the color options and the overall styling of the vehicle. Worried about battery degradation and replacement cost after warranty ends. Range drops badly in winter, I lost almost 30% range in cold weather.","Design & Aesthetics, Battery Life & Degradation, Range Anxiety",loved color option overall styling worried battery degradation replacement cost warranty end range drop badly winter lost almost range cold weather,"Loved the color options and the overall styling of the vehicle. Worried about battery degradation and replacement cost after warranty ends. Range drops badly in winter, I lost almost 30% range in cold weather.",8,0.394225477,"Topic 8: range, drop, defeat purpose, energy, energy used",0,0.072605668,"Topic 0: cost, replacement cost, replacement, price, battery",23,0.033443819683619105,"Topic 23: 30 range, badly, badly winter, cold weather, drops badly, cold"
EV2060,Survey,EV Scooter,Ola S1,South,10/24/2024,4,"Software glitches caused the dashboard to freeze twice in a month. Resale value of electric vehicles is still uncertain, worried about depreciation.","Software & Connectivity, Price & Subsidy",software glitch caused dashboard freeze twice month resale value uncertain worried depreciation,"Software glitches caused the dashboard to freeze twice in a month. Resale value of electric vehicles is still uncertain, worried about depreciation.",4,0.56956463,"Topic 4: software, month, year, battery, keep",9,0.337938305,"Topic 9: dashboard, caused dashboard, caused, dashboard freeze, freeze twice",20,1.0,"Topic 20: dashboard, caused, freeze twice, glitches, freeze, glitches caused"
EV2061,Social Media,EV Car,Tata Nexon EV,South,10/17/2024,3,Battery health dropped to 85% within 18 months of daily use.,Battery Life & Degradation,battery health dropped within month daily use,Battery health dropped to 85% within 18 months of daily use.,6,0.935712492,"Topic 6: charging, battery, almost, tier, use",4,0.39372037,"Topic 4: use, daily use, daily, dropped, within month",13,0.75971740819116,"Topic 13: 18, 18 months, 85, 85 18, health dropped, months daily"
EV2062,Social Media,EV Scooter,Hero Vida V1,East,9/8/2024,4,Battery health dropped to 85% within 18 months of daily use.,Battery Life & Degradation,battery health dropped within month daily use,Battery health dropped to 85% within 18 months of daily use.,6,0.935712492,"Topic 6: charging, battery, almost, tier, use",4,0.39372037,"Topic 4: use, daily use, daily, dropped, within month",13,0.8541362021807881,"Topic 13: 18, 18 months, 85, 85 18, health dropped, months daily"
EV2063,Customer Support,EV Car,MG ZS EV,North,1/22/2024,5,"Battery replacement cost is almost half the price of the vehicle, very concerning.",Battery Life & Degradation,battery replacement cost almost half price concerning,"Battery replacement cost is almost half the price of the vehicle, very concerning.",0,0.935712194,"Topic 0: cost, battery, replacement cost, replacement, city",0,0.109297637,"Topic 0: cost, replacement cost, replacement, price, battery",10,1.0,"Topic 10: battery replacement, cost half, half price, concerning, price vehicle, vehicle concerning"
EV2064,Social Media,EV Car,Hyundai Kona,East,4/12/2025,4,"Total cost of ownership is great once you factor in low maintenance and fuel savings. Noise levels are impressively low, riding experience is very smooth and quiet. Stability control on wet roads is impressive and inspires confidence.","Price & Subsidy, Performance & Ride Quality, Safety Features",total cost ownership great factor low maintenance fuel saving noise level impressively low riding experience smooth quiet stability control wet road impressive inspires confidence,"Total cost of ownership is great once you factor in low maintenance and fuel savings. Noise levels are impressively low, riding experience is very smooth and quiet. Stability control on wet roads is impressive and inspires confidence.",0,0.662087911,"Topic 0: cost, battery, replacement cost, replacement, city",7,0.357220549,"Topic 7: riding, low, smooth, level, impressively",3,1.0,"Topic 3: low, stability control, control wet, impressive, impressive inspires, wet"
EV2065,Social Media,EV Car,Tata Nexon EV,South,7/13/2024,4,Insurance premium for EV is surprisingly high compared to petrol vehicles. Stability control on wet roads is impressive and inspires confidence.,"Price & Subsidy, Safety Features",insurance premium surprisingly high compared petrol stability control wet road impressive inspires confidence,Insurance premium for EV is surprisingly high compared to petrol vehicles. Stability control on wet roads is impressive and inspires confidence.,0,0.544612162,"Topic 0: cost, battery, replacement cost, replacement, city",7,0.206092845,"Topic 7: riding, low, smooth, level, impressively",16,1.0,"Topic 16: tier, surprisingly, surprisingly high, compared petrol, insurance premium, insurance"
EV2066,Marketplace Review,EV Scooter,TVS iQube,South,2/17/2024,3,"Energy used to charge still comes mostly from coal in my region, defeats the purpose somewhat. EV subsidy scheme in my state got delayed and the discount amount reduced suddenly.","Environmental Impact, Price & Subsidy",energy used charge come mostly coal region defeat purpose somewhat subsidy scheme state got delayed discount amount reduced suddenly,"Energy used to charge still comes mostly from coal in my region, defeats the purpose somewhat. EV subsidy scheme in my state got delayed and the discount amount reduced suddenly.",8,0.516216526,"Topic 8: range, drop, defeat purpose, energy, energy used",1,0.30494594,"Topic 1: charge come, defeat purpose, defeat, come mostly, come",6,1.0,"Topic 6: coal, defeats purpose, defeats, coal region, comes coal, comes"
EV2067,Social Media,EV Car,Hyundai Kona,North,10/13/2024,3,Battery performance is stable even after two years of heavy usage.,Battery Life & Degradation,battery performance stable two year heavy usage,Battery performance is stable even after two years of heavy usage.,6,0.935713193,"Topic 6: charging, battery, almost, tier, use",8,0.052289309,"Topic 8: service, service center, center, appointment long, center needed",9,0.08697142711813816,"Topic 9: lot, better, expected, attracts lot, attracts, looks futuristic"
EV2068,Survey,EV Scooter,Ather 450X,West,3/7/2024,3,Battery performance is stable even after two years of heavy usage.,Battery Life & Degradation,battery performance stable two year heavy usage,Battery performance is stable even after two years of heavy usage.,6,0.935713193,"Topic 6: charging, battery, almost, tier, use",8,0.052289309,"Topic 8: service, service center, center, appointment long, center needed",9,0.08806610374516936,"Topic 9: lot, better, expected, attracts lot, attracts, looks futuristic"
EV2069,Customer Support,EV Scooter,Hero Vida V1,West,6/15/2025,4,Software glitches caused the dashboard to freeze twice in a month. The battery warranty of 20 years gives me confidence in long term reliability. Build quality feels premium and the ride is extremely comfortable.,"Software & Connectivity, Battery Life & Degradation, Performance & Ride Quality",software glitch caused dashboard freeze twice month battery warranty year give confidence long term reliability build quality feel premium ride extremely comfortable,Software glitches caused the dashboard to freeze twice in a month. The battery warranty of 20 years gives me confidence in long term reliability. Build quality feels premium and the ride is extremely comfortable.,4,0.669047529,"Topic 4: software, month, year, battery, keep",9,0.278782221,"Topic 9: dashboard, caused dashboard, caused, dashboard freeze, freeze twice",20,1.0,"Topic 20: dashboard, caused, freeze twice, glitches, freeze, glitches caused"
EV2070,Customer Support,EV Scooter,Bajaj Chetak,Central,2/14/2025,4,"Zero tailpipe emissions is the main reason I chose an electric vehicle. Claimed range of 15 km is misleading, actual range is way less in city traffic. Price after subsidy is still higher than a comparable petrol scooter.","Environmental Impact, Range Anxiety, Price & Subsidy",zero tailpipe emission main reason chose claimed range misleading actual range way less city traffic price subsidy higher comparable petrol scooter,"Zero tailpipe emissions is the main reason I chose an electric vehicle. Claimed range of 15 km is misleading, actual range is way less in city traffic. Price after subsidy is still higher than a comparable petrol scooter.",2,0.431743866,"Topic 2: feel, quality, range, support, quality feel",7,0.107903408,"Topic 7: riding, low, smooth, level, impressively",19,1.0,"Topic 19: chose, chose electric, emissions, emissions main, reason, reason chose"
EV2071,Customer Support,EV Scooter,Ather 450X,West,1/21/2025,5,Concerned about environmental impact of battery disposal and recycling. The battery warranty of 20 years gives me confidence in long term reliability.,"Environmental Impact, Battery Life & Degradation",concerned environmental impact battery disposal recycling battery warranty year give confidence long term reliability,Concerned about environmental impact of battery disposal and recycling. The battery warranty of 20 years gives me confidence in long term reliability.,4,0.546009,"Topic 4: software, month, year, battery, keep",5,0.298650622,"Topic 5: battery disposal, disposal recycling, concerned, environmental impact, environmental",12,0.4536391964591773,"Topic 12: battery disposal, environmental, disposal, disposal recycling, concerned, concerned environmental"
EV2072,Survey,EV Car,MG ZS EV,East,3/31/2025,4,The vehicle has good crash test ratings which reassured my purchase decision.,Safety Features,crash test rating reassured purchase decision,The vehicle has good crash test ratings which reassured my purchase decision.,9,0.925,"Topic 9: price, subsidy, service, battery disposal, concerned environmental",9,0.102568155,"Topic 9: dashboard, caused dashboard, caused, dashboard freeze, freeze twice",8,1.0,"Topic 8: vehicle good, test ratings, test, purchase decision, ratings, ratings reassured"
EV2073,Survey,EV Car,BYD Atto 3,West,6/8/2025,4,Contributing to a cleaner city is a big motivation behind going electric. Build quality feels premium and the ride is extremely comfortable.,"Environmental Impact, Performance & Ride Quality",contributing cleaner city big motivation behind going build quality feel premium ride extremely comfortable,Contributing to a cleaner city is a big motivation behind going electric. Build quality feels premium and the ride is extremely comfortable.,0,0.513001684,"Topic 0: cost, battery, replacement cost, replacement, city",8,0.024004656,"Topic 8: service, service center, center, appointment long, center needed",4,0.20447243091148298,"Topic 4: big motivation, big, motivation going, motivation, contributing, going"
EV2074,Marketplace Review,EV Scooter,Bajaj Chetak,East,5/24/2025,4,"Braking system feels sharp and responsive, regenerative braking works well.",Performance & Ride Quality,braking system feel sharp responsive regenerative braking work well,"Braking system feels sharp and responsive, regenerative braking works well.",7,0.949999688,"Topic 7: braking, work, system, work well, well",2,0.362732406,"Topic 2: braking, system, work well, work, well",24,1.0,"Topic 24: braking, braking feels, braking works, responsive, regenerative braking, responsive regenerative"
EV2075,Social Media,EV Scooter,Ola S1,West,8/27/2024,3,"Service center staff are not well trained to handle EV specific issues. Charging takes too long, almost 6 hours for a full charge at home. Handling and stability at high speed feels very confident and safe.","Service & After-Sales, Charging Infrastructure, Performance & Ride Quality",service center staff well trained handle specific issue charging take long almost hour full charge home handling stability high speed feel confident safe,"Service center staff are not well trained to handle EV specific issues. Charging takes too long, almost 6 hours for a full charge at home. Handling and stability at high speed feels very confident and safe.",5,0.379642932,"Topic 5: battery, center, service center, service, safety",8,0.200052584,"Topic 8: service, service center, center, appointment long, center needed",7,1.0,"Topic 7: ev, good knowing, knowing, feels good, carbon footprint, knowing reducing"
EV2076,Survey,EV Scooter,Ather 450X,North,3/14/2024,4,Acceleration is smooth and instant torque makes overtaking effortless.,Performance & Ride Quality,acceleration smooth instant torque make overtaking effortless,Acceleration is smooth and instant torque makes overtaking effortless.,4,0.935713353,"Topic 4: software, month, year, battery, keep",7,0.070715509,"Topic 7: riding, low, smooth, level, impressively",23,1.0,"Topic 23: 30 range, badly, badly winter, cold weather, drops badly, cold"
EV2077,Social Media,EV Car,Hyundai Kona,East,9/13/2024,5,"Waiting time for service appointment is too long, more service centers needed.",Service & After-Sales,waiting time service appointment long service center needed,"Waiting time for service appointment is too long, more service centers needed.",9,0.943747689,"Topic 9: price, subsidy, service, battery disposal, concerned environmental",8,0.379906776,"Topic 8: service, service center, center, appointment long, center needed",14,1.0,"Topic 14: service, bit plain, design bit, compared rivals, bit, materials feel"
EV2078,Social Media,EV Scooter,Ather 450X,Central,9/24/2024,5,"Range anxiety is real, I plan every trip around charging stops now.",Range Anxiety,range anxiety real plan every trip around charging stop,"Range anxiety is real, I plan every trip around charging stops now.",2,0.949997191,"Topic 2: feel, quality, range, support, quality feel",9,0.026957355,"Topic 9: dashboard, caused dashboard, caused, dashboard freeze, freeze twice",15,0.0006139869947504215,"Topic 15: highway, discount, ev subsidy, delayed discount, subsidy scheme, state got"
EV2079,Marketplace Review,EV Scooter,TVS iQube,West,1/13/2024,3,Software glitches caused the dashboard to freeze twice in a month.,Software & Connectivity,software glitch caused dashboard freeze twice month,Software glitches caused the dashboard to freeze twice in a month.,4,0.935713937,"Topic 4: software, month, year, battery, keep",9,0.454167934,"Topic 9: dashboard, caused dashboard, caused, dashboard freeze, freeze twice",20,1.0,"Topic 20: dashboard, caused, freeze twice, glitches, freeze, glitches caused"
EV2080,Social Media,EV Car,Mahindra XUV400,South,8/2/2024,5,"Over the air software updates are a great feature, keeps improving over time.",Software & Connectivity,air software update great feature keep improving time,"Over the air software updates are a great feature, keeps improving over time.",6,0.943747549,"Topic 6: charging, battery, almost, tier, use",6,0.188636444,"Topic 6: app, keep, update, software update, need",5,1.0,"Topic 5: air software, improving, great feature, keeps improving, updates great, improving time"
EV2081,Marketplace Review,EV Scooter,Hero Vida V1,East,3/28/2024,4,"Noise levels are impressively low, riding experience is very smooth and quiet. Insurance premium for EV is surprisingly high compared to petrol vehicles.","Performance & Ride Quality, Price & Subsidy",noise level impressively low riding experience smooth quiet insurance premium surprisingly high compared petrol,"Noise levels are impressively low, riding experience is very smooth and quiet. Insurance premium for EV is surprisingly high compared to petrol vehicles.",9,0.592942884,"Topic 9: price, subsidy, service, battery disposal, concerned environmental",7,0.27868659,"Topic 7: riding, low, smooth, level, impressively",3,0.1972526876579453,"Topic 3: low, stability control, control wet, impressive, impressive inspires, wet"
EV2082,Marketplace Review,EV Car,Mahindra XUV400,Central,1/31/2024,5,"Braking system feels sharp and responsive, regenerative braking works well. No proper information on how battery degrades over time, company should be transparent. Advanced safety features like ABS and traction control give peace of mind.","Performance & Ride Quality, Battery Life & Degradation, Safety Features",braking system feel sharp responsive regenerative braking work well proper information battery degrades time company transparent advanced safety feature ab traction control give peace mind,"Braking system feels sharp and responsive, regenerative braking works well. No proper information on how battery degrades over time, company should be transparent. Advanced safety features like ABS and traction control give peace of mind.",7,0.352661966,"Topic 7: braking, work, system, work well, well",3,0.24219884,"Topic 3: ab, ab traction, control give, traction, traction control",24,1.0,"Topic 24: braking, braking feels, braking works, responsive, regenerative braking, responsive regenerative"
EV2083,Customer Support,EV Scooter,Hero Vida V1,East,8/18/2024,4,Build materials feel sturdy but the design is a bit too plain compared to rivals. Contributing to a cleaner city is a big motivation behind going electric.,"Design & Aesthetics, Environmental Impact",build material feel sturdy design bit plain compared rival contributing cleaner city big motivation behind going,Build materials feel sturdy but the design is a bit too plain compared to rivals. Contributing to a cleaner city is a big motivation behind going electric.,6,0.563878427,"Topic 6: charging, battery, almost, tier, use",8,0.091512519,"Topic 8: service, service center, center, appointment long, center needed",4,0.20100813355168443,"Topic 4: big motivation, big, motivation going, motivation, contributing, going"
EV2084,Survey,EV Scooter,TVS iQube,Central,2/2/2024,5,"The battery warranty of 30 years gives me confidence in long term reliability. Energy used to charge still comes mostly from coal in my region, defeats the purpose somewhat.","Battery Life & Degradation, Environmental Impact",battery warranty year give confidence long term reliability energy used charge come mostly coal region defeat purpose somewhat,"The battery warranty of 30 years gives me confidence in long term reliability. Energy used to charge still comes mostly from coal in my region, defeats the purpose somewhat.",8,0.561916459,"Topic 8: range, drop, defeat purpose, energy, energy used",1,0.317848382,"Topic 1: charge come, defeat purpose, defeat, come mostly, come",4,1.0,"Topic 4: big motivation, big, motivation going, motivation, contributing, going"
EV2085,Social Media,EV Scooter,Bajaj Chetak,West,3/6/2024,4,"Read reports about battery fires, safety is my biggest concern before buying. Storage space under the seat is very limited, not practical for daily use.","Safety Features, Design & Aesthetics",read report battery fire safety biggest concern buying storage space seat limited practical daily use,"Read reports about battery fires, safety is my biggest concern before buying. Storage space under the seat is very limited, not practical for daily use.",5,0.499951765,"Topic 5: battery, center, service center, service, safety",4,0.148423126,"Topic 4: use, daily use, daily, dropped, within month",12,0.022319277675166223,"Topic 12: battery disposal, environmental, disposal, disposal recycling, concerned, concerned environmental"
EV2086,Marketplace Review,EV Car,Hyundai Kona,East,4/5/2024,4,Worried about battery degradation and replacement cost after warranty ends.,Battery Life & Degradation,worried battery degradation replacement cost warranty end,Worried about battery degradation and replacement cost after warranty ends.,0,0.935712873,"Topic 0: cost, battery, replacement cost, replacement, city",0,0.107282482,"Topic 0: cost, replacement cost, replacement, price, battery",21,1.0,"Topic 21: cost warranty, battery degradation, warranty ends, ends, degradation replacement, worried battery"
EV2087,Marketplace Review,EV Car,Tata Nexon EV,North,7/10/2024,4,"Running cost is much lower than petrol, saving a lot on fuel every month.",Price & Subsidy,running cost lower petrol saving lot fuel every month,"Running cost is much lower than petrol, saving a lot on fuel every month.",4,0.949998874,"Topic 4: software, month, year, battery, keep",9,0.051628088,"Topic 9: dashboard, caused dashboard, caused, dashboard freeze, freeze twice",9,0.009746414833443809,"Topic 9: lot, better, expected, attracts lot, attracts, looks futuristic"
EV2088,Social Media,EV Scooter,TVS iQube,South,10/25/2024,5,Emergency braking and collision alert systems work really well in traffic. Finding a working charging station in my city is still very difficult.,"Safety Features, Charging Infrastructure",emergency braking collision alert system work well traffic finding working charging station city difficult,Emergency braking and collision alert systems work really well in traffic. Finding a working charging station in my city is still very difficult.,7,0.559260518,"Topic 7: braking, work, system, work well, well",2,0.256533376,"Topic 2: braking, system, work well, work, well",0,0.015463595975199427,"Topic 0: collision, systems, braking collision, collision alert, systems work, really traffic"
EV2089,Survey,EV Scooter,Ampere Magnus,South,11/30/2024,4,"Interior quality feels cheap for the price point, needs improvement. Switching to EV feels good knowing I'm reducing my carbon footprint.","Design & Aesthetics, Environmental Impact",interior quality feel cheap price point need improvement switching feel knowing reducing carbon footprint,"Interior quality feels cheap for the price point, needs improvement. Switching to EV feels good knowing I'm reducing my carbon footprint.",2,0.966666266,"Topic 2: feel, quality, range, support, quality feel",6,0.049684668,"Topic 6: app, keep, update, software update, need",7,1.0,"Topic 7: ev, good knowing, knowing, feels good, carbon footprint, knowing reducing"
EV2090,Marketplace Review,EV Car,BYD Atto 3,West,3/11/2024,3,"Interior quality feels cheap for the price point, needs improvement. Price after subsidy is still higher than a comparable petrol scooter.","Design & Aesthetics, Price & Subsidy",interior quality feel cheap price point need improvement price subsidy higher comparable petrol scooter,"Interior quality feels cheap for the price point, needs improvement. Price after subsidy is still higher than a comparable petrol scooter.",2,0.561106551,"Topic 2: feel, quality, range, support, quality feel",0,0.040144789,"Topic 0: cost, replacement cost, replacement, price, battery",6,0.0057629856072732724,"Topic 6: coal, defeats purpose, defeats, coal region, comes coal, comes"
EV2091,Marketplace Review,EV Scooter,Bajaj Chetak,South,11/13/2024,4,Zero tailpipe emissions is the main reason I chose an electric vehicle.,Environmental Impact,zero tailpipe emission main reason chose,Zero tailpipe emissions is the main reason I chose an electric vehicle.,6,0.925,"Topic 6: charging, battery, almost, tier, use",7,0.153486816,"Topic 7: riding, low, smooth, level, impressively",19,1.0,"Topic 19: chose, chose electric, emissions, emissions main, reason, reason chose"
EV2092,Social Media,EV Scooter,TVS iQube,North,5/26/2024,3,"Smart key and app based lock features work flawlessly, very convenient. Highway charging stops are rare, long distance travel is a nightmare.","Software & Connectivity, Charging Infrastructure",smart key app based lock feature work flawlessly convenient highway charging stop rare long distance travel nightmare,"Smart key and app based lock features work flawlessly, very convenient. Highway charging stops are rare, long distance travel is a nightmare.",9,0.53674434,"Topic 9: price, subsidy, service, battery disposal, concerned environmental",6,0.161394792,"Topic 6: app, keep, update, software update, need",22,1.0,"Topic 22: app based, based, based lock, features work, flawlessly, flawlessly convenient"
EV2093,Customer Support,EV Car,BYD Atto 3,Central,5/17/2025,3,"Software glitches caused the dashboard to freeze twice in a month. Switching to EV feels good knowing I'm reducing my carbon footprint. Range anxiety is real, I plan every trip around charging stops now.","Software & Connectivity, Environmental Impact, Range Anxiety",software glitch caused dashboard freeze twice month switching feel knowing reducing carbon footprint range anxiety real plan every trip around charging stop,"Software glitches caused the dashboard to freeze twice in a month. Switching to EV feels good knowing I'm reducing my carbon footprint. Range anxiety is real, I plan every trip around charging stops now.",2,0.65631286,"Topic 2: feel, quality, range, support, quality feel",9,0.266331551,"Topic 9: dashboard, caused dashboard, caused, dashboard freeze, freeze twice",20,0.7735811601510045,"Topic 20: dashboard, caused, freeze twice, glitches, freeze, glitches caused"
EV2094,Customer Support,EV Scooter,TVS iQube,West,6/28/2024,4,"Interior quality feels cheap for the price point, needs improvement.",Design & Aesthetics,interior quality feel cheap price point need improvement,"Interior quality feels cheap for the price point, needs improvement.",2,0.943749083,"Topic 2: feel, quality, range, support, quality feel",6,0.051361379,"Topic 6: app, keep, update, software update, need",18,1.0,"Topic 18: infotainment, infotainment lags, touchscreen, touchscreen infotainment, lags intuitive, lags"
EV2095,Marketplace Review,EV Car,BYD Atto 3,West,1/28/2025,5,"No proper information on how battery degrades over time, company should be transparent.",Battery Life & Degradation,proper information battery degrades time company transparent,"No proper information on how battery degrades over time, company should be transparent.",5,0.935713658,"Topic 5: battery, center, service center, service, safety",8,0.052935026,"Topic 8: service, service center, center, appointment long, center needed",1,0.20490266032195065,"Topic 1: range, transparent, proper, time company, proper information, battery degrades"
EV2096,Survey,EV Car,Mahindra XUV400,South,6/10/2024,5,"After sales support has been excellent, quick response and doorstep service. Stability control on wet roads is impressive and inspires confidence.","Service & After-Sales, Safety Features",sale support excellent quick response doorstep service stability control wet road impressive inspires confidence,"After sales support has been excellent, quick response and doorstep service. Stability control on wet roads is impressive and inspires confidence.",2,0.501228192,"Topic 2: feel, quality, range, support, quality feel",7,0.194244489,"Topic 7: riding, low, smooth, level, impressively",3,1.0,"Topic 3: low, stability control, control wet, impressive, impressive inspires, wet"
EV2097,Social Media,EV Car,Tesla Model 3,West,2/25/2025,5,Advanced safety features like ABS and traction control give peace of mind.,Safety Features,advanced safety feature ab traction control give peace mind,Advanced safety features like ABS and traction control give peace of mind.,3,0.949999585,"Topic 3: safety, use, highway, part, feature",3,0.403444493,"Topic 3: ab, ab traction, control give, traction, traction control",10,0.0014968829584478685,"Topic 10: battery replacement, cost half, half price, concerning, price vehicle, vehicle concerning"
EV2098,Survey,EV Scooter,Ola S1,Central,11/29/2024,4,"Interior quality feels cheap for the price point, needs improvement. Touchscreen infotainment system lags and is not very intuitive to use.","Design & Aesthetics, Software & Connectivity",interior quality feel cheap price point need improvement touchscreen infotainment system lag intuitive use,"Interior quality feels cheap for the price point, needs improvement. Touchscreen infotainment system lags and is not very intuitive to use.",2,0.559258902,"Topic 2: feel, quality, range, support, quality feel",2,0.050195353,"Topic 2: braking, system, work well, work, well",18,1.0,"Topic 18: infotainment, infotainment lags, touchscreen, touchscreen infotainment, lags intuitive, lags"
EV2099,Survey,EV Car,BYD Atto 3,West,1/28/2024,4,"Highway charging stops are rare, long distance travel is a nightmare. Touchscreen infotainment system lags and is not very intuitive to use.","Charging Infrastructure, Software & Connectivity",highway charging stop rare long distance travel nightmare touchscreen infotainment system lag intuitive use,"Highway charging stops are rare, long distance travel is a nightmare. Touchscreen infotainment system lags and is not very intuitive to use.",8,0.96666549,"Topic 8: range, drop, defeat purpose, energy, energy used",4,0.05644952,"Topic 4: use, daily use, daily, dropped, within month",15,1.0,"Topic 15: highway, discount, ev subsidy, delayed discount, subsidy scheme, state got"
EV2100,Marketplace Review,EV Scooter,Ather 450X,North,1/11/2024,4,"Waiting time for service appointment is too long, more service centers needed. Home charging setup was expensive and took weeks to install.","Service & After-Sales, Charging Infrastructure",waiting time service appointment long service center needed home charging setup expensive took week install,"Waiting time for service appointment is too long, more service centers needed. Home charging setup was expensive and took weeks to install.",5,0.57983173,"Topic 5: battery, center, service center, service, safety",8,0.296952596,"Topic 8: service, service center, center, appointment long, center needed",11,1.0,"Topic 11: home, bluetooth, riding frustrating, connectivity, bluetooth connectivity, drops frequently"
EV2101,Marketplace Review,EV Scooter,Hero Vida V1,West,4/17/2025,4,"Public chargers are often broken or occupied, need more charging stations urgently.",Charging Infrastructure,public charger often broken occupied need charging station urgently,"Public chargers are often broken or occupied, need more charging stations urgently.",0,0.94999906,"Topic 0: cost, battery, replacement cost, replacement, city",6,0.098517264,"Topic 6: app, keep, update, software update, need",0,0.008536968496752726,"Topic 0: collision, systems, braking collision, collision alert, systems work, really traffic"
EV2102,Marketplace Review,EV Car,Tesla Model 3,South,4/27/2025,3,"Had a great experience with the service team, they explained everything clearly.",Service & After-Sales,great experience service team explained everything clearly,"Had a great experience with the service team, they explained everything clearly.",4,0.935712448,"Topic 4: software, month, year, battery, keep",8,0.103109565,"Topic 8: service, service center, center, appointment long, center needed",8,1.0,"Topic 8: vehicle good, test ratings, test, purchase decision, ratings, ratings reassured"
EV2103,Survey,EV Car,MG ZS EV,Central,4/12/2024,3,The battery warranty of 100 years gives me confidence in long term reliability.,Battery Life & Degradation,battery warranty year give confidence long term reliability,The battery warranty of 100 years gives me confidence in long term reliability.,4,0.943748007,"Topic 4: software, month, year, battery, keep",8,0.048653052,"Topic 8: service, service center, center, appointment long, center needed",4,1.0,"Topic 4: big motivation, big, motivation going, motivation, contributing, going"
EV2104,Survey,EV Scooter,Ather 450X,North,10/6/2024,4,"Battery replacement cost is almost half the price of the vehicle, very concerning.",Battery Life & Degradation,battery replacement cost almost half price concerning,"Battery replacement cost is almost half the price of the vehicle, very concerning.",0,0.935712194,"Topic 0: cost, battery, replacement cost, replacement, city",0,0.109297637,"Topic 0: cost, replacement cost, replacement, price, battery",10,1.0,"Topic 10: battery replacement, cost half, half price, concerning, price vehicle, vehicle concerning"
EV2105,Social Media,EV Scooter,Ather 450X,North,6/29/2025,3,"Running cost is much lower than petrol, saving a lot on fuel every month. Bluetooth connectivity drops frequently while riding, very frustrating. Range anxiety is real, I plan every trip around charging stops now.","Price & Subsidy, Software & Connectivity, Range Anxiety",running cost lower petrol saving lot fuel every month bluetooth connectivity drop frequently riding frustrating range anxiety real plan every trip around charging stop,"Running cost is much lower than petrol, saving a lot on fuel every month. Bluetooth connectivity drops frequently while riding, very frustrating. Range anxiety is real, I plan every trip around charging stops now.",4,0.357759921,"Topic 4: software, month, year, battery, keep",7,0.065024157,"Topic 7: riding, low, smooth, level, impressively",11,1.0,"Topic 11: home, bluetooth, riding frustrating, connectivity, bluetooth connectivity, drops frequently"
EV2106,Survey,EV Scooter,Ola S1,North,1/21/2025,4,Price after subsidy is still higher than a comparable petrol scooter.,Price & Subsidy,price subsidy higher comparable petrol scooter,Price after subsidy is still higher than a comparable petrol scooter.,9,0.924998907,"Topic 9: price, subsidy, service, battery disposal, concerned environmental",0,0.029697944,"Topic 0: cost, replacement cost, replacement, price, battery",6,0.005799657341071892,"Topic 6: coal, defeats purpose, defeats, coal region, comes coal, comes"
EV2107,Social Media,EV Scooter,Ather 450X,North,1/17/2024,5,The design looks futuristic and attracts a lot of attention on the road.,Design & Aesthetics,design look futuristic attracts lot attention road,The design looks futuristic and attracts a lot of attention on the road.,2,0.935713616,"Topic 2: feel, quality, range, support, quality feel",7,0.037911005,"Topic 7: riding, low, smooth, level, impressively",9,1.0,"Topic 9: lot, better, expected, attracts lot, attracts, looks futuristic"
EV2108,Social Media,EV Car,Hyundai Kona,North,8/13/2024,5,Home charging setup was expensive and took weeks to install.,Charging Infrastructure,home charging setup expensive took week install,Home charging setup was expensive and took weeks to install.,5,0.935713411,"Topic 5: battery, center, service center, service, safety",5,0.034397189,"Topic 5: battery disposal, disposal recycling, concerned, environmental impact, environmental",11,1.0,"Topic 11: home, bluetooth, riding frustrating, connectivity, bluetooth connectivity, drops frequently"
EV2109,Marketplace Review,EV Car,Tata Nexon EV,Central,4/20/2024,4,"The motor is powerful and pickup is much better than petrol variants. Energy used to charge still comes mostly from coal in my region, defeats the purpose somewhat.","Performance & Ride Quality, Environmental Impact",motor powerful pickup better petrol variant energy used charge come mostly coal region defeat purpose somewhat,"The motor is powerful and pickup is much better than petrol variants. Energy used to charge still comes mostly from coal in my region, defeats the purpose somewhat.",8,0.641207682,"Topic 8: range, drop, defeat purpose, energy, energy used",1,0.322095201,"Topic 1: charge come, defeat purpose, defeat, come mostly, come",9,1.0,"Topic 9: lot, better, expected, attracts lot, attracts, looks futuristic"
EV2110,Marketplace Review,EV Car,BYD Atto 3,West,5/3/2024,4,Price after subsidy is still higher than a comparable petrol scooter.,Price & Subsidy,price subsidy higher comparable petrol scooter,Price after subsidy is still higher than a comparable petrol scooter.,9,0.924998907,"Topic 9: price, subsidy, service, battery disposal, concerned environmental",0,0.029697944,"Topic 0: cost, replacement cost, replacement, price, battery",6,0.005799229095643113,"Topic 6: coal, defeats purpose, defeats, coal region, comes coal, comes"
EV2111,Customer Support,EV Car,Hyundai Kona,South,1/16/2024,4,Build materials feel sturdy but the design is a bit too plain compared to rivals.,Design & Aesthetics,build material feel sturdy design bit plain compared rival,Build materials feel sturdy but the design is a bit too plain compared to rivals.,6,0.949998733,"Topic 6: charging, battery, almost, tier, use",8,0.127332354,"Topic 8: service, service center, center, appointment long, center needed",14,1.0,"Topic 14: service, bit plain, design bit, compared rivals, bit, materials feel"
EV2112,Marketplace Review,EV Scooter,Ola S1,South,4/14/2025,4,"Running cost is much lower than petrol, saving a lot on fuel every month.",Price & Subsidy,running cost lower petrol saving lot fuel every month,"Running cost is much lower than petrol, saving a lot on fuel every month.",4,0.949998874,"Topic 4: software, month, year, battery, keep",9,0.051628088,"Topic 9: dashboard, caused dashboard, caused, dashboard freeze, freeze twice",9,0.009746235209488266,"Topic 9: lot, better, expected, attracts lot, attracts, looks futuristic"
EV2113,Customer Support,EV Scooter,Hero Vida V1,North,3/9/2024,4,"For the price, I expected better build quality and more features. The design looks futuristic and attracts a lot of attention on the road. Waiting time for service appointment is too long, more service centers needed.","Price & Subsidy, Design & Aesthetics, Service & After-Sales",price expected better build quality feature design look futuristic attracts lot attention road waiting time service appointment long service center needed,"For the price, I expected better build quality and more features. The design looks futuristic and attracts a lot of attention on the road. Waiting time for service appointment is too long, more service centers needed.",2,0.605856733,"Topic 2: feel, quality, range, support, quality feel",8,0.270239609,"Topic 8: service, service center, center, appointment long, center needed",9,0.4265984820877018,"Topic 9: lot, better, expected, attracts lot, attracts, looks futuristic"
EV2114,Survey,EV Car,Hyundai Kona,Central,11/28/2024,4,Build materials feel sturdy but the design is a bit too plain compared to rivals.,Design & Aesthetics,build material feel sturdy design bit plain compared rival,Build materials feel sturdy but the design is a bit too plain compared to rivals.,6,0.949998733,"Topic 6: charging, battery, almost, tier, use",8,0.127332354,"Topic 8: service, service center, center, appointment long, center needed",14,1.0,"Topic 14: service, bit plain, design bit, compared rivals, bit, materials feel"
EV2115,Social Media,EV Car,Hyundai Kona,East,5/8/2025,5,"Love the app that shows nearby charging stations, very convenient feature.",Charging Infrastructure,love app show nearby charging station convenient feature,"Love the app that shows nearby charging stations, very convenient feature.",6,0.943748039,"Topic 6: charging, battery, almost, tier, use",6,0.138731495,"Topic 6: app, keep, update, software update, need",8,0.011136693616292558,"Topic 8: vehicle good, test ratings, test, purchase decision, ratings, ratings reassured"
EV2116,Marketplace Review,EV Car,BYD Atto 3,West,6/7/2025,4,The upfront price is high but government subsidy makes it affordable.,Price & Subsidy,upfront price high government subsidy make affordable,The upfront price is high but government subsidy makes it affordable.,9,0.935713,"Topic 9: price, subsidy, service, battery disposal, concerned environmental",0,0.054278679,"Topic 0: cost, replacement cost, replacement, price, battery",2,0.0016643438612811297,"Topic 2: makes, high, size makes, park, easy, maneuver"
EV2117,Survey,EV Car,Tata Nexon EV,East,8/30/2024,4,"Compact size makes it easy to park and maneuver in city traffic. Running cost is much lower than petrol, saving a lot on fuel every month.","Design & Aesthetics, Price & Subsidy",compact size make easy park maneuver city traffic running cost lower petrol saving lot fuel every month,"Compact size makes it easy to park and maneuver in city traffic. Running cost is much lower than petrol, saving a lot on fuel every month.",4,0.511797889,"Topic 4: software, month, year, battery, keep",0,0.054021921,"Topic 0: cost, replacement cost, replacement, price, battery",2,0.09148939725169329,"Topic 2: makes, high, size makes, park, easy, maneuver"
EV2118,Customer Support,EV Car,MG ZS EV,West,10/30/2024,4,Total cost of ownership is great once you factor in low maintenance and fuel savings.,Price & Subsidy,total cost ownership great factor low maintenance fuel saving,Total cost of ownership is great once you factor in low maintenance and fuel savings.,0,0.949998942,"Topic 0: cost, battery, replacement cost, replacement, city",7,0.056445734,"Topic 7: riding, low, smooth, level, impressively",3,1.0,"Topic 3: low, stability control, control wet, impressive, impressive inspires, wet"
EV2119,Survey,EV Scooter,Ather 450X,South,3/30/2025,4,"Braking system feels sharp and responsive, regenerative braking works well. The battery warranty of 3 years gives me confidence in long term reliability.","Performance & Ride Quality, Battery Life & Degradation",braking system feel sharp responsive regenerative braking work well battery warranty year give confidence long term reliability,"Braking system feels sharp and responsive, regenerative braking works well. The battery warranty of 3 years gives me confidence in long term reliability.",7,0.518182909,"Topic 7: braking, work, system, work well, well",2,0.267136391,"Topic 2: braking, system, work well, work, well",24,1.0,"Topic 24: braking, braking feels, braking works, responsive, regenerative braking, responsive regenerative"
EV2120,Marketplace Review,EV Car,BYD Atto 3,East,1/25/2024,5,"Resale value of electric vehicles is still uncertain, worried about depreciation.",Price & Subsidy,resale value uncertain worried depreciation,"Resale value of electric vehicles is still uncertain, worried about depreciation.",7,0.909999429,"Topic 7: braking, work, system, work well, well",9,0.015858813,"Topic 9: dashboard, caused dashboard, caused, dashboard freeze, freeze twice",5,0.045932332338640844,"Topic 5: air software, improving, great feature, keeps improving, updates great, improving time"
EV2121,Social Media,EV Scooter,Ather 450X,Central,2/25/2024,3,"Insurance premium for EV is surprisingly high compared to petrol vehicles. Energy used to charge still comes mostly from coal in my region, defeats the purpose somewhat.","Price & Subsidy, Environmental Impact",insurance premium surprisingly high compared petrol energy used charge come mostly coal region defeat purpose somewhat,"Insurance premium for EV is surprisingly high compared to petrol vehicles. Energy used to charge still comes mostly from coal in my region, defeats the purpose somewhat.",8,0.970967379,"Topic 8: range, drop, defeat purpose, energy, energy used",1,0.342105624,"Topic 1: charge come, defeat purpose, defeat, come mostly, come",16,1.0,"Topic 16: tier, surprisingly, surprisingly high, compared petrol, insurance premium, insurance"
EV2122,Marketplace Review,EV Scooter,Ather 450X,North,3/7/2024,3,"The companion app keeps crashing, needs urgent software updates.",Software & Connectivity,companion app keep crashing need urgent software update,"The companion app keeps crashing, needs urgent software updates.",4,0.943749217,"Topic 4: software, month, year, battery, keep",6,0.391311163,"Topic 6: app, keep, update, software update, need",17,1.0,"Topic 17: app keeps, crashing, crashing needs, companion app, companion, urgent software"
EV2123,Social Media,EV Car,Tata Nexon EV,South,5/8/2024,4,Fast charging network needs serious expansion on highways. Battery health dropped to 85% within 18 months of daily use.,"Charging Infrastructure, Battery Life & Degradation",fast charging network need serious expansion highway battery health dropped within month daily use,Fast charging network needs serious expansion on highways. Battery health dropped to 85% within 18 months of daily use.,3,0.541776065,"Topic 3: safety, use, highway, part, feature",4,0.272908767,"Topic 4: use, daily use, daily, dropped, within month",2,1.0,"Topic 2: makes, high, size makes, park, easy, maneuver"
EV2124,Marketplace Review,EV Car,Mahindra XUV400,East,6/17/2024,4,Insurance premium for EV is surprisingly high compared to petrol vehicles. Zero tailpipe emissions is the main reason I chose an electric vehicle.,"Price & Subsidy, Environmental Impact",insurance premium surprisingly high compared petrol zero tailpipe emission main reason chose,Insurance premium for EV is surprisingly high compared to petrol vehicles. Zero tailpipe emissions is the main reason I chose an electric vehicle.,6,0.506387329,"Topic 6: charging, battery, almost, tier, use",7,0.127932226,"Topic 7: riding, low, smooth, level, impressively",16,1.0,"Topic 16: tier, surprisingly, surprisingly high, compared petrol, insurance premium, insurance"
EV2125,Customer Support,EV Car,Hyundai Kona,Central,4/4/2025,4,EV subsidy scheme in my state got delayed and the discount amount reduced suddenly.,Price & Subsidy,subsidy scheme state got delayed discount amount reduced suddenly,EV subsidy scheme in my state got delayed and the discount amount reduced suddenly.,4,0.949999791,"Topic 4: software, month, year, battery, keep",8,0.01521382,"Topic 8: service, service center, center, appointment long, center needed",15,1.0,"Topic 15: highway, discount, ev subsidy, delayed discount, subsidy scheme, state got"
EV2126,Customer Support,EV Scooter,Ola S1,West,1/21/2025,3,"Battery replacement cost is almost half the price of the vehicle, very concerning.",Battery Life & Degradation,battery replacement cost almost half price concerning,"Battery replacement cost is almost half the price of the vehicle, very concerning.",0,0.935712194,"Topic 0: cost, battery, replacement cost, replacement, city",0,0.109297637,"Topic 0: cost, replacement cost, replacement, price, battery",10,1.0,"Topic 10: battery replacement, cost half, half price, concerning, price vehicle, vehicle concerning"
EV2127,Marketplace Review,EV Scooter,Bajaj Chetak,South,5/8/2025,5,For daily commute the range is fine but long trips are stressful because of low range.,Range Anxiety,daily commute range fine long trip stressful low range,For daily commute the range is fine but long trips are stressful because of low range.,0,0.949997508,"Topic 0: cost, battery, replacement cost, replacement, city",7,0.096873282,"Topic 7: riding, low, smooth, level, impressively",1,1.0,"Topic 1: range, transparent, proper, time company, proper information, battery degrades"
EV2128,Customer Support,EV Scooter,Ola S1,Central,6/5/2024,4,Stability control on wet roads is impressive and inspires confidence.,Safety Features,stability control wet road impressive inspires confidence,Stability control on wet roads is impressive and inspires confidence.,0,0.935713446,"Topic 0: cost, battery, replacement cost, replacement, city",7,0.259998231,"Topic 7: riding, low, smooth, level, impressively",3,1.0,"Topic 3: low, stability control, control wet, impressive, impressive inspires, wet"
EV2129,Marketplace Review,EV Car,Hyundai Kona,West,11/9/2024,4,Touchscreen infotainment system lags and is not very intuitive to use.,Software & Connectivity,touchscreen infotainment system lag intuitive use,Touchscreen infotainment system lags and is not very intuitive to use.,8,0.92499737,"Topic 8: range, drop, defeat purpose, energy, energy used",2,0.072613133,"Topic 2: braking, system, work well, work, well",18,1.0,"Topic 18: infotainment, infotainment lags, touchscreen, touchscreen infotainment, lags intuitive, lags"
EV2130,Marketplace Review,EV Scooter,Ampere Magnus,North,12/7/2024,4,"Battery health dropped to 85% within 18 months of daily use. Over the air software updates are a great feature, keeps improving over time.","Battery Life & Degradation, Software & Connectivity",battery health dropped within month daily use air software update great feature keep improving time,"Battery health dropped to 85% within 18 months of daily use. Over the air software updates are a great feature, keeps improving over time.",6,0.968964277,"Topic 6: charging, battery, almost, tier, use",4,0.250192129,"Topic 4: use, daily use, daily, dropped, within month",13,0.6827483446110416,"Topic 13: 18, 18 months, 85, 85 18, health dropped, months daily"
EV2131,Survey,EV Car,Tata Nexon EV,Central,1/18/2025,4,"Bluetooth connectivity drops frequently while riding, very frustrating.",Software & Connectivity,bluetooth connectivity drop frequently riding frustrating,"Bluetooth connectivity drops frequently while riding, very frustrating.",8,0.924999723,"Topic 8: range, drop, defeat purpose, energy, energy used",7,0.103162611,"Topic 7: riding, low, smooth, level, impressively",11,1.0,"Topic 11: home, bluetooth, riding frustrating, connectivity, bluetooth connectivity, drops frequently"
EV2132,Customer Support,EV Scooter,Bajaj Chetak,West,5/16/2025,3,"Spare parts availability is a major issue, waited a month for a replacement part. Finding a working charging station in my city is still very difficult.","Service & After-Sales, Charging Infrastructure",spare part availability major issue waited month replacement part finding working charging station city difficult,"Spare parts availability is a major issue, waited a month for a replacement part. Finding a working charging station in my city is still very difficult.",3,0.606784084,"Topic 3: safety, use, highway, part, feature",6,0.030965613,"Topic 6: app, keep, update, software update, need",0,0.19237692190857664,"Topic 0: collision, systems, braking collision, collision alert, systems work, really traffic"
EV2133,Social Media,EV Car,Mahindra XUV400,South,3/22/2025,5,"Had a great experience with the service team, they explained everything clearly.",Service & After-Sales,great experience service team explained everything clearly,"Had a great experience with the service team, they explained everything clearly.",4,0.935712448,"Topic 4: software, month, year, battery, keep",8,0.103109565,"Topic 8: service, service center, center, appointment long, center needed",8,1.0,"Topic 8: vehicle good, test ratings, test, purchase decision, ratings, ratings reassured"
EV2134,Marketplace Review,EV Scooter,Ampere Magnus,East,2/29/2024,5,"Storage space under the seat is very limited, not practical for daily use.",Design & Aesthetics,storage space seat limited practical daily use,"Storage space under the seat is very limited, not practical for daily use.",3,0.93571352,"Topic 3: safety, use, highway, part, feature",4,0.148974955,"Topic 4: use, daily use, daily, dropped, within month",5,1.0,"Topic 5: air software, improving, great feature, keeps improving, updates great, improving time"
EV2135,Marketplace Review,EV Car,MG ZS EV,North,1/5/2025,4,I'm always worried about running out of charge before reaching my destination.,Range Anxiety,always worried running charge reaching destination,I'm always worried about running out of charge before reaching my destination.,5,0.924998493,"Topic 5: battery, center, service center, service, safety",9,0.046160397,"Topic 9: dashboard, caused dashboard, caused, dashboard freeze, freeze twice",15,0.041453458120818625,"Topic 15: highway, discount, ev subsidy, delayed discount, subsidy scheme, state got"
EV2136,Marketplace Review,EV Scooter,Ampere Magnus,South,9/17/2024,3,The upfront price is high but government subsidy makes it affordable. Worried about battery degradation and replacement cost after warranty ends.,"Price & Subsidy, Battery Life & Degradation",upfront price high government subsidy make affordable worried battery degradation replacement cost warranty end,The upfront price is high but government subsidy makes it affordable. Worried about battery degradation and replacement cost after warranty ends.,9,0.489717638,"Topic 9: price, subsidy, service, battery disposal, concerned environmental",0,0.113150065,"Topic 0: cost, replacement cost, replacement, price, battery",21,0.0016516238644196876,"Topic 21: cost warranty, battery degradation, warranty ends, ends, degradation replacement, worried battery"
EV2137,Marketplace Review,EV Car,Tesla Model 3,West,3/23/2024,4,"Read reports about battery fires, safety is my biggest concern before buying. Insurance premium for EV is surprisingly high compared to petrol vehicles. Loved the color options and the overall styling of the vehicle.","Safety Features, Price & Subsidy, Design & Aesthetics",read report battery fire safety biggest concern buying insurance premium surprisingly high compared petrol loved color option overall styling,"Read reports about battery fires, safety is my biggest concern before buying. Insurance premium for EV is surprisingly high compared to petrol vehicles. Loved the color options and the overall styling of the vehicle.",5,0.410911149,"Topic 5: battery, center, service center, service, safety",4,0.037451575,"Topic 4: use, daily use, daily, dropped, within month",16,1.0,"Topic 16: tier, surprisingly, surprisingly high, compared petrol, insurance premium, insurance"
EV2138,Marketplace Review,EV Scooter,Ampere Magnus,Central,11/11/2024,4,"LED lighting and digital dashboard give it a premium, modern look.",Design & Aesthetics,led lighting digital dashboard give premium modern look,"LED lighting and digital dashboard give it a premium, modern look.",0,0.943748755,"Topic 0: cost, battery, replacement cost, replacement, city",9,0.145980317,"Topic 9: dashboard, caused dashboard, caused, dashboard freeze, freeze twice",20,0.04837272070592278,"Topic 20: dashboard, caused, freeze twice, glitches, freeze, glitches caused"
EV2139,Customer Support,EV Car,Tata Nexon EV,South,10/2/2024,5,Insurance premium for EV is surprisingly high compared to petrol vehicles.,Price & Subsidy,insurance premium surprisingly high compared petrol,Insurance premium for EV is surprisingly high compared to petrol vehicles.,8,0.924997791,"Topic 8: range, drop, defeat purpose, energy, energy used",7,0.026150544,"Topic 7: riding, low, smooth, level, impressively",16,1.0,"Topic 16: tier, surprisingly, surprisingly high, compared petrol, insurance premium, insurance"
EV2140,Social Media,EV Scooter,Ola S1,West,1/2/2024,4,"Highway charging stops are rare, long distance travel is a nightmare. Energy used to charge still comes mostly from coal in my region, defeats the purpose somewhat.","Charging Infrastructure, Environmental Impact",highway charging stop rare long distance travel nightmare energy used charge come mostly coal region defeat purpose somewhat,"Highway charging stops are rare, long distance travel is a nightmare. Energy used to charge still comes mostly from coal in my region, defeats the purpose somewhat.",8,0.974285253,"Topic 8: range, drop, defeat purpose, energy, energy used",1,0.321864575,"Topic 1: charge come, defeat purpose, defeat, come mostly, come",15,1.0,"Topic 15: highway, discount, ev subsidy, delayed discount, subsidy scheme, state got"
EV2141,Customer Support,EV Scooter,Hero Vida V1,West,6/23/2024,3,"Battery health dropped to 85% within 18 months of daily use. Suspension is too stiff, ride quality is uncomfortable on bad roads.","Battery Life & Degradation, Performance & Ride Quality",battery health dropped within month daily use suspension stiff ride quality uncomfortable road,"Battery health dropped to 85% within 18 months of daily use. Suspension is too stiff, ride quality is uncomfortable on bad roads.",6,0.492800501,"Topic 6: charging, battery, almost, tier, use",4,0.26135394,"Topic 4: use, daily use, daily, dropped, within month",13,0.8832195946403001,"Topic 13: 18, 18 months, 85, 85 18, health dropped, months daily"
EV2142,Social Media,EV Car,Mahindra XUV400,Central,4/22/2024,3,"Over the air software updates are a great feature, keeps improving over time. The upfront price is high but government subsidy makes it affordable. No proper information on how battery degrades over time, company should be transparent.","Software & Connectivity, Price & Subsidy, Battery Life & Degradation",air software update great feature keep improving time upfront price high government subsidy make affordable proper information battery degrades time company transparent,"Over the air software updates are a great feature, keeps improving over time. The upfront price is high but government subsidy makes it affordable. No proper information on how battery degrades over time, company should be transparent.",9,0.344011174,"Topic 9: price, subsidy, service, battery disposal, concerned environmental",6,0.123167516,"Topic 6: app, keep, update, software update, need",5,1.0,"Topic 5: air software, improving, great feature, keeps improving, updates great, improving time"
EV2143,Customer Support,EV Car,MG ZS EV,West,3/27/2025,5,Switching to EV feels good knowing I'm reducing my carbon footprint.,Environmental Impact,switching feel knowing reducing carbon footprint,Switching to EV feels good knowing I'm reducing my carbon footprint.,2,0.924999506,"Topic 2: feel, quality, range, support, quality feel",8,0.070115738,"Topic 8: service, service center, center, appointment long, center needed",7,1.0,"Topic 7: ev, good knowing, knowing, feels good, carbon footprint, knowing reducing"
EV2144,Customer Support,EV Car,Tata Nexon EV,North,1/21/2025,4,"Public chargers are often broken or occupied, need more charging stations urgently. After sales support has been excellent, quick response and doorstep service.","Charging Infrastructure, Service & After-Sales",public charger often broken occupied need charging station urgently sale support excellent quick response doorstep service,"Public chargers are often broken or occupied, need more charging stations urgently. After sales support has been excellent, quick response and doorstep service.",0,0.527811189,"Topic 0: cost, battery, replacement cost, replacement, city",8,0.072984831,"Topic 8: service, service center, center, appointment long, center needed",0,0.00858590801487328,"Topic 0: collision, systems, braking collision, collision alert, systems work, really traffic"
EV2145,Social Media,EV Car,BYD Atto 3,West,5/11/2025,4,Finding a working charging station in my city is still very difficult.,Charging Infrastructure,finding working charging station city difficult,Finding a working charging station in my city is still very difficult.,0,0.924998264,"Topic 0: cost, battery, replacement cost, replacement, city",6,0.061226602,"Topic 6: app, keep, update, software update, need",0,1.0,"Topic 0: collision, systems, braking collision, collision alert, systems work, really traffic"
EV2146,Survey,EV Car,Hyundai Kona,Central,2/12/2024,1,"Highway charging stops are rare, long distance travel is a nightmare. EV subsidy scheme in my state got delayed and the discount amount reduced suddenly. Battery range degrades faster than expected after just one year of use.","Charging Infrastructure, Price & Subsidy, Range Anxiety",highway charging stop rare long distance travel nightmare subsidy scheme state got delayed discount amount reduced suddenly battery range degrades faster expected year use,"Highway charging stops are rare, long distance travel is a nightmare. EV subsidy scheme in my state got delayed and the discount amount reduced suddenly. Battery range degrades faster than expected after just one year of use.",4,0.642383619,"Topic 4: software, month, year, battery, keep",8,0.051459447,"Topic 8: service, service center, center, appointment long, center needed",15,1.0,"Topic 15: highway, discount, ev subsidy, delayed discount, subsidy scheme, state got"
EV2147,Marketplace Review,EV Scooter,TVS iQube,East,1/14/2025,4,Top speed is decent for city use but not enough for highway cruising.,Performance & Ride Quality,top speed decent city use enough highway cruising,Top speed is decent for city use but not enough for highway cruising.,3,0.9437488,"Topic 3: safety, use, highway, part, feature",4,0.041234172,"Topic 4: use, daily use, daily, dropped, within month",15,0.0009555192280843939,"Topic 15: highway, discount, ev subsidy, delayed discount, subsidy scheme, state got"
EV2148,Marketplace Review,EV Car,Hyundai Kona,West,2/28/2024,3,Top speed is decent for city use but not enough for highway cruising.,Performance & Ride Quality,top speed decent city use enough highway cruising,Top speed is decent for city use but not enough for highway cruising.,3,0.9437488,"Topic 3: safety, use, highway, part, feature",4,0.041234172,"Topic 4: use, daily use, daily, dropped, within month",15,0.0009556735418204994,"Topic 15: highway, discount, ev subsidy, delayed discount, subsidy scheme, state got"
EV2149,Marketplace Review,EV Car,Tata Nexon EV,West,5/22/2024,3,"Range drops badly in winter, I lost almost 30% range in cold weather.",Range Anxiety,range drop badly winter lost almost range cold weather,"Range drops badly in winter, I lost almost 30% range in cold weather.",8,0.949999084,"Topic 8: range, drop, defeat purpose, energy, energy used",7,0.062578708,"Topic 7: riding, low, smooth, level, impressively",23,1.0,"Topic 23: 30 range, badly, badly winter, cold weather, drops badly, cold"
EV2150,Social Media,EV Scooter,Hero Vida V1,East,4/7/2025,4,"Energy used to charge still comes mostly from coal in my region, defeats the purpose somewhat. Bluetooth connectivity drops frequently while riding, very frustrating.","Environmental Impact, Software & Connectivity",energy used charge come mostly coal region defeat purpose somewhat bluetooth connectivity drop frequently riding frustrating,"Energy used to charge still comes mostly from coal in my region, defeats the purpose somewhat. Bluetooth connectivity drops frequently while riding, very frustrating.",8,0.970967641,"Topic 8: range, drop, defeat purpose, energy, energy used",1,0.336089429,"Topic 1: charge come, defeat purpose, defeat, come mostly, come",11,1.0,"Topic 11: home, bluetooth, riding frustrating, connectivity, bluetooth connectivity, drops frequently"
EV2151,Customer Support,EV Car,Tata Nexon EV,North,1/3/2025,4,Battery range degrades faster than expected after just one year of use. The motor is powerful and pickup is much better than petrol variants.,"Range Anxiety, Performance & Ride Quality",battery range degrades faster expected year use motor powerful pickup better petrol variant,Battery range degrades faster than expected after just one year of use. The motor is powerful and pickup is much better than petrol variants.,4,0.519006195,"Topic 4: software, month, year, battery, keep",4,0.049431929,"Topic 4: use, daily use, daily, dropped, within month",9,1.0,"Topic 9: lot, better, expected, attracts lot, attracts, looks futuristic"
EV2152,Survey,EV Scooter,Bajaj Chetak,East,3/14/2025,4,Software glitches caused the dashboard to freeze twice in a month.,Software & Connectivity,software glitch caused dashboard freeze twice month,Software glitches caused the dashboard to freeze twice in a month.,4,0.935713937,"Topic 4: software, month, year, battery, keep",9,0.454167934,"Topic 9: dashboard, caused dashboard, caused, dashboard freeze, freeze twice",20,1.0,"Topic 20: dashboard, caused, freeze twice, glitches, freeze, glitches caused"
EV2153,Marketplace Review,EV Car,Tesla Model 3,East,7/18/2024,5,Battery performance is stable even after two years of heavy usage. Stability control on wet roads is impressive and inspires confidence.,"Battery Life & Degradation, Safety Features",battery performance stable two year heavy usage stability control wet road impressive inspires confidence,Battery performance is stable even after two years of heavy usage. Stability control on wet roads is impressive and inspires confidence.,0,0.503789517,"Topic 0: cost, battery, replacement cost, replacement, city",7,0.183560024,"Topic 7: riding, low, smooth, level, impressively",3,0.08568332971063627,"Topic 3: low, stability control, control wet, impressive, impressive inspires, wet"
EV2154,Marketplace Review,EV Car,MG ZS EV,North,11/4/2024,5,Emergency braking and collision alert systems work really well in traffic.,Safety Features,emergency braking collision alert system work well traffic,Emergency braking and collision alert systems work really well in traffic.,7,0.943749731,"Topic 7: braking, work, system, work well, well",2,0.319097782,"Topic 2: braking, system, work well, work, well",0,0.015233591300328485,"Topic 0: collision, systems, braking collision, collision alert, systems work, really traffic"
EV2155,Survey,EV Car,Mahindra XUV400,West,9/3/2024,5,Price after subsidy is still higher than a comparable petrol scooter.,Price & Subsidy,price subsidy higher comparable petrol scooter,Price after subsidy is still higher than a comparable petrol scooter.,9,0.924998907,"Topic 9: price, subsidy, service, battery disposal, concerned environmental",0,0.029697944,"Topic 0: cost, replacement cost, replacement, price, battery",6,0.005819013836894807,"Topic 6: coal, defeats purpose, defeats, coal region, comes coal, comes"
EV2156,Survey,EV Car,Tesla Model 3,North,3/21/2025,5,I'm always worried about running out of charge before reaching my destination.,Range Anxiety,always worried running charge reaching destination,I'm always worried about running out of charge before reaching my destination.,5,0.924998493,"Topic 5: battery, center, service center, service, safety",9,0.046160397,"Topic 9: dashboard, caused dashboard, caused, dashboard freeze, freeze twice",15,0.04148304101961887,"Topic 15: highway, discount, ev subsidy, delayed discount, subsidy scheme, state got"
EV2157,Customer Support,EV Scooter,Bajaj Chetak,South,9/20/2024,4,Software glitches caused the dashboard to freeze twice in a month.,Software & Connectivity,software glitch caused dashboard freeze twice month,Software glitches caused the dashboard to freeze twice in a month.,4,0.935713937,"Topic 4: software, month, year, battery, keep",9,0.454167934,"Topic 9: dashboard, caused dashboard, caused, dashboard freeze, freeze twice",20,1.0,"Topic 20: dashboard, caused, freeze twice, glitches, freeze, glitches caused"
EV2158,Social Media,EV Car,Tesla Model 3,Central,5/18/2025,5,Fast charging network needs serious expansion on highways. Handling and stability at high speed feels very confident and safe.,"Charging Infrastructure, Performance & Ride Quality",fast charging network need serious expansion highway handling stability high speed feel confident safe,Fast charging network needs serious expansion on highways. Handling and stability at high speed feels very confident and safe.,3,0.496577749,"Topic 3: safety, use, highway, part, feature",6,0.07724343,"Topic 6: app, keep, update, software update, need",2,1.0,"Topic 2: makes, high, size makes, park, easy, maneuver"
EV2159,Marketplace Review,EV Scooter,Bajaj Chetak,Central,3/23/2025,3,Price after subsidy is still higher than a comparable petrol scooter.,Price & Subsidy,price subsidy higher comparable petrol scooter,Price after subsidy is still higher than a comparable petrol scooter.,9,0.924998907,"Topic 9: price, subsidy, service, battery disposal, concerned environmental",0,0.029697944,"Topic 0: cost, replacement cost, replacement, price, battery",6,0.00579067040890207,"Topic 6: coal, defeats purpose, defeats, coal region, comes coal, comes"
EV2160,Customer Support,EV Scooter,Ola S1,North,4/24/2024,3,Fast charging network needs serious expansion on highways. Handling and stability at high speed feels very confident and safe.,"Charging Infrastructure, Performance & Ride Quality",fast charging network need serious expansion highway handling stability high speed feel confident safe,Fast charging network needs serious expansion on highways. Handling and stability at high speed feels very confident and safe.,3,0.496577749,"Topic 3: safety, use, highway, part, feature",6,0.07724343,"Topic 6: app, keep, update, software update, need",2,1.0,"Topic 2: makes, high, size makes, park, easy, maneuver"
EV2161,Customer Support,EV Scooter,Ather 450X,West,1/2/2024,3,Service center staff are not well trained to handle EV specific issues.,Service & After-Sales,service center staff well trained handle specific issue,Service center staff are not well trained to handle EV specific issues.,5,0.943748934,"Topic 5: battery, center, service center, service, safety",8,0.29569031,"Topic 8: service, service center, center, appointment long, center needed",7,1.0,"Topic 7: ev, good knowing, knowing, feels good, carbon footprint, knowing reducing"
EV2162,Marketplace Review,EV Car,Mahindra XUV400,East,1/8/2025,3,Battery performance is stable even after two years of heavy usage.,Battery Life & Degradation,battery performance stable two year heavy usage,Battery performance is stable even after two years of heavy usage.,6,0.935713193,"Topic 6: charging, battery, almost, tier, use",8,0.052289309,"Topic 8: service, service center, center, appointment long, center needed",9,0.08847375614863699,"Topic 9: lot, better, expected, attracts lot, attracts, looks futuristic"
EV2163,Marketplace Review,EV Car,Tata Nexon EV,North,4/16/2025,4,"Braking system feels sharp and responsive, regenerative braking works well. Battery health dropped to 85% within 18 months of daily use.","Performance & Ride Quality, Battery Life & Degradation",braking system feel sharp responsive regenerative braking work well battery health dropped within month daily use,"Braking system feels sharp and responsive, regenerative braking works well. Battery health dropped to 85% within 18 months of daily use.",7,0.545194423,"Topic 7: braking, work, system, work well, well",2,0.279211954,"Topic 2: braking, system, work well, work, well",24,1.0,"Topic 24: braking, braking feels, braking works, responsive, regenerative braking, responsive regenerative"
EV2164,Marketplace Review,EV Scooter,Hero Vida V1,South,10/17/2024,3,"No proper information on how battery degrades over time, company should be transparent.",Battery Life & Degradation,proper information battery degrades time company transparent,"No proper information on how battery degrades over time, company should be transparent.",5,0.935713658,"Topic 5: battery, center, service center, service, safety",8,0.052935026,"Topic 8: service, service center, center, appointment long, center needed",1,0.20914326945287795,"Topic 1: range, transparent, proper, time company, proper information, battery degrades"
EV2165,Customer Support,EV Car,BYD Atto 3,East,5/29/2025,4,"Charging takes too long, almost 6 hours for a full charge at home.",Charging Infrastructure,charging take long almost hour full charge home,"Charging takes too long, almost 6 hours for a full charge at home.",6,0.94374764,"Topic 6: charging, battery, almost, tier, use",1,0.04253604,"Topic 1: charge come, defeat purpose, defeat, come mostly, come",11,0.010372257840859237,"Topic 11: home, bluetooth, riding frustrating, connectivity, bluetooth connectivity, drops frequently"
EV2166,Social Media,EV Scooter,Hero Vida V1,West,10/25/2024,4,The design looks futuristic and attracts a lot of attention on the road.,Design & Aesthetics,design look futuristic attracts lot attention road,The design looks futuristic and attracts a lot of attention on the road.,2,0.935713616,"Topic 2: feel, quality, range, support, quality feel",7,0.037911005,"Topic 7: riding, low, smooth, level, impressively",9,1.0,"Topic 9: lot, better, expected, attracts lot, attracts, looks futuristic"
EV2167,Social Media,EV Scooter,Ather 450X,South,2/23/2024,2,"Battery replacement cost is almost half the price of the vehicle, very concerning.",Battery Life & Degradation,battery replacement cost almost half price concerning,"Battery replacement cost is almost half the price of the vehicle, very concerning.",0,0.935712194,"Topic 0: cost, battery, replacement cost, replacement, city",0,0.109297637,"Topic 0: cost, replacement cost, replacement, price, battery",10,1.0,"Topic 10: battery replacement, cost half, half price, concerning, price vehicle, vehicle concerning"
EV2168,Social Media,EV Scooter,TVS iQube,North,2/5/2025,4,"Noise levels are impressively low, riding experience is very smooth and quiet.",Performance & Ride Quality,noise level impressively low riding experience smooth quiet,"Noise levels are impressively low, riding experience is very smooth and quiet.",9,0.943749598,"Topic 9: price, subsidy, service, battery disposal, concerned environmental",7,0.346479625,"Topic 7: riding, low, smooth, level, impressively",3,0.1997923242191062,"Topic 3: low, stability control, control wet, impressive, impressive inspires, wet"
EV2169,Marketplace Review,EV Scooter,TVS iQube,West,3/14/2024,4,Stability control on wet roads is impressive and inspires confidence.,Safety Features,stability control wet road impressive inspires confidence,Stability control on wet roads is impressive and inspires confidence.,0,0.935713446,"Topic 0: cost, battery, replacement cost, replacement, city",7,0.259998231,"Topic 7: riding, low, smooth, level, impressively",3,1.0,"Topic 3: low, stability control, control wet, impressive, impressive inspires, wet"
EV2170,Social Media,EV Scooter,TVS iQube,Central,2/7/2025,5,"Finding a working charging station in my city is still very difficult. No proper information on how battery degrades over time, company should be transparent. Braking system feels sharp and responsive, regenerative braking works well.","Charging Infrastructure, Battery Life & Degradation, Performance & Ride Quality",finding working charging station city difficult proper information battery degrades time company transparent braking system feel sharp responsive regenerative braking work well,"Finding a working charging station in my city is still very difficult. No proper information on how battery degrades over time, company should be transparent. Braking system feels sharp and responsive, regenerative braking works well.",7,0.403080688,"Topic 7: braking, work, system, work well, well",2,0.256365244,"Topic 2: braking, system, work well, work, well",0,1.0,"Topic 0: collision, systems, braking collision, collision alert, systems work, really traffic"
EV2171,Social Media,EV Scooter,Hero Vida V1,Central,5/20/2024,4,Software glitches caused the dashboard to freeze twice in a month.,Software & Connectivity,software glitch caused dashboard freeze twice month,Software glitches caused the dashboard to freeze twice in a month.,4,0.935713937,"Topic 4: software, month, year, battery, keep",9,0.454167934,"Topic 9: dashboard, caused dashboard, caused, dashboard freeze, freeze twice",20,1.0,"Topic 20: dashboard, caused, freeze twice, glitches, freeze, glitches caused"
EV2172,Social Media,EV Scooter,TVS iQube,South,8/11/2024,3,"Resale value of electric vehicles is still uncertain, worried about depreciation. Range drops badly in winter, I lost almost 30% range in cold weather.","Price & Subsidy, Range Anxiety",resale value uncertain worried depreciation range drop badly winter lost almost range cold weather,"Resale value of electric vehicles is still uncertain, worried about depreciation. Range drops badly in winter, I lost almost 30% range in cold weather.",8,0.633332345,"Topic 8: range, drop, defeat purpose, energy, energy used",7,0.050398268,"Topic 7: riding, low, smooth, level, impressively",5,0.04574413441304709,"Topic 5: air software, improving, great feature, keeps improving, updates great, improving time"
EV2173,Marketplace Review,EV Car,Mahindra XUV400,South,2/27/2024,5,"Home charging setup was expensive and took weeks to install. Acceleration is smooth and instant torque makes overtaking effortless. The companion app keeps crashing, needs urgent software updates.","Charging Infrastructure, Performance & Ride Quality, Software & Connectivity",home charging setup expensive took week install acceleration smooth instant torque make overtaking effortless companion app keep crashing need urgent software update,"Home charging setup was expensive and took weeks to install. Acceleration is smooth and instant torque makes overtaking effortless. The companion app keeps crashing, needs urgent software updates.",4,0.669047345,"Topic 4: software, month, year, battery, keep",6,0.238198923,"Topic 6: app, keep, update, software update, need",17,0.48649003623682335,"Topic 17: app keeps, crashing, crashing needs, companion app, companion, urgent software"
EV2174,Marketplace Review,EV Scooter,Ampere Magnus,South,2/17/2025,4,The upfront price is high but government subsidy makes it affordable.,Price & Subsidy,upfront price high government subsidy make affordable,The upfront price is high but government subsidy makes it affordable.,9,0.935713,"Topic 9: price, subsidy, service, battery disposal, concerned environmental",0,0.054278679,"Topic 0: cost, replacement cost, replacement, price, battery",2,0.001662027968194125,"Topic 2: makes, high, size makes, park, easy, maneuver"
EV2175,Marketplace Review,EV Car,MG ZS EV,West,11/5/2024,4,Zero tailpipe emissions is the main reason I chose an electric vehicle.,Environmental Impact,zero tailpipe emission main reason chose,Zero tailpipe emissions is the main reason I chose an electric vehicle.,6,0.925,"Topic 6: charging, battery, almost, tier, use",7,0.153486816,"Topic 7: riding, low, smooth, level, impressively",19,1.0,"Topic 19: chose, chose electric, emissions, emissions main, reason, reason chose"
EV2176,Survey,EV Scooter,Hero Vida V1,West,1/26/2025,5,"Waiting time for service appointment is too long, more service centers needed.",Service & After-Sales,waiting time service appointment long service center needed,"Waiting time for service appointment is too long, more service centers needed.",9,0.943747689,"Topic 9: price, subsidy, service, battery disposal, concerned environmental",8,0.379906776,"Topic 8: service, service center, center, appointment long, center needed",14,1.0,"Topic 14: service, bit plain, design bit, compared rivals, bit, materials feel"
EV2177,Survey,EV Scooter,TVS iQube,North,4/29/2024,4,"Public chargers are often broken or occupied, need more charging stations urgently.",Charging Infrastructure,public charger often broken occupied need charging station urgently,"Public chargers are often broken or occupied, need more charging stations urgently.",0,0.94999906,"Topic 0: cost, battery, replacement cost, replacement, city",6,0.098517264,"Topic 6: app, keep, update, software update, need",0,0.008650115744926109,"Topic 0: collision, systems, braking collision, collision alert, systems work, really traffic"
EV2178,Social Media,EV Scooter,Hero Vida V1,North,5/6/2025,5,"Waiting time for service appointment is too long, more service centers needed.",Service & After-Sales,waiting time service appointment long service center needed,"Waiting time for service appointment is too long, more service centers needed.",9,0.943747689,"Topic 9: price, subsidy, service, battery disposal, concerned environmental",8,0.379906776,"Topic 8: service, service center, center, appointment long, center needed",14,1.0,"Topic 14: service, bit plain, design bit, compared rivals, bit, materials feel"
EV2179,Social Media,EV Car,BYD Atto 3,West,5/10/2025,3,"The design looks futuristic and attracts a lot of attention on the road. After sales support has been excellent, quick response and doorstep service. Worried about battery degradation and replacement cost after warranty ends.","Design & Aesthetics, Service & After-Sales, Battery Life & Degradation",design look futuristic attracts lot attention road sale support excellent quick response doorstep service worried battery degradation replacement cost warranty end,"The design looks futuristic and attracts a lot of attention on the road. After sales support has been excellent, quick response and doorstep service. Worried about battery degradation and replacement cost after warranty ends.",2,0.635453513,"Topic 2: feel, quality, range, support, quality feel",8,0.074557162,"Topic 8: service, service center, center, appointment long, center needed",9,1.0,"Topic 9: lot, better, expected, attracts lot, attracts, looks futuristic"
EV2180,Survey,EV Car,Mahindra XUV400,West,6/26/2025,5,"Navigation system integrated with range prediction is genuinely useful. Public chargers are often broken or occupied, need more charging stations urgently.","Software & Connectivity, Charging Infrastructure",navigation system integrated range prediction genuinely useful public charger often broken occupied need charging station urgently,"Navigation system integrated with range prediction is genuinely useful. Public chargers are often broken or occupied, need more charging stations urgently.",0,0.562842882,"Topic 0: cost, battery, replacement cost, replacement, city",6,0.070690254,"Topic 6: app, keep, update, software update, need",0,0.02949828654265426,"Topic 0: collision, systems, braking collision, collision alert, systems work, really traffic"
EV2181,Survey,EV Car,Tesla Model 3,South,7/3/2024,5,Battery range degrades faster than expected after just one year of use.,Range Anxiety,battery range degrades faster expected year use,Battery range degrades faster than expected after just one year of use.,4,0.935708387,"Topic 4: software, month, year, battery, keep",4,0.067557016,"Topic 4: use, daily use, daily, dropped, within month",9,1.0,"Topic 9: lot, better, expected, attracts lot, attracts, looks futuristic"
EV2182,Survey,EV Scooter,Ola S1,South,7/30/2024,4,Worried about battery degradation and replacement cost after warranty ends.,Battery Life & Degradation,worried battery degradation replacement cost warranty end,Worried about battery degradation and replacement cost after warranty ends.,0,0.935712873,"Topic 0: cost, battery, replacement cost, replacement, city",0,0.107282482,"Topic 0: cost, replacement cost, replacement, price, battery",21,1.0,"Topic 21: cost warranty, battery degradation, warranty ends, ends, degradation replacement, worried battery"
EV2183,Survey,EV Scooter,Ola S1,North,6/2/2025,4,"After sales support has been excellent, quick response and doorstep service.",Service & After-Sales,sale support excellent quick response doorstep service,"After sales support has been excellent, quick response and doorstep service.",2,0.935713634,"Topic 2: feel, quality, range, support, quality feel",8,0.11298738,"Topic 8: service, service center, center, appointment long, center needed",21,1.0,"Topic 21: cost warranty, battery degradation, warranty ends, ends, degradation replacement, worried battery"
EV2184,Survey,EV Car,Mahindra XUV400,South,11/3/2024,5,"Range anxiety is real, I plan every trip around charging stops now.",Range Anxiety,range anxiety real plan every trip around charging stop,"Range anxiety is real, I plan every trip around charging stops now.",2,0.949997191,"Topic 2: feel, quality, range, support, quality feel",9,0.026957355,"Topic 9: dashboard, caused dashboard, caused, dashboard freeze, freeze twice",15,0.0006139867170921661,"Topic 15: highway, discount, ev subsidy, delayed discount, subsidy scheme, state got"
EV2185,Marketplace Review,EV Scooter,Ather 450X,East,6/19/2025,4,The motor is powerful and pickup is much better than petrol variants.,Performance & Ride Quality,motor powerful pickup better petrol variant,The motor is powerful and pickup is much better than petrol variants.,3,0.92499857,"Topic 3: safety, use, highway, part, feature",5,0.012919841,"Topic 5: battery disposal, disposal recycling, concerned, environmental impact, environmental",9,1.0,"Topic 9: lot, better, expected, attracts lot, attracts, looks futuristic"
EV2186,Survey,EV Car,Tesla Model 3,South,2/7/2024,5,Total cost of ownership is great once you factor in low maintenance and fuel savings.,Price & Subsidy,total cost ownership great factor low maintenance fuel saving,Total cost of ownership is great once you factor in low maintenance and fuel savings.,0,0.949998942,"Topic 0: cost, battery, replacement cost, replacement, city",7,0.056445734,"Topic 7: riding, low, smooth, level, impressively",3,1.0,"Topic 3: low, stability control, control wet, impressive, impressive inspires, wet"
EV2187,Social Media,EV Scooter,Ather 450X,Central,8/9/2024,4,Concerned about environmental impact of battery disposal and recycling.,Environmental Impact,concerned environmental impact battery disposal recycling,Concerned about environmental impact of battery disposal and recycling.,9,0.924998615,"Topic 9: price, subsidy, service, battery disposal, concerned environmental",5,0.435865403,"Topic 5: battery disposal, disposal recycling, concerned, environmental impact, environmental",12,1.0,"Topic 12: battery disposal, environmental, disposal, disposal recycling, concerned, concerned environmental"
EV2188,Marketplace Review,EV Scooter,Ather 450X,North,9/18/2024,3,"Spare parts availability is a major issue, waited a month for a replacement part.",Service & After-Sales,spare part availability major issue waited month replacement part,"Spare parts availability is a major issue, waited a month for a replacement part.",3,0.949999206,"Topic 3: safety, use, highway, part, feature",9,0.022143653,"Topic 9: dashboard, caused dashboard, caused, dashboard freeze, freeze twice",0,0.19114863391252918,"Topic 0: collision, systems, braking collision, collision alert, systems work, really traffic"
EV2189,Marketplace Review,EV Car,Mahindra XUV400,North,9/17/2024,4,Build materials feel sturdy but the design is a bit too plain compared to rivals.,Design & Aesthetics,build material feel sturdy design bit plain compared rival,Build materials feel sturdy but the design is a bit too plain compared to rivals.,6,0.949998733,"Topic 6: charging, battery, almost, tier, use",8,0.127332354,"Topic 8: service, service center, center, appointment long, center needed",14,1.0,"Topic 14: service, bit plain, design bit, compared rivals, bit, materials feel"
EV2190,Social Media,EV Car,BYD Atto 3,North,10/2/2024,4,"Total cost of ownership is great once you factor in low maintenance and fuel savings. Noise levels are impressively low, riding experience is very smooth and quiet.","Price & Subsidy, Performance & Ride Quality",total cost ownership great factor low maintenance fuel saving noise level impressively low riding experience smooth quiet,"Total cost of ownership is great once you factor in low maintenance and fuel savings. Noise levels are impressively low, riding experience is very smooth and quiet.",0,0.52027744,"Topic 0: cost, battery, replacement cost, replacement, city",7,0.261548974,"Topic 7: riding, low, smooth, level, impressively",3,1.0,"Topic 3: low, stability control, control wet, impressive, impressive inspires, wet"
EV2191,Marketplace Review,EV Car,Hyundai Kona,West,1/27/2024,5,Zero tailpipe emissions is the main reason I chose an electric vehicle.,Environmental Impact,zero tailpipe emission main reason chose,Zero tailpipe emissions is the main reason I chose an electric vehicle.,6,0.925,"Topic 6: charging, battery, almost, tier, use",7,0.153486816,"Topic 7: riding, low, smooth, level, impressively",19,1.0,"Topic 19: chose, chose electric, emissions, emissions main, reason, reason chose"
EV2192,Survey,EV Car,Hyundai Kona,Central,4/22/2024,3,Advanced safety features like ABS and traction control give peace of mind. Loved the color options and the overall styling of the vehicle.,"Safety Features, Design & Aesthetics",advanced safety feature ab traction control give peace mind loved color option overall styling,Advanced safety features like ABS and traction control give peace of mind. Loved the color options and the overall styling of the vehicle.,3,0.622648708,"Topic 3: safety, use, highway, part, feature",3,0.318332688,"Topic 3: ab, ab traction, control give, traction, traction control",10,0.00149690951123635,"Topic 10: battery replacement, cost half, half price, concerning, price vehicle, vehicle concerning"
EV2193,Customer Support,EV Car,Hyundai Kona,East,5/29/2024,4,The upfront price is high but government subsidy makes it affordable. Service center staff are not well trained to handle EV specific issues.,"Price & Subsidy, Service & After-Sales",upfront price high government subsidy make affordable service center staff well trained handle specific issue,The upfront price is high but government subsidy makes it affordable. Service center staff are not well trained to handle EV specific issues.,5,0.489466724,"Topic 5: battery, center, service center, service, safety",8,0.214145877,"Topic 8: service, service center, center, appointment long, center needed",15,1.0,"Topic 15: highway, discount, ev subsidy, delayed discount, subsidy scheme, state got"
EV2194,Marketplace Review,EV Scooter,Ather 450X,North,5/6/2024,5,Battery performance is stable even after two years of heavy usage.,Battery Life & Degradation,battery performance stable two year heavy usage,Battery performance is stable even after two years of heavy usage.,6,0.935713193,"Topic 6: charging, battery, almost, tier, use",8,0.052289309,"Topic 8: service, service center, center, appointment long, center needed",9,0.08827234444042424,"Topic 9: lot, better, expected, attracts lot, attracts, looks futuristic"
EV2195,Marketplace Review,EV Scooter,Ampere Magnus,North,6/25/2025,4,"Braking system feels sharp and responsive, regenerative braking works well.",Performance & Ride Quality,braking system feel sharp responsive regenerative braking work well,"Braking system feels sharp and responsive, regenerative braking works well.",7,0.949999688,"Topic 7: braking, work, system, work well, well",2,0.362732406,"Topic 2: braking, system, work well, work, well",24,1.0,"Topic 24: braking, braking feels, braking works, responsive, regenerative braking, responsive regenerative"
EV2196,Survey,EV Scooter,Ampere Magnus,North,6/23/2024,4,"Noise levels are impressively low, riding experience is very smooth and quiet.",Performance & Ride Quality,noise level impressively low riding experience smooth quiet,"Noise levels are impressively low, riding experience is very smooth and quiet.",9,0.943749598,"Topic 9: price, subsidy, service, battery disposal, concerned environmental",7,0.346479625,"Topic 7: riding, low, smooth, level, impressively",3,0.19916594819733663,"Topic 3: low, stability control, control wet, impressive, impressive inspires, wet"
EV2197,Marketplace Review,EV Car,Hyundai Kona,West,5/10/2024,4,Service center staff are not well trained to handle EV specific issues.,Service & After-Sales,service center staff well trained handle specific issue,Service center staff are not well trained to handle EV specific issues.,5,0.943748934,"Topic 5: battery, center, service center, service, safety",8,0.29569031,"Topic 8: service, service center, center, appointment long, center needed",7,1.0,"Topic 7: ev, good knowing, knowing, feels good, carbon footprint, knowing reducing"
EV2198,Social Media,EV Car,Tesla Model 3,South,1/22/2025,4,Concerned about environmental impact of battery disposal and recycling.,Environmental Impact,concerned environmental impact battery disposal recycling,Concerned about environmental impact of battery disposal and recycling.,9,0.924998615,"Topic 9: price, subsidy, service, battery disposal, concerned environmental",5,0.435865403,"Topic 5: battery disposal, disposal recycling, concerned, environmental impact, environmental",12,1.0,"Topic 12: battery disposal, environmental, disposal, disposal recycling, concerned, concerned environmental"
EV2199,Customer Support,EV Car,Tesla Model 3,South,3/4/2025,4,"Touchscreen infotainment system lags and is not very intuitive to use. Battery replacement cost is almost half the price of the vehicle, very concerning. Energy used to charge still comes mostly from coal in my region, defeats the purpose somewhat.","Software & Connectivity, Battery Life & Degradation, Environmental Impact",touchscreen infotainment system lag intuitive use battery replacement cost almost half price concerning energy used charge come mostly coal region defeat purpose somewhat,"Touchscreen infotainment system lags and is not very intuitive to use. Battery replacement cost is almost half the price of the vehicle, very concerning. Energy used to charge still comes mostly from coal in my region, defeats the purpose somewhat.",8,0.714803747,"Topic 8: range, drop, defeat purpose, energy, energy used",1,0.291413937,"Topic 1: charge come, defeat purpose, defeat, come mostly, come",18,1.0,"Topic 18: infotainment, infotainment lags, touchscreen, touchscreen infotainment, lags intuitive, lags"
