review_id,source,product_type,brand,region,date,rating,feedback_text,_true_themes
EV1000,Customer Support,EV Car,Tata Nexon EV,South,8/16/2024,4,"No proper information on how battery degrades over time, company should be transparent.",Battery Life & Degradation
EV1001,Survey,EV Car,Tesla Model 3,Central,3/8/2025,4,"The real world range is much lower than advertised, I only get 100 km on a full charge.",Range Anxiety
EV1002,Survey,EV Car,MG ZS EV,Central,7/22/2024,4,Emergency braking and collision alert systems work really well in traffic.,Safety Features
EV1003,Customer Support,EV Car,Mahindra XUV400,North,6/12/2024,4,"Loved the color options and the overall styling of the vehicle. Suspension is too stiff, ride quality is uncomfortable on bad roads.","Design & Aesthetics, Performance & Ride Quality"
EV1004,Survey,EV Car,Hyundai Kona,North,1/24/2025,4,"Love the app that shows nearby charging stations, very convenient feature.",Charging Infrastructure
EV1005,Customer Support,EV Scooter,Ampere Magnus,North,4/15/2025,4,Advanced safety features like ABS and traction control give peace of mind.,Safety Features
EV1006,Customer Support,EV Scooter,Ola S1,Central,1/5/2025,3,Zero tailpipe emissions is the main reason I chose an electric vehicle.,Environmental Impact
EV1007,Social Media,EV Car,Tata Nexon EV,East,3/22/2024,4,"Running cost is much lower than petrol, saving a lot on fuel every month.",Price & Subsidy
EV1008,Marketplace Review,EV Scooter,TVS iQube,East,6/15/2024,4,The motor is powerful and pickup is much better than petrol variants. Concerned about environmental impact of battery disposal and recycling.,"Performance & Ride Quality, Environmental Impact"
EV1009,Social Media,EV Car,BYD Atto 3,Central,9/7/2024,3,"Battery replacement cost is almost half the price of the vehicle, very concerning.",Battery Life & Degradation
EV1010,Social Media,EV Scooter,TVS iQube,East,2/27/2024,3,The upfront price is high but government subsidy makes it affordable.,Price & Subsidy
EV1011,Customer Support,EV Scooter,Bajaj Chetak,North,8/4/2024,5,Concerned about environmental impact of battery disposal and recycling.,Environmental Impact
EV1012,Marketplace Review,EV Car,Tesla Model 3,West,4/14/2025,4,"Battery health dropped to 85% within 18 months of daily use. There are very few authorized service centers, had to travel 5 km for repair.","Battery Life & Degradation, Service & After-Sales"
EV1013,Marketplace Review,EV Scooter,Hero Vida V1,Central,2/12/2025,4,The motor is powerful and pickup is much better than petrol variants.,Performance & Ride Quality
EV1014,Marketplace Review,EV Car,BYD Atto 3,North,2/18/2024,4,Home charging setup was expensive and took weeks to install.,Charging Infrastructure
EV1015,Marketplace Review,EV Car,Tesla Model 3,Central,3/6/2024,5,"Storage space under the seat is very limited, not practical for daily use.",Design & Aesthetics
EV1016,Customer Support,EV Scooter,Ampere Magnus,Central,1/12/2024,4,"Charging takes too long, almost 6 hours for a full charge at home. Stability control on wet roads is impressive and inspires confidence.","Charging Infrastructure, Safety Features"
EV1017,Customer Support,EV Scooter,Ola S1,West,6/10/2024,4,"The companion app keeps crashing, needs urgent software updates.",Software & Connectivity
EV1018,Social Media,EV Scooter,Ampere Magnus,Central,4/18/2024,4,"Had a great experience with the service team, they explained everything clearly.",Service & After-Sales
EV1019,Customer Support,EV Car,MG ZS EV,South,6/27/2025,4,Battery range degrades faster than expected after just one year of use. Acceleration is smooth and instant torque makes overtaking effortless.,"Range Anxiety, Performance & Ride Quality"
EV1020,Customer Support,EV Car,Hyundai Kona,South,2/29/2024,5,"Running cost is much lower than petrol, saving a lot on fuel every month.",Price & Subsidy
EV1021,Marketplace Review,EV Car,Tesla Model 3,North,6/29/2025,5,Battery health dropped to 85% within 18 months of daily use.,Battery Life & Degradation
EV1022,Social Media,EV Scooter,Ampere Magnus,East,6/24/2025,4,"Energy used to charge still comes mostly from coal in my region, defeats the purpose somewhat. LED lighting and digital dashboard give it a premium, modern look. Price after subsidy is still higher than a comparable petrol scooter.","Environmental Impact, Design & Aesthetics, Price & Subsidy"
EV1023,Customer Support,EV Scooter,Bajaj Chetak,West,6/13/2025,4,"Over the air software updates are a great feature, keeps improving over time. Public chargers are often broken or occupied, need more charging stations urgently. Resale value of electric vehicles is still uncertain, worried about depreciation.","Software & Connectivity, Charging Infrastructure, Price & Subsidy"
EV1024,Social Media,EV Car,BYD Atto 3,Central,8/13/2024,3,"Range drops badly in winter, I lost almost 30% range in cold weather.",Range Anxiety
EV1025,Survey,EV Car,MG ZS EV,North,12/4/2024,3,Fast charging network needs serious expansion on highways.,Charging Infrastructure
EV1026,Marketplace Review,EV Scooter,Hero Vida V1,South,5/15/2024,3,"Zero tailpipe emissions is the main reason I chose an electric vehicle. Smart key and app based lock features work flawlessly, very convenient.","Environmental Impact, Software & Connectivity"
EV1027,Social Media,EV Scooter,Bajaj Chetak,North,4/9/2024,4,Loved the color options and the overall styling of the vehicle.,Design & Aesthetics
EV1028,Marketplace Review,EV Scooter,Bajaj Chetak,North,4/10/2024,5,For daily commute the range is fine but long trips are stressful because of low range.,Range Anxiety
EV1029,Social Media,EV Scooter,Ola S1,South,7/13/2024,4,"Read reports about battery fires, safety is my biggest concern before buying. Bluetooth connectivity drops frequently while riding, very frustrating.","Safety Features, Software & Connectivity"
EV1030,Marketplace Review,EV Car,Hyundai Kona,South,3/18/2024,4,"The companion app keeps crashing, needs urgent software updates. Advanced safety features like ABS and traction control give peace of mind.","Software & Connectivity, Safety Features"
EV1031,Social Media,EV Car,Tata Nexon EV,South,2/20/2025,3,"Bluetooth connectivity drops frequently while riding, very frustrating.",Software & Connectivity
EV1032,Survey,EV Car,Mahindra XUV400,South,1/23/2025,3,"Range anxiety is real, I plan every trip around charging stops now. LED lighting and digital dashboard give it a premium, modern look.","Range Anxiety, Design & Aesthetics"
EV1033,Marketplace Review,EV Scooter,TVS iQube,Central,5/13/2025,5,Battery health dropped to 85% within 18 months of daily use.,Battery Life & Degradation
EV1034,Survey,EV Scooter,Ather 450X,Central,3/3/2024,5,Acceleration is smooth and instant torque makes overtaking effortless.,Performance & Ride Quality
EV1035,Marketplace Review,EV Car,BYD Atto 3,Central,6/27/2025,3,"Battery performance is stable even after two years of heavy usage. Range drops badly in winter, I lost almost 30% range in cold weather.","Battery Life & Degradation, Range Anxiety"
EV1036,Survey,EV Car,Tata Nexon EV,South,2/17/2025,3,"Finding a working charging station in my city is still very difficult. Running cost is much lower than petrol, saving a lot on fuel every month.","Charging Infrastructure, Price & Subsidy"
EV1037,Customer Support,EV Scooter,Hero Vida V1,East,7/28/2024,4,"Braking system feels sharp and responsive, regenerative braking works well. Insurance premium for EV is surprisingly high compared to petrol vehicles.","Performance & Ride Quality, Price & Subsidy"
EV1038,Customer Support,EV Car,Tesla Model 3,West,11/19/2024,5,"Charging infrastructure in tier 2 and tier 3 cities is almost non-existent. Range drops badly in winter, I lost almost 30% range in cold weather.","Charging Infrastructure, Range Anxiety"
EV1039,Social Media,EV Car,BYD Atto 3,Central,9/28/2024,4,The battery warranty of 100 years gives me confidence in long term reliability.,Battery Life & Degradation
EV1040,Customer Support,EV Car,Hyundai Kona,South,3/24/2025,4,Stability control on wet roads is impressive and inspires confidence.,Safety Features
EV1041,Survey,EV Scooter,Ampere Magnus,Central,11/2/2024,4,Home charging setup was expensive and took weeks to install.,Charging Infrastructure
EV1042,Survey,EV Scooter,Ola S1,Central,6/8/2024,3,"After sales support has been excellent, quick response and doorstep service.",Service & After-Sales
EV1043,Customer Support,EV Car,Tesla Model 3,South,9/27/2024,5,Emergency braking and collision alert systems work really well in traffic.,Safety Features
EV1044,Survey,EV Scooter,Ola S1,West,10/10/2024,3,"I'm always worried about running out of charge before reaching my destination. Concerned about environmental impact of battery disposal and recycling. Suspension is too stiff, ride quality is uncomfortable on bad roads.","Range Anxiety, Environmental Impact, Performance & Ride Quality"
EV1045,Marketplace Review,EV Scooter,Ampere Magnus,Central,1/10/2024,3,"Home charging setup was expensive and took weeks to install. Energy used to charge still comes mostly from coal in my region, defeats the purpose somewhat.","Charging Infrastructure, Environmental Impact"
EV1046,Social Media,EV Car,Hyundai Kona,West,5/10/2024,4,"Range anxiety is real, I plan every trip around charging stops now.",Range Anxiety
EV1047,Customer Support,EV Scooter,Ola S1,South,9/12/2024,4,"Love the app that shows nearby charging stations, very convenient feature.",Charging Infrastructure
EV1048,Social Media,EV Scooter,Ampere Magnus,South,6/15/2024,5,"Battery health dropped to 85% within 18 months of daily use. Build materials feel sturdy but the design is a bit too plain compared to rivals. AC usage kills the range, on hot days I barely get half the claimed distance.","Battery Life & Degradation, Design & Aesthetics, Range Anxiety"
EV1049,Social Media,EV Scooter,Hero Vida V1,East,6/12/2024,5,"Finding a working charging station in my city is still very difficult. LED lighting and digital dashboard give it a premium, modern look.","Charging Infrastructure, Design & Aesthetics"
EV1050,Social Media,EV Scooter,Ather 450X,West,12/24/2024,5,"There are very few authorized service centers, had to travel 80 km for repair. Price after subsidy is still higher than a comparable petrol scooter.","Service & After-Sales, Price & Subsidy"
EV1051,Customer Support,EV Scooter,TVS iQube,North,10/12/2024,4,"Noise levels are impressively low, riding experience is very smooth and quiet. Stability control on wet roads is impressive and inspires confidence.","Performance & Ride Quality, Safety Features"
EV1052,Survey,EV Scooter,Ola S1,East,7/1/2024,4,Concerned about environmental impact of battery disposal and recycling.,Environmental Impact
EV1053,Marketplace Review,EV Car,Tata Nexon EV,East,11/17/2024,4,Compact size makes it easy to park and maneuver in city traffic.,Design & Aesthetics
EV1054,Social Media,EV Car,Mahindra XUV400,East,2/15/2024,3,"Compact size makes it easy to park and maneuver in city traffic. Claimed range of 250 km is misleading, actual range is way less in city traffic.","Design & Aesthetics, Range Anxiety"
EV1055,Customer Support,EV Scooter,Ola S1,Central,11/17/2024,4,"Charging takes too long, almost 6 hours for a full charge at home.",Charging Infrastructure
EV1056,Marketplace Review,EV Scooter,Hero Vida V1,East,2/16/2025,4,Customer support over phone is helpful and resolves issues quickly.,Service & After-Sales
EV1057,Marketplace Review,EV Car,MG ZS EV,West,6/27/2024,4,"Energy used to charge still comes mostly from coal in my region, defeats the purpose somewhat.",Environmental Impact
EV1058,Survey,EV Scooter,Bajaj Chetak,East,10/20/2024,3,Insurance premium for EV is surprisingly high compared to petrol vehicles.,Price & Subsidy
EV1059,Marketplace Review,EV Scooter,Bajaj Chetak,West,8/6/2024,5,"Stability control on wet roads is impressive and inspires confidence. The companion app keeps crashing, needs urgent software updates. The battery warranty of 20 years gives me confidence in long term reliability.","Safety Features, Software & Connectivity, Battery Life & Degradation"
EV1060,Social Media,EV Scooter,Ola S1,East,8/18/2024,4,The upfront price is high but government subsidy makes it affordable. Battery health dropped to 85% within 18 months of daily use. Battery range degrades faster than expected after just one year of use.,"Price & Subsidy, Battery Life & Degradation, Range Anxiety"
EV1061,Marketplace Review,EV Car,Mahindra XUV400,Central,7/18/2024,3,"Storage space under the seat is very limited, not practical for daily use.",Design & Aesthetics
EV1062,Social Media,EV Scooter,Ather 450X,North,4/19/2024,4,"Interior quality feels cheap for the price point, needs improvement.",Design & Aesthetics
EV1063,Marketplace Review,EV Car,Tesla Model 3,North,9/12/2024,4,Charging infrastructure in tier 2 and tier 3 cities is almost non-existent.,Charging Infrastructure
EV1064,Customer Support,EV Car,Mahindra XUV400,West,5/31/2025,4,"LED lighting and digital dashboard give it a premium, modern look.",Design & Aesthetics
EV1065,Marketplace Review,EV Scooter,Ather 450X,West,9/22/2024,3,EV subsidy scheme in my state got delayed and the discount amount reduced suddenly.,Price & Subsidy
EV1066,Social Media,EV Scooter,Hero Vida V1,East,3/26/2025,4,"Charging takes too long, almost 6 hours for a full charge at home.",Charging Infrastructure
EV1067,Customer Support,EV Car,Hyundai Kona,East,3/23/2024,4,Battery health dropped to 85% within 18 months of daily use.,Battery Life & Degradation
EV1068,Social Media,EV Car,Mahindra XUV400,South,3/6/2024,4,"Loved the color options and the overall styling of the vehicle. Energy used to charge still comes mostly from coal in my region, defeats the purpose somewhat.","Design & Aesthetics, Environmental Impact"
EV1069,Survey,EV Scooter,Bajaj Chetak,South,3/6/2025,5,"LED lighting and digital dashboard give it a premium, modern look. For daily commute the range is fine but long trips are stressful because of low range.","Design & Aesthetics, Range Anxiety"
EV1070,Customer Support,EV Scooter,Ola S1,East,2/3/2025,5,Compact size makes it easy to park and maneuver in city traffic.,Design & Aesthetics
EV1071,Social Media,EV Car,Mahindra XUV400,East,3/22/2025,5,"The companion app keeps crashing, needs urgent software updates.",Software & Connectivity
EV1072,Marketplace Review,EV Scooter,TVS iQube,South,4/23/2025,4,Battery performance is stable even after two years of heavy usage.,Battery Life & Degradation
EV1073,Survey,EV Car,Mahindra XUV400,North,3/14/2025,4,"Battery replacement cost is almost half the price of the vehicle, very concerning.",Battery Life & Degradation
EV1074,Customer Support,EV Car,Tata Nexon EV,West,12/1/2024,5,"For the price, I expected better build quality and more features.",Price & Subsidy
EV1075,Marketplace Review,EV Scooter,TVS iQube,East,3/7/2025,5,"Had a great experience with the service team, they explained everything clearly.",Service & After-Sales
EV1076,Survey,EV Car,Mahindra XUV400,Central,2/23/2024,5,The motor is powerful and pickup is much better than petrol variants.,Performance & Ride Quality
EV1077,Survey,EV Car,Tesla Model 3,North,9/10/2024,3,The upfront price is high but government subsidy makes it affordable.,Price & Subsidy
EV1078,Social Media,EV Car,MG ZS EV,West,4/27/2024,4,Contributing to a cleaner city is a big motivation behind going electric. EV subsidy scheme in my state got delayed and the discount amount reduced suddenly.,"Environmental Impact, Price & Subsidy"
EV1079,Survey,EV Scooter,Ather 450X,South,11/14/2024,4,Finding a working charging station in my city is still very difficult.,Charging Infrastructure
EV1080,Marketplace Review,EV Scooter,Ampere Magnus,West,7/22/2024,4,Fast charging network needs serious expansion on highways.,Charging Infrastructure
EV1081,Customer Support,EV Car,Tesla Model 3,Central,5/3/2024,5,Concerned about environmental impact of battery disposal and recycling. For daily commute the range is fine but long trips are stressful because of low range.,"Environmental Impact, Range Anxiety"
EV1082,Customer Support,EV Scooter,Ola S1,North,3/6/2025,4,"Bluetooth connectivity drops frequently while riding, very frustrating. Love the app that shows nearby charging stations, very convenient feature.","Software & Connectivity, Charging Infrastructure"
EV1083,Social Media,EV Scooter,Hero Vida V1,West,6/29/2024,5,Stability control on wet roads is impressive and inspires confidence.,Safety Features
EV1084,Marketplace Review,EV Scooter,Ampere Magnus,West,3/22/2025,3,Concerned about environmental impact of battery disposal and recycling.,Environmental Impact
EV1085,Survey,EV Scooter,Ather 450X,East,4/6/2025,5,"For the price, I expected better build quality and more features.",Price & Subsidy
EV1086,Survey,EV Scooter,TVS iQube,West,11/28/2024,5,Battery health dropped to 85% within 18 months of daily use. Touchscreen infotainment system lags and is not very intuitive to use.,"Battery Life & Degradation, Software & Connectivity"
EV1087,Customer Support,EV Scooter,TVS iQube,Central,10/9/2024,5,Advanced safety features like ABS and traction control give peace of mind.,Safety Features
EV1088,Social Media,EV Car,Tata Nexon EV,West,5/15/2025,4,"Read reports about battery fires, safety is my biggest concern before buying.",Safety Features
EV1089,Marketplace Review,EV Scooter,Hero Vida V1,West,1/18/2024,5,"Charging takes too long, almost 6 hours for a full charge at home.",Charging Infrastructure
EV1090,Social Media,EV Car,Mahindra XUV400,East,1/12/2025,4,Navigation system integrated with range prediction is genuinely useful.,Software & Connectivity
EV1091,Customer Support,EV Scooter,Bajaj Chetak,East,4/9/2025,3,"After sales support has been excellent, quick response and doorstep service. Zero tailpipe emissions is the main reason I chose an electric vehicle.","Service & After-Sales, Environmental Impact"
EV1092,Social Media,EV Car,Tesla Model 3,East,5/2/2024,5,"Read reports about battery fires, safety is my biggest concern before buying. Battery health dropped to 85% within 18 months of daily use.","Safety Features, Battery Life & Degradation"
EV1093,Customer Support,EV Scooter,TVS iQube,North,7/17/2024,4,"There are very few authorized service centers, had to travel 250 km for repair.",Service & After-Sales
EV1094,Survey,EV Car,Hyundai Kona,Central,5/9/2024,4,Service center staff are not well trained to handle EV specific issues.,Service & After-Sales
EV1095,Customer Support,EV Car,BYD Atto 3,South,5/17/2025,5,"Charging takes too long, almost 6 hours for a full charge at home. Battery range degrades faster than expected after just one year of use.","Charging Infrastructure, Range Anxiety"
EV1096,Customer Support,EV Scooter,Bajaj Chetak,South,2/22/2024,3,"Service center staff are not well trained to handle EV specific issues. Smart key and app based lock features work flawlessly, very convenient.","Service & After-Sales, Software & Connectivity"
EV1097,Marketplace Review,EV Car,Mahindra XUV400,North,2/24/2024,4,Battery health dropped to 85% within 18 months of daily use.,Battery Life & Degradation
EV1098,Social Media,EV Scooter,Ola S1,North,3/2/2025,5,"Energy used to charge still comes mostly from coal in my region, defeats the purpose somewhat.",Environmental Impact
EV1099,Marketplace Review,EV Car,BYD Atto 3,West,3/29/2025,4,"After sales support has been excellent, quick response and doorstep service. Compact size makes it easy to park and maneuver in city traffic.","Service & After-Sales, Design & Aesthetics"
EV1100,Survey,EV Car,BYD Atto 3,South,8/4/2024,5,"There are very few authorized service centers, had to travel 150 km for repair. Home charging setup was expensive and took weeks to install.","Service & After-Sales, Charging Infrastructure"
EV1101,Survey,EV Car,MG ZS EV,West,4/6/2025,4,Contributing to a cleaner city is a big motivation behind going electric.,Environmental Impact
EV1102,Social Media,EV Scooter,Ola S1,East,10/16/2024,3,"The companion app keeps crashing, needs urgent software updates.",Software & Connectivity
EV1103,Social Media,EV Car,Hyundai Kona,West,4/27/2024,5,"Read reports about battery fires, safety is my biggest concern before buying.",Safety Features
EV1104,Social Media,EV Car,Hyundai Kona,North,3/2/2024,4,"Battery performance is stable even after two years of heavy usage. Waiting time for service appointment is too long, more service centers needed.","Battery Life & Degradation, Service & After-Sales"
EV1105,Survey,EV Scooter,Bajaj Chetak,West,11/7/2024,4,"Storage space under the seat is very limited, not practical for daily use. Service center staff are not well trained to handle EV specific issues. Navigation system integrated with range prediction is genuinely useful.","Design & Aesthetics, Service & After-Sales, Software & Connectivity"
EV1106,Customer Support,EV Car,Mahindra XUV400,Central,9/13/2024,3,"The real world range is much lower than advertised, I only get 8 km on a full charge. Charging takes too long, almost 6 hours for a full charge at home. The upfront price is high but government subsidy makes it affordable.","Range Anxiety, Charging Infrastructure, Price & Subsidy"
EV1107,Marketplace Review,EV Car,Mahindra XUV400,East,7/4/2024,5,Contributing to a cleaner city is a big motivation behind going electric.,Environmental Impact
EV1108,Marketplace Review,EV Scooter,Ola S1,East,2/22/2025,3,Handling and stability at high speed feels very confident and safe. Zero tailpipe emissions is the main reason I chose an electric vehicle.,"Performance & Ride Quality, Environmental Impact"
EV1109,Marketplace Review,EV Scooter,Bajaj Chetak,East,2/14/2025,4,"Emergency braking and collision alert systems work really well in traffic. Range drops badly in winter, I lost almost 30% range in cold weather.","Safety Features, Range Anxiety"
EV1110,Customer Support,EV Scooter,TVS iQube,North,2/17/2025,4,"Emergency braking and collision alert systems work really well in traffic. The real world range is much lower than advertised, I only get 150 km on a full charge. Navigation system integrated with range prediction is genuinely useful.","Safety Features, Range Anxiety, Software & Connectivity"
EV1111,Marketplace Review,EV Scooter,Ampere Magnus,West,2/22/2024,5,EV subsidy scheme in my state got delayed and the discount amount reduced suddenly.,Price & Subsidy
EV1112,Marketplace Review,EV Car,Hyundai Kona,West,5/4/2024,4,I'm always worried about running out of charge before reaching my destination. EV subsidy scheme in my state got delayed and the discount amount reduced suddenly.,"Range Anxiety, Price & Subsidy"
EV1113,Marketplace Review,EV Car,BYD Atto 3,North,8/18/2024,4,"Public chargers are often broken or occupied, need more charging stations urgently. Software glitches caused the dashboard to freeze twice in a month.","Charging Infrastructure, Software & Connectivity"
EV1114,Customer Support,EV Car,Mahindra XUV400,Central,10/6/2024,4,"Storage space under the seat is very limited, not practical for daily use. Over the air software updates are a great feature, keeps improving over time.","Design & Aesthetics, Software & Connectivity"
EV1115,Social Media,EV Scooter,Ampere Magnus,West,7/14/2024,5,"Energy used to charge still comes mostly from coal in my region, defeats the purpose somewhat.",Environmental Impact
EV1116,Customer Support,EV Car,Tata Nexon EV,West,12/14/2024,4,"Advanced safety features like ABS and traction control give peace of mind. After sales support has been excellent, quick response and doorstep service.","Safety Features, Service & After-Sales"
EV1117,Marketplace Review,EV Scooter,Ampere Magnus,South,4/2/2025,4,"The vehicle has good crash test ratings which reassured my purchase decision. Navigation system integrated with range prediction is genuinely useful. Noise levels are impressively low, riding experience is very smooth and quiet.","Safety Features, Software & Connectivity, Performance & Ride Quality"
EV1118,Social Media,EV Scooter,TVS iQube,South,1/27/2025,5,Insurance premium for EV is surprisingly high compared to petrol vehicles.,Price & Subsidy
EV1119,Marketplace Review,EV Car,Hyundai Kona,West,1/30/2025,4,"Worried about battery degradation and replacement cost after warranty ends. Over the air software updates are a great feature, keeps improving over time.","Battery Life & Degradation, Software & Connectivity"
EV1120,Marketplace Review,EV Scooter,Ola S1,North,6/22/2025,4,Software glitches caused the dashboard to freeze twice in a month. I'm always worried about running out of charge before reaching my destination.,"Software & Connectivity, Range Anxiety"
EV1121,Social Media,EV Scooter,Hero Vida V1,North,4/25/2025,4,"After sales support has been excellent, quick response and doorstep service.",Service & After-Sales
EV1122,Survey,EV Scooter,Hero Vida V1,East,1/24/2025,4,Build quality feels premium and the ride is extremely comfortable.,Performance & Ride Quality
EV1123,Survey,EV Car,BYD Atto 3,South,10/21/2024,3,"Running cost is much lower than petrol, saving a lot on fuel every month.",Price & Subsidy
EV1124,Survey,EV Scooter,Ola S1,West,6/19/2024,3,Service center staff are not well trained to handle EV specific issues.,Service & After-Sales
EV1125,Survey,EV Car,Hyundai Kona,East,1/2/2025,4,"Suspension is too stiff, ride quality is uncomfortable on bad roads. Interior quality feels cheap for the price point, needs improvement.","Performance & Ride Quality, Design & Aesthetics"
EV1126,Social Media,EV Scooter,Ampere Magnus,South,6/28/2024,3,"Highway charging stops are rare, long distance travel is a nightmare.",Charging Infrastructure
EV1127,Social Media,EV Car,Mahindra XUV400,South,4/17/2025,3,"Spare parts availability is a major issue, waited a month for a replacement part.",Service & After-Sales
EV1128,Survey,EV Scooter,Hero Vida V1,West,10/21/2024,4,"Advanced safety features like ABS and traction control give peace of mind. Battery replacement cost is almost half the price of the vehicle, very concerning.","Safety Features, Battery Life & Degradation"
EV1129,Customer Support,EV Scooter,Ampere Magnus,West,9/13/2024,3,"Smart key and app based lock features work flawlessly, very convenient.",Software & Connectivity
EV1130,Marketplace Review,EV Scooter,Ather 450X,West,4/19/2024,5,Insurance premium for EV is surprisingly high compared to petrol vehicles.,Price & Subsidy
EV1131,Customer Support,EV Scooter,Ampere Magnus,East,1/23/2024,5,The design looks futuristic and attracts a lot of attention on the road. Customer support over phone is helpful and resolves issues quickly.,"Design & Aesthetics, Service & After-Sales"
EV1132,Marketplace Review,EV Car,BYD Atto 3,East,8/23/2024,4,Zero tailpipe emissions is the main reason I chose an electric vehicle. The motor is powerful and pickup is much better than petrol variants.,"Environmental Impact, Performance & Ride Quality"
EV1133,Social Media,EV Scooter,Hero Vida V1,North,2/10/2024,4,"Had a great experience with the service team, they explained everything clearly.",Service & After-Sales
EV1134,Customer Support,EV Scooter,Ola S1,South,4/2/2024,4,"Waiting time for service appointment is too long, more service centers needed. Noise levels are impressively low, riding experience is very smooth and quiet.","Service & After-Sales, Performance & Ride Quality"
EV1135,Social Media,EV Car,MG ZS EV,Central,1/9/2025,3,"Heard about a thermal runaway incident, this has shaken my trust in EV safety.",Safety Features
EV1136,Customer Support,EV Scooter,Ather 450X,West,10/29/2024,3,Handling and stability at high speed feels very confident and safe.,Performance & Ride Quality
EV1137,Social Media,EV Scooter,Ola S1,South,2/10/2025,5,The vehicle has good crash test ratings which reassured my purchase decision.,Safety Features
EV1138,Survey,EV Car,Mahindra XUV400,East,5/6/2024,4,Touchscreen infotainment system lags and is not very intuitive to use.,Software & Connectivity
EV1139,Marketplace Review,EV Scooter,Ampere Magnus,East,4/20/2024,3,The upfront price is high but government subsidy makes it affordable. Navigation system integrated with range prediction is genuinely useful.,"Price & Subsidy, Software & Connectivity"
EV1140,Social Media,EV Scooter,Ampere Magnus,North,4/20/2025,4,"Service center staff are not well trained to handle EV specific issues. Interior quality feels cheap for the price point, needs improvement.","Service & After-Sales, Design & Aesthetics"
EV1141,Customer Support,EV Car,Tata Nexon EV,West,4/28/2024,5,Home charging setup was expensive and took weeks to install. Insurance premium for EV is surprisingly high compared to petrol vehicles.,"Charging Infrastructure, Price & Subsidy"
EV1142,Marketplace Review,EV Scooter,TVS iQube,Central,6/7/2024,4,Build materials feel sturdy but the design is a bit too plain compared to rivals.,Design & Aesthetics
EV1143,Marketplace Review,EV Car,Mahindra XUV400,East,2/3/2024,3,"Build quality feels premium and the ride is extremely comfortable. For the price, I expected better build quality and more features.","Performance & Ride Quality, Price & Subsidy"
EV1144,Survey,EV Car,Hyundai Kona,East,1/2/2025,4,For daily commute the range is fine but long trips are stressful because of low range.,Range Anxiety
EV1145,Survey,EV Scooter,Ather 450X,West,4/3/2024,5,The upfront price is high but government subsidy makes it affordable.,Price & Subsidy
EV1146,Social Media,EV Car,Hyundai Kona,South,7/29/2024,3,Fast charging network needs serious expansion on highways.,Charging Infrastructure
EV1147,Customer Support,EV Car,MG ZS EV,South,1/3/2024,4,"Had a great experience with the service team, they explained everything clearly.",Service & After-Sales
EV1148,Customer Support,EV Car,MG ZS EV,South,4/22/2024,5,I'm always worried about running out of charge before reaching my destination.,Range Anxiety
EV1149,Social Media,EV Car,Hyundai Kona,Central,11/27/2024,5,I'm always worried about running out of charge before reaching my destination.,Range Anxiety
EV1150,Social Media,EV Scooter,Ola S1,West,6/22/2025,4,"Public chargers are often broken or occupied, need more charging stations urgently.",Charging Infrastructure
EV1151,Customer Support,EV Scooter,Bajaj Chetak,Central,4/21/2024,5,"Over the air software updates are a great feature, keeps improving over time. Heard about a thermal runaway incident, this has shaken my trust in EV safety.","Software & Connectivity, Safety Features"
EV1152,Customer Support,EV Car,Tesla Model 3,West,2/1/2024,3,"For daily commute the range is fine but long trips are stressful because of low range. Bluetooth connectivity drops frequently while riding, very frustrating.","Range Anxiety, Software & Connectivity"
EV1153,Marketplace Review,EV Car,Mahindra XUV400,North,3/23/2024,4,Handling and stability at high speed feels very confident and safe. Battery health dropped to 85% within 18 months of daily use.,"Performance & Ride Quality, Battery Life & Degradation"
EV1154,Customer Support,EV Scooter,Ampere Magnus,West,6/27/2025,3,"Service center staff are not well trained to handle EV specific issues. Smart key and app based lock features work flawlessly, very convenient. Build materials feel sturdy but the design is a bit too plain compared to rivals.","Service & After-Sales, Software & Connectivity, Design & Aesthetics"
EV1155,Social Media,EV Car,Tesla Model 3,West,4/7/2025,4,"Resale value of electric vehicles is still uncertain, worried about depreciation. LED lighting and digital dashboard give it a premium, modern look.","Price & Subsidy, Design & Aesthetics"
EV1156,Marketplace Review,EV Scooter,Bajaj Chetak,North,11/16/2024,5,Loved the color options and the overall styling of the vehicle.,Design & Aesthetics
EV1157,Social Media,EV Scooter,TVS iQube,West,3/9/2024,4,"Public chargers are often broken or occupied, need more charging stations urgently.",Charging Infrastructure
EV1158,Survey,EV Car,Mahindra XUV400,East,5/13/2024,4,"Stability control on wet roads is impressive and inspires confidence. Range drops badly in winter, I lost almost 30% range in cold weather. Noise levels are impressively low, riding experience is very smooth and quiet.","Safety Features, Range Anxiety, Performance & Ride Quality"
EV1159,Marketplace Review,EV Scooter,Hero Vida V1,North,10/21/2024,4,Concerned about environmental impact of battery disposal and recycling.,Environmental Impact
EV1160,Social Media,EV Scooter,Ola S1,South,5/8/2025,3,"Resale value of electric vehicles is still uncertain, worried about depreciation. Love the app that shows nearby charging stations, very convenient feature.","Price & Subsidy, Charging Infrastructure"
EV1161,Social Media,EV Car,Hyundai Kona,West,1/27/2024,4,"Switching to EV feels good knowing I'm reducing my carbon footprint. There are very few authorized service centers, had to travel 200 km for repair.","Environmental Impact, Service & After-Sales"
EV1162,Customer Support,EV Scooter,TVS iQube,North,7/4/2024,4,"Worried about battery degradation and replacement cost after warranty ends. Interior quality feels cheap for the price point, needs improvement.","Battery Life & Degradation, Design & Aesthetics"
EV1163,Social Media,EV Car,Tata Nexon EV,West,3/5/2025,4,"Over the air software updates are a great feature, keeps improving over time. Top speed is decent for city use but not enough for highway cruising.","Software & Connectivity, Performance & Ride Quality"
EV1164,Customer Support,EV Scooter,Hero Vida V1,Central,3/27/2024,4,I'm always worried about running out of charge before reaching my destination.,Range Anxiety
EV1165,Survey,EV Car,BYD Atto 3,North,10/5/2024,3,"Bluetooth connectivity drops frequently while riding, very frustrating. Compact size makes it easy to park and maneuver in city traffic.","Software & Connectivity, Design & Aesthetics"
EV1166,Customer Support,EV Scooter,Bajaj Chetak,South,6/8/2025,3,"Public chargers are often broken or occupied, need more charging stations urgently. Braking system feels sharp and responsive, regenerative braking works well. Build materials feel sturdy but the design is a bit too plain compared to rivals.","Charging Infrastructure, Performance & Ride Quality, Design & Aesthetics"
EV1167,Customer Support,EV Scooter,Ampere Magnus,North,8/13/2024,3,"The design looks futuristic and attracts a lot of attention on the road. Claimed range of 200 km is misleading, actual range is way less in city traffic.","Design & Aesthetics, Range Anxiety"
EV1168,Customer Support,EV Car,MG ZS EV,East,12/1/2024,5,Finding a working charging station in my city is still very difficult.,Charging Infrastructure
EV1169,Marketplace Review,EV Scooter,Hero Vida V1,South,5/12/2024,4,"Build materials feel sturdy but the design is a bit too plain compared to rivals. Read reports about battery fires, safety is my biggest concern before buying.","Design & Aesthetics, Safety Features"
EV1170,Marketplace Review,EV Scooter,Ola S1,North,3/22/2025,4,Battery range degrades faster than expected after just one year of use.,Range Anxiety
EV1171,Marketplace Review,EV Car,Hyundai Kona,Central,2/18/2025,4,"The design looks futuristic and attracts a lot of attention on the road. Spare parts availability is a major issue, waited a month for a replacement part.","Design & Aesthetics, Service & After-Sales"
EV1172,Social Media,EV Car,Hyundai Kona,Central,4/16/2025,4,Handling and stability at high speed feels very confident and safe.,Performance & Ride Quality
EV1173,Social Media,EV Scooter,Ola S1,West,2/14/2025,5,Advanced safety features like ABS and traction control give peace of mind.,Safety Features
EV1174,Customer Support,EV Scooter,TVS iQube,South,12/7/2024,4,Battery performance is stable even after two years of heavy usage. Fast charging network needs serious expansion on highways. The vehicle has good crash test ratings which reassured my purchase decision.,"Battery Life & Degradation, Charging Infrastructure, Safety Features"
EV1175,Social Media,EV Scooter,Hero Vida V1,South,4/15/2024,3,Battery health dropped to 85% within 18 months of daily use. Customer support over phone is helpful and resolves issues quickly. Total cost of ownership is great once you factor in low maintenance and fuel savings.,"Battery Life & Degradation, Service & After-Sales, Price & Subsidy"
EV1176,Marketplace Review,EV Car,MG ZS EV,West,4/4/2025,5,Zero tailpipe emissions is the main reason I chose an electric vehicle. Build quality feels premium and the ride is extremely comfortable. Advanced safety features like ABS and traction control give peace of mind.,"Environmental Impact, Performance & Ride Quality, Safety Features"
EV1177,Customer Support,EV Scooter,Bajaj Chetak,East,2/27/2024,4,Handling and stability at high speed feels very confident and safe.,Performance & Ride Quality
EV1178,Marketplace Review,EV Scooter,Bajaj Chetak,North,2/28/2024,5,"Braking system feels sharp and responsive, regenerative braking works well.",Performance & Ride Quality
EV1179,Survey,EV Car,Tesla Model 3,Central,6/3/2025,3,Compact size makes it easy to park and maneuver in city traffic. Navigation system integrated with range prediction is genuinely useful.,"Design & Aesthetics, Software & Connectivity"
EV1180,Social Media,EV Car,Mahindra XUV400,East,5/2/2025,3,"Advanced safety features like ABS and traction control give peace of mind. Battery replacement cost is almost half the price of the vehicle, very concerning.","Safety Features, Battery Life & Degradation"
EV1181,Survey,EV Car,Hyundai Kona,Central,6/25/2024,4,"Claimed range of 5 km is misleading, actual range is way less in city traffic.",Range Anxiety
EV1182,Social Media,EV Scooter,Bajaj Chetak,East,1/16/2025,3,"Spare parts availability is a major issue, waited a month for a replacement part.",Service & After-Sales
EV1183,Survey,EV Scooter,TVS iQube,East,3/8/2024,4,Handling and stability at high speed feels very confident and safe.,Performance & Ride Quality
EV1184,Customer Support,EV Scooter,TVS iQube,Central,6/2/2024,4,Handling and stability at high speed feels very confident and safe.,Performance & Ride Quality
EV1185,Customer Support,EV Car,Hyundai Kona,West,5/12/2024,5,Switching to EV feels good knowing I'm reducing my carbon footprint.,Environmental Impact
EV1186,Marketplace Review,EV Scooter,Ampere Magnus,East,5/10/2024,4,Advanced safety features like ABS and traction control give peace of mind.,Safety Features
EV1187,Customer Support,EV Scooter,Ampere Magnus,North,1/6/2025,4,"There are very few authorized service centers, had to travel 250 km for repair. Battery replacement cost is almost half the price of the vehicle, very concerning.","Service & After-Sales, Battery Life & Degradation"
EV1188,Social Media,EV Car,MG ZS EV,South,3/20/2024,4,Customer support over phone is helpful and resolves issues quickly. Finding a working charging station in my city is still very difficult.,"Service & After-Sales, Charging Infrastructure"
EV1189,Social Media,EV Scooter,Ampere Magnus,Central,1/20/2025,4,"No proper information on how battery degrades over time, company should be transparent. Energy used to charge still comes mostly from coal in my region, defeats the purpose somewhat. Read reports about battery fires, safety is my biggest concern before buying.","Battery Life & Degradation, Environmental Impact, Safety Features"
EV1190,Marketplace Review,EV Scooter,Ola S1,East,8/31/2024,3,"Over the air software updates are a great feature, keeps improving over time. Customer support over phone is helpful and resolves issues quickly. Zero tailpipe emissions is the main reason I chose an electric vehicle.","Software & Connectivity, Service & After-Sales, Environmental Impact"
EV1191,Social Media,EV Scooter,Bajaj Chetak,East,3/27/2025,5,"Smart key and app based lock features work flawlessly, very convenient.",Software & Connectivity
EV1192,Marketplace Review,EV Scooter,Bajaj Chetak,South,7/23/2024,3,Concerned about environmental impact of battery disposal and recycling. Worried about battery degradation and replacement cost after warranty ends.,"Environmental Impact, Battery Life & Degradation"
EV1193,Survey,EV Scooter,TVS iQube,Central,5/7/2024,5,"After sales support has been excellent, quick response and doorstep service. Charging infrastructure in tier 2 and tier 3 cities is almost non-existent. Battery performance is stable even after two years of heavy usage.","Service & After-Sales, Charging Infrastructure, Battery Life & Degradation"
EV1194,Survey,EV Car,Mahindra XUV400,South,4/6/2025,4,Acceleration is smooth and instant torque makes overtaking effortless.,Performance & Ride Quality
EV1195,Marketplace Review,EV Scooter,Ola S1,Central,1/17/2025,4,Insurance premium for EV is surprisingly high compared to petrol vehicles.,Price & Subsidy
EV1196,Social Media,EV Car,Hyundai Kona,North,11/22/2024,5,"Love the app that shows nearby charging stations, very convenient feature.",Charging Infrastructure
EV1197,Survey,EV Car,MG ZS EV,East,4/28/2025,4,"Battery replacement cost is almost half the price of the vehicle, very concerning. Navigation system integrated with range prediction is genuinely useful.","Battery Life & Degradation, Software & Connectivity"
EV1198,Survey,EV Car,Tata Nexon EV,East,8/8/2024,3,"Worried about battery degradation and replacement cost after warranty ends. The vehicle has good crash test ratings which reassured my purchase decision. Interior quality feels cheap for the price point, needs improvement.","Battery Life & Degradation, Safety Features, Design & Aesthetics"
EV1199,Survey,EV Scooter,Ola S1,South,3/5/2025,3,"Switching to EV feels good knowing I'm reducing my carbon footprint. The companion app keeps crashing, needs urgent software updates.","Environmental Impact, Software & Connectivity"
EV1200,Survey,EV Scooter,Ampere Magnus,Central,9/4/2024,4,The battery warranty of 300 years gives me confidence in long term reliability.,Battery Life & Degradation
EV1201,Customer Support,EV Car,BYD Atto 3,South,3/2/2025,4,"Worried about battery degradation and replacement cost after warranty ends. Finding a working charging station in my city is still very difficult. Noise levels are impressively low, riding experience is very smooth and quiet.","Battery Life & Degradation, Charging Infrastructure, Performance & Ride Quality"
EV1202,Marketplace Review,EV Scooter,Ola S1,East,9/16/2024,4,"AC usage kills the range, on hot days I barely get half the claimed distance.",Range Anxiety
EV1203,Social Media,EV Car,Hyundai Kona,North,12/6/2024,4,Worried about battery degradation and replacement cost after warranty ends.,Battery Life & Degradation
EV1204,Customer Support,EV Scooter,Ampere Magnus,South,4/20/2025,4,"Smart key and app based lock features work flawlessly, very convenient. Battery health dropped to 85% within 18 months of daily use.","Software & Connectivity, Battery Life & Degradation"
EV1205,Marketplace Review,EV Car,Tesla Model 3,North,10/27/2024,5,"Price after subsidy is still higher than a comparable petrol scooter. The real world range is much lower than advertised, I only get 250 km on a full charge.","Price & Subsidy, Range Anxiety"
EV1206,Marketplace Review,EV Scooter,Ampere Magnus,Central,4/29/2025,4,"Had a great experience with the service team, they explained everything clearly. Claimed range of 200 km is misleading, actual range is way less in city traffic.","Service & After-Sales, Range Anxiety"
EV1207,Customer Support,EV Scooter,Ola S1,East,5/7/2024,5,"Noise levels are impressively low, riding experience is very smooth and quiet. Build materials feel sturdy but the design is a bit too plain compared to rivals.","Performance & Ride Quality, Design & Aesthetics"
EV1208,Customer Support,EV Scooter,Bajaj Chetak,South,5/23/2025,4,Touchscreen infotainment system lags and is not very intuitive to use.,Software & Connectivity
EV1209,Marketplace Review,EV Scooter,Ola S1,North,3/16/2025,3,Zero tailpipe emissions is the main reason I chose an electric vehicle.,Environmental Impact
EV1210,Survey,EV Scooter,TVS iQube,North,12/1/2024,2,"Spare parts availability is a major issue, waited a month for a replacement part. Energy used to charge still comes mostly from coal in my region, defeats the purpose somewhat.","Service & After-Sales, Environmental Impact"
EV1211,Marketplace Review,EV Scooter,Ather 450X,East,4/2/2025,4,"For daily commute the range is fine but long trips are stressful because of low range. Braking system feels sharp and responsive, regenerative braking works well.","Range Anxiety, Performance & Ride Quality"
EV1212,Marketplace Review,EV Car,Tata Nexon EV,East,6/9/2025,5,Battery health dropped to 85% within 18 months of daily use. Battery range degrades faster than expected after just one year of use.,"Battery Life & Degradation, Range Anxiety"
EV1213,Survey,EV Car,MG ZS EV,South,1/10/2025,5,"Noise levels are impressively low, riding experience is very smooth and quiet.",Performance & Ride Quality
EV1214,Social Media,EV Car,BYD Atto 3,West,1/14/2025,4,"Suspension is too stiff, ride quality is uncomfortable on bad roads. Navigation system integrated with range prediction is genuinely useful. Love the app that shows nearby charging stations, very convenient feature.","Performance & Ride Quality, Software & Connectivity, Charging Infrastructure"
EV1215,Customer Support,EV Scooter,TVS iQube,South,4/26/2024,4,Battery range degrades faster than expected after just one year of use. Battery performance is stable even after two years of heavy usage.,"Range Anxiety, Battery Life & Degradation"
EV1216,Survey,EV Scooter,Ampere Magnus,East,9/23/2024,4,"Software glitches caused the dashboard to freeze twice in a month. For the price, I expected better build quality and more features. There are very few authorized service centers, had to travel 100 km for repair.","Software & Connectivity, Price & Subsidy, Service & After-Sales"
EV1217,Marketplace Review,EV Car,Tata Nexon EV,South,3/31/2025,4,"Love the app that shows nearby charging stations, very convenient feature.",Charging Infrastructure
EV1218,Survey,EV Scooter,Hero Vida V1,Central,10/24/2024,4,"Had a great experience with the service team, they explained everything clearly. The battery warranty of 20 years gives me confidence in long term reliability. Read reports about battery fires, safety is my biggest concern before buying.","Service & After-Sales, Battery Life & Degradation, Safety Features"
EV1219,Social Media,EV Car,MG ZS EV,South,5/20/2025,4,"AC usage kills the range, on hot days I barely get half the claimed distance.",Range Anxiety
EV1220,Social Media,EV Scooter,Bajaj Chetak,Central,3/29/2024,4,"Charging takes too long, almost 6 hours for a full charge at home.",Charging Infrastructure
EV1221,Marketplace Review,EV Scooter,Hero Vida V1,Central,2/24/2025,4,"Interior quality feels cheap for the price point, needs improvement. Love the app that shows nearby charging stations, very convenient feature.","Design & Aesthetics, Charging Infrastructure"
EV1222,Marketplace Review,EV Car,Mahindra XUV400,Central,12/18/2024,5,"No proper information on how battery degrades over time, company should be transparent. Heard about a thermal runaway incident, this has shaken my trust in EV safety.","Battery Life & Degradation, Safety Features"
EV1223,Marketplace Review,EV Car,MG ZS EV,Central,2/26/2024,4,"Charging takes too long, almost 6 hours for a full charge at home. Read reports about battery fires, safety is my biggest concern before buying. Battery health dropped to 85% within 18 months of daily use.","Charging Infrastructure, Safety Features, Battery Life & Degradation"
EV1224,Social Media,EV Scooter,Hero Vida V1,East,6/15/2025,4,"After sales support has been excellent, quick response and doorstep service. Fast charging network needs serious expansion on highways.","Service & After-Sales, Charging Infrastructure"
EV1225,Customer Support,EV Scooter,Ather 450X,Central,4/5/2024,3,Stability control on wet roads is impressive and inspires confidence.,Safety Features
EV1226,Social Media,EV Car,BYD Atto 3,South,12/11/2024,3,"Switching to EV feels good knowing I'm reducing my carbon footprint. The real world range is much lower than advertised, I only get 3 km on a full charge. Heard about a thermal runaway incident, this has shaken my trust in EV safety.","Environmental Impact, Range Anxiety, Safety Features"
EV1227,Social Media,EV Scooter,Hero Vida V1,Central,3/2/2025,5,"Contributing to a cleaner city is a big motivation behind going electric. Range anxiety is real, I plan every trip around charging stops now.","Environmental Impact, Range Anxiety"
EV1228,Social Media,EV Scooter,Bajaj Chetak,West,10/31/2024,3,Software glitches caused the dashboard to freeze twice in a month. Finding a working charging station in my city is still very difficult.,"Software & Connectivity, Charging Infrastructure"
EV1229,Marketplace Review,EV Car,Mahindra XUV400,West,4/20/2025,4,Total cost of ownership is great once you factor in low maintenance and fuel savings. Top speed is decent for city use but not enough for highway cruising.,"Price & Subsidy, Performance & Ride Quality"
EV1230,Customer Support,EV Scooter,Hero Vida V1,West,5/13/2024,4,Handling and stability at high speed feels very confident and safe.,Performance & Ride Quality
EV1231,Marketplace Review,EV Scooter,Ather 450X,North,9/30/2024,5,"Over the air software updates are a great feature, keeps improving over time. Running cost is much lower than petrol, saving a lot on fuel every month.","Software & Connectivity, Price & Subsidy"
EV1232,Marketplace Review,EV Car,Hyundai Kona,Central,3/4/2025,4,"Resale value of electric vehicles is still uncertain, worried about depreciation. Battery performance is stable even after two years of heavy usage.","Price & Subsidy, Battery Life & Degradation"
EV1233,Social Media,EV Scooter,Ather 450X,West,6/11/2025,4,"Bluetooth connectivity drops frequently while riding, very frustrating.",Software & Connectivity
EV1234,Survey,EV Scooter,Bajaj Chetak,North,2/6/2025,5,Emergency braking and collision alert systems work really well in traffic.,Safety Features
EV1235,Customer Support,EV Car,MG ZS EV,North,2/21/2024,4,"Spare parts availability is a major issue, waited a month for a replacement part.",Service & After-Sales
EV1236,Survey,EV Scooter,TVS iQube,North,3/17/2025,3,The battery warranty of 5 years gives me confidence in long term reliability.,Battery Life & Degradation
EV1237,Customer Support,EV Scooter,Bajaj Chetak,North,2/14/2025,5,"Claimed range of 250 km is misleading, actual range is way less in city traffic.",Range Anxiety
EV1238,Marketplace Review,EV Scooter,Ola S1,Central,4/6/2025,3,"Read reports about battery fires, safety is my biggest concern before buying. Service center staff are not well trained to handle EV specific issues. Highway charging stops are rare, long distance travel is a nightmare.","Safety Features, Service & After-Sales, Charging Infrastructure"
EV1239,Customer Support,EV Scooter,TVS iQube,South,7/22/2024,3,"Contributing to a cleaner city is a big motivation behind going electric. Heard about a thermal runaway incident, this has shaken my trust in EV safety.","Environmental Impact, Safety Features"
EV1240,Survey,EV Car,Tata Nexon EV,South,12/7/2024,5,Navigation system integrated with range prediction is genuinely useful.,Software & Connectivity
EV1241,Social Media,EV Scooter,Ather 450X,East,11/22/2024,4,Battery performance is stable even after two years of heavy usage. Loved the color options and the overall styling of the vehicle. Customer support over phone is helpful and resolves issues quickly.,"Battery Life & Degradation, Design & Aesthetics, Service & After-Sales"
EV1242,Customer Support,EV Scooter,Hero Vida V1,West,1/18/2024,4,Top speed is decent for city use but not enough for highway cruising.,Performance & Ride Quality
EV1243,Customer Support,EV Car,Mahindra XUV400,North,4/30/2025,5,"Waiting time for service appointment is too long, more service centers needed.",Service & After-Sales
EV1244,Survey,EV Car,Tesla Model 3,Central,5/6/2025,4,Battery performance is stable even after two years of heavy usage.,Battery Life & Degradation
EV1245,Social Media,EV Scooter,Ather 450X,North,4/22/2024,4,The upfront price is high but government subsidy makes it affordable.,Price & Subsidy
EV1246,Marketplace Review,EV Scooter,TVS iQube,South,2/26/2025,4,"For the price, I expected better build quality and more features. LED lighting and digital dashboard give it a premium, modern look.","Price & Subsidy, Design & Aesthetics"
EV1247,Social Media,EV Car,Tesla Model 3,Central,7/31/2024,4,The vehicle has good crash test ratings which reassured my purchase decision.,Safety Features
EV1248,Marketplace Review,EV Scooter,Ampere Magnus,East,6/26/2024,4,Navigation system integrated with range prediction is genuinely useful.,Software & Connectivity
EV1249,Customer Support,EV Scooter,Ampere Magnus,East,5/10/2025,4,Price after subsidy is still higher than a comparable petrol scooter.,Price & Subsidy
EV1250,Customer Support,EV Scooter,Ampere Magnus,South,10/31/2024,5,"Waiting time for service appointment is too long, more service centers needed. For the price, I expected better build quality and more features.","Service & After-Sales, Price & Subsidy"
EV1251,Customer Support,EV Scooter,Bajaj Chetak,Central,10/7/2024,4,Service center staff are not well trained to handle EV specific issues.,Service & After-Sales
EV1252,Customer Support,EV Scooter,Bajaj Chetak,South,10/24/2024,4,"Range anxiety is real, I plan every trip around charging stops now.",Range Anxiety
EV1253,Marketplace Review,EV Car,Hyundai Kona,East,5/5/2025,4,Price after subsidy is still higher than a comparable petrol scooter.,Price & Subsidy
EV1254,Customer Support,EV Scooter,Ampere Magnus,South,4/21/2024,3,"Energy used to charge still comes mostly from coal in my region, defeats the purpose somewhat.",Environmental Impact
EV1255,Survey,EV Car,MG ZS EV,Central,8/19/2024,4,The upfront price is high but government subsidy makes it affordable.,Price & Subsidy
EV1256,Customer Support,EV Car,Mahindra XUV400,West,4/12/2024,4,Worried about battery degradation and replacement cost after warranty ends.,Battery Life & Degradation
EV1257,Marketplace Review,EV Car,Mahindra XUV400,West,7/23/2024,4,"After sales support has been excellent, quick response and doorstep service. Acceleration is smooth and instant torque makes overtaking effortless.","Service & After-Sales, Performance & Ride Quality"
EV1258,Social Media,EV Car,Tesla Model 3,Central,2/8/2024,5,Battery health dropped to 85% within 18 months of daily use. The design looks futuristic and attracts a lot of attention on the road.,"Battery Life & Degradation, Design & Aesthetics"
EV1259,Social Media,EV Scooter,Bajaj Chetak,East,2/8/2024,3,"Range drops badly in winter, I lost almost 30% range in cold weather. After sales support has been excellent, quick response and doorstep service.","Range Anxiety, Service & After-Sales"
EV1260,Marketplace Review,EV Scooter,Bajaj Chetak,South,5/31/2025,4,Touchscreen infotainment system lags and is not very intuitive to use.,Software & Connectivity
EV1261,Customer Support,EV Car,Tata Nexon EV,South,4/14/2025,3,"Waiting time for service appointment is too long, more service centers needed.",Service & After-Sales
EV1262,Customer Support,EV Car,Tata Nexon EV,East,7/16/2024,3,"Battery replacement cost is almost half the price of the vehicle, very concerning. Compact size makes it easy to park and maneuver in city traffic.","Battery Life & Degradation, Design & Aesthetics"
EV1263,Marketplace Review,EV Scooter,Ola S1,North,7/8/2024,3,"The battery warranty of 150 years gives me confidence in long term reliability. The companion app keeps crashing, needs urgent software updates.","Battery Life & Degradation, Software & Connectivity"
EV1264,Social Media,EV Scooter,Bajaj Chetak,West,9/30/2024,5,"Braking system feels sharp and responsive, regenerative braking works well.",Performance & Ride Quality
EV1265,Customer Support,EV Car,Hyundai Kona,South,3/4/2024,4,"Charging takes too long, almost 6 hours for a full charge at home. Over the air software updates are a great feature, keeps improving over time.","Charging Infrastructure, Software & Connectivity"
EV1266,Customer Support,EV Scooter,Hero Vida V1,North,10/29/2024,4,The motor is powerful and pickup is much better than petrol variants.,Performance & Ride Quality
EV1267,Marketplace Review,EV Car,MG ZS EV,South,4/10/2025,4,Concerned about environmental impact of battery disposal and recycling.,Environmental Impact
EV1268,Marketplace Review,EV Scooter,Hero Vida V1,Central,8/11/2024,3,"Running cost is much lower than petrol, saving a lot on fuel every month.",Price & Subsidy
EV1269,Customer Support,EV Scooter,Ampere Magnus,North,4/24/2024,4,"Claimed range of 30 km is misleading, actual range is way less in city traffic.",Range Anxiety
EV1270,Customer Support,EV Car,MG ZS EV,Central,3/28/2025,3,Fast charging network needs serious expansion on highways.,Charging Infrastructure
EV1271,Marketplace Review,EV Scooter,Ola S1,North,4/9/2025,4,Battery performance is stable even after two years of heavy usage.,Battery Life & Degradation
EV1272,Survey,EV Scooter,Bajaj Chetak,Central,4/18/2025,4,"Waiting time for service appointment is too long, more service centers needed.",Service & After-Sales
EV1273,Customer Support,EV Car,Mahindra XUV400,North,8/11/2024,4,"Switching to EV feels good knowing I'm reducing my carbon footprint. Highway charging stops are rare, long distance travel is a nightmare.","Environmental Impact, Charging Infrastructure"
EV1274,Survey,EV Scooter,Hero Vida V1,Central,3/2/2024,3,Finding a working charging station in my city is still very difficult. Touchscreen infotainment system lags and is not very intuitive to use.,"Charging Infrastructure, Software & Connectivity"
EV1275,Social Media,EV Scooter,Ather 450X,West,1/18/2025,4,"Storage space under the seat is very limited, not practical for daily use.",Design & Aesthetics
EV1276,Survey,EV Scooter,Bajaj Chetak,Central,5/16/2024,3,"Suspension is too stiff, ride quality is uncomfortable on bad roads. Highway charging stops are rare, long distance travel is a nightmare.","Performance & Ride Quality, Charging Infrastructure"
EV1277,Social Media,EV Car,Tesla Model 3,North,1/24/2024,4,"Spare parts availability is a major issue, waited a month for a replacement part.",Service & After-Sales
EV1278,Marketplace Review,EV Scooter,Ampere Magnus,South,9/10/2024,5,Touchscreen infotainment system lags and is not very intuitive to use.,Software & Connectivity
EV1279,Social Media,EV Car,Hyundai Kona,North,2/2/2024,3,"Interior quality feels cheap for the price point, needs improvement. Claimed range of 100 km is misleading, actual range is way less in city traffic.","Design & Aesthetics, Range Anxiety"
EV1280,Survey,EV Car,BYD Atto 3,West,2/19/2024,4,The upfront price is high but government subsidy makes it affordable.,Price & Subsidy
EV1281,Social Media,EV Scooter,Bajaj Chetak,Central,8/10/2024,4,I'm always worried about running out of charge before reaching my destination.,Range Anxiety
EV1282,Customer Support,EV Scooter,Ather 450X,Central,11/24/2024,3,EV subsidy scheme in my state got delayed and the discount amount reduced suddenly.,Price & Subsidy
EV1283,Social Media,EV Car,Tesla Model 3,West,11/3/2024,3,Service center staff are not well trained to handle EV specific issues.,Service & After-Sales
EV1284,Marketplace Review,EV Car,Tesla Model 3,Central,5/22/2025,4,"AC usage kills the range, on hot days I barely get half the claimed distance.",Range Anxiety
EV1285,Customer Support,EV Scooter,Ampere Magnus,West,2/22/2025,4,"Battery replacement cost is almost half the price of the vehicle, very concerning. There are very few authorized service centers, had to travel 8 km for repair.","Battery Life & Degradation, Service & After-Sales"
EV1286,Social Media,EV Scooter,Ather 450X,East,5/27/2024,2,"The companion app keeps crashing, needs urgent software updates.",Software & Connectivity
EV1287,Social Media,EV Scooter,Bajaj Chetak,West,9/5/2024,4,"Waiting time for service appointment is too long, more service centers needed. Running cost is much lower than petrol, saving a lot on fuel every month. Build quality feels premium and the ride is extremely comfortable.","Service & After-Sales, Price & Subsidy, Performance & Ride Quality"
EV1288,Social Media,EV Scooter,Ola S1,North,10/1/2024,4,Build materials feel sturdy but the design is a bit too plain compared to rivals.,Design & Aesthetics
EV1289,Social Media,EV Car,Tata Nexon EV,Central,8/10/2024,3,"Smart key and app based lock features work flawlessly, very convenient. Resale value of electric vehicles is still uncertain, worried about depreciation.","Software & Connectivity, Price & Subsidy"
EV1290,Social Media,EV Scooter,Ola S1,South,4/30/2024,3,Software glitches caused the dashboard to freeze twice in a month. Price after subsidy is still higher than a comparable petrol scooter.,"Software & Connectivity, Price & Subsidy"
EV1291,Customer Support,EV Scooter,Ather 450X,East,1/24/2025,4,Software glitches caused the dashboard to freeze twice in a month. The vehicle has good crash test ratings which reassured my purchase decision.,"Software & Connectivity, Safety Features"
EV1292,Customer Support,EV Scooter,TVS iQube,Central,5/24/2025,5,"Smart key and app based lock features work flawlessly, very convenient. Love the app that shows nearby charging stations, very convenient feature. Zero tailpipe emissions is the main reason I chose an electric vehicle.","Software & Connectivity, Charging Infrastructure, Environmental Impact"
EV1293,Marketplace Review,EV Scooter,TVS iQube,North,8/14/2024,5,Worried about battery degradation and replacement cost after warranty ends.,Battery Life & Degradation
EV1294,Marketplace Review,EV Scooter,Ampere Magnus,East,6/5/2024,4,"Price after subsidy is still higher than a comparable petrol scooter. Noise levels are impressively low, riding experience is very smooth and quiet.","Price & Subsidy, Performance & Ride Quality"
EV1295,Customer Support,EV Car,Mahindra XUV400,East,5/15/2025,3,"Bluetooth connectivity drops frequently while riding, very frustrating.",Software & Connectivity
EV1296,Customer Support,EV Car,Tesla Model 3,South,5/23/2024,4,Emergency braking and collision alert systems work really well in traffic.,Safety Features
EV1297,Survey,EV Car,BYD Atto 3,Central,2/4/2024,4,Finding a working charging station in my city is still very difficult. For daily commute the range is fine but long trips are stressful because of low range.,"Charging Infrastructure, Range Anxiety"
EV1298,Social Media,EV Car,Tesla Model 3,North,6/3/2024,4,"Claimed range of 20 km is misleading, actual range is way less in city traffic.",Range Anxiety
EV1299,Survey,EV Scooter,TVS iQube,Central,5/9/2025,4,"The companion app keeps crashing, needs urgent software updates.",Software & Connectivity
EV1300,Marketplace Review,EV Car,BYD Atto 3,North,1/18/2024,4,Stability control on wet roads is impressive and inspires confidence.,Safety Features
EV1301,Customer Support,EV Scooter,Ampere Magnus,North,5/29/2025,4,"LED lighting and digital dashboard give it a premium, modern look.",Design & Aesthetics
EV1302,Survey,EV Car,Tata Nexon EV,Central,6/1/2024,3,Price after subsidy is still higher than a comparable petrol scooter.,Price & Subsidy
EV1303,Customer Support,EV Scooter,TVS iQube,West,3/21/2024,5,Build quality feels premium and the ride is extremely comfortable. Compact size makes it easy to park and maneuver in city traffic.,"Performance & Ride Quality, Design & Aesthetics"
EV1304,Social Media,EV Car,Tesla Model 3,East,3/23/2024,3,"For daily commute the range is fine but long trips are stressful because of low range. Highway charging stops are rare, long distance travel is a nightmare.","Range Anxiety, Charging Infrastructure"
EV1305,Marketplace Review,EV Scooter,Ampere Magnus,North,1/10/2024,5,Worried about battery degradation and replacement cost after warranty ends.,Battery Life & Degradation
EV1306,Customer Support,EV Scooter,Bajaj Chetak,Central,4/7/2024,4,Advanced safety features like ABS and traction control give peace of mind.,Safety Features
EV1307,Marketplace Review,EV Car,MG ZS EV,East,2/17/2024,4,"Charging takes too long, almost 6 hours for a full charge at home.",Charging Infrastructure
EV1308,Customer Support,EV Car,MG ZS EV,North,7/31/2024,4,Zero tailpipe emissions is the main reason I chose an electric vehicle.,Environmental Impact
EV1309,Customer Support,EV Scooter,Ola S1,South,9/3/2024,5,"Energy used to charge still comes mostly from coal in my region, defeats the purpose somewhat. Loved the color options and the overall styling of the vehicle.","Environmental Impact, Design & Aesthetics"
EV1310,Social Media,EV Scooter,Hero Vida V1,North,5/27/2025,4,Acceleration is smooth and instant torque makes overtaking effortless.,Performance & Ride Quality
EV1311,Social Media,EV Car,Mahindra XUV400,North,12/14/2024,5,"Energy used to charge still comes mostly from coal in my region, defeats the purpose somewhat.",Environmental Impact
EV1312,Survey,EV Scooter,TVS iQube,East,4/6/2025,5,"Over the air software updates are a great feature, keeps improving over time.",Software & Connectivity
EV1313,Marketplace Review,EV Scooter,Ampere Magnus,West,7/9/2024,5,Contributing to a cleaner city is a big motivation behind going electric.,Environmental Impact
EV1314,Customer Support,EV Car,BYD Atto 3,South,3/16/2024,4,"Charging takes too long, almost 6 hours for a full charge at home.",Charging Infrastructure
EV1315,Social Media,EV Car,Mahindra XUV400,West,11/20/2024,4,Handling and stability at high speed feels very confident and safe. Finding a working charging station in my city is still very difficult.,"Performance & Ride Quality, Charging Infrastructure"
EV1316,Customer Support,EV Scooter,Bajaj Chetak,East,4/14/2024,3,Worried about battery degradation and replacement cost after warranty ends.,Battery Life & Degradation
EV1317,Marketplace Review,EV Car,Mahindra XUV400,Central,6/8/2025,3,The design looks futuristic and attracts a lot of attention on the road.,Design & Aesthetics
EV1318,Customer Support,EV Car,Tata Nexon EV,Central,4/5/2024,3,Contributing to a cleaner city is a big motivation behind going electric. Acceleration is smooth and instant torque makes overtaking effortless.,"Environmental Impact, Performance & Ride Quality"
EV1319,Marketplace Review,EV Scooter,Bajaj Chetak,North,9/5/2024,4,Zero tailpipe emissions is the main reason I chose an electric vehicle. Stability control on wet roads is impressive and inspires confidence.,"Environmental Impact, Safety Features"
EV1320,Social Media,EV Scooter,Ather 450X,East,11/4/2024,4,"Spare parts availability is a major issue, waited a month for a replacement part.",Service & After-Sales
EV1321,Social Media,EV Car,Tata Nexon EV,West,10/9/2024,4,"Storage space under the seat is very limited, not practical for daily use. Had a great experience with the service team, they explained everything clearly.","Design & Aesthetics, Service & After-Sales"
EV1322,Customer Support,EV Car,Hyundai Kona,South,5/22/2025,4,"Energy used to charge still comes mostly from coal in my region, defeats the purpose somewhat.",Environmental Impact
EV1323,Survey,EV Car,Mahindra XUV400,South,11/7/2024,5,For daily commute the range is fine but long trips are stressful because of low range.,Range Anxiety
EV1324,Marketplace Review,EV Scooter,Ampere Magnus,East,3/26/2025,5,"Noise levels are impressively low, riding experience is very smooth and quiet.",Performance & Ride Quality
EV1325,Customer Support,EV Car,Hyundai Kona,Central,7/24/2024,5,Touchscreen infotainment system lags and is not very intuitive to use.,Software & Connectivity
EV1326,Customer Support,EV Car,Mahindra XUV400,East,5/17/2025,4,Concerned about environmental impact of battery disposal and recycling. Insurance premium for EV is surprisingly high compared to petrol vehicles.,"Environmental Impact, Price & Subsidy"
EV1327,Customer Support,EV Scooter,Bajaj Chetak,North,7/23/2024,4,"Energy used to charge still comes mostly from coal in my region, defeats the purpose somewhat.",Environmental Impact
EV1328,Survey,EV Car,Tesla Model 3,West,8/2/2024,5,"Smart key and app based lock features work flawlessly, very convenient.",Software & Connectivity
EV1329,Survey,EV Scooter,Hero Vida V1,West,5/26/2025,4,"Battery health dropped to 85% within 18 months of daily use. After sales support has been excellent, quick response and doorstep service.","Battery Life & Degradation, Service & After-Sales"
EV1330,Marketplace Review,EV Car,Tesla Model 3,West,3/16/2024,5,Navigation system integrated with range prediction is genuinely useful.,Software & Connectivity
EV1331,Marketplace Review,EV Scooter,Ampere Magnus,Central,6/2/2025,4,Compact size makes it easy to park and maneuver in city traffic.,Design & Aesthetics
EV1332,Survey,EV Car,Hyundai Kona,North,9/11/2024,4,"Suspension is too stiff, ride quality is uncomfortable on bad roads.",Performance & Ride Quality
EV1333,Marketplace Review,EV Car,BYD Atto 3,East,3/16/2025,5,"Public chargers are often broken or occupied, need more charging stations urgently. Range anxiety is real, I plan every trip around charging stops now.","Charging Infrastructure, Range Anxiety"
EV1334,Social Media,EV Car,BYD Atto 3,West,1/18/2025,3,"LED lighting and digital dashboard give it a premium, modern look. Software glitches caused the dashboard to freeze twice in a month.","Design & Aesthetics, Software & Connectivity"
EV1335,Survey,EV Car,Hyundai Kona,West,4/17/2024,4,"Spare parts availability is a major issue, waited a month for a replacement part.",Service & After-Sales
EV1336,Social Media,EV Car,Tata Nexon EV,East,11/15/2024,4,Build quality feels premium and the ride is extremely comfortable.,Performance & Ride Quality
EV1337,Marketplace Review,EV Car,BYD Atto 3,East,5/2/2025,5,Charging infrastructure in tier 2 and tier 3 cities is almost non-existent.,Charging Infrastructure
EV1338,Survey,EV Scooter,TVS iQube,East,2/15/2024,4,Finding a working charging station in my city is still very difficult.,Charging Infrastructure
EV1339,Survey,EV Scooter,Hero Vida V1,South,9/6/2024,5,"Heard about a thermal runaway incident, this has shaken my trust in EV safety. Battery health dropped to 85% within 18 months of daily use.","Safety Features, Battery Life & Degradation"
EV1340,Marketplace Review,EV Scooter,Ampere Magnus,West,8/25/2024,5,Build materials feel sturdy but the design is a bit too plain compared to rivals.,Design & Aesthetics
EV1341,Marketplace Review,EV Car,MG ZS EV,West,1/30/2024,4,"Energy used to charge still comes mostly from coal in my region, defeats the purpose somewhat. Insurance premium for EV is surprisingly high compared to petrol vehicles. Bluetooth connectivity drops frequently while riding, very frustrating.","Environmental Impact, Price & Subsidy, Software & Connectivity"
EV1342,Social Media,EV Car,Tesla Model 3,South,10/12/2024,4,Home charging setup was expensive and took weeks to install. Concerned about environmental impact of battery disposal and recycling.,"Charging Infrastructure, Environmental Impact"
EV1343,Marketplace Review,EV Scooter,Ather 450X,North,9/25/2024,3,Software glitches caused the dashboard to freeze twice in a month. The vehicle has good crash test ratings which reassured my purchase decision.,"Software & Connectivity, Safety Features"
EV1344,Marketplace Review,EV Scooter,Ampere Magnus,Central,4/26/2024,4,Top speed is decent for city use but not enough for highway cruising.,Performance & Ride Quality
EV1345,Social Media,EV Scooter,Ampere Magnus,East,3/27/2024,4,"Battery health dropped to 85% within 18 months of daily use. Braking system feels sharp and responsive, regenerative braking works well. Public chargers are often broken or occupied, need more charging stations urgently.","Battery Life & Degradation, Performance & Ride Quality, Charging Infrastructure"
EV1346,Social Media,EV Car,Hyundai Kona,Central,2/1/2025,5,Compact size makes it easy to park and maneuver in city traffic.,Design & Aesthetics
EV1347,Marketplace Review,EV Car,BYD Atto 3,West,7/9/2024,4,Software glitches caused the dashboard to freeze twice in a month.,Software & Connectivity
EV1348,Social Media,EV Car,BYD Atto 3,West,10/22/2024,5,Battery health dropped to 85% within 18 months of daily use.,Battery Life & Degradation
EV1349,Survey,EV Scooter,Bajaj Chetak,East,1/10/2024,4,"Over the air software updates are a great feature, keeps improving over time.",Software & Connectivity
EV1350,Marketplace Review,EV Car,Mahindra XUV400,West,5/18/2025,5,Build materials feel sturdy but the design is a bit too plain compared to rivals.,Design & Aesthetics
EV1351,Social Media,EV Scooter,Bajaj Chetak,North,2/1/2024,2,"EV subsidy scheme in my state got delayed and the discount amount reduced suddenly. There are very few authorized service centers, had to travel 20 km for repair. Range anxiety is real, I plan every trip around charging stops now.","Price & Subsidy, Service & After-Sales, Range Anxiety"
EV1352,Marketplace Review,EV Car,Mahindra XUV400,Central,6/7/2025,5,"Public chargers are often broken or occupied, need more charging stations urgently.",Charging Infrastructure
EV1353,Customer Support,EV Scooter,Ampere Magnus,Central,2/12/2024,4,Navigation system integrated with range prediction is genuinely useful.,Software & Connectivity
EV1354,Survey,EV Car,Mahindra XUV400,South,10/31/2024,4,Battery range degrades faster than expected after just one year of use.,Range Anxiety
EV1355,Survey,EV Scooter,TVS iQube,West,4/30/2024,4,Price after subsidy is still higher than a comparable petrol scooter.,Price & Subsidy
EV1356,Marketplace Review,EV Scooter,Hero Vida V1,South,5/22/2024,4,Price after subsidy is still higher than a comparable petrol scooter.,Price & Subsidy
EV1357,Customer Support,EV Car,BYD Atto 3,Central,10/14/2024,4,"Energy used to charge still comes mostly from coal in my region, defeats the purpose somewhat.",Environmental Impact
EV1358,Customer Support,EV Car,Hyundai Kona,East,9/30/2024,3,"Read reports about battery fires, safety is my biggest concern before buying. Highway charging stops are rare, long distance travel is a nightmare.","Safety Features, Charging Infrastructure"
EV1359,Social Media,EV Car,Hyundai Kona,South,9/12/2024,5,"No proper information on how battery degrades over time, company should be transparent. Noise levels are impressively low, riding experience is very smooth and quiet. For the price, I expected better build quality and more features.","Battery Life & Degradation, Performance & Ride Quality, Price & Subsidy"
EV1360,Customer Support,EV Car,BYD Atto 3,West,1/19/2025,3,"The companion app keeps crashing, needs urgent software updates.",Software & Connectivity
EV1361,Customer Support,EV Car,Mahindra XUV400,East,4/10/2025,4,"Smart key and app based lock features work flawlessly, very convenient. Handling and stability at high speed feels very confident and safe. Battery range degrades faster than expected after just one year of use.","Software & Connectivity, Performance & Ride Quality, Range Anxiety"
EV1362,Marketplace Review,EV Scooter,Ola S1,South,3/15/2025,4,"For the price, I expected better build quality and more features.",Price & Subsidy
EV1363,Customer Support,EV Scooter,TVS iQube,East,5/13/2024,4,Concerned about environmental impact of battery disposal and recycling. Software glitches caused the dashboard to freeze twice in a month.,"Environmental Impact, Software & Connectivity"
EV1364,Survey,EV Car,Tata Nexon EV,West,1/17/2024,4,Home charging setup was expensive and took weeks to install.,Charging Infrastructure
EV1365,Survey,EV Scooter,Bajaj Chetak,West,7/26/2024,4,"No proper information on how battery degrades over time, company should be transparent.",Battery Life & Degradation
EV1366,Customer Support,EV Scooter,Ather 450X,North,1/4/2025,5,Service center staff are not well trained to handle EV specific issues.,Service & After-Sales
EV1367,Social Media,EV Scooter,Hero Vida V1,North,2/9/2025,4,"Waiting time for service appointment is too long, more service centers needed.",Service & After-Sales
EV1368,Survey,EV Car,Mahindra XUV400,North,1/2/2024,5,"Running cost is much lower than petrol, saving a lot on fuel every month. Over the air software updates are a great feature, keeps improving over time.","Price & Subsidy, Software & Connectivity"
EV1369,Marketplace Review,EV Car,BYD Atto 3,North,1/9/2024,2,Handling and stability at high speed feels very confident and safe.,Performance & Ride Quality
EV1370,Social Media,EV Scooter,Hero Vida V1,West,3/13/2024,3,Insurance premium for EV is surprisingly high compared to petrol vehicles.,Price & Subsidy
EV1371,Survey,EV Car,Tesla Model 3,North,11/16/2024,4,"Braking system feels sharp and responsive, regenerative braking works well.",Performance & Ride Quality
EV1372,Social Media,EV Car,Mahindra XUV400,South,3/11/2024,3,"Heard about a thermal runaway incident, this has shaken my trust in EV safety. I'm always worried about running out of charge before reaching my destination.","Safety Features, Range Anxiety"
EV1373,Social Media,EV Scooter,TVS iQube,South,2/25/2025,5,Contributing to a cleaner city is a big motivation behind going electric.,Environmental Impact
EV1374,Survey,EV Car,Tata Nexon EV,South,5/6/2024,4,"Concerned about environmental impact of battery disposal and recycling. Storage space under the seat is very limited, not practical for daily use.","Environmental Impact, Design & Aesthetics"
EV1375,Social Media,EV Scooter,Ather 450X,East,3/27/2024,3,EV subsidy scheme in my state got delayed and the discount amount reduced suddenly.,Price & Subsidy
EV1376,Customer Support,EV Car,Tesla Model 3,South,6/14/2025,4,Zero tailpipe emissions is the main reason I chose an electric vehicle. Stability control on wet roads is impressive and inspires confidence.,"Environmental Impact, Safety Features"
EV1377,Survey,EV Scooter,TVS iQube,South,5/21/2025,4,The design looks futuristic and attracts a lot of attention on the road.,Design & Aesthetics
EV1378,Survey,EV Car,Mahindra XUV400,Central,1/13/2024,4,Top speed is decent for city use but not enough for highway cruising.,Performance & Ride Quality
EV1379,Marketplace Review,EV Car,Mahindra XUV400,East,6/25/2024,4,"Smart key and app based lock features work flawlessly, very convenient.",Software & Connectivity
EV1380,Survey,EV Car,Tata Nexon EV,North,9/25/2024,4,The upfront price is high but government subsidy makes it affordable. For daily commute the range is fine but long trips are stressful because of low range.,"Price & Subsidy, Range Anxiety"
EV1381,Marketplace Review,EV Scooter,Hero Vida V1,West,2/15/2025,4,Home charging setup was expensive and took weeks to install.,Charging Infrastructure
EV1382,Customer Support,EV Scooter,Ola S1,North,6/7/2025,3,"Resale value of electric vehicles is still uncertain, worried about depreciation. Battery replacement cost is almost half the price of the vehicle, very concerning.","Price & Subsidy, Battery Life & Degradation"
EV1383,Marketplace Review,EV Car,Hyundai Kona,South,2/29/2024,4,"Running cost is much lower than petrol, saving a lot on fuel every month.",Price & Subsidy
EV1384,Marketplace Review,EV Scooter,Ola S1,Central,2/26/2024,3,Service center staff are not well trained to handle EV specific issues. Worried about battery degradation and replacement cost after warranty ends.,"Service & After-Sales, Battery Life & Degradation"
EV1385,Survey,EV Car,Tesla Model 3,South,5/23/2025,4,"Braking system feels sharp and responsive, regenerative braking works well. Read reports about battery fires, safety is my biggest concern before buying.","Performance & Ride Quality, Safety Features"
EV1386,Customer Support,EV Scooter,Ather 450X,North,1/31/2024,3,"Noise levels are impressively low, riding experience is very smooth and quiet.",Performance & Ride Quality
EV1387,Survey,EV Scooter,Ampere Magnus,East,3/19/2024,5,Navigation system integrated with range prediction is genuinely useful. Concerned about environmental impact of battery disposal and recycling.,"Software & Connectivity, Environmental Impact"
EV1388,Social Media,EV Car,Mahindra XUV400,East,6/10/2024,3,"Customer support over phone is helpful and resolves issues quickly. Public chargers are often broken or occupied, need more charging stations urgently.","Service & After-Sales, Charging Infrastructure"
EV1389,Survey,EV Car,Tesla Model 3,North,1/13/2024,3,The upfront price is high but government subsidy makes it affordable.,Price & Subsidy
EV1390,Marketplace Review,EV Scooter,TVS iQube,South,7/2/2024,5,"For daily commute the range is fine but long trips are stressful because of low range. Read reports about battery fires, safety is my biggest concern before buying.","Range Anxiety, Safety Features"
EV1391,Marketplace Review,EV Scooter,Ather 450X,East,10/4/2024,3,"Love the app that shows nearby charging stations, very convenient feature.",Charging Infrastructure
EV1392,Survey,EV Car,BYD Atto 3,South,8/16/2024,3,"Emergency braking and collision alert systems work really well in traffic. Range drops badly in winter, I lost almost 30% range in cold weather.","Safety Features, Range Anxiety"
EV1393,Customer Support,EV Scooter,TVS iQube,East,3/29/2024,4,"The vehicle has good crash test ratings which reassured my purchase decision. Over the air software updates are a great feature, keeps improving over time. Range anxiety is real, I plan every trip around charging stops now.","Safety Features, Software & Connectivity, Range Anxiety"
EV1394,Social Media,EV Scooter,Hero Vida V1,West,1/12/2025,4,Zero tailpipe emissions is the main reason I chose an electric vehicle. Software glitches caused the dashboard to freeze twice in a month.,"Environmental Impact, Software & Connectivity"
EV1395,Survey,EV Car,MG ZS EV,West,1/25/2024,3,"Resale value of electric vehicles is still uncertain, worried about depreciation. Stability control on wet roads is impressive and inspires confidence.","Price & Subsidy, Safety Features"
EV1396,Survey,EV Car,Hyundai Kona,West,11/10/2024,5,Fast charging network needs serious expansion on highways.,Charging Infrastructure
EV1397,Marketplace Review,EV Car,Mahindra XUV400,North,5/25/2024,4,Service center staff are not well trained to handle EV specific issues.,Service & After-Sales
EV1398,Marketplace Review,EV Car,MG ZS EV,East,4/14/2025,3,"Public chargers are often broken or occupied, need more charging stations urgently.",Charging Infrastructure
EV1399,Marketplace Review,EV Car,Tesla Model 3,North,3/4/2024,4,Build materials feel sturdy but the design is a bit too plain compared to rivals.,Design & Aesthetics
EV1400,Customer Support,EV Car,MG ZS EV,East,11/18/2024,3,Build materials feel sturdy but the design is a bit too plain compared to rivals.,Design & Aesthetics
EV1401,Marketplace Review,EV Scooter,TVS iQube,East,8/27/2024,4,"Home charging setup was expensive and took weeks to install. Running cost is much lower than petrol, saving a lot on fuel every month.","Charging Infrastructure, Price & Subsidy"
EV1402,Social Media,EV Car,Tata Nexon EV,West,4/22/2025,4,Handling and stability at high speed feels very confident and safe. Compact size makes it easy to park and maneuver in city traffic.,"Performance & Ride Quality, Design & Aesthetics"
EV1403,Marketplace Review,EV Scooter,Ather 450X,East,4/19/2025,5,"Had a great experience with the service team, they explained everything clearly.",Service & After-Sales
EV1404,Social Media,EV Car,Tata Nexon EV,East,2/11/2024,4,"Resale value of electric vehicles is still uncertain, worried about depreciation.",Price & Subsidy
EV1405,Social Media,EV Car,Tata Nexon EV,East,2/9/2025,5,"Stability control on wet roads is impressive and inspires confidence. Range anxiety is real, I plan every trip around charging stops now.","Safety Features, Range Anxiety"
EV1406,Survey,EV Scooter,Ather 450X,West,4/8/2025,4,Stability control on wet roads is impressive and inspires confidence.,Safety Features
EV1407,Marketplace Review,EV Car,Tata Nexon EV,North,5/23/2024,4,Finding a working charging station in my city is still very difficult.,Charging Infrastructure
EV1408,Social Media,EV Car,MG ZS EV,South,2/14/2025,4,Handling and stability at high speed feels very confident and safe.,Performance & Ride Quality
EV1409,Survey,EV Scooter,Ola S1,North,7/21/2024,4,"The companion app keeps crashing, needs urgent software updates. The battery warranty of 100 years gives me confidence in long term reliability.","Software & Connectivity, Battery Life & Degradation"
EV1410,Survey,EV Car,Mahindra XUV400,South,3/19/2025,3,"Storage space under the seat is very limited, not practical for daily use.",Design & Aesthetics
EV1411,Marketplace Review,EV Car,Mahindra XUV400,South,12/28/2024,4,Total cost of ownership is great once you factor in low maintenance and fuel savings.,Price & Subsidy
EV1412,Marketplace Review,EV Scooter,TVS iQube,South,2/5/2024,5,"Concerned about environmental impact of battery disposal and recycling. For the price, I expected better build quality and more features.","Environmental Impact, Price & Subsidy"
EV1413,Marketplace Review,EV Scooter,Ampere Magnus,North,3/30/2024,2,"Spare parts availability is a major issue, waited a month for a replacement part.",Service & After-Sales
EV1414,Social Media,EV Car,Mahindra XUV400,Central,9/12/2024,4,"Emergency braking and collision alert systems work really well in traffic. AC usage kills the range, on hot days I barely get half the claimed distance.","Safety Features, Range Anxiety"
EV1415,Marketplace Review,EV Scooter,Ampere Magnus,East,5/29/2025,4,"Noise levels are impressively low, riding experience is very smooth and quiet.",Performance & Ride Quality
EV1416,Survey,EV Scooter,Ather 450X,East,8/12/2024,5,"Range anxiety is real, I plan every trip around charging stops now.",Range Anxiety
EV1417,Customer Support,EV Car,Mahindra XUV400,Central,8/26/2024,3,Worried about battery degradation and replacement cost after warranty ends.,Battery Life & Degradation
EV1418,Social Media,EV Car,Tesla Model 3,East,2/27/2024,3,Insurance premium for EV is surprisingly high compared to petrol vehicles.,Price & Subsidy
EV1419,Social Media,EV Scooter,Ather 450X,South,11/21/2024,4,Top speed is decent for city use but not enough for highway cruising. I'm always worried about running out of charge before reaching my destination.,"Performance & Ride Quality, Range Anxiety"
EV1420,Customer Support,EV Car,Mahindra XUV400,South,5/17/2025,4,"Range drops badly in winter, I lost almost 30% range in cold weather.",Range Anxiety
EV1421,Social Media,EV Car,MG ZS EV,North,6/23/2025,4,"The companion app keeps crashing, needs urgent software updates.",Software & Connectivity
EV1422,Social Media,EV Scooter,Ampere Magnus,South,12/14/2024,3,Worried about battery degradation and replacement cost after warranty ends. Acceleration is smooth and instant torque makes overtaking effortless.,"Battery Life & Degradation, Performance & Ride Quality"
EV1423,Social Media,EV Car,BYD Atto 3,North,6/22/2025,3,"Top speed is decent for city use but not enough for highway cruising. Highway charging stops are rare, long distance travel is a nightmare.","Performance & Ride Quality, Charging Infrastructure"
EV1424,Customer Support,EV Car,Hyundai Kona,East,5/19/2024,4,"No proper information on how battery degrades over time, company should be transparent. Storage space under the seat is very limited, not practical for daily use.","Battery Life & Degradation, Design & Aesthetics"
EV1425,Customer Support,EV Scooter,Ather 450X,South,6/28/2024,5,"Build materials feel sturdy but the design is a bit too plain compared to rivals. Waiting time for service appointment is too long, more service centers needed.","Design & Aesthetics, Service & After-Sales"
EV1426,Social Media,EV Scooter,Ather 450X,North,2/4/2025,3,Switching to EV feels good knowing I'm reducing my carbon footprint.,Environmental Impact
EV1427,Customer Support,EV Car,BYD Atto 3,Central,8/14/2024,4,Switching to EV feels good knowing I'm reducing my carbon footprint.,Environmental Impact
EV1428,Customer Support,EV Scooter,Ather 450X,North,8/31/2024,4,"Suspension is too stiff, ride quality is uncomfortable on bad roads. Switching to EV feels good knowing I'm reducing my carbon footprint.","Performance & Ride Quality, Environmental Impact"
EV1429,Survey,EV Scooter,Bajaj Chetak,East,8/2/2024,4,"Resale value of electric vehicles is still uncertain, worried about depreciation. Charging takes too long, almost 6 hours for a full charge at home.","Price & Subsidy, Charging Infrastructure"
EV1430,Survey,EV Car,Tesla Model 3,North,1/30/2025,4,"Over the air software updates are a great feature, keeps improving over time. Storage space under the seat is very limited, not practical for daily use.","Software & Connectivity, Design & Aesthetics"
EV1431,Customer Support,EV Scooter,Bajaj Chetak,Central,1/19/2025,5,Charging infrastructure in tier 2 and tier 3 cities is almost non-existent.,Charging Infrastructure
EV1432,Marketplace Review,EV Car,MG ZS EV,North,2/4/2024,4,Service center staff are not well trained to handle EV specific issues.,Service & After-Sales
EV1433,Survey,EV Scooter,TVS iQube,North,12/16/2024,4,"Battery replacement cost is almost half the price of the vehicle, very concerning.",Battery Life & Degradation
EV1434,Survey,EV Car,Tesla Model 3,Central,4/5/2024,4,"Acceleration is smooth and instant torque makes overtaking effortless. Bluetooth connectivity drops frequently while riding, very frustrating.","Performance & Ride Quality, Software & Connectivity"
EV1435,Marketplace Review,EV Car,BYD Atto 3,South,2/24/2024,3,"Fast charging network needs serious expansion on highways. Noise levels are impressively low, riding experience is very smooth and quiet. EV subsidy scheme in my state got delayed and the discount amount reduced suddenly.","Charging Infrastructure, Performance & Ride Quality, Price & Subsidy"
EV1436,Social Media,EV Scooter,TVS iQube,North,2/20/2024,5,"Interior quality feels cheap for the price point, needs improvement. Advanced safety features like ABS and traction control give peace of mind. Touchscreen infotainment system lags and is not very intuitive to use.","Design & Aesthetics, Safety Features, Software & Connectivity"
EV1437,Survey,EV Car,Mahindra XUV400,East,5/6/2025,4,The upfront price is high but government subsidy makes it affordable. Fast charging network needs serious expansion on highways.,"Price & Subsidy, Charging Infrastructure"
EV1438,Customer Support,EV Car,Tesla Model 3,North,4/29/2025,3,"Charging takes too long, almost 6 hours for a full charge at home.",Charging Infrastructure
EV1439,Marketplace Review,EV Scooter,Bajaj Chetak,East,4/3/2024,5,Emergency braking and collision alert systems work really well in traffic.,Safety Features
EV1440,Marketplace Review,EV Car,Hyundai Kona,East,7/10/2024,3,"The companion app keeps crashing, needs urgent software updates.",Software & Connectivity
EV1441,Marketplace Review,EV Scooter,Bajaj Chetak,East,8/19/2024,5,"There are very few authorized service centers, had to travel 8 km for repair. Range drops badly in winter, I lost almost 30% range in cold weather.","Service & After-Sales, Range Anxiety"
EV1442,Customer Support,EV Car,Tesla Model 3,Central,2/27/2025,4,Zero tailpipe emissions is the main reason I chose an electric vehicle.,Environmental Impact
EV1443,Marketplace Review,EV Car,Mahindra XUV400,Central,5/1/2025,2,Contributing to a cleaner city is a big motivation behind going electric. EV subsidy scheme in my state got delayed and the discount amount reduced suddenly.,"Environmental Impact, Price & Subsidy"
EV1444,Survey,EV Car,Mahindra XUV400,Central,6/13/2025,5,"Energy used to charge still comes mostly from coal in my region, defeats the purpose somewhat.",Environmental Impact
EV1445,Marketplace Review,EV Car,Tata Nexon EV,South,6/20/2024,4,Total cost of ownership is great once you factor in low maintenance and fuel savings. Switching to EV feels good knowing I'm reducing my carbon footprint.,"Price & Subsidy, Environmental Impact"
EV1446,Marketplace Review,EV Scooter,Ola S1,South,5/31/2024,5,Concerned about environmental impact of battery disposal and recycling.,Environmental Impact
EV1447,Survey,EV Scooter,Hero Vida V1,North,2/1/2025,4,"Heard about a thermal runaway incident, this has shaken my trust in EV safety. Loved the color options and the overall styling of the vehicle.","Safety Features, Design & Aesthetics"
EV1448,Marketplace Review,EV Scooter,Ampere Magnus,North,6/19/2025,5,"Interior quality feels cheap for the price point, needs improvement. Home charging setup was expensive and took weeks to install. Energy used to charge still comes mostly from coal in my region, defeats the purpose somewhat.","Design & Aesthetics, Charging Infrastructure, Environmental Impact"
EV1449,Survey,EV Car,Tata Nexon EV,East,12/18/2024,4,Loved the color options and the overall styling of the vehicle.,Design & Aesthetics
EV1450,Marketplace Review,EV Scooter,Hero Vida V1,Central,4/29/2025,4,I'm always worried about running out of charge before reaching my destination.,Range Anxiety
EV1451,Social Media,EV Scooter,Bajaj Chetak,Central,2/15/2025,4,"Claimed range of 80 km is misleading, actual range is way less in city traffic. Build materials feel sturdy but the design is a bit too plain compared to rivals. Build quality feels premium and the ride is extremely comfortable.","Range Anxiety, Design & Aesthetics, Performance & Ride Quality"
EV1452,Survey,EV Scooter,TVS iQube,East,11/6/2024,3,"Had a great experience with the service team, they explained everything clearly. Contributing to a cleaner city is a big motivation behind going electric.","Service & After-Sales, Environmental Impact"
EV1453,Social Media,EV Car,MG ZS EV,East,3/29/2025,3,"Noise levels are impressively low, riding experience is very smooth and quiet. Customer support over phone is helpful and resolves issues quickly.","Performance & Ride Quality, Service & After-Sales"
EV1454,Marketplace Review,EV Car,MG ZS EV,South,2/20/2025,4,"Smart key and app based lock features work flawlessly, very convenient.",Software & Connectivity
EV1455,Social Media,EV Scooter,Ola S1,North,11/14/2024,4,Emergency braking and collision alert systems work really well in traffic.,Safety Features
EV1456,Survey,EV Car,BYD Atto 3,South,7/16/2024,3,The upfront price is high but government subsidy makes it affordable.,Price & Subsidy
EV1457,Marketplace Review,EV Car,Tata Nexon EV,North,1/4/2025,3,"Resale value of electric vehicles is still uncertain, worried about depreciation. Had a great experience with the service team, they explained everything clearly.","Price & Subsidy, Service & After-Sales"
EV1458,Marketplace Review,EV Scooter,Ampere Magnus,North,2/1/2024,3,"Resale value of electric vehicles is still uncertain, worried about depreciation.",Price & Subsidy
EV1459,Marketplace Review,EV Scooter,Ampere Magnus,South,4/30/2025,4,Concerned about environmental impact of battery disposal and recycling. The vehicle has good crash test ratings which reassured my purchase decision.,"Environmental Impact, Safety Features"
EV1460,Survey,EV Car,Hyundai Kona,East,1/29/2024,5,"LED lighting and digital dashboard give it a premium, modern look. Claimed range of 150 km is misleading, actual range is way less in city traffic. No proper information on how battery degrades over time, company should be transparent.","Design & Aesthetics, Range Anxiety, Battery Life & Degradation"
EV1461,Social Media,EV Car,Tesla Model 3,East,2/23/2025,4,Advanced safety features like ABS and traction control give peace of mind.,Safety Features
EV1462,Social Media,EV Car,Mahindra XUV400,South,1/9/2024,4,"EV subsidy scheme in my state got delayed and the discount amount reduced suddenly. Spare parts availability is a major issue, waited a month for a replacement part. Emergency braking and collision alert systems work really well in traffic.","Price & Subsidy, Service & After-Sales, Safety Features"
EV1463,Customer Support,EV Scooter,Bajaj Chetak,South,4/22/2025,5,"Waiting time for service appointment is too long, more service centers needed.",Service & After-Sales
EV1464,Survey,EV Scooter,Ampere Magnus,North,6/7/2025,4,"Braking system feels sharp and responsive, regenerative braking works well.",Performance & Ride Quality
EV1465,Survey,EV Scooter,Hero Vida V1,West,3/6/2024,4,"Braking system feels sharp and responsive, regenerative braking works well.",Performance & Ride Quality
EV1466,Customer Support,EV Scooter,TVS iQube,East,7/11/2024,4,Battery health dropped to 85% within 18 months of daily use. Advanced safety features like ABS and traction control give peace of mind.,"Battery Life & Degradation, Safety Features"
EV1467,Customer Support,EV Scooter,Hero Vida V1,South,1/27/2024,3,"Bluetooth connectivity drops frequently while riding, very frustrating. Spare parts availability is a major issue, waited a month for a replacement part. Emergency braking and collision alert systems work really well in traffic.","Software & Connectivity, Service & After-Sales, Safety Features"
EV1468,Social Media,EV Car,BYD Atto 3,East,8/15/2024,4,Stability control on wet roads is impressive and inspires confidence. Touchscreen infotainment system lags and is not very intuitive to use.,"Safety Features, Software & Connectivity"
EV1469,Social Media,EV Scooter,Ather 450X,East,4/9/2024,3,Software glitches caused the dashboard to freeze twice in a month. The battery warranty of 5 years gives me confidence in long term reliability.,"Software & Connectivity, Battery Life & Degradation"
EV1470,Customer Support,EV Car,Tesla Model 3,North,8/15/2024,4,"Braking system feels sharp and responsive, regenerative braking works well. Insurance premium for EV is surprisingly high compared to petrol vehicles.","Performance & Ride Quality, Price & Subsidy"
EV1471,Customer Support,EV Scooter,TVS iQube,Central,10/28/2024,4,"Smart key and app based lock features work flawlessly, very convenient.",Software & Connectivity
EV1472,Survey,EV Car,Mahindra XUV400,Central,3/13/2024,5,"Over the air software updates are a great feature, keeps improving over time.",Software & Connectivity
EV1473,Marketplace Review,EV Car,Tesla Model 3,Central,11/1/2024,4,"LED lighting and digital dashboard give it a premium, modern look. I'm always worried about running out of charge before reaching my destination.","Design & Aesthetics, Range Anxiety"
EV1474,Customer Support,EV Car,MG ZS EV,West,4/13/2025,4,The battery warranty of 5 years gives me confidence in long term reliability.,Battery Life & Degradation
EV1475,Marketplace Review,EV Car,Tata Nexon EV,East,6/30/2024,5,Acceleration is smooth and instant torque makes overtaking effortless.,Performance & Ride Quality
EV1476,Customer Support,EV Car,Mahindra XUV400,South,6/21/2024,4,Contributing to a cleaner city is a big motivation behind going electric. Worried about battery degradation and replacement cost after warranty ends.,"Environmental Impact, Battery Life & Degradation"
EV1477,Marketplace Review,EV Car,BYD Atto 3,West,2/17/2025,5,"Storage space under the seat is very limited, not practical for daily use. The companion app keeps crashing, needs urgent software updates.","Design & Aesthetics, Software & Connectivity"
EV1478,Social Media,EV Car,BYD Atto 3,East,1/15/2024,3,The motor is powerful and pickup is much better than petrol variants.,Performance & Ride Quality
EV1479,Survey,EV Car,Tesla Model 3,South,8/19/2024,3,"Braking system feels sharp and responsive, regenerative braking works well.",Performance & Ride Quality
EV1480,Marketplace Review,EV Car,Tata Nexon EV,Central,11/9/2024,3,"Worried about battery degradation and replacement cost after warranty ends. Charging takes too long, almost 6 hours for a full charge at home.","Battery Life & Degradation, Charging Infrastructure"
EV1481,Customer Support,EV Scooter,Bajaj Chetak,West,5/17/2024,4,Build quality feels premium and the ride is extremely comfortable.,Performance & Ride Quality
EV1482,Social Media,EV Scooter,Ather 450X,West,1/20/2024,2,Total cost of ownership is great once you factor in low maintenance and fuel savings. Zero tailpipe emissions is the main reason I chose an electric vehicle.,"Price & Subsidy, Environmental Impact"
EV1483,Social Media,EV Car,BYD Atto 3,North,1/10/2025,4,"Range anxiety is real, I plan every trip around charging stops now. LED lighting and digital dashboard give it a premium, modern look.","Range Anxiety, Design & Aesthetics"
EV1484,Survey,EV Car,BYD Atto 3,North,1/21/2024,5,For daily commute the range is fine but long trips are stressful because of low range. Charging infrastructure in tier 2 and tier 3 cities is almost non-existent.,"Range Anxiety, Charging Infrastructure"
EV1485,Customer Support,EV Scooter,Ola S1,West,6/5/2024,3,EV subsidy scheme in my state got delayed and the discount amount reduced suddenly. For daily commute the range is fine but long trips are stressful because of low range.,"Price & Subsidy, Range Anxiety"
EV1486,Customer Support,EV Car,Tesla Model 3,Central,5/20/2024,4,"LED lighting and digital dashboard give it a premium, modern look.",Design & Aesthetics
EV1487,Survey,EV Car,BYD Atto 3,East,4/26/2024,4,Fast charging network needs serious expansion on highways. Navigation system integrated with range prediction is genuinely useful.,"Charging Infrastructure, Software & Connectivity"
EV1488,Social Media,EV Car,Hyundai Kona,East,2/23/2025,4,Service center staff are not well trained to handle EV specific issues. Battery performance is stable even after two years of heavy usage.,"Service & After-Sales, Battery Life & Degradation"
EV1489,Marketplace Review,EV Scooter,Ather 450X,East,8/28/2024,4,"Range drops badly in winter, I lost almost 30% range in cold weather. Switching to EV feels good knowing I'm reducing my carbon footprint.","Range Anxiety, Environmental Impact"
EV1490,Survey,EV Scooter,Ather 450X,Central,3/17/2024,4,"Fast charging network needs serious expansion on highways. Spare parts availability is a major issue, waited a month for a replacement part.","Charging Infrastructure, Service & After-Sales"
EV1491,Marketplace Review,EV Scooter,TVS iQube,North,4/12/2024,5,"The battery warranty of 250 years gives me confidence in long term reliability. AC usage kills the range, on hot days I barely get half the claimed distance.","Battery Life & Degradation, Range Anxiety"
EV1492,Survey,EV Scooter,Hero Vida V1,North,2/16/2024,4,I'm always worried about running out of charge before reaching my destination.,Range Anxiety
EV1493,Customer Support,EV Car,Hyundai Kona,West,10/1/2024,3,"Love the app that shows nearby charging stations, very convenient feature. Suspension is too stiff, ride quality is uncomfortable on bad roads.","Charging Infrastructure, Performance & Ride Quality"
EV1494,Marketplace Review,EV Car,Mahindra XUV400,West,10/5/2024,4,Build materials feel sturdy but the design is a bit too plain compared to rivals.,Design & Aesthetics
EV1495,Social Media,EV Scooter,Bajaj Chetak,North,5/15/2024,4,I'm always worried about running out of charge before reaching my destination.,Range Anxiety
EV1496,Marketplace Review,EV Car,Mahindra XUV400,Central,3/24/2025,5,Battery performance is stable even after two years of heavy usage.,Battery Life & Degradation
EV1497,Survey,EV Scooter,TVS iQube,South,5/9/2025,2,"Bluetooth connectivity drops frequently while riding, very frustrating. Finding a working charging station in my city is still very difficult. The design looks futuristic and attracts a lot of attention on the road.","Software & Connectivity, Charging Infrastructure, Design & Aesthetics"
EV1498,Customer Support,EV Scooter,Hero Vida V1,North,6/21/2025,4,"Concerned about environmental impact of battery disposal and recycling. Running cost is much lower than petrol, saving a lot on fuel every month.","Environmental Impact, Price & Subsidy"
EV1499,Social Media,EV Scooter,Hero Vida V1,West,12/20/2024,3,"Interior quality feels cheap for the price point, needs improvement.",Design & Aesthetics
EV1500,Social Media,EV Car,Tata Nexon EV,Central,4/25/2025,4,"The companion app keeps crashing, needs urgent software updates. Battery replacement cost is almost half the price of the vehicle, very concerning.","Software & Connectivity, Battery Life & Degradation"
EV1501,Customer Support,EV Scooter,Ather 450X,East,2/21/2024,4,"Read reports about battery fires, safety is my biggest concern before buying.",Safety Features
EV1502,Social Media,EV Scooter,Bajaj Chetak,North,4/15/2025,5,"Smart key and app based lock features work flawlessly, very convenient. Contributing to a cleaner city is a big motivation behind going electric. Charging infrastructure in tier 2 and tier 3 cities is almost non-existent.","Software & Connectivity, Environmental Impact, Charging Infrastructure"
EV1503,Marketplace Review,EV Scooter,Ola S1,North,4/15/2024,3,"Compact size makes it easy to park and maneuver in city traffic. Energy used to charge still comes mostly from coal in my region, defeats the purpose somewhat. The real world range is much lower than advertised, I only get 100 km on a full charge.","Design & Aesthetics, Environmental Impact, Range Anxiety"
EV1504,Social Media,EV Scooter,Ampere Magnus,West,12/15/2024,4,Acceleration is smooth and instant torque makes overtaking effortless.,Performance & Ride Quality
EV1505,Customer Support,EV Car,Mahindra XUV400,Central,4/29/2025,4,Build quality feels premium and the ride is extremely comfortable.,Performance & Ride Quality
EV1506,Social Media,EV Car,Tata Nexon EV,North,12/15/2024,4,"Braking system feels sharp and responsive, regenerative braking works well.",Performance & Ride Quality
EV1507,Survey,EV Scooter,Hero Vida V1,North,6/17/2024,4,"Smart key and app based lock features work flawlessly, very convenient. No proper information on how battery degrades over time, company should be transparent.","Software & Connectivity, Battery Life & Degradation"
EV1508,Customer Support,EV Scooter,Ola S1,Central,7/19/2024,4,"Running cost is much lower than petrol, saving a lot on fuel every month.",Price & Subsidy
EV1509,Marketplace Review,EV Scooter,Ather 450X,South,12/12/2024,4,Finding a working charging station in my city is still very difficult. Build materials feel sturdy but the design is a bit too plain compared to rivals.,"Charging Infrastructure, Design & Aesthetics"
EV1510,Marketplace Review,EV Car,Mahindra XUV400,Central,5/31/2025,4,"Battery performance is stable even after two years of heavy usage. Software glitches caused the dashboard to freeze twice in a month. The real world range is much lower than advertised, I only get 20 km on a full charge.","Battery Life & Degradation, Software & Connectivity, Range Anxiety"
EV1511,Marketplace Review,EV Scooter,Ampere Magnus,Central,6/30/2024,4,Zero tailpipe emissions is the main reason I chose an electric vehicle.,Environmental Impact
EV1512,Marketplace Review,EV Car,Tata Nexon EV,Central,11/25/2024,4,Emergency braking and collision alert systems work really well in traffic.,Safety Features
EV1513,Social Media,EV Scooter,Ampere Magnus,East,2/11/2025,3,"Build quality feels premium and the ride is extremely comfortable. Had a great experience with the service team, they explained everything clearly.","Performance & Ride Quality, Service & After-Sales"
EV1514,Marketplace Review,EV Car,MG ZS EV,Central,6/8/2025,3,"Had a great experience with the service team, they explained everything clearly. The vehicle has good crash test ratings which reassured my purchase decision.","Service & After-Sales, Safety Features"
EV1515,Social Media,EV Car,MG ZS EV,Central,10/24/2024,4,"Top speed is decent for city use but not enough for highway cruising. No proper information on how battery degrades over time, company should be transparent. Advanced safety features like ABS and traction control give peace of mind.","Performance & Ride Quality, Battery Life & Degradation, Safety Features"
EV1516,Marketplace Review,EV Scooter,Ampere Magnus,Central,3/3/2025,3,The vehicle has good crash test ratings which reassured my purchase decision.,Safety Features
EV1517,Survey,EV Scooter,Ola S1,North,1/25/2025,4,"No proper information on how battery degrades over time, company should be transparent. The real world range is much lower than advertised, I only get 150 km on a full charge.","Battery Life & Degradation, Range Anxiety"
EV1518,Customer Support,EV Scooter,Ather 450X,East,5/29/2024,5,"Claimed range of 8 km is misleading, actual range is way less in city traffic. Customer support over phone is helpful and resolves issues quickly.","Range Anxiety, Service & After-Sales"
EV1519,Marketplace Review,EV Car,Hyundai Kona,North,8/17/2024,5,Emergency braking and collision alert systems work really well in traffic.,Safety Features
EV1520,Customer Support,EV Car,BYD Atto 3,North,1/25/2025,4,Compact size makes it easy to park and maneuver in city traffic. Switching to EV feels good knowing I'm reducing my carbon footprint. Acceleration is smooth and instant torque makes overtaking effortless.,"Design & Aesthetics, Environmental Impact, Performance & Ride Quality"
EV1521,Marketplace Review,EV Scooter,Ather 450X,South,1/11/2025,4,"Zero tailpipe emissions is the main reason I chose an electric vehicle. The vehicle has good crash test ratings which reassured my purchase decision. For the price, I expected better build quality and more features.","Environmental Impact, Safety Features, Price & Subsidy"
EV1522,Survey,EV Car,Tesla Model 3,South,6/26/2024,3,Advanced safety features like ABS and traction control give peace of mind.,Safety Features
EV1523,Marketplace Review,EV Scooter,Ola S1,East,9/27/2024,5,Battery health dropped to 85% within 18 months of daily use.,Battery Life & Degradation
EV1524,Customer Support,EV Scooter,Ola S1,West,6/7/2024,4,"The real world range is much lower than advertised, I only get 8 km on a full charge. No proper information on how battery degrades over time, company should be transparent. Braking system feels sharp and responsive, regenerative braking works well.","Range Anxiety, Battery Life & Degradation, Performance & Ride Quality"
EV1525,Customer Support,EV Scooter,Ampere Magnus,North,11/21/2024,4,"Read reports about battery fires, safety is my biggest concern before buying.",Safety Features
EV1526,Survey,EV Car,BYD Atto 3,Central,6/12/2024,4,Compact size makes it easy to park and maneuver in city traffic.,Design & Aesthetics
EV1527,Customer Support,EV Scooter,Ola S1,South,8/6/2024,4,Top speed is decent for city use but not enough for highway cruising.,Performance & Ride Quality
EV1528,Social Media,EV Scooter,TVS iQube,Central,6/27/2025,5,"Smart key and app based lock features work flawlessly, very convenient. Stability control on wet roads is impressive and inspires confidence.","Software & Connectivity, Safety Features"
EV1529,Customer Support,EV Car,Tata Nexon EV,West,9/3/2024,4,"Energy used to charge still comes mostly from coal in my region, defeats the purpose somewhat.",Environmental Impact
EV1530,Customer Support,EV Car,Tata Nexon EV,West,4/26/2024,5,"Compact size makes it easy to park and maneuver in city traffic. Waiting time for service appointment is too long, more service centers needed.","Design & Aesthetics, Service & After-Sales"
EV1531,Customer Support,EV Scooter,Ola S1,Central,6/4/2025,4,"The companion app keeps crashing, needs urgent software updates. Concerned about environmental impact of battery disposal and recycling.","Software & Connectivity, Environmental Impact"
EV1532,Survey,EV Car,Hyundai Kona,North,6/20/2024,4,Advanced safety features like ABS and traction control give peace of mind. Switching to EV feels good knowing I'm reducing my carbon footprint.,"Safety Features, Environmental Impact"
EV1533,Social Media,EV Car,Tesla Model 3,West,4/16/2024,4,Insurance premium for EV is surprisingly high compared to petrol vehicles.,Price & Subsidy
EV1534,Social Media,EV Car,Tesla Model 3,North,4/15/2025,4,"Handling and stability at high speed feels very confident and safe. The real world range is much lower than advertised, I only get 120 km on a full charge. Charging takes too long, almost 6 hours for a full charge at home.","Performance & Ride Quality, Range Anxiety, Charging Infrastructure"
EV1535,Social Media,EV Car,BYD Atto 3,East,2/21/2025,4,"Storage space under the seat is very limited, not practical for daily use.",Design & Aesthetics
EV1536,Customer Support,EV Scooter,Bajaj Chetak,North,2/2/2025,4,Finding a working charging station in my city is still very difficult.,Charging Infrastructure
EV1537,Survey,EV Car,Tesla Model 3,North,1/1/2025,4,Advanced safety features like ABS and traction control give peace of mind.,Safety Features
EV1538,Customer Support,EV Scooter,Hero Vida V1,Central,3/29/2024,4,"Had a great experience with the service team, they explained everything clearly.",Service & After-Sales
EV1539,Marketplace Review,EV Scooter,Bajaj Chetak,North,4/30/2025,4,"Battery health dropped to 85% within 18 months of daily use. Read reports about battery fires, safety is my biggest concern before buying.","Battery Life & Degradation, Safety Features"
EV1540,Customer Support,EV Scooter,Ampere Magnus,South,11/1/2024,4,Acceleration is smooth and instant torque makes overtaking effortless.,Performance & Ride Quality
EV1541,Survey,EV Car,Tata Nexon EV,North,2/7/2025,4,"Heard about a thermal runaway incident, this has shaken my trust in EV safety.",Safety Features
EV1542,Social Media,EV Car,Hyundai Kona,East,8/4/2024,4,Build materials feel sturdy but the design is a bit too plain compared to rivals.,Design & Aesthetics
EV1543,Social Media,EV Car,MG ZS EV,South,9/15/2024,3,"Running cost is much lower than petrol, saving a lot on fuel every month.",Price & Subsidy
EV1544,Survey,EV Car,Tesla Model 3,Central,4/17/2025,5,"The vehicle has good crash test ratings which reassured my purchase decision. Public chargers are often broken or occupied, need more charging stations urgently.","Safety Features, Charging Infrastructure"
EV1545,Social Media,EV Scooter,Ola S1,Central,5/13/2025,3,"Suspension is too stiff, ride quality is uncomfortable on bad roads. Zero tailpipe emissions is the main reason I chose an electric vehicle.","Performance & Ride Quality, Environmental Impact"
EV1546,Survey,EV Car,Hyundai Kona,South,11/21/2024,4,"Touchscreen infotainment system lags and is not very intuitive to use. Energy used to charge still comes mostly from coal in my region, defeats the purpose somewhat.","Software & Connectivity, Environmental Impact"
EV1547,Social Media,EV Scooter,Hero Vida V1,Central,1/8/2025,4,"Noise levels are impressively low, riding experience is very smooth and quiet.",Performance & Ride Quality
EV1548,Customer Support,EV Car,Tata Nexon EV,South,8/14/2024,5,Loved the color options and the overall styling of the vehicle.,Design & Aesthetics
EV1549,Customer Support,EV Scooter,Ather 450X,West,4/18/2025,4,"Smart key and app based lock features work flawlessly, very convenient. Braking system feels sharp and responsive, regenerative braking works well.","Software & Connectivity, Performance & Ride Quality"
EV1550,Survey,EV Scooter,Ampere Magnus,South,3/24/2024,3,Customer support over phone is helpful and resolves issues quickly. Battery health dropped to 85% within 18 months of daily use.,"Service & After-Sales, Battery Life & Degradation"
EV1551,Survey,EV Scooter,Hero Vida V1,North,1/20/2024,4,Stability control on wet roads is impressive and inspires confidence.,Safety Features
EV1552,Marketplace Review,EV Car,BYD Atto 3,Central,8/5/2024,4,"Range anxiety is real, I plan every trip around charging stops now.",Range Anxiety
EV1553,Social Media,EV Scooter,Hero Vida V1,East,2/5/2025,3,EV subsidy scheme in my state got delayed and the discount amount reduced suddenly.,Price & Subsidy
EV1554,Survey,EV Car,Mahindra XUV400,West,1/7/2025,5,"Stability control on wet roads is impressive and inspires confidence. Claimed range of 8 km is misleading, actual range is way less in city traffic.","Safety Features, Range Anxiety"
EV1555,Social Media,EV Car,BYD Atto 3,West,6/12/2024,5,Battery performance is stable even after two years of heavy usage.,Battery Life & Degradation
EV1556,Marketplace Review,EV Car,Tesla Model 3,East,2/11/2024,4,"For the price, I expected better build quality and more features.",Price & Subsidy
EV1557,Customer Support,EV Car,Tata Nexon EV,East,8/27/2024,3,"AC usage kills the range, on hot days I barely get half the claimed distance. Insurance premium for EV is surprisingly high compared to petrol vehicles.","Range Anxiety, Price & Subsidy"
EV1558,Survey,EV Scooter,Bajaj Chetak,North,11/27/2024,5,"Charging takes too long, almost 6 hours for a full charge at home.",Charging Infrastructure
EV1559,Social Media,EV Scooter,Ampere Magnus,West,1/22/2025,4,"Braking system feels sharp and responsive, regenerative braking works well. Highway charging stops are rare, long distance travel is a nightmare.","Performance & Ride Quality, Charging Infrastructure"
EV1560,Marketplace Review,EV Car,BYD Atto 3,East,12/19/2024,4,Navigation system integrated with range prediction is genuinely useful. Switching to EV feels good knowing I'm reducing my carbon footprint.,"Software & Connectivity, Environmental Impact"
EV1561,Social Media,EV Car,Mahindra XUV400,South,3/19/2024,5,"Read reports about battery fires, safety is my biggest concern before buying. There are very few authorized service centers, had to travel 120 km for repair.","Safety Features, Service & After-Sales"
EV1562,Survey,EV Car,Hyundai Kona,South,2/28/2025,4,Handling and stability at high speed feels very confident and safe.,Performance & Ride Quality
EV1563,Marketplace Review,EV Scooter,Hero Vida V1,West,8/3/2024,4,Contributing to a cleaner city is a big motivation behind going electric. Worried about battery degradation and replacement cost after warranty ends.,"Environmental Impact, Battery Life & Degradation"
EV1564,Social Media,EV Car,Tata Nexon EV,Central,6/13/2024,4,"No proper information on how battery degrades over time, company should be transparent.",Battery Life & Degradation
EV1565,Social Media,EV Car,BYD Atto 3,North,6/19/2024,5,"Customer support over phone is helpful and resolves issues quickly. Battery replacement cost is almost half the price of the vehicle, very concerning.","Service & After-Sales, Battery Life & Degradation"
EV1566,Customer Support,EV Car,Tesla Model 3,North,8/9/2024,4,Navigation system integrated with range prediction is genuinely useful.,Software & Connectivity
EV1567,Social Media,EV Scooter,Bajaj Chetak,South,2/24/2025,4,"Energy used to charge still comes mostly from coal in my region, defeats the purpose somewhat. Battery health dropped to 85% within 18 months of daily use.","Environmental Impact, Battery Life & Degradation"
EV1568,Customer Support,EV Scooter,Ather 450X,West,3/11/2024,5,"Insurance premium for EV is surprisingly high compared to petrol vehicles. Interior quality feels cheap for the price point, needs improvement.","Price & Subsidy, Design & Aesthetics"
EV1569,Social Media,EV Car,Tata Nexon EV,Central,5/31/2025,4,Compact size makes it easy to park and maneuver in city traffic. Worried about battery degradation and replacement cost after warranty ends.,"Design & Aesthetics, Battery Life & Degradation"
EV1570,Survey,EV Car,Mahindra XUV400,Central,5/30/2025,4,"Public chargers are often broken or occupied, need more charging stations urgently.",Charging Infrastructure
EV1571,Social Media,EV Scooter,Hero Vida V1,Central,1/2/2024,5,"Storage space under the seat is very limited, not practical for daily use. The vehicle has good crash test ratings which reassured my purchase decision.","Design & Aesthetics, Safety Features"
EV1572,Marketplace Review,EV Car,Tesla Model 3,South,5/8/2025,5,Loved the color options and the overall styling of the vehicle.,Design & Aesthetics
EV1573,Social Media,EV Car,Mahindra XUV400,East,5/3/2025,3,"EV subsidy scheme in my state got delayed and the discount amount reduced suddenly. Highway charging stops are rare, long distance travel is a nightmare.","Price & Subsidy, Charging Infrastructure"
EV1574,Survey,EV Scooter,Ather 450X,North,6/19/2025,3,Finding a working charging station in my city is still very difficult. Emergency braking and collision alert systems work really well in traffic.,"Charging Infrastructure, Safety Features"
EV1575,Customer Support,EV Car,Tesla Model 3,West,1/5/2025,4,Home charging setup was expensive and took weeks to install.,Charging Infrastructure
EV1576,Customer Support,EV Scooter,Hero Vida V1,East,3/9/2025,3,"Contributing to a cleaner city is a big motivation behind going electric. The motor is powerful and pickup is much better than petrol variants. Spare parts availability is a major issue, waited a month for a replacement part.","Environmental Impact, Performance & Ride Quality, Service & After-Sales"
EV1577,Customer Support,EV Scooter,Ather 450X,Central,5/10/2025,5,Customer support over phone is helpful and resolves issues quickly. Concerned about environmental impact of battery disposal and recycling.,"Service & After-Sales, Environmental Impact"
EV1578,Social Media,EV Scooter,Hero Vida V1,North,8/23/2024,3,"Smart key and app based lock features work flawlessly, very convenient.",Software & Connectivity
EV1579,Social Media,EV Car,Tata Nexon EV,Central,2/14/2025,4,"Acceleration is smooth and instant torque makes overtaking effortless. Read reports about battery fires, safety is my biggest concern before buying.","Performance & Ride Quality, Safety Features"
EV1580,Survey,EV Scooter,Hero Vida V1,North,5/28/2024,4,"The companion app keeps crashing, needs urgent software updates. Loved the color options and the overall styling of the vehicle. Fast charging network needs serious expansion on highways.","Software & Connectivity, Design & Aesthetics, Charging Infrastructure"
EV1581,Survey,EV Scooter,Ola S1,West,2/14/2025,3,Concerned about environmental impact of battery disposal and recycling. Stability control on wet roads is impressive and inspires confidence.,"Environmental Impact, Safety Features"
EV1582,Marketplace Review,EV Car,MG ZS EV,West,1/11/2024,4,"EV subsidy scheme in my state got delayed and the discount amount reduced suddenly. Read reports about battery fires, safety is my biggest concern before buying.","Price & Subsidy, Safety Features"
EV1583,Social Media,EV Car,BYD Atto 3,Central,6/22/2024,2,"The real world range is much lower than advertised, I only get 120 km on a full charge. Handling and stability at high speed feels very confident and safe. EV subsidy scheme in my state got delayed and the discount amount reduced suddenly.","Range Anxiety, Performance & Ride Quality, Price & Subsidy"
EV1584,Marketplace Review,EV Scooter,TVS iQube,West,7/24/2024,4,Advanced safety features like ABS and traction control give peace of mind.,Safety Features
EV1585,Customer Support,EV Car,Tata Nexon EV,Central,12/22/2024,4,"Braking system feels sharp and responsive, regenerative braking works well.",Performance & Ride Quality
EV1586,Social Media,EV Car,BYD Atto 3,West,2/17/2025,4,Switching to EV feels good knowing I'm reducing my carbon footprint.,Environmental Impact
EV1587,Marketplace Review,EV Scooter,Ather 450X,Central,4/19/2024,5,Advanced safety features like ABS and traction control give peace of mind.,Safety Features
EV1588,Survey,EV Scooter,TVS iQube,Central,9/20/2024,3,"Heard about a thermal runaway incident, this has shaken my trust in EV safety.",Safety Features
EV1589,Marketplace Review,EV Scooter,Hero Vida V1,West,5/10/2025,4,"Resale value of electric vehicles is still uncertain, worried about depreciation.",Price & Subsidy
EV1590,Marketplace Review,EV Scooter,Hero Vida V1,Central,1/29/2024,4,"The companion app keeps crashing, needs urgent software updates. Highway charging stops are rare, long distance travel is a nightmare. Waiting time for service appointment is too long, more service centers needed.","Software & Connectivity, Charging Infrastructure, Service & After-Sales"
EV1591,Social Media,EV Car,Tesla Model 3,East,2/26/2025,3,Acceleration is smooth and instant torque makes overtaking effortless.,Performance & Ride Quality
EV1592,Customer Support,EV Scooter,Ather 450X,North,2/12/2025,3,"Suspension is too stiff, ride quality is uncomfortable on bad roads. Charging infrastructure in tier 2 and tier 3 cities is almost non-existent.","Performance & Ride Quality, Charging Infrastructure"
EV1593,Social Media,EV Scooter,TVS iQube,Central,10/2/2024,4,"No proper information on how battery degrades over time, company should be transparent.",Battery Life & Degradation
EV1594,Social Media,EV Car,Mahindra XUV400,South,9/4/2024,3,"There are very few authorized service centers, had to travel 150 km for repair.",Service & After-Sales
EV1595,Customer Support,EV Car,MG ZS EV,South,4/19/2024,4,"Charging infrastructure in tier 2 and tier 3 cities is almost non-existent. Energy used to charge still comes mostly from coal in my region, defeats the purpose somewhat.","Charging Infrastructure, Environmental Impact"
EV1596,Survey,EV Car,BYD Atto 3,West,1/15/2025,5,Concerned about environmental impact of battery disposal and recycling.,Environmental Impact
EV1597,Customer Support,EV Scooter,Ampere Magnus,West,7/6/2024,3,"Emergency braking and collision alert systems work really well in traffic. There are very few authorized service centers, had to travel 8 km for repair.","Safety Features, Service & After-Sales"
EV1598,Marketplace Review,EV Car,Tata Nexon EV,West,2/3/2024,5,The vehicle has good crash test ratings which reassured my purchase decision.,Safety Features
EV1599,Social Media,EV Scooter,Hero Vida V1,West,5/3/2024,5,Emergency braking and collision alert systems work really well in traffic.,Safety Features
EV1600,Survey,EV Scooter,Hero Vida V1,North,8/3/2024,4,"Loved the color options and the overall styling of the vehicle. Love the app that shows nearby charging stations, very convenient feature.","Design & Aesthetics, Charging Infrastructure"
EV1601,Customer Support,EV Scooter,Ather 450X,South,10/2/2024,5,"Touchscreen infotainment system lags and is not very intuitive to use. Suspension is too stiff, ride quality is uncomfortable on bad roads.","Software & Connectivity, Performance & Ride Quality"
EV1602,Social Media,EV Scooter,Bajaj Chetak,West,1/16/2025,4,"Noise levels are impressively low, riding experience is very smooth and quiet.",Performance & Ride Quality
EV1603,Social Media,EV Scooter,Bajaj Chetak,Central,5/14/2024,4,Zero tailpipe emissions is the main reason I chose an electric vehicle.,Environmental Impact
EV1604,Customer Support,EV Car,Tesla Model 3,South,3/18/2025,4,"Interior quality feels cheap for the price point, needs improvement.",Design & Aesthetics
EV1605,Social Media,EV Car,Tesla Model 3,West,1/10/2024,3,"Battery health dropped to 85% within 18 months of daily use. LED lighting and digital dashboard give it a premium, modern look. Software glitches caused the dashboard to freeze twice in a month.","Battery Life & Degradation, Design & Aesthetics, Software & Connectivity"
EV1606,Customer Support,EV Scooter,Bajaj Chetak,East,2/18/2024,4,The design looks futuristic and attracts a lot of attention on the road.,Design & Aesthetics
EV1607,Social Media,EV Car,Tata Nexon EV,East,5/2/2025,4,Charging infrastructure in tier 2 and tier 3 cities is almost non-existent.,Charging Infrastructure
EV1608,Customer Support,EV Scooter,TVS iQube,East,9/20/2024,4,"Handling and stability at high speed feels very confident and safe. AC usage kills the range, on hot days I barely get half the claimed distance. LED lighting and digital dashboard give it a premium, modern look.","Performance & Ride Quality, Range Anxiety, Design & Aesthetics"
EV1609,Social Media,EV Car,BYD Atto 3,East,12/29/2024,4,Build quality feels premium and the ride is extremely comfortable. Stability control on wet roads is impressive and inspires confidence.,"Performance & Ride Quality, Safety Features"
EV1610,Marketplace Review,EV Scooter,Ola S1,Central,10/20/2024,3,Software glitches caused the dashboard to freeze twice in a month.,Software & Connectivity
EV1611,Customer Support,EV Car,MG ZS EV,West,2/18/2025,5,Home charging setup was expensive and took weeks to install. Concerned about environmental impact of battery disposal and recycling.,"Charging Infrastructure, Environmental Impact"
EV1612,Customer Support,EV Car,Hyundai Kona,East,9/30/2024,4,Contributing to a cleaner city is a big motivation behind going electric.,Environmental Impact
EV1613,Customer Support,EV Scooter,Bajaj Chetak,Central,6/17/2025,4,"Over the air software updates are a great feature, keeps improving over time. Interior quality feels cheap for the price point, needs improvement.","Software & Connectivity, Design & Aesthetics"
EV1614,Social Media,EV Car,MG ZS EV,East,3/22/2024,4,"Running cost is much lower than petrol, saving a lot on fuel every month. Worried about battery degradation and replacement cost after warranty ends. The design looks futuristic and attracts a lot of attention on the road.","Price & Subsidy, Battery Life & Degradation, Design & Aesthetics"
EV1615,Survey,EV Scooter,Ampere Magnus,North,2/10/2025,4,Advanced safety features like ABS and traction control give peace of mind.,Safety Features
EV1616,Social Media,EV Car,Hyundai Kona,North,2/3/2025,4,"There are very few authorized service centers, had to travel 5 km for repair. EV subsidy scheme in my state got delayed and the discount amount reduced suddenly.","Service & After-Sales, Price & Subsidy"
EV1617,Social Media,EV Scooter,Hero Vida V1,South,6/23/2025,3,"Worried about battery degradation and replacement cost after warranty ends. AC usage kills the range, on hot days I barely get half the claimed distance.","Battery Life & Degradation, Range Anxiety"
EV1618,Marketplace Review,EV Scooter,Bajaj Chetak,Central,10/5/2024,4,Stability control on wet roads is impressive and inspires confidence. Navigation system integrated with range prediction is genuinely useful. Battery health dropped to 85% within 18 months of daily use.,"Safety Features, Software & Connectivity, Battery Life & Degradation"
EV1619,Marketplace Review,EV Scooter,Hero Vida V1,Central,11/13/2024,5,"The motor is powerful and pickup is much better than petrol variants. Smart key and app based lock features work flawlessly, very convenient.","Performance & Ride Quality, Software & Connectivity"
EV1620,Customer Support,EV Car,Mahindra XUV400,East,2/26/2025,4,"After sales support has been excellent, quick response and doorstep service. Worried about battery degradation and replacement cost after warranty ends.","Service & After-Sales, Battery Life & Degradation"
EV1621,Social Media,EV Car,BYD Atto 3,East,10/20/2024,4,Software glitches caused the dashboard to freeze twice in a month. Emergency braking and collision alert systems work really well in traffic. Battery range degrades faster than expected after just one year of use.,"Software & Connectivity, Safety Features, Range Anxiety"
EV1622,Marketplace Review,EV Scooter,Ola S1,East,8/24/2024,4,"AC usage kills the range, on hot days I barely get half the claimed distance. Read reports about battery fires, safety is my biggest concern before buying.","Range Anxiety, Safety Features"
EV1623,Marketplace Review,EV Scooter,Ampere Magnus,West,9/12/2024,4,"Battery replacement cost is almost half the price of the vehicle, very concerning. Interior quality feels cheap for the price point, needs improvement.","Battery Life & Degradation, Design & Aesthetics"
EV1624,Marketplace Review,EV Scooter,Ola S1,South,6/13/2025,4,Concerned about environmental impact of battery disposal and recycling.,Environmental Impact
EV1625,Customer Support,EV Scooter,Hero Vida V1,West,7/11/2024,4,Home charging setup was expensive and took weeks to install. The battery warranty of 100 years gives me confidence in long term reliability.,"Charging Infrastructure, Battery Life & Degradation"
EV1626,Marketplace Review,EV Scooter,Ampere Magnus,East,5/18/2025,4,"Total cost of ownership is great once you factor in low maintenance and fuel savings. Acceleration is smooth and instant torque makes overtaking effortless. The real world range is much lower than advertised, I only get 120 km on a full charge.","Price & Subsidy, Performance & Ride Quality, Range Anxiety"
EV1627,Customer Support,EV Car,Hyundai Kona,South,3/24/2025,4,"Range drops badly in winter, I lost almost 30% range in cold weather. Total cost of ownership is great once you factor in low maintenance and fuel savings.","Range Anxiety, Price & Subsidy"
EV1628,Social Media,EV Car,Mahindra XUV400,East,3/6/2025,4,"After sales support has been excellent, quick response and doorstep service. Bluetooth connectivity drops frequently while riding, very frustrating.","Service & After-Sales, Software & Connectivity"
EV1629,Survey,EV Car,Hyundai Kona,South,2/27/2024,4,"Had a great experience with the service team, they explained everything clearly.",Service & After-Sales
EV1630,Marketplace Review,EV Scooter,Ola S1,South,7/15/2024,5,"Had a great experience with the service team, they explained everything clearly.",Service & After-Sales
EV1631,Survey,EV Scooter,Ola S1,South,1/29/2025,4,Software glitches caused the dashboard to freeze twice in a month. The upfront price is high but government subsidy makes it affordable.,"Software & Connectivity, Price & Subsidy"
EV1632,Survey,EV Car,Mahindra XUV400,Central,8/1/2024,5,Software glitches caused the dashboard to freeze twice in a month. Loved the color options and the overall styling of the vehicle.,"Software & Connectivity, Design & Aesthetics"
EV1633,Survey,EV Scooter,Ather 450X,Central,6/17/2025,4,"Charging takes too long, almost 6 hours for a full charge at home.",Charging Infrastructure
EV1634,Customer Support,EV Scooter,Hero Vida V1,South,1/4/2025,3,"Claimed range of 100 km is misleading, actual range is way less in city traffic.",Range Anxiety
EV1635,Marketplace Review,EV Car,Tesla Model 3,East,1/16/2024,3,Battery performance is stable even after two years of heavy usage. Service center staff are not well trained to handle EV specific issues.,"Battery Life & Degradation, Service & After-Sales"
EV1636,Survey,EV Scooter,Ather 450X,North,5/1/2025,3,Zero tailpipe emissions is the main reason I chose an electric vehicle.,Environmental Impact
EV1637,Social Media,EV Scooter,Ola S1,South,5/26/2025,4,"Love the app that shows nearby charging stations, very convenient feature.",Charging Infrastructure
EV1638,Customer Support,EV Car,Tata Nexon EV,South,4/19/2024,4,"Battery replacement cost is almost half the price of the vehicle, very concerning.",Battery Life & Degradation
EV1639,Customer Support,EV Car,Hyundai Kona,West,7/16/2024,4,"AC usage kills the range, on hot days I barely get half the claimed distance. Build materials feel sturdy but the design is a bit too plain compared to rivals.","Range Anxiety, Design & Aesthetics"
EV1640,Survey,EV Car,Hyundai Kona,West,3/24/2025,3,"Heard about a thermal runaway incident, this has shaken my trust in EV safety. Waiting time for service appointment is too long, more service centers needed.","Safety Features, Service & After-Sales"
EV1641,Social Media,EV Scooter,Ather 450X,Central,12/22/2024,4,"Braking system feels sharp and responsive, regenerative braking works well. Smart key and app based lock features work flawlessly, very convenient.","Performance & Ride Quality, Software & Connectivity"
EV1642,Social Media,EV Car,Tata Nexon EV,West,10/29/2024,4,Customer support over phone is helpful and resolves issues quickly.,Service & After-Sales
EV1643,Survey,EV Scooter,Bajaj Chetak,Central,1/23/2025,4,Worried about battery degradation and replacement cost after warranty ends.,Battery Life & Degradation
EV1644,Social Media,EV Scooter,Ampere Magnus,East,3/5/2024,5,Emergency braking and collision alert systems work really well in traffic.,Safety Features
EV1645,Marketplace Review,EV Car,BYD Atto 3,Central,6/6/2024,3,Concerned about environmental impact of battery disposal and recycling.,Environmental Impact
EV1646,Customer Support,EV Scooter,Bajaj Chetak,North,4/8/2024,5,Advanced safety features like ABS and traction control give peace of mind. Home charging setup was expensive and took weeks to install.,"Safety Features, Charging Infrastructure"
EV1647,Social Media,EV Car,Tata Nexon EV,North,5/12/2025,4,"The upfront price is high but government subsidy makes it affordable. Highway charging stops are rare, long distance travel is a nightmare.","Price & Subsidy, Charging Infrastructure"
EV1648,Customer Support,EV Scooter,Ampere Magnus,North,1/10/2025,3,"Price after subsidy is still higher than a comparable petrol scooter. Charging infrastructure in tier 2 and tier 3 cities is almost non-existent. Range drops badly in winter, I lost almost 30% range in cold weather.","Price & Subsidy, Charging Infrastructure, Range Anxiety"
EV1649,Survey,EV Scooter,Hero Vida V1,East,3/1/2025,4,"Acceleration is smooth and instant torque makes overtaking effortless. Range drops badly in winter, I lost almost 30% range in cold weather. Had a great experience with the service team, they explained everything clearly.","Performance & Ride Quality, Range Anxiety, Service & After-Sales"
EV1650,Social Media,EV Scooter,Ola S1,Central,4/9/2024,4,Fast charging network needs serious expansion on highways.,Charging Infrastructure
EV1651,Social Media,EV Scooter,Ather 450X,Central,9/11/2024,5,Zero tailpipe emissions is the main reason I chose an electric vehicle.,Environmental Impact
EV1652,Survey,EV Scooter,Hero Vida V1,Central,1/1/2025,3,Software glitches caused the dashboard to freeze twice in a month.,Software & Connectivity
EV1653,Social Media,EV Scooter,Ola S1,South,2/15/2025,4,The vehicle has good crash test ratings which reassured my purchase decision.,Safety Features
EV1654,Marketplace Review,EV Car,BYD Atto 3,East,11/18/2024,3,"The vehicle has good crash test ratings which reassured my purchase decision. Noise levels are impressively low, riding experience is very smooth and quiet.","Safety Features, Performance & Ride Quality"
EV1655,Customer Support,EV Scooter,Hero Vida V1,Central,9/3/2024,4,Zero tailpipe emissions is the main reason I chose an electric vehicle. Emergency braking and collision alert systems work really well in traffic.,"Environmental Impact, Safety Features"
EV1656,Marketplace Review,EV Scooter,TVS iQube,West,2/10/2025,4,"Range anxiety is real, I plan every trip around charging stops now. Energy used to charge still comes mostly from coal in my region, defeats the purpose somewhat.","Range Anxiety, Environmental Impact"
EV1657,Social Media,EV Car,BYD Atto 3,East,1/7/2024,3,"There are very few authorized service centers, had to travel 150 km for repair.",Service & After-Sales
EV1658,Customer Support,EV Scooter,Ola S1,Central,6/7/2025,3,"Heard about a thermal runaway incident, this has shaken my trust in EV safety.",Safety Features
EV1659,Survey,EV Car,Tata Nexon EV,West,12/30/2024,5,Battery health dropped to 85% within 18 months of daily use.,Battery Life & Degradation
EV1660,Social Media,EV Scooter,TVS iQube,South,9/19/2024,3,"Customer support over phone is helpful and resolves issues quickly. Highway charging stops are rare, long distance travel is a nightmare.","Service & After-Sales, Charging Infrastructure"
EV1661,Survey,EV Car,Tesla Model 3,East,5/9/2025,3,"Battery replacement cost is almost half the price of the vehicle, very concerning.",Battery Life & Degradation
EV1662,Customer Support,EV Car,BYD Atto 3,North,1/25/2025,5,"Love the app that shows nearby charging stations, very convenient feature. For daily commute the range is fine but long trips are stressful because of low range. Noise levels are impressively low, riding experience is very smooth and quiet.","Charging Infrastructure, Range Anxiety, Performance & Ride Quality"
EV1663,Survey,EV Car,MG ZS EV,West,2/25/2024,4,Service center staff are not well trained to handle EV specific issues. The vehicle has good crash test ratings which reassured my purchase decision.,"Service & After-Sales, Safety Features"
EV1664,Social Media,EV Car,Hyundai Kona,South,2/21/2024,4,"Storage space under the seat is very limited, not practical for daily use.",Design & Aesthetics
EV1665,Marketplace Review,EV Car,MG ZS EV,East,2/7/2025,4,The battery warranty of 100 years gives me confidence in long term reliability. Contributing to a cleaner city is a big motivation behind going electric.,"Battery Life & Degradation, Environmental Impact"
EV1666,Marketplace Review,EV Car,BYD Atto 3,East,3/28/2024,4,"Storage space under the seat is very limited, not practical for daily use. Stability control on wet roads is impressive and inspires confidence.","Design & Aesthetics, Safety Features"
EV1667,Marketplace Review,EV Car,MG ZS EV,Central,7/21/2024,4,"Bluetooth connectivity drops frequently while riding, very frustrating.",Software & Connectivity
EV1668,Social Media,EV Car,BYD Atto 3,South,3/14/2024,5,"After sales support has been excellent, quick response and doorstep service. Build materials feel sturdy but the design is a bit too plain compared to rivals.","Service & After-Sales, Design & Aesthetics"
EV1669,Marketplace Review,EV Car,Tata Nexon EV,West,1/9/2025,4,Top speed is decent for city use but not enough for highway cruising. The upfront price is high but government subsidy makes it affordable. Concerned about environmental impact of battery disposal and recycling.,"Performance & Ride Quality, Price & Subsidy, Environmental Impact"
EV1670,Marketplace Review,EV Car,Hyundai Kona,Central,5/29/2024,4,"The companion app keeps crashing, needs urgent software updates.",Software & Connectivity
EV1671,Customer Support,EV Car,MG ZS EV,South,3/28/2024,3,Finding a working charging station in my city is still very difficult.,Charging Infrastructure
EV1672,Social Media,EV Car,BYD Atto 3,East,1/15/2024,5,"Braking system feels sharp and responsive, regenerative braking works well. Charging infrastructure in tier 2 and tier 3 cities is almost non-existent.","Performance & Ride Quality, Charging Infrastructure"
EV1673,Customer Support,EV Scooter,Ola S1,South,8/4/2024,3,EV subsidy scheme in my state got delayed and the discount amount reduced suddenly.,Price & Subsidy
EV1674,Social Media,EV Scooter,Ampere Magnus,North,1/20/2025,5,Switching to EV feels good knowing I'm reducing my carbon footprint. The vehicle has good crash test ratings which reassured my purchase decision.,"Environmental Impact, Safety Features"
EV1675,Customer Support,EV Car,Tata Nexon EV,South,10/4/2024,3,Battery range degrades faster than expected after just one year of use.,Range Anxiety
EV1676,Marketplace Review,EV Car,Tata Nexon EV,East,1/3/2025,4,"Charging takes too long, almost 6 hours for a full charge at home. For daily commute the range is fine but long trips are stressful because of low range.","Charging Infrastructure, Range Anxiety"
EV1677,Survey,EV Car,Mahindra XUV400,East,5/11/2025,4,"Energy used to charge still comes mostly from coal in my region, defeats the purpose somewhat.",Environmental Impact
EV1678,Social Media,EV Car,MG ZS EV,Central,4/13/2025,5,Stability control on wet roads is impressive and inspires confidence.,Safety Features
EV1679,Social Media,EV Car,Tata Nexon EV,Central,11/8/2024,5,Build quality feels premium and the ride is extremely comfortable.,Performance & Ride Quality
EV1680,Social Media,EV Scooter,Hero Vida V1,North,12/21/2024,5,Top speed is decent for city use but not enough for highway cruising.,Performance & Ride Quality
EV1681,Customer Support,EV Scooter,Ather 450X,North,9/20/2024,3,"LED lighting and digital dashboard give it a premium, modern look.",Design & Aesthetics
EV1682,Customer Support,EV Car,BYD Atto 3,South,6/4/2024,4,"Handling and stability at high speed feels very confident and safe. Build materials feel sturdy but the design is a bit too plain compared to rivals. Battery replacement cost is almost half the price of the vehicle, very concerning.","Performance & Ride Quality, Design & Aesthetics, Battery Life & Degradation"
EV1683,Social Media,EV Car,Mahindra XUV400,Central,6/5/2024,4,Loved the color options and the overall styling of the vehicle.,Design & Aesthetics
EV1684,Social Media,EV Scooter,Bajaj Chetak,South,5/21/2024,5,"Energy used to charge still comes mostly from coal in my region, defeats the purpose somewhat.",Environmental Impact
EV1685,Customer Support,EV Car,MG ZS EV,Central,5/18/2024,4,"Loved the color options and the overall styling of the vehicle. Worried about battery degradation and replacement cost after warranty ends. Heard about a thermal runaway incident, this has shaken my trust in EV safety.","Design & Aesthetics, Battery Life & Degradation, Safety Features"
EV1686,Customer Support,EV Car,MG ZS EV,South,1/31/2024,4,"Noise levels are impressively low, riding experience is very smooth and quiet.",Performance & Ride Quality
EV1687,Marketplace Review,EV Scooter,TVS iQube,East,6/4/2024,4,Total cost of ownership is great once you factor in low maintenance and fuel savings. Home charging setup was expensive and took weeks to install.,"Price & Subsidy, Charging Infrastructure"
EV1688,Customer Support,EV Car,BYD Atto 3,Central,8/24/2024,4,Zero tailpipe emissions is the main reason I chose an electric vehicle.,Environmental Impact
EV1689,Survey,EV Car,Tesla Model 3,East,3/22/2024,4,"Over the air software updates are a great feature, keeps improving over time.",Software & Connectivity
EV1690,Customer Support,EV Scooter,Hero Vida V1,South,1/31/2025,3,"Bluetooth connectivity drops frequently while riding, very frustrating.",Software & Connectivity
EV1691,Social Media,EV Car,MG ZS EV,South,2/3/2024,4,Loved the color options and the overall styling of the vehicle. For daily commute the range is fine but long trips are stressful because of low range.,"Design & Aesthetics, Range Anxiety"
EV1692,Social Media,EV Car,Tesla Model 3,South,3/8/2024,4,"Battery replacement cost is almost half the price of the vehicle, very concerning.",Battery Life & Degradation
EV1693,Customer Support,EV Scooter,Hero Vida V1,West,9/9/2024,4,"LED lighting and digital dashboard give it a premium, modern look. Switching to EV feels good knowing I'm reducing my carbon footprint.","Design & Aesthetics, Environmental Impact"
EV1694,Customer Support,EV Scooter,Hero Vida V1,West,6/21/2025,3,"Range drops badly in winter, I lost almost 30% range in cold weather.",Range Anxiety
EV1695,Survey,EV Scooter,Bajaj Chetak,South,6/15/2025,3,Stability control on wet roads is impressive and inspires confidence. The design looks futuristic and attracts a lot of attention on the road.,"Safety Features, Design & Aesthetics"
EV1696,Survey,EV Scooter,Ampere Magnus,South,10/25/2024,5,"Smart key and app based lock features work flawlessly, very convenient. LED lighting and digital dashboard give it a premium, modern look. After sales support has been excellent, quick response and doorstep service.","Software & Connectivity, Design & Aesthetics, Service & After-Sales"
EV1697,Marketplace Review,EV Scooter,Ather 450X,East,2/25/2024,5,"Emergency braking and collision alert systems work really well in traffic. No proper information on how battery degrades over time, company should be transparent.","Safety Features, Battery Life & Degradation"
EV1698,Survey,EV Scooter,Ola S1,South,5/18/2024,4,"Storage space under the seat is very limited, not practical for daily use.",Design & Aesthetics
EV1699,Survey,EV Scooter,Bajaj Chetak,South,4/9/2025,3,Switching to EV feels good knowing I'm reducing my carbon footprint. EV subsidy scheme in my state got delayed and the discount amount reduced suddenly. Touchscreen infotainment system lags and is not very intuitive to use.,"Environmental Impact, Price & Subsidy, Software & Connectivity"
EV1700,Survey,EV Car,Tesla Model 3,North,4/26/2024,3,Software glitches caused the dashboard to freeze twice in a month.,Software & Connectivity
EV1701,Marketplace Review,EV Scooter,Ola S1,Central,6/12/2024,5,Compact size makes it easy to park and maneuver in city traffic.,Design & Aesthetics
EV1702,Social Media,EV Scooter,Ola S1,East,6/2/2024,5,Battery health dropped to 85% within 18 months of daily use.,Battery Life & Degradation
EV1703,Survey,EV Car,Tesla Model 3,West,11/11/2024,4,"Waiting time for service appointment is too long, more service centers needed.",Service & After-Sales
EV1704,Social Media,EV Scooter,TVS iQube,North,5/14/2024,3,"EV subsidy scheme in my state got delayed and the discount amount reduced suddenly. The real world range is much lower than advertised, I only get 15 km on a full charge.","Price & Subsidy, Range Anxiety"
EV1705,Survey,EV Scooter,Bajaj Chetak,Central,5/20/2025,3,Price after subsidy is still higher than a comparable petrol scooter.,Price & Subsidy
EV1706,Marketplace Review,EV Scooter,Bajaj Chetak,West,3/22/2024,4,"Energy used to charge still comes mostly from coal in my region, defeats the purpose somewhat. Range anxiety is real, I plan every trip around charging stops now. Price after subsidy is still higher than a comparable petrol scooter.","Environmental Impact, Range Anxiety, Price & Subsidy"
EV1707,Social Media,EV Car,MG ZS EV,North,12/23/2024,4,"The real world range is much lower than advertised, I only get 3 km on a full charge. Battery performance is stable even after two years of heavy usage.","Range Anxiety, Battery Life & Degradation"
EV1708,Survey,EV Scooter,TVS iQube,North,4/21/2024,3,"Interior quality feels cheap for the price point, needs improvement.",Design & Aesthetics
EV1709,Customer Support,EV Car,Tesla Model 3,Central,6/30/2024,4,"The companion app keeps crashing, needs urgent software updates. Handling and stability at high speed feels very confident and safe.","Software & Connectivity, Performance & Ride Quality"
EV1710,Customer Support,EV Scooter,TVS iQube,West,3/10/2024,5,"LED lighting and digital dashboard give it a premium, modern look.",Design & Aesthetics
EV1711,Marketplace Review,EV Car,Hyundai Kona,South,5/4/2024,4,"Customer support over phone is helpful and resolves issues quickly. Noise levels are impressively low, riding experience is very smooth and quiet.","Service & After-Sales, Performance & Ride Quality"
EV1712,Social Media,EV Car,Tesla Model 3,Central,2/29/2024,4,"Public chargers are often broken or occupied, need more charging stations urgently.",Charging Infrastructure
EV1713,Customer Support,EV Scooter,Hero Vida V1,West,11/20/2024,3,Customer support over phone is helpful and resolves issues quickly.,Service & After-Sales
EV1714,Marketplace Review,EV Scooter,Ather 450X,Central,5/24/2025,4,"Smart key and app based lock features work flawlessly, very convenient.",Software & Connectivity
EV1715,Social Media,EV Car,BYD Atto 3,East,7/17/2024,4,"Range drops badly in winter, I lost almost 30% range in cold weather.",Range Anxiety
EV1716,Survey,EV Car,Mahindra XUV400,South,2/28/2025,5,The design looks futuristic and attracts a lot of attention on the road.,Design & Aesthetics
EV1717,Social Media,EV Scooter,TVS iQube,North,7/25/2024,4,"After sales support has been excellent, quick response and doorstep service.",Service & After-Sales
EV1718,Customer Support,EV Car,Hyundai Kona,Central,11/27/2024,4,"AC usage kills the range, on hot days I barely get half the claimed distance. Highway charging stops are rare, long distance travel is a nightmare. Acceleration is smooth and instant torque makes overtaking effortless.","Range Anxiety, Charging Infrastructure, Performance & Ride Quality"
EV1719,Customer Support,EV Car,MG ZS EV,East,5/5/2025,3,Software glitches caused the dashboard to freeze twice in a month. I'm always worried about running out of charge before reaching my destination.,"Software & Connectivity, Range Anxiety"
EV1720,Marketplace Review,EV Scooter,Ather 450X,Central,12/9/2024,4,"Smart key and app based lock features work flawlessly, very convenient.",Software & Connectivity
EV1721,Survey,EV Scooter,Hero Vida V1,Central,11/2/2024,5,"Energy used to charge still comes mostly from coal in my region, defeats the purpose somewhat. Acceleration is smooth and instant torque makes overtaking effortless.","Environmental Impact, Performance & Ride Quality"
EV1722,Customer Support,EV Car,BYD Atto 3,East,3/8/2024,4,"Worried about battery degradation and replacement cost after warranty ends. After sales support has been excellent, quick response and doorstep service.","Battery Life & Degradation, Service & After-Sales"
EV1723,Social Media,EV Scooter,Hero Vida V1,Central,2/2/2025,5,Battery performance is stable even after two years of heavy usage.,Battery Life & Degradation
EV1724,Customer Support,EV Car,Hyundai Kona,North,10/5/2024,3,The design looks futuristic and attracts a lot of attention on the road.,Design & Aesthetics
EV1725,Customer Support,EV Scooter,Ather 450X,West,11/5/2024,3,"EV subsidy scheme in my state got delayed and the discount amount reduced suddenly. Read reports about battery fires, safety is my biggest concern before buying.","Price & Subsidy, Safety Features"
EV1726,Survey,EV Car,Hyundai Kona,South,4/4/2024,4,Navigation system integrated with range prediction is genuinely useful.,Software & Connectivity
EV1727,Social Media,EV Car,Mahindra XUV400,South,12/14/2024,4,Touchscreen infotainment system lags and is not very intuitive to use. The vehicle has good crash test ratings which reassured my purchase decision.,"Software & Connectivity, Safety Features"
EV1728,Social Media,EV Car,Tata Nexon EV,South,2/7/2024,5,"Bluetooth connectivity drops frequently while riding, very frustrating.",Software & Connectivity
EV1729,Customer Support,EV Car,Tata Nexon EV,North,3/30/2024,4,"Acceleration is smooth and instant torque makes overtaking effortless. The companion app keeps crashing, needs urgent software updates.","Performance & Ride Quality, Software & Connectivity"
EV1730,Customer Support,EV Scooter,Ola S1,South,11/24/2024,2,Price after subsidy is still higher than a comparable petrol scooter.,Price & Subsidy
EV1731,Customer Support,EV Scooter,TVS iQube,West,4/30/2024,4,"There are very few authorized service centers, had to travel 120 km for repair.",Service & After-Sales
EV1732,Survey,EV Scooter,Ola S1,Central,6/10/2025,4,Fast charging network needs serious expansion on highways.,Charging Infrastructure
EV1733,Customer Support,EV Scooter,Ampere Magnus,East,5/24/2024,4,Customer support over phone is helpful and resolves issues quickly.,Service & After-Sales
EV1734,Survey,EV Car,MG ZS EV,East,12/12/2024,2,Emergency braking and collision alert systems work really well in traffic.,Safety Features
EV1735,Survey,EV Car,MG ZS EV,West,2/21/2024,4,"Highway charging stops are rare, long distance travel is a nightmare.",Charging Infrastructure
EV1736,Marketplace Review,EV Car,Tata Nexon EV,West,7/2/2024,5,"Energy used to charge still comes mostly from coal in my region, defeats the purpose somewhat. Touchscreen infotainment system lags and is not very intuitive to use.","Environmental Impact, Software & Connectivity"
EV1737,Social Media,EV Scooter,TVS iQube,Central,3/21/2024,3,"The companion app keeps crashing, needs urgent software updates. No proper information on how battery degrades over time, company should be transparent.","Software & Connectivity, Battery Life & Degradation"
EV1738,Marketplace Review,EV Scooter,Ola S1,East,4/21/2025,4,"Over the air software updates are a great feature, keeps improving over time.",Software & Connectivity
EV1739,Customer Support,EV Car,MG ZS EV,East,2/5/2025,4,"Battery replacement cost is almost half the price of the vehicle, very concerning. Build quality feels premium and the ride is extremely comfortable. Advanced safety features like ABS and traction control give peace of mind.","Battery Life & Degradation, Performance & Ride Quality, Safety Features"
EV1740,Survey,EV Car,Mahindra XUV400,East,5/5/2025,4,"Smart key and app based lock features work flawlessly, very convenient.",Software & Connectivity
EV1741,Customer Support,EV Car,Hyundai Kona,Central,5/10/2024,4,Advanced safety features like ABS and traction control give peace of mind.,Safety Features
EV1742,Survey,EV Scooter,Hero Vida V1,East,3/13/2024,4,Customer support over phone is helpful and resolves issues quickly.,Service & After-Sales
EV1743,Marketplace Review,EV Scooter,Bajaj Chetak,South,9/6/2024,4,"Read reports about battery fires, safety is my biggest concern before buying.",Safety Features
EV1744,Survey,EV Scooter,Bajaj Chetak,East,8/1/2024,3,Contributing to a cleaner city is a big motivation behind going electric.,Environmental Impact
EV1745,Customer Support,EV Scooter,Ampere Magnus,Central,8/29/2024,5,"No proper information on how battery degrades over time, company should be transparent. Charging infrastructure in tier 2 and tier 3 cities is almost non-existent.","Battery Life & Degradation, Charging Infrastructure"
EV1746,Marketplace Review,EV Car,BYD Atto 3,East,4/9/2024,4,"Over the air software updates are a great feature, keeps improving over time.",Software & Connectivity
EV1747,Survey,EV Scooter,Bajaj Chetak,Central,4/21/2024,4,"Concerned about environmental impact of battery disposal and recycling. Storage space under the seat is very limited, not practical for daily use.","Environmental Impact, Design & Aesthetics"
EV1748,Social Media,EV Car,Tata Nexon EV,South,1/1/2024,4,"No proper information on how battery degrades over time, company should be transparent.",Battery Life & Degradation
EV1749,Customer Support,EV Car,Mahindra XUV400,West,4/2/2025,3,Price after subsidy is still higher than a comparable petrol scooter.,Price & Subsidy
EV1750,Customer Support,EV Scooter,TVS iQube,West,12/18/2024,4,"Highway charging stops are rare, long distance travel is a nightmare. I'm always worried about running out of charge before reaching my destination.","Charging Infrastructure, Range Anxiety"
EV1751,Customer Support,EV Scooter,Ola S1,Central,2/24/2024,5,"AC usage kills the range, on hot days I barely get half the claimed distance.",Range Anxiety
EV1752,Survey,EV Car,Hyundai Kona,South,3/18/2025,4,Contributing to a cleaner city is a big motivation behind going electric.,Environmental Impact
EV1753,Marketplace Review,EV Scooter,Hero Vida V1,West,1/25/2025,4,Compact size makes it easy to park and maneuver in city traffic.,Design & Aesthetics
EV1754,Social Media,EV Car,Tesla Model 3,West,5/22/2024,4,Insurance premium for EV is surprisingly high compared to petrol vehicles. The vehicle has good crash test ratings which reassured my purchase decision.,"Price & Subsidy, Safety Features"
EV1755,Customer Support,EV Scooter,Ather 450X,South,5/17/2024,3,"Range drops badly in winter, I lost almost 30% range in cold weather.",Range Anxiety
EV1756,Marketplace Review,EV Car,MG ZS EV,West,5/19/2024,4,Home charging setup was expensive and took weeks to install.,Charging Infrastructure
EV1757,Marketplace Review,EV Scooter,Bajaj Chetak,Central,7/3/2024,4,Navigation system integrated with range prediction is genuinely useful.,Software & Connectivity
EV1758,Marketplace Review,EV Scooter,Ampere Magnus,West,12/29/2024,3,Total cost of ownership is great once you factor in low maintenance and fuel savings.,Price & Subsidy
EV1759,Survey,EV Scooter,Ampere Magnus,Central,5/25/2025,3,EV subsidy scheme in my state got delayed and the discount amount reduced suddenly.,Price & Subsidy
EV1760,Customer Support,EV Scooter,Ampere Magnus,North,2/8/2024,2,"Concerned about environmental impact of battery disposal and recycling. The companion app keeps crashing, needs urgent software updates.","Environmental Impact, Software & Connectivity"
EV1761,Survey,EV Scooter,Hero Vida V1,South,6/23/2025,3,"Spare parts availability is a major issue, waited a month for a replacement part.",Service & After-Sales
EV1762,Survey,EV Car,BYD Atto 3,South,4/28/2025,4,"Charging takes too long, almost 6 hours for a full charge at home.",Charging Infrastructure
EV1763,Survey,EV Car,Hyundai Kona,West,4/9/2025,4,"Emergency braking and collision alert systems work really well in traffic. Touchscreen infotainment system lags and is not very intuitive to use. Braking system feels sharp and responsive, regenerative braking works well.","Safety Features, Software & Connectivity, Performance & Ride Quality"
EV1764,Survey,EV Scooter,Ather 450X,Central,11/7/2024,5,"Switching to EV feels good knowing I'm reducing my carbon footprint. Waiting time for service appointment is too long, more service centers needed.","Environmental Impact, Service & After-Sales"
EV1765,Social Media,EV Scooter,Ampere Magnus,Central,2/22/2024,4,"Had a great experience with the service team, they explained everything clearly.",Service & After-Sales
EV1766,Marketplace Review,EV Car,Hyundai Kona,North,5/9/2024,4,Advanced safety features like ABS and traction control give peace of mind.,Safety Features
EV1767,Social Media,EV Scooter,TVS iQube,Central,10/14/2024,4,Service center staff are not well trained to handle EV specific issues. Switching to EV feels good knowing I'm reducing my carbon footprint.,"Service & After-Sales, Environmental Impact"
EV1768,Social Media,EV Car,BYD Atto 3,West,1/13/2025,4,"No proper information on how battery degrades over time, company should be transparent. There are very few authorized service centers, had to travel 15 km for repair.","Battery Life & Degradation, Service & After-Sales"
EV1769,Survey,EV Car,BYD Atto 3,East,3/27/2024,4,"Battery replacement cost is almost half the price of the vehicle, very concerning. Contributing to a cleaner city is a big motivation behind going electric.","Battery Life & Degradation, Environmental Impact"
EV1770,Marketplace Review,EV Scooter,Ather 450X,South,8/3/2024,3,Concerned about environmental impact of battery disposal and recycling.,Environmental Impact
EV1771,Customer Support,EV Car,Tesla Model 3,North,2/23/2024,3,"Battery replacement cost is almost half the price of the vehicle, very concerning. Bluetooth connectivity drops frequently while riding, very frustrating.","Battery Life & Degradation, Software & Connectivity"
EV1772,Social Media,EV Scooter,Bajaj Chetak,West,2/3/2025,4,Touchscreen infotainment system lags and is not very intuitive to use.,Software & Connectivity
EV1773,Marketplace Review,EV Car,BYD Atto 3,North,10/22/2024,4,"Bluetooth connectivity drops frequently while riding, very frustrating.",Software & Connectivity
EV1774,Survey,EV Scooter,Ampere Magnus,North,6/28/2025,4,"Braking system feels sharp and responsive, regenerative braking works well. Loved the color options and the overall styling of the vehicle.","Performance & Ride Quality, Design & Aesthetics"
EV1775,Survey,EV Scooter,TVS iQube,East,2/4/2025,5,"Smart key and app based lock features work flawlessly, very convenient.",Software & Connectivity
EV1776,Social Media,EV Car,Tesla Model 3,Central,12/11/2024,5,The battery warranty of 20 years gives me confidence in long term reliability.,Battery Life & Degradation
EV1777,Survey,EV Car,Tesla Model 3,North,1/13/2024,5,The design looks futuristic and attracts a lot of attention on the road.,Design & Aesthetics
EV1778,Marketplace Review,EV Car,Tesla Model 3,East,8/12/2024,4,"After sales support has been excellent, quick response and doorstep service.",Service & After-Sales
EV1779,Survey,EV Car,Tata Nexon EV,Central,4/4/2024,3,"Range drops badly in winter, I lost almost 30% range in cold weather. Running cost is much lower than petrol, saving a lot on fuel every month.","Range Anxiety, Price & Subsidy"
EV1780,Social Media,EV Car,BYD Atto 3,West,7/8/2024,5,Home charging setup was expensive and took weeks to install.,Charging Infrastructure
EV1781,Marketplace Review,EV Scooter,TVS iQube,North,4/9/2025,5,"Had a great experience with the service team, they explained everything clearly.",Service & After-Sales
EV1782,Customer Support,EV Scooter,Hero Vida V1,East,6/14/2024,4,"Charging takes too long, almost 6 hours for a full charge at home.",Charging Infrastructure
EV1783,Marketplace Review,EV Car,Mahindra XUV400,East,3/2/2024,4,"There are very few authorized service centers, had to travel 15 km for repair. Switching to EV feels good knowing I'm reducing my carbon footprint.","Service & After-Sales, Environmental Impact"
EV1784,Marketplace Review,EV Scooter,Ather 450X,South,5/18/2025,3,"Highway charging stops are rare, long distance travel is a nightmare. Battery health dropped to 85% within 18 months of daily use.","Charging Infrastructure, Battery Life & Degradation"
EV1785,Customer Support,EV Car,Mahindra XUV400,North,2/5/2024,4,"Charging infrastructure in tier 2 and tier 3 cities is almost non-existent. Switching to EV feels good knowing I'm reducing my carbon footprint. Spare parts availability is a major issue, waited a month for a replacement part.","Charging Infrastructure, Environmental Impact, Service & After-Sales"
EV1786,Survey,EV Car,Tesla Model 3,North,2/3/2025,5,"Waiting time for service appointment is too long, more service centers needed. The battery warranty of 300 years gives me confidence in long term reliability.","Service & After-Sales, Battery Life & Degradation"
EV1787,Marketplace Review,EV Car,BYD Atto 3,West,3/22/2025,5,Compact size makes it easy to park and maneuver in city traffic. Fast charging network needs serious expansion on highways.,"Design & Aesthetics, Charging Infrastructure"
EV1788,Marketplace Review,EV Car,Mahindra XUV400,North,1/2/2025,3,"Noise levels are impressively low, riding experience is very smooth and quiet. Service center staff are not well trained to handle EV specific issues.","Performance & Ride Quality, Service & After-Sales"
EV1789,Customer Support,EV Car,Hyundai Kona,North,4/15/2025,4,"Waiting time for service appointment is too long, more service centers needed.",Service & After-Sales
EV1790,Survey,EV Car,MG ZS EV,West,7/14/2024,4,"Waiting time for service appointment is too long, more service centers needed. Build materials feel sturdy but the design is a bit too plain compared to rivals. Love the app that shows nearby charging stations, very convenient feature.","Service & After-Sales, Design & Aesthetics, Charging Infrastructure"
EV1791,Marketplace Review,EV Scooter,Ola S1,South,5/23/2024,3,"Claimed range of 80 km is misleading, actual range is way less in city traffic.",Range Anxiety
EV1792,Marketplace Review,EV Car,Mahindra XUV400,North,11/11/2024,5,Navigation system integrated with range prediction is genuinely useful.,Software & Connectivity
EV1793,Survey,EV Scooter,Ola S1,East,2/27/2024,4,Acceleration is smooth and instant torque makes overtaking effortless.,Performance & Ride Quality
EV1794,Social Media,EV Scooter,Ola S1,Central,4/14/2025,4,"Read reports about battery fires, safety is my biggest concern before buying.",Safety Features
EV1795,Survey,EV Car,Tata Nexon EV,South,5/15/2025,3,"The real world range is much lower than advertised, I only get 150 km on a full charge. Software glitches caused the dashboard to freeze twice in a month.","Range Anxiety, Software & Connectivity"
EV1796,Social Media,EV Car,Tata Nexon EV,North,11/10/2024,4,Charging infrastructure in tier 2 and tier 3 cities is almost non-existent.,Charging Infrastructure
EV1797,Survey,EV Car,BYD Atto 3,North,4/26/2024,4,"The companion app keeps crashing, needs urgent software updates. Price after subsidy is still higher than a comparable petrol scooter.","Software & Connectivity, Price & Subsidy"
EV1798,Marketplace Review,EV Scooter,TVS iQube,East,5/3/2024,4,"Concerned about environmental impact of battery disposal and recycling. Read reports about battery fires, safety is my biggest concern before buying. Worried about battery degradation and replacement cost after warranty ends.","Environmental Impact, Safety Features, Battery Life & Degradation"
EV1799,Survey,EV Car,Hyundai Kona,North,10/7/2024,3,"Battery replacement cost is almost half the price of the vehicle, very concerning.",Battery Life & Degradation
EV1800,Customer Support,EV Car,Tesla Model 3,Central,6/17/2024,4,Navigation system integrated with range prediction is genuinely useful. The upfront price is high but government subsidy makes it affordable.,"Software & Connectivity, Price & Subsidy"
EV1801,Marketplace Review,EV Car,Tata Nexon EV,South,1/17/2024,4,"The companion app keeps crashing, needs urgent software updates. Finding a working charging station in my city is still very difficult.","Software & Connectivity, Charging Infrastructure"
EV1802,Customer Support,EV Car,Tata Nexon EV,West,5/2/2025,4,Battery health dropped to 85% within 18 months of daily use.,Battery Life & Degradation
EV1803,Customer Support,EV Car,Tesla Model 3,Central,4/6/2025,4,Compact size makes it easy to park and maneuver in city traffic. The upfront price is high but government subsidy makes it affordable. Battery performance is stable even after two years of heavy usage.,"Design & Aesthetics, Price & Subsidy, Battery Life & Degradation"
EV1804,Marketplace Review,EV Car,Tesla Model 3,Central,3/31/2024,4,"After sales support has been excellent, quick response and doorstep service.",Service & After-Sales
EV1805,Social Media,EV Scooter,Ola S1,South,4/30/2024,4,"Heard about a thermal runaway incident, this has shaken my trust in EV safety. Love the app that shows nearby charging stations, very convenient feature.","Safety Features, Charging Infrastructure"
EV1806,Social Media,EV Car,Mahindra XUV400,East,2/24/2024,4,Total cost of ownership is great once you factor in low maintenance and fuel savings. Charging infrastructure in tier 2 and tier 3 cities is almost non-existent.,"Price & Subsidy, Charging Infrastructure"
EV1807,Social Media,EV Scooter,Ather 450X,North,2/25/2024,3,"The motor is powerful and pickup is much better than petrol variants. Spare parts availability is a major issue, waited a month for a replacement part.","Performance & Ride Quality, Service & After-Sales"
EV1808,Marketplace Review,EV Scooter,TVS iQube,North,4/16/2024,5,"I'm always worried about running out of charge before reaching my destination. Read reports about battery fires, safety is my biggest concern before buying.","Range Anxiety, Safety Features"
EV1809,Survey,EV Car,Mahindra XUV400,North,8/28/2024,5,Navigation system integrated with range prediction is genuinely useful.,Software & Connectivity
EV1810,Social Media,EV Scooter,Bajaj Chetak,East,8/23/2024,5,"Love the app that shows nearby charging stations, very convenient feature.",Charging Infrastructure
EV1811,Social Media,EV Car,Tata Nexon EV,West,7/23/2024,5,"The design looks futuristic and attracts a lot of attention on the road. For the price, I expected better build quality and more features.","Design & Aesthetics, Price & Subsidy"
EV1812,Marketplace Review,EV Scooter,Ola S1,South,8/9/2024,3,"Zero tailpipe emissions is the main reason I chose an electric vehicle. Bluetooth connectivity drops frequently while riding, very frustrating.","Environmental Impact, Software & Connectivity"
EV1813,Marketplace Review,EV Scooter,Ather 450X,South,1/2/2025,4,"There are very few authorized service centers, had to travel 250 km for repair.",Service & After-Sales
EV1814,Survey,EV Car,Tata Nexon EV,East,5/19/2024,5,Charging infrastructure in tier 2 and tier 3 cities is almost non-existent.,Charging Infrastructure
EV1815,Social Media,EV Scooter,Bajaj Chetak,East,8/13/2024,3,"Customer support over phone is helpful and resolves issues quickly. Battery performance is stable even after two years of heavy usage. Read reports about battery fires, safety is my biggest concern before buying.","Service & After-Sales, Battery Life & Degradation, Safety Features"
EV1816,Marketplace Review,EV Car,Mahindra XUV400,South,4/29/2025,5,Touchscreen infotainment system lags and is not very intuitive to use.,Software & Connectivity
EV1817,Marketplace Review,EV Car,Tesla Model 3,South,9/10/2024,4,"Noise levels are impressively low, riding experience is very smooth and quiet.",Performance & Ride Quality
EV1818,Social Media,EV Car,BYD Atto 3,Central,1/6/2024,5,The design looks futuristic and attracts a lot of attention on the road. Battery range degrades faster than expected after just one year of use.,"Design & Aesthetics, Range Anxiety"
EV1819,Marketplace Review,EV Car,Mahindra XUV400,West,4/10/2024,4,"Bluetooth connectivity drops frequently while riding, very frustrating.",Software & Connectivity
EV1820,Survey,EV Car,Tata Nexon EV,West,8/11/2024,4,The battery warranty of 200 years gives me confidence in long term reliability.,Battery Life & Degradation
EV1821,Survey,EV Car,Tesla Model 3,North,5/6/2025,5,"There are very few authorized service centers, had to travel 5 km for repair.",Service & After-Sales
EV1822,Survey,EV Scooter,Ampere Magnus,West,4/19/2025,3,"Battery health dropped to 85% within 18 months of daily use. LED lighting and digital dashboard give it a premium, modern look.","Battery Life & Degradation, Design & Aesthetics"
EV1823,Marketplace Review,EV Scooter,Hero Vida V1,North,3/13/2024,4,Build materials feel sturdy but the design is a bit too plain compared to rivals.,Design & Aesthetics
EV1824,Survey,EV Scooter,Ampere Magnus,East,3/12/2025,4,"Waiting time for service appointment is too long, more service centers needed.",Service & After-Sales
EV1825,Survey,EV Car,Tesla Model 3,Central,12/9/2024,3,"AC usage kills the range, on hot days I barely get half the claimed distance. Advanced safety features like ABS and traction control give peace of mind.","Range Anxiety, Safety Features"
EV1826,Customer Support,EV Car,Mahindra XUV400,West,2/11/2024,3,"Suspension is too stiff, ride quality is uncomfortable on bad roads. Energy used to charge still comes mostly from coal in my region, defeats the purpose somewhat.","Performance & Ride Quality, Environmental Impact"
EV1827,Social Media,EV Car,BYD Atto 3,South,12/8/2024,5,"Running cost is much lower than petrol, saving a lot on fuel every month.",Price & Subsidy
EV1828,Social Media,EV Scooter,Hero Vida V1,South,11/24/2024,5,"Noise levels are impressively low, riding experience is very smooth and quiet. After sales support has been excellent, quick response and doorstep service.","Performance & Ride Quality, Service & After-Sales"
EV1829,Customer Support,EV Car,Tata Nexon EV,East,4/8/2025,4,Navigation system integrated with range prediction is genuinely useful.,Software & Connectivity
EV1830,Customer Support,EV Car,Mahindra XUV400,West,1/11/2025,5,"Charging infrastructure in tier 2 and tier 3 cities is almost non-existent. Running cost is much lower than petrol, saving a lot on fuel every month.","Charging Infrastructure, Price & Subsidy"
EV1831,Social Media,EV Car,Mahindra XUV400,East,3/19/2024,4,Home charging setup was expensive and took weeks to install.,Charging Infrastructure
EV1832,Social Media,EV Scooter,Ola S1,West,6/3/2024,5,The upfront price is high but government subsidy makes it affordable. The vehicle has good crash test ratings which reassured my purchase decision.,"Price & Subsidy, Safety Features"
EV1833,Social Media,EV Scooter,Hero Vida V1,West,12/21/2024,5,Build materials feel sturdy but the design is a bit too plain compared to rivals. Software glitches caused the dashboard to freeze twice in a month.,"Design & Aesthetics, Software & Connectivity"
EV1834,Social Media,EV Car,Hyundai Kona,North,1/23/2024,3,"Resale value of electric vehicles is still uncertain, worried about depreciation. Emergency braking and collision alert systems work really well in traffic.","Price & Subsidy, Safety Features"
EV1835,Customer Support,EV Scooter,Hero Vida V1,West,6/26/2025,5,Emergency braking and collision alert systems work really well in traffic. Touchscreen infotainment system lags and is not very intuitive to use.,"Safety Features, Software & Connectivity"
EV1836,Social Media,EV Car,Hyundai Kona,East,8/20/2024,5,Touchscreen infotainment system lags and is not very intuitive to use.,Software & Connectivity
EV1837,Social Media,EV Scooter,Ola S1,East,10/18/2024,4,Navigation system integrated with range prediction is genuinely useful. Battery health dropped to 85% within 18 months of daily use.,"Software & Connectivity, Battery Life & Degradation"
EV1838,Social Media,EV Scooter,Ather 450X,South,6/14/2024,2,"The upfront price is high but government subsidy makes it affordable. Love the app that shows nearby charging stations, very convenient feature.","Price & Subsidy, Charging Infrastructure"
EV1839,Customer Support,EV Car,Mahindra XUV400,East,7/7/2024,4,The upfront price is high but government subsidy makes it affordable.,Price & Subsidy
EV1840,Social Media,EV Scooter,TVS iQube,East,4/4/2025,4,"Read reports about battery fires, safety is my biggest concern before buying.",Safety Features
EV1841,Survey,EV Scooter,Ola S1,West,5/26/2025,4,"Battery replacement cost is almost half the price of the vehicle, very concerning.",Battery Life & Degradation
EV1842,Survey,EV Scooter,Ather 450X,Central,6/3/2025,4,"Build quality feels premium and the ride is extremely comfortable. After sales support has been excellent, quick response and doorstep service.","Performance & Ride Quality, Service & After-Sales"
EV1843,Marketplace Review,EV Car,BYD Atto 3,East,4/25/2024,4,"The companion app keeps crashing, needs urgent software updates.",Software & Connectivity
EV1844,Survey,EV Car,Tesla Model 3,East,1/26/2024,3,"Storage space under the seat is very limited, not practical for daily use. Resale value of electric vehicles is still uncertain, worried about depreciation.","Design & Aesthetics, Price & Subsidy"
EV1845,Survey,EV Car,Hyundai Kona,Central,7/18/2024,4,"Energy used to charge still comes mostly from coal in my region, defeats the purpose somewhat.",Environmental Impact
EV1846,Social Media,EV Car,Hyundai Kona,North,3/26/2024,5,Stability control on wet roads is impressive and inspires confidence. Software glitches caused the dashboard to freeze twice in a month.,"Safety Features, Software & Connectivity"
EV1847,Marketplace Review,EV Car,BYD Atto 3,South,5/17/2025,3,Acceleration is smooth and instant torque makes overtaking effortless. Stability control on wet roads is impressive and inspires confidence.,"Performance & Ride Quality, Safety Features"
EV1848,Social Media,EV Scooter,Bajaj Chetak,West,1/13/2025,3,Loved the color options and the overall styling of the vehicle.,Design & Aesthetics
EV1849,Customer Support,EV Car,Hyundai Kona,East,11/11/2024,3,"Smart key and app based lock features work flawlessly, very convenient.",Software & Connectivity
EV1850,Marketplace Review,EV Car,MG ZS EV,West,3/29/2025,4,"There are very few authorized service centers, had to travel 8 km for repair.",Service & After-Sales
EV1851,Marketplace Review,EV Scooter,Hero Vida V1,South,3/29/2024,5,Battery health dropped to 85% within 18 months of daily use.,Battery Life & Degradation
EV1852,Customer Support,EV Scooter,Bajaj Chetak,North,1/19/2025,4,Finding a working charging station in my city is still very difficult.,Charging Infrastructure
EV1853,Customer Support,EV Scooter,Hero Vida V1,West,6/28/2024,4,Stability control on wet roads is impressive and inspires confidence. Navigation system integrated with range prediction is genuinely useful.,"Safety Features, Software & Connectivity"
EV1854,Social Media,EV Car,MG ZS EV,West,10/23/2024,4,Emergency braking and collision alert systems work really well in traffic.,Safety Features
EV1855,Customer Support,EV Car,Hyundai Kona,West,4/19/2025,5,The upfront price is high but government subsidy makes it affordable.,Price & Subsidy
EV1856,Customer Support,EV Car,MG ZS EV,East,4/28/2025,4,"Charging takes too long, almost 6 hours for a full charge at home.",Charging Infrastructure
EV1857,Marketplace Review,EV Scooter,Ather 450X,South,1/30/2024,4,"Charging takes too long, almost 6 hours for a full charge at home.",Charging Infrastructure
EV1858,Customer Support,EV Scooter,Ola S1,Central,5/7/2025,5,Contributing to a cleaner city is a big motivation behind going electric.,Environmental Impact
EV1859,Marketplace Review,EV Scooter,Hero Vida V1,North,1/17/2025,5,Stability control on wet roads is impressive and inspires confidence.,Safety Features
EV1860,Social Media,EV Car,Hyundai Kona,Central,2/29/2024,4,"Battery replacement cost is almost half the price of the vehicle, very concerning. Suspension is too stiff, ride quality is uncomfortable on bad roads.","Battery Life & Degradation, Performance & Ride Quality"
EV1861,Survey,EV Scooter,Ather 450X,East,1/4/2025,4,"The design looks futuristic and attracts a lot of attention on the road. Braking system feels sharp and responsive, regenerative braking works well.","Design & Aesthetics, Performance & Ride Quality"
EV1862,Survey,EV Scooter,Ampere Magnus,Central,7/17/2024,4,"Battery performance is stable even after two years of heavy usage. Love the app that shows nearby charging stations, very convenient feature. Concerned about environmental impact of battery disposal and recycling.","Battery Life & Degradation, Charging Infrastructure, Environmental Impact"
EV1863,Customer Support,EV Scooter,TVS iQube,North,12/26/2024,3,Worried about battery degradation and replacement cost after warranty ends.,Battery Life & Degradation
EV1864,Customer Support,EV Car,BYD Atto 3,East,5/11/2025,4,The design looks futuristic and attracts a lot of attention on the road. The motor is powerful and pickup is much better than petrol variants. Battery health dropped to 85% within 18 months of daily use.,"Design & Aesthetics, Performance & Ride Quality, Battery Life & Degradation"
EV1865,Survey,EV Car,MG ZS EV,West,4/16/2025,4,Home charging setup was expensive and took weeks to install. Switching to EV feels good knowing I'm reducing my carbon footprint.,"Charging Infrastructure, Environmental Impact"
EV1866,Customer Support,EV Scooter,TVS iQube,East,5/22/2024,4,Navigation system integrated with range prediction is genuinely useful.,Software & Connectivity
EV1867,Customer Support,EV Scooter,Ather 450X,North,5/1/2024,4,Total cost of ownership is great once you factor in low maintenance and fuel savings.,Price & Subsidy
EV1868,Social Media,EV Car,Tesla Model 3,East,5/8/2024,4,"Insurance premium for EV is surprisingly high compared to petrol vehicles. No proper information on how battery degrades over time, company should be transparent. Public chargers are often broken or occupied, need more charging stations urgently.","Price & Subsidy, Battery Life & Degradation, Charging Infrastructure"
EV1869,Marketplace Review,EV Car,Tata Nexon EV,West,2/13/2024,3,"Running cost is much lower than petrol, saving a lot on fuel every month.",Price & Subsidy
EV1870,Survey,EV Car,Tesla Model 3,West,5/1/2024,4,Service center staff are not well trained to handle EV specific issues.,Service & After-Sales
EV1871,Survey,EV Car,Hyundai Kona,North,5/6/2024,4,"Energy used to charge still comes mostly from coal in my region, defeats the purpose somewhat. Price after subsidy is still higher than a comparable petrol scooter.","Environmental Impact, Price & Subsidy"
EV1872,Customer Support,EV Car,Tesla Model 3,North,4/2/2024,4,"The battery warranty of 120 years gives me confidence in long term reliability. Had a great experience with the service team, they explained everything clearly. The motor is powerful and pickup is much better than petrol variants.","Battery Life & Degradation, Service & After-Sales, Performance & Ride Quality"
EV1873,Survey,EV Car,Tata Nexon EV,Central,8/10/2024,3,EV subsidy scheme in my state got delayed and the discount amount reduced suddenly.,Price & Subsidy
EV1874,Survey,EV Car,BYD Atto 3,North,8/7/2024,3,The vehicle has good crash test ratings which reassured my purchase decision. Software glitches caused the dashboard to freeze twice in a month.,"Safety Features, Software & Connectivity"
EV1875,Survey,EV Car,Mahindra XUV400,South,12/29/2024,4,"Interior quality feels cheap for the price point, needs improvement. Energy used to charge still comes mostly from coal in my region, defeats the purpose somewhat.","Design & Aesthetics, Environmental Impact"
EV1876,Survey,EV Car,Mahindra XUV400,East,5/6/2024,4,"The companion app keeps crashing, needs urgent software updates.",Software & Connectivity
EV1877,Customer Support,EV Car,Mahindra XUV400,East,2/11/2024,4,"Love the app that shows nearby charging stations, very convenient feature.",Charging Infrastructure
EV1878,Marketplace Review,EV Scooter,Ola S1,East,4/12/2025,4,Concerned about environmental impact of battery disposal and recycling.,Environmental Impact
EV1879,Marketplace Review,EV Scooter,Ather 450X,East,3/14/2025,4,"Running cost is much lower than petrol, saving a lot on fuel every month.",Price & Subsidy
EV1880,Customer Support,EV Scooter,Hero Vida V1,South,1/14/2024,4,"Bluetooth connectivity drops frequently while riding, very frustrating. Charging infrastructure in tier 2 and tier 3 cities is almost non-existent.","Software & Connectivity, Charging Infrastructure"
EV1881,Social Media,EV Car,Tata Nexon EV,West,2/14/2025,5,Switching to EV feels good knowing I'm reducing my carbon footprint.,Environmental Impact
EV1882,Customer Support,EV Car,Tata Nexon EV,South,12/12/2024,3,"Running cost is much lower than petrol, saving a lot on fuel every month. Interior quality feels cheap for the price point, needs improvement.","Price & Subsidy, Design & Aesthetics"
EV1883,Marketplace Review,EV Scooter,Hero Vida V1,East,10/6/2024,4,"Storage space under the seat is very limited, not practical for daily use. Noise levels are impressively low, riding experience is very smooth and quiet.","Design & Aesthetics, Performance & Ride Quality"
EV1884,Customer Support,EV Scooter,Ampere Magnus,South,4/10/2025,4,"Public chargers are often broken or occupied, need more charging stations urgently.",Charging Infrastructure
EV1885,Marketplace Review,EV Scooter,Bajaj Chetak,South,5/17/2024,3,"Range drops badly in winter, I lost almost 30% range in cold weather.",Range Anxiety
EV1886,Marketplace Review,EV Car,Tata Nexon EV,North,7/2/2024,4,Compact size makes it easy to park and maneuver in city traffic.,Design & Aesthetics
EV1887,Customer Support,EV Scooter,Ather 450X,Central,4/8/2024,5,Charging infrastructure in tier 2 and tier 3 cities is almost non-existent.,Charging Infrastructure
EV1888,Customer Support,EV Scooter,Ather 450X,West,5/17/2025,3,"Heard about a thermal runaway incident, this has shaken my trust in EV safety. After sales support has been excellent, quick response and doorstep service.","Safety Features, Service & After-Sales"
EV1889,Marketplace Review,EV Car,Tata Nexon EV,North,1/27/2025,4,Touchscreen infotainment system lags and is not very intuitive to use.,Software & Connectivity
EV1890,Marketplace Review,EV Scooter,Bajaj Chetak,North,2/3/2024,4,"No proper information on how battery degrades over time, company should be transparent. The vehicle has good crash test ratings which reassured my purchase decision.","Battery Life & Degradation, Safety Features"
EV1891,Marketplace Review,EV Car,Mahindra XUV400,South,11/15/2024,4,"LED lighting and digital dashboard give it a premium, modern look. The companion app keeps crashing, needs urgent software updates.","Design & Aesthetics, Software & Connectivity"
EV1892,Marketplace Review,EV Scooter,Hero Vida V1,West,6/9/2024,4,Advanced safety features like ABS and traction control give peace of mind.,Safety Features
EV1893,Marketplace Review,EV Scooter,TVS iQube,Central,1/21/2025,4,Concerned about environmental impact of battery disposal and recycling.,Environmental Impact
EV1894,Survey,EV Scooter,TVS iQube,North,2/16/2024,3,The battery warranty of 8 years gives me confidence in long term reliability. Acceleration is smooth and instant torque makes overtaking effortless.,"Battery Life & Degradation, Performance & Ride Quality"
EV1895,Survey,EV Scooter,Bajaj Chetak,West,12/19/2024,4,Top speed is decent for city use but not enough for highway cruising. The design looks futuristic and attracts a lot of attention on the road.,"Performance & Ride Quality, Design & Aesthetics"
EV1896,Social Media,EV Car,MG ZS EV,East,3/27/2024,4,"Public chargers are often broken or occupied, need more charging stations urgently. After sales support has been excellent, quick response and doorstep service.","Charging Infrastructure, Service & After-Sales"
EV1897,Customer Support,EV Car,Tata Nexon EV,North,4/16/2025,5,Compact size makes it easy to park and maneuver in city traffic.,Design & Aesthetics
EV1898,Survey,EV Scooter,TVS iQube,West,1/23/2024,4,Top speed is decent for city use but not enough for highway cruising. Compact size makes it easy to park and maneuver in city traffic. Advanced safety features like ABS and traction control give peace of mind.,"Performance & Ride Quality, Design & Aesthetics, Safety Features"
EV1899,Social Media,EV Scooter,Ola S1,East,5/23/2025,3,"Heard about a thermal runaway incident, this has shaken my trust in EV safety. Braking system feels sharp and responsive, regenerative braking works well. The battery warranty of 300 years gives me confidence in long term reliability.","Safety Features, Performance & Ride Quality, Battery Life & Degradation"
EV1900,Survey,EV Car,Mahindra XUV400,Central,8/7/2024,4,"After sales support has been excellent, quick response and doorstep service.",Service & After-Sales
EV1901,Marketplace Review,EV Car,Hyundai Kona,South,4/4/2024,4,"Energy used to charge still comes mostly from coal in my region, defeats the purpose somewhat. Love the app that shows nearby charging stations, very convenient feature.","Environmental Impact, Charging Infrastructure"
EV1902,Marketplace Review,EV Scooter,Ola S1,West,8/2/2024,5,"Braking system feels sharp and responsive, regenerative braking works well. Charging takes too long, almost 6 hours for a full charge at home.","Performance & Ride Quality, Charging Infrastructure"
EV1903,Customer Support,EV Scooter,Hero Vida V1,South,2/28/2025,4,"Build materials feel sturdy but the design is a bit too plain compared to rivals. Had a great experience with the service team, they explained everything clearly. Navigation system integrated with range prediction is genuinely useful.","Design & Aesthetics, Service & After-Sales, Software & Connectivity"
EV1904,Social Media,EV Car,Tata Nexon EV,Central,5/26/2025,3,"For the price, I expected better build quality and more features.",Price & Subsidy
EV1905,Marketplace Review,EV Scooter,Hero Vida V1,Central,3/2/2024,4,"The vehicle has good crash test ratings which reassured my purchase decision. For the price, I expected better build quality and more features.","Safety Features, Price & Subsidy"
EV1906,Social Media,EV Car,MG ZS EV,East,3/21/2025,5,"LED lighting and digital dashboard give it a premium, modern look. Handling and stability at high speed feels very confident and safe.","Design & Aesthetics, Performance & Ride Quality"
EV1907,Customer Support,EV Car,Mahindra XUV400,East,6/13/2024,5,"Waiting time for service appointment is too long, more service centers needed.",Service & After-Sales
EV1908,Social Media,EV Car,Mahindra XUV400,North,6/2/2024,3,EV subsidy scheme in my state got delayed and the discount amount reduced suddenly. Battery range degrades faster than expected after just one year of use. Contributing to a cleaner city is a big motivation behind going electric.,"Price & Subsidy, Range Anxiety, Environmental Impact"
EV1909,Survey,EV Scooter,Bajaj Chetak,South,6/12/2024,4,Service center staff are not well trained to handle EV specific issues. The battery warranty of 8 years gives me confidence in long term reliability.,"Service & After-Sales, Battery Life & Degradation"
EV1910,Social Media,EV Scooter,Hero Vida V1,North,5/12/2025,4,"Range drops badly in winter, I lost almost 30% range in cold weather. Concerned about environmental impact of battery disposal and recycling.","Range Anxiety, Environmental Impact"
EV1911,Marketplace Review,EV Scooter,Ola S1,East,4/2/2024,4,"The design looks futuristic and attracts a lot of attention on the road. Battery performance is stable even after two years of heavy usage. Running cost is much lower than petrol, saving a lot on fuel every month.","Design & Aesthetics, Battery Life & Degradation, Price & Subsidy"
EV1912,Survey,EV Scooter,Bajaj Chetak,South,5/5/2024,4,Top speed is decent for city use but not enough for highway cruising.,Performance & Ride Quality
EV1913,Social Media,EV Scooter,Hero Vida V1,West,8/11/2024,4,Battery health dropped to 85% within 18 months of daily use. Fast charging network needs serious expansion on highways.,"Battery Life & Degradation, Charging Infrastructure"
EV1914,Marketplace Review,EV Scooter,Bajaj Chetak,East,2/27/2024,4,Touchscreen infotainment system lags and is not very intuitive to use. Stability control on wet roads is impressive and inspires confidence.,"Software & Connectivity, Safety Features"
EV1915,Marketplace Review,EV Car,Hyundai Kona,West,9/9/2024,3,"After sales support has been excellent, quick response and doorstep service. Battery replacement cost is almost half the price of the vehicle, very concerning.","Service & After-Sales, Battery Life & Degradation"
EV1916,Survey,EV Scooter,TVS iQube,Central,2/5/2024,4,"Claimed range of 200 km is misleading, actual range is way less in city traffic.",Range Anxiety
EV1917,Customer Support,EV Scooter,TVS iQube,North,8/30/2024,4,"Bluetooth connectivity drops frequently while riding, very frustrating.",Software & Connectivity
EV1918,Customer Support,EV Car,Mahindra XUV400,East,4/2/2024,4,"Total cost of ownership is great once you factor in low maintenance and fuel savings. Spare parts availability is a major issue, waited a month for a replacement part. Concerned about environmental impact of battery disposal and recycling.","Price & Subsidy, Service & After-Sales, Environmental Impact"
EV1919,Customer Support,EV Scooter,Ola S1,North,5/18/2025,4,"Smart key and app based lock features work flawlessly, very convenient. Loved the color options and the overall styling of the vehicle.","Software & Connectivity, Design & Aesthetics"
EV1920,Social Media,EV Scooter,Ola S1,East,6/2/2025,3,"Highway charging stops are rare, long distance travel is a nightmare. Top speed is decent for city use but not enough for highway cruising.","Charging Infrastructure, Performance & Ride Quality"
EV1921,Survey,EV Scooter,Hero Vida V1,North,7/7/2024,4,"Smart key and app based lock features work flawlessly, very convenient.",Software & Connectivity
EV1922,Marketplace Review,EV Car,Tata Nexon EV,South,11/8/2024,5,Handling and stability at high speed feels very confident and safe. Home charging setup was expensive and took weeks to install.,"Performance & Ride Quality, Charging Infrastructure"
EV1923,Social Media,EV Car,BYD Atto 3,Central,2/24/2025,4,"Build quality feels premium and the ride is extremely comfortable. Smart key and app based lock features work flawlessly, very convenient.","Performance & Ride Quality, Software & Connectivity"
EV1924,Social Media,EV Car,Hyundai Kona,Central,12/1/2024,4,"There are very few authorized service centers, had to travel 100 km for repair.",Service & After-Sales
EV1925,Social Media,EV Scooter,TVS iQube,West,1/21/2025,4,Switching to EV feels good knowing I'm reducing my carbon footprint. The upfront price is high but government subsidy makes it affordable.,"Environmental Impact, Price & Subsidy"
EV1926,Marketplace Review,EV Car,Tata Nexon EV,South,9/25/2024,5,"Battery replacement cost is almost half the price of the vehicle, very concerning. For daily commute the range is fine but long trips are stressful because of low range.","Battery Life & Degradation, Range Anxiety"
EV1927,Survey,EV Scooter,Ather 450X,East,6/23/2024,4,Switching to EV feels good knowing I'm reducing my carbon footprint.,Environmental Impact
EV1928,Marketplace Review,EV Car,Tesla Model 3,West,5/21/2025,4,Fast charging network needs serious expansion on highways.,Charging Infrastructure
EV1929,Customer Support,EV Car,MG ZS EV,East,5/21/2025,5,"Interior quality feels cheap for the price point, needs improvement.",Design & Aesthetics
EV1930,Social Media,EV Scooter,Ather 450X,East,7/12/2024,4,"Interior quality feels cheap for the price point, needs improvement.",Design & Aesthetics
EV1931,Survey,EV Scooter,Ather 450X,East,9/25/2024,5,"For the price, I expected better build quality and more features.",Price & Subsidy
EV1932,Marketplace Review,EV Car,Hyundai Kona,North,1/11/2024,4,"Smart key and app based lock features work flawlessly, very convenient. The battery warranty of 5 years gives me confidence in long term reliability.","Software & Connectivity, Battery Life & Degradation"
EV1933,Social Media,EV Scooter,Hero Vida V1,West,3/9/2025,4,Concerned about environmental impact of battery disposal and recycling.,Environmental Impact
EV1934,Survey,EV Car,Tata Nexon EV,North,12/6/2024,5,"For the price, I expected better build quality and more features.",Price & Subsidy
EV1935,Survey,EV Scooter,Ampere Magnus,North,9/16/2024,5,"The vehicle has good crash test ratings which reassured my purchase decision. Storage space under the seat is very limited, not practical for daily use.","Safety Features, Design & Aesthetics"
EV1936,Survey,EV Scooter,Ather 450X,Central,7/2/2024,4,"There are very few authorized service centers, had to travel 20 km for repair.",Service & After-Sales
EV1937,Marketplace Review,EV Scooter,TVS iQube,South,4/1/2024,5,"Suspension is too stiff, ride quality is uncomfortable on bad roads. The vehicle has good crash test ratings which reassured my purchase decision. The design looks futuristic and attracts a lot of attention on the road.","Performance & Ride Quality, Safety Features, Design & Aesthetics"
EV1938,Social Media,EV Scooter,Ola S1,West,10/14/2024,4,"Braking system feels sharp and responsive, regenerative braking works well. Loved the color options and the overall styling of the vehicle.","Performance & Ride Quality, Design & Aesthetics"
EV1939,Customer Support,EV Scooter,Ampere Magnus,West,6/17/2024,4,Build quality feels premium and the ride is extremely comfortable.,Performance & Ride Quality
EV1940,Marketplace Review,EV Car,BYD Atto 3,North,7/12/2024,4,Battery health dropped to 85% within 18 months of daily use. I'm always worried about running out of charge before reaching my destination.,"Battery Life & Degradation, Range Anxiety"
EV1941,Customer Support,EV Car,Mahindra XUV400,South,4/23/2025,4,"Storage space under the seat is very limited, not practical for daily use. Finding a working charging station in my city is still very difficult.","Design & Aesthetics, Charging Infrastructure"
EV1942,Marketplace Review,EV Scooter,TVS iQube,West,5/19/2025,5,Home charging setup was expensive and took weeks to install.,Charging Infrastructure
EV1943,Survey,EV Car,Hyundai Kona,South,10/17/2024,5,Battery health dropped to 85% within 18 months of daily use.,Battery Life & Degradation
EV1944,Social Media,EV Scooter,Ampere Magnus,Central,1/5/2024,4,"Heard about a thermal runaway incident, this has shaken my trust in EV safety.",Safety Features
EV1945,Survey,EV Car,Mahindra XUV400,South,5/25/2025,3,"Charging takes too long, almost 6 hours for a full charge at home. Handling and stability at high speed feels very confident and safe. For daily commute the range is fine but long trips are stressful because of low range.","Charging Infrastructure, Performance & Ride Quality, Range Anxiety"
EV1946,Survey,EV Scooter,Ampere Magnus,East,6/6/2024,5,Battery range degrades faster than expected after just one year of use. Charging infrastructure in tier 2 and tier 3 cities is almost non-existent.,"Range Anxiety, Charging Infrastructure"
EV1947,Customer Support,EV Scooter,Hero Vida V1,Central,1/6/2024,5,"Build quality feels premium and the ride is extremely comfortable. AC usage kills the range, on hot days I barely get half the claimed distance.","Performance & Ride Quality, Range Anxiety"
EV1948,Survey,EV Car,MG ZS EV,East,11/26/2024,4,"Range drops badly in winter, I lost almost 30% range in cold weather.",Range Anxiety
EV1949,Marketplace Review,EV Scooter,Ola S1,East,7/1/2024,4,"Running cost is much lower than petrol, saving a lot on fuel every month. The design looks futuristic and attracts a lot of attention on the road.","Price & Subsidy, Design & Aesthetics"
EV1950,Marketplace Review,EV Car,MG ZS EV,West,10/18/2024,3,Worried about battery degradation and replacement cost after warranty ends.,Battery Life & Degradation
EV1951,Marketplace Review,EV Scooter,Bajaj Chetak,East,5/14/2024,2,Top speed is decent for city use but not enough for highway cruising. Fast charging network needs serious expansion on highways.,"Performance & Ride Quality, Charging Infrastructure"
EV1952,Marketplace Review,EV Scooter,Bajaj Chetak,West,10/1/2024,4,"Energy used to charge still comes mostly from coal in my region, defeats the purpose somewhat.",Environmental Impact
EV1953,Marketplace Review,EV Scooter,Ola S1,East,7/9/2024,4,Build materials feel sturdy but the design is a bit too plain compared to rivals.,Design & Aesthetics
EV1954,Survey,EV Scooter,Ola S1,Central,12/15/2024,4,Software glitches caused the dashboard to freeze twice in a month.,Software & Connectivity
EV1955,Social Media,EV Car,Tesla Model 3,West,6/23/2025,4,The vehicle has good crash test ratings which reassured my purchase decision. Charging infrastructure in tier 2 and tier 3 cities is almost non-existent.,"Safety Features, Charging Infrastructure"
EV1956,Marketplace Review,EV Scooter,Ola S1,East,6/1/2024,4,"No proper information on how battery degrades over time, company should be transparent.",Battery Life & Degradation
EV1957,Marketplace Review,EV Scooter,Ather 450X,East,2/18/2024,4,"Advanced safety features like ABS and traction control give peace of mind. Public chargers are often broken or occupied, need more charging stations urgently.","Safety Features, Charging Infrastructure"
EV1958,Survey,EV Scooter,Bajaj Chetak,West,9/16/2024,5,"Braking system feels sharp and responsive, regenerative braking works well.",Performance & Ride Quality
EV1959,Survey,EV Car,BYD Atto 3,North,4/18/2025,4,Battery health dropped to 85% within 18 months of daily use.,Battery Life & Degradation
EV1960,Survey,EV Scooter,Ola S1,West,10/31/2024,4,Build quality feels premium and the ride is extremely comfortable. Navigation system integrated with range prediction is genuinely useful.,"Performance & Ride Quality, Software & Connectivity"
EV1961,Social Media,EV Scooter,TVS iQube,South,7/8/2024,4,"Charging takes too long, almost 6 hours for a full charge at home.",Charging Infrastructure
EV1962,Survey,EV Car,Mahindra XUV400,North,2/8/2025,3,Finding a working charging station in my city is still very difficult.,Charging Infrastructure
EV1963,Marketplace Review,EV Car,Tesla Model 3,West,2/18/2025,4,Concerned about environmental impact of battery disposal and recycling. Navigation system integrated with range prediction is genuinely useful.,"Environmental Impact, Software & Connectivity"
EV1964,Marketplace Review,EV Scooter,Hero Vida V1,East,3/30/2024,5,Battery health dropped to 85% within 18 months of daily use.,Battery Life & Degradation
EV1965,Survey,EV Car,MG ZS EV,North,7/11/2024,4,"Claimed range of 15 km is misleading, actual range is way less in city traffic.",Range Anxiety
EV1966,Social Media,EV Car,Tesla Model 3,West,7/14/2024,3,"Home charging setup was expensive and took weeks to install. Spare parts availability is a major issue, waited a month for a replacement part. Bluetooth connectivity drops frequently while riding, very frustrating.","Charging Infrastructure, Service & After-Sales, Software & Connectivity"
EV1967,Social Media,EV Car,Tata Nexon EV,South,3/31/2025,4,"The companion app keeps crashing, needs urgent software updates. Contributing to a cleaner city is a big motivation behind going electric.","Software & Connectivity, Environmental Impact"
EV1968,Customer Support,EV Car,MG ZS EV,Central,2/5/2025,4,"The real world range is much lower than advertised, I only get 100 km on a full charge. Noise levels are impressively low, riding experience is very smooth and quiet.","Range Anxiety, Performance & Ride Quality"
EV1969,Customer Support,EV Scooter,Bajaj Chetak,North,5/14/2025,4,"Storage space under the seat is very limited, not practical for daily use.",Design & Aesthetics
EV1970,Survey,EV Scooter,Ather 450X,Central,1/20/2024,3,Compact size makes it easy to park and maneuver in city traffic. Handling and stability at high speed feels very confident and safe.,"Design & Aesthetics, Performance & Ride Quality"
EV1971,Marketplace Review,EV Scooter,Hero Vida V1,West,4/29/2024,4,"Bluetooth connectivity drops frequently while riding, very frustrating. Noise levels are impressively low, riding experience is very smooth and quiet.","Software & Connectivity, Performance & Ride Quality"
EV1972,Customer Support,EV Car,MG ZS EV,South,4/25/2025,4,The motor is powerful and pickup is much better than petrol variants. Navigation system integrated with range prediction is genuinely useful.,"Performance & Ride Quality, Software & Connectivity"
EV1973,Customer Support,EV Car,BYD Atto 3,Central,4/24/2025,5,"No proper information on how battery degrades over time, company should be transparent. Waiting time for service appointment is too long, more service centers needed.","Battery Life & Degradation, Service & After-Sales"
EV1974,Customer Support,EV Scooter,Bajaj Chetak,West,6/14/2024,4,"Concerned about environmental impact of battery disposal and recycling. Running cost is much lower than petrol, saving a lot on fuel every month.","Environmental Impact, Price & Subsidy"
EV1975,Social Media,EV Scooter,Ather 450X,South,6/9/2024,5,Contributing to a cleaner city is a big motivation behind going electric.,Environmental Impact
EV1976,Marketplace Review,EV Car,Mahindra XUV400,East,8/28/2024,5,The upfront price is high but government subsidy makes it affordable.,Price & Subsidy
EV1977,Customer Support,EV Car,Hyundai Kona,East,6/11/2024,4,Worried about battery degradation and replacement cost after warranty ends. Advanced safety features like ABS and traction control give peace of mind.,"Battery Life & Degradation, Safety Features"
EV1978,Survey,EV Scooter,Bajaj Chetak,Central,8/20/2024,5,Fast charging network needs serious expansion on highways. Emergency braking and collision alert systems work really well in traffic.,"Charging Infrastructure, Safety Features"
EV1979,Customer Support,EV Scooter,TVS iQube,North,9/30/2024,4,Battery performance is stable even after two years of heavy usage. Stability control on wet roads is impressive and inspires confidence.,"Battery Life & Degradation, Safety Features"
EV1980,Survey,EV Car,Tesla Model 3,West,4/13/2025,4,"Public chargers are often broken or occupied, need more charging stations urgently. Energy used to charge still comes mostly from coal in my region, defeats the purpose somewhat.","Charging Infrastructure, Environmental Impact"
EV1981,Survey,EV Car,BYD Atto 3,South,4/30/2024,4,"Resale value of electric vehicles is still uncertain, worried about depreciation.",Price & Subsidy
EV1982,Customer Support,EV Car,Tesla Model 3,West,6/2/2025,4,Software glitches caused the dashboard to freeze twice in a month.,Software & Connectivity
EV1983,Customer Support,EV Car,MG ZS EV,East,5/21/2024,2,Charging infrastructure in tier 2 and tier 3 cities is almost non-existent. Insurance premium for EV is surprisingly high compared to petrol vehicles.,"Charging Infrastructure, Price & Subsidy"
EV1984,Marketplace Review,EV Car,MG ZS EV,East,10/20/2024,4,"The vehicle has good crash test ratings which reassured my purchase decision. The battery warranty of 5 years gives me confidence in long term reliability. Highway charging stops are rare, long distance travel is a nightmare.","Safety Features, Battery Life & Degradation, Charging Infrastructure"
EV1985,Social Media,EV Scooter,Hero Vida V1,South,6/26/2025,5,"LED lighting and digital dashboard give it a premium, modern look.",Design & Aesthetics
EV1986,Marketplace Review,EV Car,MG ZS EV,West,2/23/2025,4,"Smart key and app based lock features work flawlessly, very convenient. Stability control on wet roads is impressive and inspires confidence.","Software & Connectivity, Safety Features"
EV1987,Marketplace Review,EV Scooter,Ola S1,South,1/11/2024,4,Advanced safety features like ABS and traction control give peace of mind.,Safety Features
EV1988,Customer Support,EV Car,Hyundai Kona,West,6/17/2024,4,The design looks futuristic and attracts a lot of attention on the road.,Design & Aesthetics
EV1989,Social Media,EV Scooter,Ola S1,Central,2/29/2024,3,The vehicle has good crash test ratings which reassured my purchase decision.,Safety Features
EV1990,Customer Support,EV Scooter,Bajaj Chetak,East,12/18/2024,3,"I'm always worried about running out of charge before reaching my destination. Waiting time for service appointment is too long, more service centers needed.","Range Anxiety, Service & After-Sales"
EV1991,Social Media,EV Scooter,Bajaj Chetak,Central,3/28/2025,4,"Noise levels are impressively low, riding experience is very smooth and quiet.",Performance & Ride Quality
EV1992,Survey,EV Car,Hyundai Kona,North,12/8/2024,5,Build materials feel sturdy but the design is a bit too plain compared to rivals.,Design & Aesthetics
EV1993,Customer Support,EV Car,BYD Atto 3,South,4/5/2024,4,"The vehicle has good crash test ratings which reassured my purchase decision. Energy used to charge still comes mostly from coal in my region, defeats the purpose somewhat.","Safety Features, Environmental Impact"
EV1994,Social Media,EV Scooter,Hero Vida V1,North,1/29/2024,4,"Heard about a thermal runaway incident, this has shaken my trust in EV safety.",Safety Features
EV1995,Customer Support,EV Scooter,Ather 450X,West,6/1/2025,4,Finding a working charging station in my city is still very difficult.,Charging Infrastructure
EV1996,Customer Support,EV Scooter,TVS iQube,North,2/18/2024,4,Charging infrastructure in tier 2 and tier 3 cities is almost non-existent.,Charging Infrastructure
EV1997,Survey,EV Scooter,Ampere Magnus,West,12/13/2024,4,Price after subsidy is still higher than a comparable petrol scooter.,Price & Subsidy
EV1998,Customer Support,EV Scooter,TVS iQube,Central,5/23/2024,4,Compact size makes it easy to park and maneuver in city traffic.,Design & Aesthetics
EV1999,Customer Support,EV Car,Tata Nexon EV,Central,7/16/2024,4,"Handling and stability at high speed feels very confident and safe. Over the air software updates are a great feature, keeps improving over time.","Performance & Ride Quality, Software & Connectivity"
EV2000,Survey,EV Scooter,Bajaj Chetak,North,3/4/2024,3,"Interior quality feels cheap for the price point, needs improvement. Battery replacement cost is almost half the price of the vehicle, very concerning. The companion app keeps crashing, needs urgent software updates.","Design & Aesthetics, Battery Life & Degradation, Software & Connectivity"
EV2001,Marketplace Review,EV Scooter,Hero Vida V1,Central,6/15/2025,4,"LED lighting and digital dashboard give it a premium, modern look.",Design & Aesthetics
EV2002,Marketplace Review,EV Scooter,Ampere Magnus,West,3/26/2025,4,Software glitches caused the dashboard to freeze twice in a month.,Software & Connectivity
EV2003,Social Media,EV Scooter,Ather 450X,Central,5/10/2024,4,"Over the air software updates are a great feature, keeps improving over time. Energy used to charge still comes mostly from coal in my region, defeats the purpose somewhat.","Software & Connectivity, Environmental Impact"
EV2004,Social Media,EV Car,Tesla Model 3,West,4/29/2025,4,"AC usage kills the range, on hot days I barely get half the claimed distance. Worried about battery degradation and replacement cost after warranty ends.","Range Anxiety, Battery Life & Degradation"
EV2005,Survey,EV Scooter,Ola S1,East,10/23/2024,4,"Range drops badly in winter, I lost almost 30% range in cold weather. The vehicle has good crash test ratings which reassured my purchase decision. The battery warranty of 250 years gives me confidence in long term reliability.","Range Anxiety, Safety Features, Battery Life & Degradation"
EV2006,Marketplace Review,EV Scooter,TVS iQube,North,5/26/2024,4,Worried about battery degradation and replacement cost after warranty ends. Loved the color options and the overall styling of the vehicle.,"Battery Life & Degradation, Design & Aesthetics"
EV2007,Social Media,EV Scooter,Ather 450X,West,1/3/2024,4,"Love the app that shows nearby charging stations, very convenient feature. Advanced safety features like ABS and traction control give peace of mind.","Charging Infrastructure, Safety Features"
EV2008,Marketplace Review,EV Car,Mahindra XUV400,Central,11/13/2024,4,Contributing to a cleaner city is a big motivation behind going electric.,Environmental Impact
EV2009,Marketplace Review,EV Scooter,Bajaj Chetak,Central,5/15/2024,3,Battery performance is stable even after two years of heavy usage.,Battery Life & Degradation
EV2010,Marketplace Review,EV Scooter,Bajaj Chetak,South,11/29/2024,4,"Highway charging stops are rare, long distance travel is a nightmare.",Charging Infrastructure
EV2011,Marketplace Review,EV Scooter,Ather 450X,East,2/16/2024,4,Software glitches caused the dashboard to freeze twice in a month.,Software & Connectivity
EV2012,Survey,EV Scooter,Hero Vida V1,South,1/26/2024,5,Concerned about environmental impact of battery disposal and recycling.,Environmental Impact
EV2013,Survey,EV Car,Tesla Model 3,South,2/24/2024,4,Zero tailpipe emissions is the main reason I chose an electric vehicle. Emergency braking and collision alert systems work really well in traffic.,"Environmental Impact, Safety Features"
EV2014,Social Media,EV Car,Tata Nexon EV,North,10/8/2024,5,"For the price, I expected better build quality and more features. Switching to EV feels good knowing I'm reducing my carbon footprint.","Price & Subsidy, Environmental Impact"
EV2015,Survey,EV Scooter,Bajaj Chetak,West,1/24/2024,3,"Noise levels are impressively low, riding experience is very smooth and quiet.",Performance & Ride Quality
EV2016,Survey,EV Car,Mahindra XUV400,Central,11/20/2024,4,The design looks futuristic and attracts a lot of attention on the road. Service center staff are not well trained to handle EV specific issues.,"Design & Aesthetics, Service & After-Sales"
EV2017,Social Media,EV Car,BYD Atto 3,East,5/27/2024,4,"Worried about battery degradation and replacement cost after warranty ends. There are very few authorized service centers, had to travel 200 km for repair.","Battery Life & Degradation, Service & After-Sales"
EV2018,Social Media,EV Scooter,Hero Vida V1,North,11/29/2024,4,"No proper information on how battery degrades over time, company should be transparent. The real world range is much lower than advertised, I only get 200 km on a full charge.","Battery Life & Degradation, Range Anxiety"
EV2019,Customer Support,EV Scooter,Ola S1,South,2/26/2025,4,"Braking system feels sharp and responsive, regenerative braking works well.",Performance & Ride Quality
EV2020,Survey,EV Scooter,Ola S1,South,9/2/2024,3,"Energy used to charge still comes mostly from coal in my region, defeats the purpose somewhat.",Environmental Impact
EV2021,Marketplace Review,EV Car,Mahindra XUV400,North,10/2/2024,4,"AC usage kills the range, on hot days I barely get half the claimed distance.",Range Anxiety
EV2022,Marketplace Review,EV Scooter,Ampere Magnus,North,5/10/2025,3,"Claimed range of 80 km is misleading, actual range is way less in city traffic. Loved the color options and the overall styling of the vehicle.","Range Anxiety, Design & Aesthetics"
EV2023,Social Media,EV Car,MG ZS EV,East,2/20/2025,4,"Smart key and app based lock features work flawlessly, very convenient. Fast charging network needs serious expansion on highways.","Software & Connectivity, Charging Infrastructure"
EV2024,Social Media,EV Car,Hyundai Kona,South,3/9/2025,4,"Advanced safety features like ABS and traction control give peace of mind. The companion app keeps crashing, needs urgent software updates.","Safety Features, Software & Connectivity"
EV2025,Customer Support,EV Scooter,Ampere Magnus,South,1/1/2024,5,Battery range degrades faster than expected after just one year of use.,Range Anxiety
EV2026,Customer Support,EV Scooter,Ampere Magnus,West,12/25/2024,3,EV subsidy scheme in my state got delayed and the discount amount reduced suddenly. Advanced safety features like ABS and traction control give peace of mind.,"Price & Subsidy, Safety Features"
EV2027,Survey,EV Car,Tesla Model 3,East,4/1/2024,4,"LED lighting and digital dashboard give it a premium, modern look. Home charging setup was expensive and took weeks to install.","Design & Aesthetics, Charging Infrastructure"
EV2028,Social Media,EV Scooter,Bajaj Chetak,Central,5/31/2025,4,Top speed is decent for city use but not enough for highway cruising.,Performance & Ride Quality
EV2029,Marketplace Review,EV Scooter,Hero Vida V1,East,9/8/2024,4,The motor is powerful and pickup is much better than petrol variants. Contributing to a cleaner city is a big motivation behind going electric.,"Performance & Ride Quality, Environmental Impact"
EV2030,Social Media,EV Scooter,Ola S1,North,5/2/2025,3,"For daily commute the range is fine but long trips are stressful because of low range. Energy used to charge still comes mostly from coal in my region, defeats the purpose somewhat. No proper information on how battery degrades over time, company should be transparent.","Range Anxiety, Environmental Impact, Battery Life & Degradation"
EV2031,Survey,EV Scooter,Bajaj Chetak,North,2/1/2024,3,"Touchscreen infotainment system lags and is not very intuitive to use. Highway charging stops are rare, long distance travel is a nightmare.","Software & Connectivity, Charging Infrastructure"
EV2032,Social Media,EV Scooter,Bajaj Chetak,North,5/7/2024,5,Touchscreen infotainment system lags and is not very intuitive to use.,Software & Connectivity
EV2033,Survey,EV Car,Mahindra XUV400,South,1/21/2024,5,"There are very few authorized service centers, had to travel 100 km for repair. Braking system feels sharp and responsive, regenerative braking works well.","Service & After-Sales, Performance & Ride Quality"
EV2034,Marketplace Review,EV Car,MG ZS EV,East,2/7/2024,3,"Spare parts availability is a major issue, waited a month for a replacement part.",Service & After-Sales
EV2035,Social Media,EV Car,Tata Nexon EV,West,4/23/2024,3,Customer support over phone is helpful and resolves issues quickly.,Service & After-Sales
EV2036,Social Media,EV Scooter,Ather 450X,Central,6/28/2024,4,"Public chargers are often broken or occupied, need more charging stations urgently. Battery health dropped to 85% within 18 months of daily use.","Charging Infrastructure, Battery Life & Degradation"
EV2037,Social Media,EV Scooter,Ampere Magnus,Central,10/7/2024,4,The upfront price is high but government subsidy makes it affordable.,Price & Subsidy
EV2038,Marketplace Review,EV Scooter,Hero Vida V1,North,3/13/2025,3,"For daily commute the range is fine but long trips are stressful because of low range. Noise levels are impressively low, riding experience is very smooth and quiet.","Range Anxiety, Performance & Ride Quality"
EV2039,Marketplace Review,EV Scooter,Ola S1,West,1/5/2025,5,Advanced safety features like ABS and traction control give peace of mind.,Safety Features
EV2040,Customer Support,EV Car,Tata Nexon EV,West,6/29/2025,5,Touchscreen infotainment system lags and is not very intuitive to use.,Software & Connectivity
EV2041,Social Media,EV Car,Mahindra XUV400,East,3/24/2024,3,Zero tailpipe emissions is the main reason I chose an electric vehicle. For daily commute the range is fine but long trips are stressful because of low range.,"Environmental Impact, Range Anxiety"
EV2042,Social Media,EV Car,MG ZS EV,South,12/3/2024,5,Service center staff are not well trained to handle EV specific issues.,Service & After-Sales
EV2043,Marketplace Review,EV Car,Tata Nexon EV,West,1/25/2024,4,Concerned about environmental impact of battery disposal and recycling.,Environmental Impact
EV2044,Survey,EV Scooter,Ather 450X,West,9/1/2024,4,Acceleration is smooth and instant torque makes overtaking effortless.,Performance & Ride Quality
EV2045,Social Media,EV Scooter,Ampere Magnus,North,3/25/2025,4,"Public chargers are often broken or occupied, need more charging stations urgently. The companion app keeps crashing, needs urgent software updates. Switching to EV feels good knowing I'm reducing my carbon footprint.","Charging Infrastructure, Software & Connectivity, Environmental Impact"
EV2046,Survey,EV Scooter,TVS iQube,South,3/4/2024,3,"The companion app keeps crashing, needs urgent software updates.",Software & Connectivity
EV2047,Marketplace Review,EV Scooter,Ampere Magnus,North,4/14/2024,4,"The real world range is much lower than advertised, I only get 200 km on a full charge.",Range Anxiety
EV2048,Survey,EV Scooter,Bajaj Chetak,Central,2/24/2025,3,"For the price, I expected better build quality and more features. For daily commute the range is fine but long trips are stressful because of low range.","Price & Subsidy, Range Anxiety"
EV2049,Survey,EV Scooter,Bajaj Chetak,East,1/27/2024,4,"Navigation system integrated with range prediction is genuinely useful. Read reports about battery fires, safety is my biggest concern before buying. Handling and stability at high speed feels very confident and safe.","Software & Connectivity, Safety Features, Performance & Ride Quality"
EV2050,Survey,EV Car,Tata Nexon EV,Central,7/17/2024,4,Zero tailpipe emissions is the main reason I chose an electric vehicle.,Environmental Impact
EV2051,Marketplace Review,EV Scooter,TVS iQube,West,3/31/2025,4,Battery health dropped to 85% within 18 months of daily use. The upfront price is high but government subsidy makes it affordable.,"Battery Life & Degradation, Price & Subsidy"
EV2052,Customer Support,EV Car,MG ZS EV,Central,3/22/2025,3,"The vehicle has good crash test ratings which reassured my purchase decision. Suspension is too stiff, ride quality is uncomfortable on bad roads.","Safety Features, Performance & Ride Quality"
EV2053,Customer Support,EV Car,Mahindra XUV400,Central,12/17/2024,3,"After sales support has been excellent, quick response and doorstep service.",Service & After-Sales
EV2054,Social Media,EV Car,BYD Atto 3,North,8/31/2024,4,"Heard about a thermal runaway incident, this has shaken my trust in EV safety.",Safety Features
EV2055,Customer Support,EV Car,Mahindra XUV400,South,7/24/2024,3,"Running cost is much lower than petrol, saving a lot on fuel every month.",Price & Subsidy
EV2056,Marketplace Review,EV Scooter,Ather 450X,West,12/5/2024,4,"Energy used to charge still comes mostly from coal in my region, defeats the purpose somewhat. Braking system feels sharp and responsive, regenerative braking works well.","Environmental Impact, Performance & Ride Quality"
EV2057,Social Media,EV Scooter,TVS iQube,North,4/10/2025,5,Battery range degrades faster than expected after just one year of use.,Range Anxiety
EV2058,Social Media,EV Car,Tata Nexon EV,South,4/22/2025,3,Zero tailpipe emissions is the main reason I chose an electric vehicle.,Environmental Impact
EV2059,Customer Support,EV Car,Mahindra XUV400,West,7/29/2024,3,"Loved the color options and the overall styling of the vehicle. Worried about battery degradation and replacement cost after warranty ends. Range drops badly in winter, I lost almost 30% range in cold weather.","Design & Aesthetics, Battery Life & Degradation, Range Anxiety"
EV2060,Survey,EV Scooter,Ola S1,South,10/24/2024,4,"Software glitches caused the dashboard to freeze twice in a month. Resale value of electric vehicles is still uncertain, worried about depreciation.","Software & Connectivity, Price & Subsidy"
EV2061,Social Media,EV Car,Tata Nexon EV,South,10/17/2024,3,Battery health dropped to 85% within 18 months of daily use.,Battery Life & Degradation
EV2062,Social Media,EV Scooter,Hero Vida V1,East,9/8/2024,4,Battery health dropped to 85% within 18 months of daily use.,Battery Life & Degradation
EV2063,Customer Support,EV Car,MG ZS EV,North,1/22/2024,5,"Battery replacement cost is almost half the price of the vehicle, very concerning.",Battery Life & Degradation
EV2064,Social Media,EV Car,Hyundai Kona,East,4/12/2025,4,"Total cost of ownership is great once you factor in low maintenance and fuel savings. Noise levels are impressively low, riding experience is very smooth and quiet. Stability control on wet roads is impressive and inspires confidence.","Price & Subsidy, Performance & Ride Quality, Safety Features"
EV2065,Social Media,EV Car,Tata Nexon EV,South,7/13/2024,4,Insurance premium for EV is surprisingly high compared to petrol vehicles. Stability control on wet roads is impressive and inspires confidence.,"Price & Subsidy, Safety Features"
EV2066,Marketplace Review,EV Scooter,TVS iQube,South,2/17/2024,3,"Energy used to charge still comes mostly from coal in my region, defeats the purpose somewhat. EV subsidy scheme in my state got delayed and the discount amount reduced suddenly.","Environmental Impact, Price & Subsidy"
EV2067,Social Media,EV Car,Hyundai Kona,North,10/13/2024,3,Battery performance is stable even after two years of heavy usage.,Battery Life & Degradation
EV2068,Survey,EV Scooter,Ather 450X,West,3/7/2024,3,Battery performance is stable even after two years of heavy usage.,Battery Life & Degradation
EV2069,Customer Support,EV Scooter,Hero Vida V1,West,6/15/2025,4,Software glitches caused the dashboard to freeze twice in a month. The battery warranty of 20 years gives me confidence in long term reliability. Build quality feels premium and the ride is extremely comfortable.,"Software & Connectivity, Battery Life & Degradation, Performance & Ride Quality"
EV2070,Customer Support,EV Scooter,Bajaj Chetak,Central,2/14/2025,4,"Zero tailpipe emissions is the main reason I chose an electric vehicle. Claimed range of 15 km is misleading, actual range is way less in city traffic. Price after subsidy is still higher than a comparable petrol scooter.","Environmental Impact, Range Anxiety, Price & Subsidy"
EV2071,Customer Support,EV Scooter,Ather 450X,West,1/21/2025,5,Concerned about environmental impact of battery disposal and recycling. The battery warranty of 20 years gives me confidence in long term reliability.,"Environmental Impact, Battery Life & Degradation"
EV2072,Survey,EV Car,MG ZS EV,East,3/31/2025,4,The vehicle has good crash test ratings which reassured my purchase decision.,Safety Features
EV2073,Survey,EV Car,BYD Atto 3,West,6/8/2025,4,Contributing to a cleaner city is a big motivation behind going electric. Build quality feels premium and the ride is extremely comfortable.,"Environmental Impact, Performance & Ride Quality"
EV2074,Marketplace Review,EV Scooter,Bajaj Chetak,East,5/24/2025,4,"Braking system feels sharp and responsive, regenerative braking works well.",Performance & Ride Quality
EV2075,Social Media,EV Scooter,Ola S1,West,8/27/2024,3,"Service center staff are not well trained to handle EV specific issues. Charging takes too long, almost 6 hours for a full charge at home. Handling and stability at high speed feels very confident and safe.","Service & After-Sales, Charging Infrastructure, Performance & Ride Quality"
EV2076,Survey,EV Scooter,Ather 450X,North,3/14/2024,4,Acceleration is smooth and instant torque makes overtaking effortless.,Performance & Ride Quality
EV2077,Social Media,EV Car,Hyundai Kona,East,9/13/2024,5,"Waiting time for service appointment is too long, more service centers needed.",Service & After-Sales
EV2078,Social Media,EV Scooter,Ather 450X,Central,9/24/2024,5,"Range anxiety is real, I plan every trip around charging stops now.",Range Anxiety
EV2079,Marketplace Review,EV Scooter,TVS iQube,West,1/13/2024,3,Software glitches caused the dashboard to freeze twice in a month.,Software & Connectivity
EV2080,Social Media,EV Car,Mahindra XUV400,South,8/2/2024,5,"Over the air software updates are a great feature, keeps improving over time.",Software & Connectivity
EV2081,Marketplace Review,EV Scooter,Hero Vida V1,East,3/28/2024,4,"Noise levels are impressively low, riding experience is very smooth and quiet. Insurance premium for EV is surprisingly high compared to petrol vehicles.","Performance & Ride Quality, Price & Subsidy"
EV2082,Marketplace Review,EV Car,Mahindra XUV400,Central,1/31/2024,5,"Braking system feels sharp and responsive, regenerative braking works well. No proper information on how battery degrades over time, company should be transparent. Advanced safety features like ABS and traction control give peace of mind.","Performance & Ride Quality, Battery Life & Degradation, Safety Features"
EV2083,Customer Support,EV Scooter,Hero Vida V1,East,8/18/2024,4,Build materials feel sturdy but the design is a bit too plain compared to rivals. Contributing to a cleaner city is a big motivation behind going electric.,"Design & Aesthetics, Environmental Impact"
EV2084,Survey,EV Scooter,TVS iQube,Central,2/2/2024,5,"The battery warranty of 30 years gives me confidence in long term reliability. Energy used to charge still comes mostly from coal in my region, defeats the purpose somewhat.","Battery Life & Degradation, Environmental Impact"
EV2085,Social Media,EV Scooter,Bajaj Chetak,West,3/6/2024,4,"Read reports about battery fires, safety is my biggest concern before buying. Storage space under the seat is very limited, not practical for daily use.","Safety Features, Design & Aesthetics"
EV2086,Marketplace Review,EV Car,Hyundai Kona,East,4/5/2024,4,Worried about battery degradation and replacement cost after warranty ends.,Battery Life & Degradation
EV2087,Marketplace Review,EV Car,Tata Nexon EV,North,7/10/2024,4,"Running cost is much lower than petrol, saving a lot on fuel every month.",Price & Subsidy
EV2088,Social Media,EV Scooter,TVS iQube,South,10/25/2024,5,Emergency braking and collision alert systems work really well in traffic. Finding a working charging station in my city is still very difficult.,"Safety Features, Charging Infrastructure"
EV2089,Survey,EV Scooter,Ampere Magnus,South,11/30/2024,4,"Interior quality feels cheap for the price point, needs improvement. Switching to EV feels good knowing I'm reducing my carbon footprint.","Design & Aesthetics, Environmental Impact"
EV2090,Marketplace Review,EV Car,BYD Atto 3,West,3/11/2024,3,"Interior quality feels cheap for the price point, needs improvement. Price after subsidy is still higher than a comparable petrol scooter.","Design & Aesthetics, Price & Subsidy"
EV2091,Marketplace Review,EV Scooter,Bajaj Chetak,South,11/13/2024,4,Zero tailpipe emissions is the main reason I chose an electric vehicle.,Environmental Impact
EV2092,Social Media,EV Scooter,TVS iQube,North,5/26/2024,3,"Smart key and app based lock features work flawlessly, very convenient. Highway charging stops are rare, long distance travel is a nightmare.","Software & Connectivity, Charging Infrastructure"
EV2093,Customer Support,EV Car,BYD Atto 3,Central,5/17/2025,3,"Software glitches caused the dashboard to freeze twice in a month. Switching to EV feels good knowing I'm reducing my carbon footprint. Range anxiety is real, I plan every trip around charging stops now.","Software & Connectivity, Environmental Impact, Range Anxiety"
EV2094,Customer Support,EV Scooter,TVS iQube,West,6/28/2024,4,"Interior quality feels cheap for the price point, needs improvement.",Design & Aesthetics
EV2095,Marketplace Review,EV Car,BYD Atto 3,West,1/28/2025,5,"No proper information on how battery degrades over time, company should be transparent.",Battery Life & Degradation
EV2096,Survey,EV Car,Mahindra XUV400,South,6/10/2024,5,"After sales support has been excellent, quick response and doorstep service. Stability control on wet roads is impressive and inspires confidence.","Service & After-Sales, Safety Features"
EV2097,Social Media,EV Car,Tesla Model 3,West,2/25/2025,5,Advanced safety features like ABS and traction control give peace of mind.,Safety Features
EV2098,Survey,EV Scooter,Ola S1,Central,11/29/2024,4,"Interior quality feels cheap for the price point, needs improvement. Touchscreen infotainment system lags and is not very intuitive to use.","Design & Aesthetics, Software & Connectivity"
EV2099,Survey,EV Car,BYD Atto 3,West,1/28/2024,4,"Highway charging stops are rare, long distance travel is a nightmare. Touchscreen infotainment system lags and is not very intuitive to use.","Charging Infrastructure, Software & Connectivity"
EV2100,Marketplace Review,EV Scooter,Ather 450X,North,1/11/2024,4,"Waiting time for service appointment is too long, more service centers needed. Home charging setup was expensive and took weeks to install.","Service & After-Sales, Charging Infrastructure"
EV2101,Marketplace Review,EV Scooter,Hero Vida V1,West,4/17/2025,4,"Public chargers are often broken or occupied, need more charging stations urgently.",Charging Infrastructure
EV2102,Marketplace Review,EV Car,Tesla Model 3,South,4/27/2025,3,"Had a great experience with the service team, they explained everything clearly.",Service & After-Sales
EV2103,Survey,EV Car,MG ZS EV,Central,4/12/2024,3,The battery warranty of 100 years gives me confidence in long term reliability.,Battery Life & Degradation
EV2104,Survey,EV Scooter,Ather 450X,North,10/6/2024,4,"Battery replacement cost is almost half the price of the vehicle, very concerning.",Battery Life & Degradation
EV2105,Social Media,EV Scooter,Ather 450X,North,6/29/2025,3,"Running cost is much lower than petrol, saving a lot on fuel every month. Bluetooth connectivity drops frequently while riding, very frustrating. Range anxiety is real, I plan every trip around charging stops now.","Price & Subsidy, Software & Connectivity, Range Anxiety"
EV2106,Survey,EV Scooter,Ola S1,North,1/21/2025,4,Price after subsidy is still higher than a comparable petrol scooter.,Price & Subsidy
EV2107,Social Media,EV Scooter,Ather 450X,North,1/17/2024,5,The design looks futuristic and attracts a lot of attention on the road.,Design & Aesthetics
EV2108,Social Media,EV Car,Hyundai Kona,North,8/13/2024,5,Home charging setup was expensive and took weeks to install.,Charging Infrastructure
EV2109,Marketplace Review,EV Car,Tata Nexon EV,Central,4/20/2024,4,"The motor is powerful and pickup is much better than petrol variants. Energy used to charge still comes mostly from coal in my region, defeats the purpose somewhat.","Performance & Ride Quality, Environmental Impact"
EV2110,Marketplace Review,EV Car,BYD Atto 3,West,5/3/2024,4,Price after subsidy is still higher than a comparable petrol scooter.,Price & Subsidy
EV2111,Customer Support,EV Car,Hyundai Kona,South,1/16/2024,4,Build materials feel sturdy but the design is a bit too plain compared to rivals.,Design & Aesthetics
EV2112,Marketplace Review,EV Scooter,Ola S1,South,4/14/2025,4,"Running cost is much lower than petrol, saving a lot on fuel every month.",Price & Subsidy
EV2113,Customer Support,EV Scooter,Hero Vida V1,North,3/9/2024,4,"For the price, I expected better build quality and more features. The design looks futuristic and attracts a lot of attention on the road. Waiting time for service appointment is too long, more service centers needed.","Price & Subsidy, Design & Aesthetics, Service & After-Sales"
EV2114,Survey,EV Car,Hyundai Kona,Central,11/28/2024,4,Build materials feel sturdy but the design is a bit too plain compared to rivals.,Design & Aesthetics
EV2115,Social Media,EV Car,Hyundai Kona,East,5/8/2025,5,"Love the app that shows nearby charging stations, very convenient feature.",Charging Infrastructure
EV2116,Marketplace Review,EV Car,BYD Atto 3,West,6/7/2025,4,The upfront price is high but government subsidy makes it affordable.,Price & Subsidy
EV2117,Survey,EV Car,Tata Nexon EV,East,8/30/2024,4,"Compact size makes it easy to park and maneuver in city traffic. Running cost is much lower than petrol, saving a lot on fuel every month.","Design & Aesthetics, Price & Subsidy"
EV2118,Customer Support,EV Car,MG ZS EV,West,10/30/2024,4,Total cost of ownership is great once you factor in low maintenance and fuel savings.,Price & Subsidy
EV2119,Survey,EV Scooter,Ather 450X,South,3/30/2025,4,"Braking system feels sharp and responsive, regenerative braking works well. The battery warranty of 3 years gives me confidence in long term reliability.","Performance & Ride Quality, Battery Life & Degradation"
EV2120,Marketplace Review,EV Car,BYD Atto 3,East,1/25/2024,5,"Resale value of electric vehicles is still uncertain, worried about depreciation.",Price & Subsidy
EV2121,Social Media,EV Scooter,Ather 450X,Central,2/25/2024,3,"Insurance premium for EV is surprisingly high compared to petrol vehicles. Energy used to charge still comes mostly from coal in my region, defeats the purpose somewhat.","Price & Subsidy, Environmental Impact"
EV2122,Marketplace Review,EV Scooter,Ather 450X,North,3/7/2024,3,"The companion app keeps crashing, needs urgent software updates.",Software & Connectivity
EV2123,Social Media,EV Car,Tata Nexon EV,South,5/8/2024,4,Fast charging network needs serious expansion on highways. Battery health dropped to 85% within 18 months of daily use.,"Charging Infrastructure, Battery Life & Degradation"
EV2124,Marketplace Review,EV Car,Mahindra XUV400,East,6/17/2024,4,Insurance premium for EV is surprisingly high compared to petrol vehicles. Zero tailpipe emissions is the main reason I chose an electric vehicle.,"Price & Subsidy, Environmental Impact"
EV2125,Customer Support,EV Car,Hyundai Kona,Central,4/4/2025,4,EV subsidy scheme in my state got delayed and the discount amount reduced suddenly.,Price & Subsidy
EV2126,Customer Support,EV Scooter,Ola S1,West,1/21/2025,3,"Battery replacement cost is almost half the price of the vehicle, very concerning.",Battery Life & Degradation
EV2127,Marketplace Review,EV Scooter,Bajaj Chetak,South,5/8/2025,5,For daily commute the range is fine but long trips are stressful because of low range.,Range Anxiety
EV2128,Customer Support,EV Scooter,Ola S1,Central,6/5/2024,4,Stability control on wet roads is impressive and inspires confidence.,Safety Features
EV2129,Marketplace Review,EV Car,Hyundai Kona,West,11/9/2024,4,Touchscreen infotainment system lags and is not very intuitive to use.,Software & Connectivity
EV2130,Marketplace Review,EV Scooter,Ampere Magnus,North,12/7/2024,4,"Battery health dropped to 85% within 18 months of daily use. Over the air software updates are a great feature, keeps improving over time.","Battery Life & Degradation, Software & Connectivity"
EV2131,Survey,EV Car,Tata Nexon EV,Central,1/18/2025,4,"Bluetooth connectivity drops frequently while riding, very frustrating.",Software & Connectivity
EV2132,Customer Support,EV Scooter,Bajaj Chetak,West,5/16/2025,3,"Spare parts availability is a major issue, waited a month for a replacement part. Finding a working charging station in my city is still very difficult.","Service & After-Sales, Charging Infrastructure"
EV2133,Social Media,EV Car,Mahindra XUV400,South,3/22/2025,5,"Had a great experience with the service team, they explained everything clearly.",Service & After-Sales
EV2134,Marketplace Review,EV Scooter,Ampere Magnus,East,2/29/2024,5,"Storage space under the seat is very limited, not practical for daily use.",Design & Aesthetics
EV2135,Marketplace Review,EV Car,MG ZS EV,North,1/5/2025,4,I'm always worried about running out of charge before reaching my destination.,Range Anxiety
EV2136,Marketplace Review,EV Scooter,Ampere Magnus,South,9/17/2024,3,The upfront price is high but government subsidy makes it affordable. Worried about battery degradation and replacement cost after warranty ends.,"Price & Subsidy, Battery Life & Degradation"
EV2137,Marketplace Review,EV Car,Tesla Model 3,West,3/23/2024,4,"Read reports about battery fires, safety is my biggest concern before buying. Insurance premium for EV is surprisingly high compared to petrol vehicles. Loved the color options and the overall styling of the vehicle.","Safety Features, Price & Subsidy, Design & Aesthetics"
EV2138,Marketplace Review,EV Scooter,Ampere Magnus,Central,11/11/2024,4,"LED lighting and digital dashboard give it a premium, modern look.",Design & Aesthetics
EV2139,Customer Support,EV Car,Tata Nexon EV,South,10/2/2024,5,Insurance premium for EV is surprisingly high compared to petrol vehicles.,Price & Subsidy
EV2140,Social Media,EV Scooter,Ola S1,West,1/2/2024,4,"Highway charging stops are rare, long distance travel is a nightmare. Energy used to charge still comes mostly from coal in my region, defeats the purpose somewhat.","Charging Infrastructure, Environmental Impact"
EV2141,Customer Support,EV Scooter,Hero Vida V1,West,6/23/2024,3,"Battery health dropped to 85% within 18 months of daily use. Suspension is too stiff, ride quality is uncomfortable on bad roads.","Battery Life & Degradation, Performance & Ride Quality"
EV2142,Social Media,EV Car,Mahindra XUV400,Central,4/22/2024,3,"Over the air software updates are a great feature, keeps improving over time. The upfront price is high but government subsidy makes it affordable. No proper information on how battery degrades over time, company should be transparent.","Software & Connectivity, Price & Subsidy, Battery Life & Degradation"
EV2143,Customer Support,EV Car,MG ZS EV,West,3/27/2025,5,Switching to EV feels good knowing I'm reducing my carbon footprint.,Environmental Impact
EV2144,Customer Support,EV Car,Tata Nexon EV,North,1/21/2025,4,"Public chargers are often broken or occupied, need more charging stations urgently. After sales support has been excellent, quick response and doorstep service.","Charging Infrastructure, Service & After-Sales"
EV2145,Social Media,EV Car,BYD Atto 3,West,5/11/2025,4,Finding a working charging station in my city is still very difficult.,Charging Infrastructure
EV2146,Survey,EV Car,Hyundai Kona,Central,2/12/2024,1,"Highway charging stops are rare, long distance travel is a nightmare. EV subsidy scheme in my state got delayed and the discount amount reduced suddenly. Battery range degrades faster than expected after just one year of use.","Charging Infrastructure, Price & Subsidy, Range Anxiety"
EV2147,Marketplace Review,EV Scooter,TVS iQube,East,1/14/2025,4,Top speed is decent for city use but not enough for highway cruising.,Performance & Ride Quality
EV2148,Marketplace Review,EV Car,Hyundai Kona,West,2/28/2024,3,Top speed is decent for city use but not enough for highway cruising.,Performance & Ride Quality
EV2149,Marketplace Review,EV Car,Tata Nexon EV,West,5/22/2024,3,"Range drops badly in winter, I lost almost 30% range in cold weather.",Range Anxiety
EV2150,Social Media,EV Scooter,Hero Vida V1,East,4/7/2025,4,"Energy used to charge still comes mostly from coal in my region, defeats the purpose somewhat. Bluetooth connectivity drops frequently while riding, very frustrating.","Environmental Impact, Software & Connectivity"
EV2151,Customer Support,EV Car,Tata Nexon EV,North,1/3/2025,4,Battery range degrades faster than expected after just one year of use. The motor is powerful and pickup is much better than petrol variants.,"Range Anxiety, Performance & Ride Quality"
EV2152,Survey,EV Scooter,Bajaj Chetak,East,3/14/2025,4,Software glitches caused the dashboard to freeze twice in a month.,Software & Connectivity
EV2153,Marketplace Review,EV Car,Tesla Model 3,East,7/18/2024,5,Battery performance is stable even after two years of heavy usage. Stability control on wet roads is impressive and inspires confidence.,"Battery Life & Degradation, Safety Features"
EV2154,Marketplace Review,EV Car,MG ZS EV,North,11/4/2024,5,Emergency braking and collision alert systems work really well in traffic.,Safety Features
EV2155,Survey,EV Car,Mahindra XUV400,West,9/3/2024,5,Price after subsidy is still higher than a comparable petrol scooter.,Price & Subsidy
EV2156,Survey,EV Car,Tesla Model 3,North,3/21/2025,5,I'm always worried about running out of charge before reaching my destination.,Range Anxiety
EV2157,Customer Support,EV Scooter,Bajaj Chetak,South,9/20/2024,4,Software glitches caused the dashboard to freeze twice in a month.,Software & Connectivity
EV2158,Social Media,EV Car,Tesla Model 3,Central,5/18/2025,5,Fast charging network needs serious expansion on highways. Handling and stability at high speed feels very confident and safe.,"Charging Infrastructure, Performance & Ride Quality"
EV2159,Marketplace Review,EV Scooter,Bajaj Chetak,Central,3/23/2025,3,Price after subsidy is still higher than a comparable petrol scooter.,Price & Subsidy
EV2160,Customer Support,EV Scooter,Ola S1,North,4/24/2024,3,Fast charging network needs serious expansion on highways. Handling and stability at high speed feels very confident and safe.,"Charging Infrastructure, Performance & Ride Quality"
EV2161,Customer Support,EV Scooter,Ather 450X,West,1/2/2024,3,Service center staff are not well trained to handle EV specific issues.,Service & After-Sales
EV2162,Marketplace Review,EV Car,Mahindra XUV400,East,1/8/2025,3,Battery performance is stable even after two years of heavy usage.,Battery Life & Degradation
EV2163,Marketplace Review,EV Car,Tata Nexon EV,North,4/16/2025,4,"Braking system feels sharp and responsive, regenerative braking works well. Battery health dropped to 85% within 18 months of daily use.","Performance & Ride Quality, Battery Life & Degradation"
EV2164,Marketplace Review,EV Scooter,Hero Vida V1,South,10/17/2024,3,"No proper information on how battery degrades over time, company should be transparent.",Battery Life & Degradation
EV2165,Customer Support,EV Car,BYD Atto 3,East,5/29/2025,4,"Charging takes too long, almost 6 hours for a full charge at home.",Charging Infrastructure
EV2166,Social Media,EV Scooter,Hero Vida V1,West,10/25/2024,4,The design looks futuristic and attracts a lot of attention on the road.,Design & Aesthetics
EV2167,Social Media,EV Scooter,Ather 450X,South,2/23/2024,2,"Battery replacement cost is almost half the price of the vehicle, very concerning.",Battery Life & Degradation
EV2168,Social Media,EV Scooter,TVS iQube,North,2/5/2025,4,"Noise levels are impressively low, riding experience is very smooth and quiet.",Performance & Ride Quality
EV2169,Marketplace Review,EV Scooter,TVS iQube,West,3/14/2024,4,Stability control on wet roads is impressive and inspires confidence.,Safety Features
EV2170,Social Media,EV Scooter,TVS iQube,Central,2/7/2025,5,"Finding a working charging station in my city is still very difficult. No proper information on how battery degrades over time, company should be transparent. Braking system feels sharp and responsive, regenerative braking works well.","Charging Infrastructure, Battery Life & Degradation, Performance & Ride Quality"
EV2171,Social Media,EV Scooter,Hero Vida V1,Central,5/20/2024,4,Software glitches caused the dashboard to freeze twice in a month.,Software & Connectivity
EV2172,Social Media,EV Scooter,TVS iQube,South,8/11/2024,3,"Resale value of electric vehicles is still uncertain, worried about depreciation. Range drops badly in winter, I lost almost 30% range in cold weather.","Price & Subsidy, Range Anxiety"
EV2173,Marketplace Review,EV Car,Mahindra XUV400,South,2/27/2024,5,"Home charging setup was expensive and took weeks to install. Acceleration is smooth and instant torque makes overtaking effortless. The companion app keeps crashing, needs urgent software updates.","Charging Infrastructure, Performance & Ride Quality, Software & Connectivity"
EV2174,Marketplace Review,EV Scooter,Ampere Magnus,South,2/17/2025,4,The upfront price is high but government subsidy makes it affordable.,Price & Subsidy
EV2175,Marketplace Review,EV Car,MG ZS EV,West,11/5/2024,4,Zero tailpipe emissions is the main reason I chose an electric vehicle.,Environmental Impact
EV2176,Survey,EV Scooter,Hero Vida V1,West,1/26/2025,5,"Waiting time for service appointment is too long, more service centers needed.",Service & After-Sales
EV2177,Survey,EV Scooter,TVS iQube,North,4/29/2024,4,"Public chargers are often broken or occupied, need more charging stations urgently.",Charging Infrastructure
EV2178,Social Media,EV Scooter,Hero Vida V1,North,5/6/2025,5,"Waiting time for service appointment is too long, more service centers needed.",Service & After-Sales
EV2179,Social Media,EV Car,BYD Atto 3,West,5/10/2025,3,"The design looks futuristic and attracts a lot of attention on the road. After sales support has been excellent, quick response and doorstep service. Worried about battery degradation and replacement cost after warranty ends.","Design & Aesthetics, Service & After-Sales, Battery Life & Degradation"
EV2180,Survey,EV Car,Mahindra XUV400,West,6/26/2025,5,"Navigation system integrated with range prediction is genuinely useful. Public chargers are often broken or occupied, need more charging stations urgently.","Software & Connectivity, Charging Infrastructure"
EV2181,Survey,EV Car,Tesla Model 3,South,7/3/2024,5,Battery range degrades faster than expected after just one year of use.,Range Anxiety
EV2182,Survey,EV Scooter,Ola S1,South,7/30/2024,4,Worried about battery degradation and replacement cost after warranty ends.,Battery Life & Degradation
EV2183,Survey,EV Scooter,Ola S1,North,6/2/2025,4,"After sales support has been excellent, quick response and doorstep service.",Service & After-Sales
EV2184,Survey,EV Car,Mahindra XUV400,South,11/3/2024,5,"Range anxiety is real, I plan every trip around charging stops now.",Range Anxiety
EV2185,Marketplace Review,EV Scooter,Ather 450X,East,6/19/2025,4,The motor is powerful and pickup is much better than petrol variants.,Performance & Ride Quality
EV2186,Survey,EV Car,Tesla Model 3,South,2/7/2024,5,Total cost of ownership is great once you factor in low maintenance and fuel savings.,Price & Subsidy
EV2187,Social Media,EV Scooter,Ather 450X,Central,8/9/2024,4,Concerned about environmental impact of battery disposal and recycling.,Environmental Impact
EV2188,Marketplace Review,EV Scooter,Ather 450X,North,9/18/2024,3,"Spare parts availability is a major issue, waited a month for a replacement part.",Service & After-Sales
EV2189,Marketplace Review,EV Car,Mahindra XUV400,North,9/17/2024,4,Build materials feel sturdy but the design is a bit too plain compared to rivals.,Design & Aesthetics
EV2190,Social Media,EV Car,BYD Atto 3,North,10/2/2024,4,"Total cost of ownership is great once you factor in low maintenance and fuel savings. Noise levels are impressively low, riding experience is very smooth and quiet.","Price & Subsidy, Performance & Ride Quality"
EV2191,Marketplace Review,EV Car,Hyundai Kona,West,1/27/2024,5,Zero tailpipe emissions is the main reason I chose an electric vehicle.,Environmental Impact
EV2192,Survey,EV Car,Hyundai Kona,Central,4/22/2024,3,Advanced safety features like ABS and traction control give peace of mind. Loved the color options and the overall styling of the vehicle.,"Safety Features, Design & Aesthetics"
EV2193,Customer Support,EV Car,Hyundai Kona,East,5/29/2024,4,The upfront price is high but government subsidy makes it affordable. Service center staff are not well trained to handle EV specific issues.,"Price & Subsidy, Service & After-Sales"
EV2194,Marketplace Review,EV Scooter,Ather 450X,North,5/6/2024,5,Battery performance is stable even after two years of heavy usage.,Battery Life & Degradation
EV2195,Marketplace Review,EV Scooter,Ampere Magnus,North,6/25/2025,4,"Braking system feels sharp and responsive, regenerative braking works well.",Performance & Ride Quality
EV2196,Survey,EV Scooter,Ampere Magnus,North,6/23/2024,4,"Noise levels are impressively low, riding experience is very smooth and quiet.",Performance & Ride Quality
EV2197,Marketplace Review,EV Car,Hyundai Kona,West,5/10/2024,4,Service center staff are not well trained to handle EV specific issues.,Service & After-Sales
EV2198,Social Media,EV Car,Tesla Model 3,South,1/22/2025,4,Concerned about environmental impact of battery disposal and recycling.,Environmental Impact
EV2199,Customer Support,EV Car,Tesla Model 3,South,3/4/2025,4,"Touchscreen infotainment system lags and is not very intuitive to use. Battery replacement cost is almost half the price of the vehicle, very concerning. Energy used to charge still comes mostly from coal in my region, defeats the purpose somewhat.","Software & Connectivity, Battery Life & Degradation, Environmental Impact"
