review_id,product_type,brand,rating,feedback_text,lda_topic,lda_topic_label,lda_topic_confidence
EV1000,EV Car,Tata Nexon EV,4,"No proper information on how battery degrades over time, company should be transparent.",5,"Topic 5: battery, center, service center, service, safety",0.9357136577255175
EV1001,EV Car,Tesla Model 3,4,"The real world range is much lower than advertised, I only get 100 km on a full charge.",1,"Topic 1: range, system, genuinely, useful, genuinely useful",0.9357130553242756
EV1002,EV Car,MG ZS EV,4,Emergency braking and collision alert systems work really well in traffic.,7,"Topic 7: braking, work, system, work well, well",0.9437497312130717
EV1003,EV Car,Mahindra XUV400,4,"Loved the color options and the overall styling of the vehicle. Suspension is too stiff, ride quality is uncomfortable on bad roads.",0,"Topic 0: cost, battery, replacement cost, replacement, city",0.5285696800551991
EV1004,EV Car,Hyundai Kona,4,"Love the app that shows nearby charging stations, very convenient feature.",6,"Topic 6: charging, battery, almost, tier, use",0.943748039404446
EV1005,EV Scooter,Ampere Magnus,4,Advanced safety features like ABS and traction control give peace of mind.,3,"Topic 3: safety, use, highway, part, feature",0.9499995847169762
EV1006,EV Scooter,Ola S1,3,Zero tailpipe emissions is the main reason I chose an electric vehicle.,6,"Topic 6: charging, battery, almost, tier, use",0.9249999999668123
EV1007,EV Car,Tata Nexon EV,4,"Running cost is much lower than petrol, saving a lot on fuel every month.",4,"Topic 4: software, month, year, battery, keep",0.9499988743504476
EV1008,EV Scooter,TVS iQube,4,The motor is powerful and pickup is much better than petrol variants. Concerned about environmental impact of battery disposal and recycling.,9,"Topic 9: price, subsidy, service, battery disposal, concerned environmental",0.510190429387028
EV1009,EV Car,BYD Atto 3,3,"Battery replacement cost is almost half the price of the vehicle, very concerning.",0,"Topic 0: cost, battery, replacement cost, replacement, city",0.9357121936164879
EV1010,EV Scooter,TVS iQube,3,The upfront price is high but government subsidy makes it affordable.,9,"Topic 9: price, subsidy, service, battery disposal, concerned environmental",0.9357130000184158
EV1011,EV Scooter,Bajaj Chetak,5,Concerned about environmental impact of battery disposal and recycling.,9,"Topic 9: price, subsidy, service, battery disposal, concerned environmental",0.9249986153687703
EV1012,EV Car,Tesla Model 3,4,"Battery health dropped to 85% within 18 months of daily use. There are very few authorized service centers, had to travel 5 km for repair.",6,"Topic 6: charging, battery, almost, tier, use",0.5465585564767148
EV1013,EV Scooter,Hero Vida V1,4,The motor is powerful and pickup is much better than petrol variants.,3,"Topic 3: safety, use, highway, part, feature",0.924998570431653
EV1014,EV Car,BYD Atto 3,4,Home charging setup was expensive and took weeks to install.,5,"Topic 5: battery, center, service center, service, safety",0.935713411107298
EV1015,EV Car,Tesla Model 3,5,"Storage space under the seat is very limited, not practical for daily use.",3,"Topic 3: safety, use, highway, part, feature",0.9357135200179632
EV1016,EV Scooter,Ampere Magnus,4,"Charging takes too long, almost 6 hours for a full charge at home. Stability control on wet roads is impressive and inspires confidence.",0,"Topic 0: cost, battery, replacement cost, replacement, city",0.49338104128145843
EV1017,EV Scooter,Ola S1,4,"The companion app keeps crashing, needs urgent software updates.",4,"Topic 4: software, month, year, battery, keep",0.943749216857566
EV1018,EV Scooter,Ampere Magnus,4,"Had a great experience with the service team, they explained everything clearly.",4,"Topic 4: software, month, year, battery, keep",0.9357124482698551
EV1019,EV Car,MG ZS EV,4,Battery range degrades faster than expected after just one year of use. Acceleration is smooth and instant torque makes overtaking effortless.,4,"Topic 4: software, month, year, battery, keep",0.9666649437935103
EV1020,EV Car,Hyundai Kona,5,"Running cost is much lower than petrol, saving a lot on fuel every month.",4,"Topic 4: software, month, year, battery, keep",0.9499988743504476
EV1021,EV Car,Tesla Model 3,5,Battery health dropped to 85% within 18 months of daily use.,6,"Topic 6: charging, battery, almost, tier, use",0.9357124919676222
EV1022,EV Scooter,Ampere Magnus,4,"Energy used to charge still comes mostly from coal in my region, defeats the purpose somewhat. LED lighting and digital dashboard give it a premium, modern look. Price after subsidy is still higher than a comparable petrol scooter.",8,"Topic 8: range, drop, defeat purpose, energy, energy used",0.44427096643230946
EV1023,EV Scooter,Bajaj Chetak,4,"Over the air software updates are a great feature, keeps improving over time. Public chargers are often broken or occupied, need more charging stations urgently. Resale value of electric vehicles is still uncertain, worried about depreciation.",0,"Topic 0: cost, battery, replacement cost, replacement, city",0.40403594183893404
EV1024,EV Car,BYD Atto 3,3,"Range drops badly in winter, I lost almost 30% range in cold weather.",8,"Topic 8: range, drop, defeat purpose, energy, energy used",0.949999084075917
EV1025,EV Car,MG ZS EV,3,Fast charging network needs serious expansion on highways.,3,"Topic 3: safety, use, highway, part, feature",0.935712803955503
EV1026,EV Scooter,Hero Vida V1,3,"Zero tailpipe emissions is the main reason I chose an electric vehicle. Smart key and app based lock features work flawlessly, very convenient.",9,"Topic 9: price, subsidy, service, battery disposal, concerned environmental",0.5541547523139808
EV1027,EV Scooter,Bajaj Chetak,4,Loved the color options and the overall styling of the vehicle.,6,"Topic 6: charging, battery, almost, tier, use",0.9099999999467664
EV1028,EV Scooter,Bajaj Chetak,5,For daily commute the range is fine but long trips are stressful because of low range.,0,"Topic 0: cost, battery, replacement cost, replacement, city",0.9499975083227754
EV1029,EV Scooter,Ola S1,4,"Read reports about battery fires, safety is my biggest concern before buying. Bluetooth connectivity drops frequently while riding, very frustrating.",5,"Topic 5: battery, center, service center, service, safety",0.5592595395621006
EV1030,EV Car,Hyundai Kona,4,"The companion app keeps crashing, needs urgent software updates. Advanced safety features like ABS and traction control give peace of mind.",3,"Topic 3: safety, use, highway, part, feature",0.5247299405160625
EV1031,EV Car,Tata Nexon EV,3,"Bluetooth connectivity drops frequently while riding, very frustrating.",8,"Topic 8: range, drop, defeat purpose, energy, energy used",0.9249997227808245
EV1032,EV Car,Mahindra XUV400,3,"Range anxiety is real, I plan every trip around charging stops now. LED lighting and digital dashboard give it a premium, modern look.",2,"Topic 2: feel, quality, range, support, quality feel",0.5015658849674595
EV1033,EV Scooter,TVS iQube,5,Battery health dropped to 85% within 18 months of daily use.,6,"Topic 6: charging, battery, almost, tier, use",0.9357124919676222
EV1034,EV Scooter,Ather 450X,5,Acceleration is smooth and instant torque makes overtaking effortless.,4,"Topic 4: software, month, year, battery, keep",0.9357133527421988
EV1035,EV Car,BYD Atto 3,3,"Battery performance is stable even after two years of heavy usage. Range drops badly in winter, I lost almost 30% range in cold weather.",8,"Topic 8: range, drop, defeat purpose, energy, energy used",0.5487431972068513
EV1036,EV Car,Tata Nexon EV,3,"Finding a working charging station in my city is still very difficult. Running cost is much lower than petrol, saving a lot on fuel every month.",4,"Topic 4: software, month, year, battery, keep",0.5477086208216035
EV1037,EV Scooter,Hero Vida V1,4,"Braking system feels sharp and responsive, regenerative braking works well. Insurance premium for EV is surprisingly high compared to petrol vehicles.",7,"Topic 7: braking, work, system, work well, well",0.5859272451774503
EV1038,EV Car,Tesla Model 3,5,"Charging infrastructure in tier 2 and tier 3 cities is almost non-existent. Range drops badly in winter, I lost almost 30% range in cold weather.",8,"Topic 8: range, drop, defeat purpose, energy, energy used",0.5230225328811253
EV1039,EV Car,BYD Atto 3,4,The battery warranty of 100 years gives me confidence in long term reliability.,4,"Topic 4: software, month, year, battery, keep",0.9437480073525252
EV1040,EV Car,Hyundai Kona,4,Stability control on wet roads is impressive and inspires confidence.,0,"Topic 0: cost, battery, replacement cost, replacement, city",0.9357134461405903
EV1041,EV Scooter,Ampere Magnus,4,Home charging setup was expensive and took weeks to install.,5,"Topic 5: battery, center, service center, service, safety",0.935713411107298
EV1042,EV Scooter,Ola S1,3,"After sales support has been excellent, quick response and doorstep service.",2,"Topic 2: feel, quality, range, support, quality feel",0.9357136343261091
EV1043,EV Car,Tesla Model 3,5,Emergency braking and collision alert systems work really well in traffic.,7,"Topic 7: braking, work, system, work well, well",0.9437497312130717
EV1044,EV Scooter,Ola S1,3,"I'm always worried about running out of charge before reaching my destination. Concerned about environmental impact of battery disposal and recycling. Suspension is too stiff, ride quality is uncomfortable on bad roads.",0,"Topic 0: cost, battery, replacement cost, replacement, city",0.3514318779699374
EV1045,EV Scooter,Ampere Magnus,3,"Home charging setup was expensive and took weeks to install. Energy used to charge still comes mostly from coal in my region, defeats the purpose somewhat.",8,"Topic 8: range, drop, defeat purpose, energy, energy used",0.5848447564377983
EV1046,EV Car,Hyundai Kona,4,"Range anxiety is real, I plan every trip around charging stops now.",2,"Topic 2: feel, quality, range, support, quality feel",0.9499971908249379
EV1047,EV Scooter,Ola S1,4,"Love the app that shows nearby charging stations, very convenient feature.",6,"Topic 6: charging, battery, almost, tier, use",0.943748039404446
EV1048,EV Scooter,Ampere Magnus,5,"Battery health dropped to 85% within 18 months of daily use. Build materials feel sturdy but the design is a bit too plain compared to rivals. AC usage kills the range, on hot days I barely get half the claimed distance.",6,"Topic 6: charging, battery, almost, tier, use",0.62891473332384
EV1049,EV Scooter,Hero Vida V1,5,"Finding a working charging station in my city is still very difficult. LED lighting and digital dashboard give it a premium, modern look.",0,"Topic 0: cost, battery, replacement cost, replacement, city",0.966665939665959
EV1050,EV Scooter,Ather 450X,5,"There are very few authorized service centers, had to travel 80 km for repair. Price after subsidy is still higher than a comparable petrol scooter.",9,"Topic 9: price, subsidy, service, battery disposal, concerned environmental",0.587122219044873
EV1051,EV Scooter,TVS iQube,4,"Noise levels are impressively low, riding experience is very smooth and quiet. Stability control on wet roads is impressive and inspires confidence.",9,"Topic 9: price, subsidy, service, battery disposal, concerned environmental",0.5040954950068003
EV1052,EV Scooter,Ola S1,4,Concerned about environmental impact of battery disposal and recycling.,9,"Topic 9: price, subsidy, service, battery disposal, concerned environmental",0.9249986153687703
EV1053,EV Car,Tata Nexon EV,4,Compact size makes it easy to park and maneuver in city traffic.,1,"Topic 1: range, system, genuinely, useful, genuinely useful",0.9437493609883884
EV1054,EV Car,Mahindra XUV400,3,"Compact size makes it easy to park and maneuver in city traffic. Claimed range of 250 km is misleading, actual range is way less in city traffic.",1,"Topic 1: range, system, genuinely, useful, genuinely useful",0.5520019403492714
EV1055,EV Scooter,Ola S1,4,"Charging takes too long, almost 6 hours for a full charge at home.",6,"Topic 6: charging, battery, almost, tier, use",0.9437476402111513
EV1056,EV Scooter,Hero Vida V1,4,Customer support over phone is helpful and resolves issues quickly.,2,"Topic 2: feel, quality, range, support, quality feel",0.9357138175418811
EV1057,EV Car,MG ZS EV,4,"Energy used to charge still comes mostly from coal in my region, defeats the purpose somewhat.",8,"Topic 8: range, drop, defeat purpose, energy, energy used",0.9549998187898763
EV1058,EV Scooter,Bajaj Chetak,3,Insurance premium for EV is surprisingly high compared to petrol vehicles.,8,"Topic 8: range, drop, defeat purpose, energy, energy used",0.9249977907310836
EV1059,EV Scooter,Bajaj Chetak,5,"Stability control on wet roads is impressive and inspires confidence. The companion app keeps crashing, needs urgent software updates. The battery warranty of 20 years gives me confidence in long term reliability.",4,"Topic 4: software, month, year, battery, keep",0.6564133791853768
EV1060,EV Scooter,Ola S1,4,The upfront price is high but government subsidy makes it affordable. Battery health dropped to 85% within 18 months of daily use. Battery range degrades faster than expected after just one year of use.,6,"Topic 6: charging, battery, almost, tier, use",0.33048581634684693
EV1061,EV Car,Mahindra XUV400,3,"Storage space under the seat is very limited, not practical for daily use.",3,"Topic 3: safety, use, highway, part, feature",0.9357135200179632
EV1062,EV Scooter,Ather 450X,4,"Interior quality feels cheap for the price point, needs improvement.",2,"Topic 2: feel, quality, range, support, quality feel",0.9437490829139897
EV1063,EV Car,Tesla Model 3,4,Charging infrastructure in tier 2 and tier 3 cities is almost non-existent.,6,"Topic 6: charging, battery, almost, tier, use",0.9437484930362834
EV1064,EV Car,Mahindra XUV400,4,"LED lighting and digital dashboard give it a premium, modern look.",0,"Topic 0: cost, battery, replacement cost, replacement, city",0.9437487547496393
EV1065,EV Scooter,Ather 450X,3,EV subsidy scheme in my state got delayed and the discount amount reduced suddenly.,4,"Topic 4: software, month, year, battery, keep",0.9499997911747503
EV1066,EV Scooter,Hero Vida V1,4,"Charging takes too long, almost 6 hours for a full charge at home.",6,"Topic 6: charging, battery, almost, tier, use",0.9437476402111513
EV1067,EV Car,Hyundai Kona,4,Battery health dropped to 85% within 18 months of daily use.,6,"Topic 6: charging, battery, almost, tier, use",0.9357124919676222
EV1068,EV Car,Mahindra XUV400,4,"Loved the color options and the overall styling of the vehicle. Energy used to charge still comes mostly from coal in my region, defeats the purpose somewhat.",8,"Topic 8: range, drop, defeat purpose, energy, energy used",0.6521481277025277
EV1069,EV Scooter,Bajaj Chetak,5,"LED lighting and digital dashboard give it a premium, modern look. For daily commute the range is fine but long trips are stressful because of low range.",0,"Topic 0: cost, battery, replacement cost, replacement, city",0.9727263087225654
EV1070,EV Scooter,Ola S1,5,Compact size makes it easy to park and maneuver in city traffic.,1,"Topic 1: range, system, genuinely, useful, genuinely useful",0.9437493609883884
EV1071,EV Car,Mahindra XUV400,5,"The companion app keeps crashing, needs urgent software updates.",4,"Topic 4: software, month, year, battery, keep",0.943749216857566
EV1072,EV Scooter,TVS iQube,4,Battery performance is stable even after two years of heavy usage.,6,"Topic 6: charging, battery, almost, tier, use",0.9357131926965875
EV1073,EV Car,Mahindra XUV400,4,"Battery replacement cost is almost half the price of the vehicle, very concerning.",0,"Topic 0: cost, battery, replacement cost, replacement, city",0.9357121936164879
EV1074,EV Car,Tata Nexon EV,5,"For the price, I expected better build quality and more features.",2,"Topic 2: feel, quality, range, support, quality feel",0.9249974594621185
EV1075,EV Scooter,TVS iQube,5,"Had a great experience with the service team, they explained everything clearly.",4,"Topic 4: software, month, year, battery, keep",0.9357124482698551
EV1076,EV Car,Mahindra XUV400,5,The motor is powerful and pickup is much better than petrol variants.,3,"Topic 3: safety, use, highway, part, feature",0.924998570431653
EV1077,EV Car,Tesla Model 3,3,The upfront price is high but government subsidy makes it affordable.,9,"Topic 9: price, subsidy, service, battery disposal, concerned environmental",0.9357130000184158
EV1078,EV Car,MG ZS EV,4,Contributing to a cleaner city is a big motivation behind going electric. EV subsidy scheme in my state got delayed and the discount amount reduced suddenly.,4,"Topic 4: software, month, year, battery, keep",0.5516130420482629
EV1079,EV Scooter,Ather 450X,4,Finding a working charging station in my city is still very difficult.,0,"Topic 0: cost, battery, replacement cost, replacement, city",0.9249982638755785
EV1080,EV Scooter,Ampere Magnus,4,Fast charging network needs serious expansion on highways.,3,"Topic 3: safety, use, highway, part, feature",0.935712803955503
EV1081,EV Car,Tesla Model 3,5,Concerned about environmental impact of battery disposal and recycling. For daily commute the range is fine but long trips are stressful because of low range.,0,"Topic 0: cost, battery, replacement cost, replacement, city",0.5786045998393142
EV1082,EV Scooter,Ola S1,4,"Bluetooth connectivity drops frequently while riding, very frustrating. Love the app that shows nearby charging stations, very convenient feature.",6,"Topic 6: charging, battery, almost, tier, use",0.5499894510771879
EV1083,EV Scooter,Hero Vida V1,5,Stability control on wet roads is impressive and inspires confidence.,0,"Topic 0: cost, battery, replacement cost, replacement, city",0.9357134461405903
EV1084,EV Scooter,Ampere Magnus,3,Concerned about environmental impact of battery disposal and recycling.,9,"Topic 9: price, subsidy, service, battery disposal, concerned environmental",0.9249986153687703
EV1085,EV Scooter,Ather 450X,5,"For the price, I expected better build quality and more features.",2,"Topic 2: feel, quality, range, support, quality feel",0.9249974594621185
EV1086,EV Scooter,TVS iQube,5,Battery health dropped to 85% within 18 months of daily use. Touchscreen infotainment system lags and is not very intuitive to use.,6,"Topic 6: charging, battery, almost, tier, use",0.5335835635000326
EV1087,EV Scooter,TVS iQube,5,Advanced safety features like ABS and traction control give peace of mind.,3,"Topic 3: safety, use, highway, part, feature",0.9499995847169762
EV1088,EV Car,Tata Nexon EV,4,"Read reports about battery fires, safety is my biggest concern before buying.",5,"Topic 5: battery, center, service center, service, safety",0.9437495112624689
EV1089,EV Scooter,Hero Vida V1,5,"Charging takes too long, almost 6 hours for a full charge at home.",6,"Topic 6: charging, battery, almost, tier, use",0.9437476402111513
EV1090,EV Car,Mahindra XUV400,4,Navigation system integrated with range prediction is genuinely useful.,1,"Topic 1: range, system, genuinely, useful, genuinely useful",0.9357135041670673
EV1091,EV Scooter,Bajaj Chetak,3,"After sales support has been excellent, quick response and doorstep service. Zero tailpipe emissions is the main reason I chose an electric vehicle.",2,"Topic 2: feel, quality, range, support, quality feel",0.523999895314991
EV1092,EV Car,Tesla Model 3,5,"Read reports about battery fires, safety is my biggest concern before buying. Battery health dropped to 85% within 18 months of daily use.",5,"Topic 5: battery, center, service center, service, safety",0.5304977519351283
EV1093,EV Scooter,TVS iQube,4,"There are very few authorized service centers, had to travel 250 km for repair.",5,"Topic 5: battery, center, service center, service, safety",0.9099990182384726
EV1094,EV Car,Hyundai Kona,4,Service center staff are not well trained to handle EV specific issues.,5,"Topic 5: battery, center, service center, service, safety",0.9437489343674283
EV1095,EV Car,BYD Atto 3,5,"Charging takes too long, almost 6 hours for a full charge at home. Battery range degrades faster than expected after just one year of use.",6,"Topic 6: charging, battery, almost, tier, use",0.5740807193466173
EV1096,EV Scooter,Bajaj Chetak,3,"Service center staff are not well trained to handle EV specific issues. Smart key and app based lock features work flawlessly, very convenient.",9,"Topic 9: price, subsidy, service, battery disposal, concerned environmental",0.5511880014175282
EV1097,EV Car,Mahindra XUV400,4,Battery health dropped to 85% within 18 months of daily use.,6,"Topic 6: charging, battery, almost, tier, use",0.9357124919676222
EV1098,EV Scooter,Ola S1,5,"Energy used to charge still comes mostly from coal in my region, defeats the purpose somewhat.",8,"Topic 8: range, drop, defeat purpose, energy, energy used",0.9549998187898763
EV1099,EV Car,BYD Atto 3,4,"After sales support has been excellent, quick response and doorstep service. Compact size makes it easy to park and maneuver in city traffic.",1,"Topic 1: range, system, genuinely, useful, genuinely useful",0.4934532853389375
EV1100,EV Car,BYD Atto 3,5,"There are very few authorized service centers, had to travel 150 km for repair. Home charging setup was expensive and took weeks to install.",5,"Topic 5: battery, center, service center, service, safety",0.9608690911536394
EV1101,EV Car,MG ZS EV,4,Contributing to a cleaner city is a big motivation behind going electric.,0,"Topic 0: cost, battery, replacement cost, replacement, city",0.9357138471250149
EV1102,EV Scooter,Ola S1,3,"The companion app keeps crashing, needs urgent software updates.",4,"Topic 4: software, month, year, battery, keep",0.943749216857566
EV1103,EV Car,Hyundai Kona,5,"Read reports about battery fires, safety is my biggest concern before buying.",5,"Topic 5: battery, center, service center, service, safety",0.9437495112624689
EV1104,EV Car,Hyundai Kona,4,"Battery performance is stable even after two years of heavy usage. Waiting time for service appointment is too long, more service centers needed.",9,"Topic 9: price, subsidy, service, battery disposal, concerned environmental",0.5062271060582335
EV1105,EV Scooter,Bajaj Chetak,4,"Storage space under the seat is very limited, not practical for daily use. Service center staff are not well trained to handle EV specific issues. Navigation system integrated with range prediction is genuinely useful.",5,"Topic 5: battery, center, service center, service, safety",0.35045929182614693
EV1106,EV Car,Mahindra XUV400,3,"The real world range is much lower than advertised, I only get 8 km on a full charge. Charging takes too long, almost 6 hours for a full charge at home. The upfront price is high but government subsidy makes it affordable.",1,"Topic 1: range, system, genuinely, useful, genuinely useful",0.3702905415666173
EV1107,EV Car,Mahindra XUV400,5,Contributing to a cleaner city is a big motivation behind going electric.,0,"Topic 0: cost, battery, replacement cost, replacement, city",0.9357138471250149
EV1108,EV Scooter,Ola S1,3,Handling and stability at high speed feels very confident and safe. Zero tailpipe emissions is the main reason I chose an electric vehicle.,1,"Topic 1: range, system, genuinely, useful, genuinely useful",0.5133409779998335
EV1109,EV Scooter,Bajaj Chetak,4,"Emergency braking and collision alert systems work really well in traffic. Range drops badly in winter, I lost almost 30% range in cold weather.",8,"Topic 8: range, drop, defeat purpose, energy, energy used",0.5235884427657514
EV1110,EV Scooter,TVS iQube,4,"Emergency braking and collision alert systems work really well in traffic. The real world range is much lower than advertised, I only get 150 km on a full charge. Navigation system integrated with range prediction is genuinely useful.",1,"Topic 1: range, system, genuinely, useful, genuinely useful",0.6324072555634084
EV1111,EV Scooter,Ampere Magnus,5,EV subsidy scheme in my state got delayed and the discount amount reduced suddenly.,4,"Topic 4: software, month, year, battery, keep",0.9499997911747503
EV1112,EV Car,Hyundai Kona,4,I'm always worried about running out of charge before reaching my destination. EV subsidy scheme in my state got delayed and the discount amount reduced suddenly.,4,"Topic 4: software, month, year, battery, keep",0.6115548928968807
EV1113,EV Car,BYD Atto 3,4,"Public chargers are often broken or occupied, need more charging stations urgently. Software glitches caused the dashboard to freeze twice in a month.",0,"Topic 0: cost, battery, replacement cost, replacement, city",0.5487457547995752
EV1114,EV Car,Mahindra XUV400,4,"Storage space under the seat is very limited, not practical for daily use. Over the air software updates are a great feature, keeps improving over time.",6,"Topic 6: charging, battery, almost, tier, use",0.5647053829545462
EV1115,EV Scooter,Ampere Magnus,5,"Energy used to charge still comes mostly from coal in my region, defeats the purpose somewhat.",8,"Topic 8: range, drop, defeat purpose, energy, energy used",0.9549998187898763
EV1116,EV Car,Tata Nexon EV,4,"Advanced safety features like ABS and traction control give peace of mind. After sales support has been excellent, quick response and doorstep service.",3,"Topic 3: safety, use, highway, part, feature",0.5443092716651153
EV1117,EV Scooter,Ampere Magnus,4,"The vehicle has good crash test ratings which reassured my purchase decision. Navigation system integrated with range prediction is genuinely useful. Noise levels are impressively low, riding experience is very smooth and quiet.",9,"Topic 9: price, subsidy, service, battery disposal, concerned environmental",0.6524996180588223
EV1118,EV Scooter,TVS iQube,5,Insurance premium for EV is surprisingly high compared to petrol vehicles.,8,"Topic 8: range, drop, defeat purpose, energy, energy used",0.9249977907310836
EV1119,EV Car,Hyundai Kona,4,"Worried about battery degradation and replacement cost after warranty ends. Over the air software updates are a great feature, keeps improving over time.",6,"Topic 6: charging, battery, almost, tier, use",0.5283399413278838
EV1120,EV Scooter,Ola S1,4,Software glitches caused the dashboard to freeze twice in a month. I'm always worried about running out of charge before reaching my destination.,4,"Topic 4: software, month, year, battery, keep",0.5467697921620219
EV1121,EV Scooter,Hero Vida V1,4,"After sales support has been excellent, quick response and doorstep service.",2,"Topic 2: feel, quality, range, support, quality feel",0.9357136343261091
EV1122,EV Scooter,Hero Vida V1,4,Build quality feels premium and the ride is extremely comfortable.,2,"Topic 2: feel, quality, range, support, quality feel",0.9357133889511634
EV1123,EV Car,BYD Atto 3,3,"Running cost is much lower than petrol, saving a lot on fuel every month.",4,"Topic 4: software, month, year, battery, keep",0.9499988743504476
EV1124,EV Scooter,Ola S1,3,Service center staff are not well trained to handle EV specific issues.,5,"Topic 5: battery, center, service center, service, safety",0.9437489343674283
EV1125,EV Car,Hyundai Kona,4,"Suspension is too stiff, ride quality is uncomfortable on bad roads. Interior quality feels cheap for the price point, needs improvement.",2,"Topic 2: feel, quality, range, support, quality feel",0.6195628453224433
EV1126,EV Scooter,Ampere Magnus,3,"Highway charging stops are rare, long distance travel is a nightmare.",8,"Topic 8: range, drop, defeat purpose, energy, energy used",0.943747950199783
EV1127,EV Car,Mahindra XUV400,3,"Spare parts availability is a major issue, waited a month for a replacement part.",3,"Topic 3: safety, use, highway, part, feature",0.9499992060228337
EV1128,EV Scooter,Hero Vida V1,4,"Advanced safety features like ABS and traction control give peace of mind. Battery replacement cost is almost half the price of the vehicle, very concerning.",3,"Topic 3: safety, use, highway, part, feature",0.5439899413816206
EV1129,EV Scooter,Ampere Magnus,3,"Smart key and app based lock features work flawlessly, very convenient.",9,"Topic 9: price, subsidy, service, battery disposal, concerned environmental",0.9499989773125966
EV1130,EV Scooter,Ather 450X,5,Insurance premium for EV is surprisingly high compared to petrol vehicles.,8,"Topic 8: range, drop, defeat purpose, energy, energy used",0.9249977907310836
EV1131,EV Scooter,Ampere Magnus,5,The design looks futuristic and attracts a lot of attention on the road. Customer support over phone is helpful and resolves issues quickly.,2,"Topic 2: feel, quality, range, support, quality feel",0.966666385997145
EV1132,EV Car,BYD Atto 3,4,Zero tailpipe emissions is the main reason I chose an electric vehicle. The motor is powerful and pickup is much better than petrol variants.,6,"Topic 6: charging, battery, almost, tier, use",0.48260867179309497
EV1133,EV Scooter,Hero Vida V1,4,"Had a great experience with the service team, they explained everything clearly.",4,"Topic 4: software, month, year, battery, keep",0.9357124482698551
EV1134,EV Scooter,Ola S1,4,"Waiting time for service appointment is too long, more service centers needed. Noise levels are impressively low, riding experience is very smooth and quiet.",9,"Topic 9: price, subsidy, service, battery disposal, concerned environmental",0.9709671067186417
EV1135,EV Car,MG ZS EV,3,"Heard about a thermal runaway incident, this has shaken my trust in EV safety.",3,"Topic 3: safety, use, highway, part, feature",0.9357141803880524
EV1136,EV Scooter,Ather 450X,3,Handling and stability at high speed feels very confident and safe.,1,"Topic 1: range, system, genuinely, useful, genuinely useful",0.935713476160822
EV1137,EV Scooter,Ola S1,5,The vehicle has good crash test ratings which reassured my purchase decision.,9,"Topic 9: price, subsidy, service, battery disposal, concerned environmental",0.9249999999727188
EV1138,EV Car,Mahindra XUV400,4,Touchscreen infotainment system lags and is not very intuitive to use.,8,"Topic 8: range, drop, defeat purpose, energy, energy used",0.9249973695171285
EV1139,EV Scooter,Ampere Magnus,3,The upfront price is high but government subsidy makes it affordable. Navigation system integrated with range prediction is genuinely useful.,1,"Topic 1: range, system, genuinely, useful, genuinely useful",0.5391272057170492
EV1140,EV Scooter,Ampere Magnus,4,"Service center staff are not well trained to handle EV specific issues. Interior quality feels cheap for the price point, needs improvement.",2,"Topic 2: feel, quality, range, support, quality feel",0.511670549150338
EV1141,EV Car,Tata Nexon EV,5,Home charging setup was expensive and took weeks to install. Insurance premium for EV is surprisingly high compared to petrol vehicles.,5,"Topic 5: battery, center, service center, service, safety",0.5085286565116063
EV1142,EV Scooter,TVS iQube,4,Build materials feel sturdy but the design is a bit too plain compared to rivals.,6,"Topic 6: charging, battery, almost, tier, use",0.9499987329729866
EV1143,EV Car,Mahindra XUV400,3,"Build quality feels premium and the ride is extremely comfortable. For the price, I expected better build quality and more features.",2,"Topic 2: feel, quality, range, support, quality feel",0.9639991436433965
EV1144,EV Car,Hyundai Kona,4,For daily commute the range is fine but long trips are stressful because of low range.,0,"Topic 0: cost, battery, replacement cost, replacement, city",0.9499975083227754
EV1145,EV Scooter,Ather 450X,5,The upfront price is high but government subsidy makes it affordable.,9,"Topic 9: price, subsidy, service, battery disposal, concerned environmental",0.9357130000184158
EV1146,EV Car,Hyundai Kona,3,Fast charging network needs serious expansion on highways.,3,"Topic 3: safety, use, highway, part, feature",0.935712803955503
EV1147,EV Car,MG ZS EV,4,"Had a great experience with the service team, they explained everything clearly.",4,"Topic 4: software, month, year, battery, keep",0.9357124482698551
EV1148,EV Car,MG ZS EV,5,I'm always worried about running out of charge before reaching my destination.,5,"Topic 5: battery, center, service center, service, safety",0.924998492825782
EV1149,EV Car,Hyundai Kona,5,I'm always worried about running out of charge before reaching my destination.,5,"Topic 5: battery, center, service center, service, safety",0.924998492825782
EV1150,EV Scooter,Ola S1,4,"Public chargers are often broken or occupied, need more charging stations urgently.",0,"Topic 0: cost, battery, replacement cost, replacement, city",0.9499990601920162
EV1151,EV Scooter,Bajaj Chetak,5,"Over the air software updates are a great feature, keeps improving over time. Heard about a thermal runaway incident, this has shaken my trust in EV safety.",6,"Topic 6: charging, battery, almost, tier, use",0.5014636019481172
EV1152,EV Car,Tesla Model 3,3,"For daily commute the range is fine but long trips are stressful because of low range. Bluetooth connectivity drops frequently while riding, very frustrating.",0,"Topic 0: cost, battery, replacement cost, replacement, city",0.5290504312241
EV1153,EV Car,Mahindra XUV400,4,Handling and stability at high speed feels very confident and safe. Battery health dropped to 85% within 18 months of daily use.,6,"Topic 6: charging, battery, almost, tier, use",0.49636355697616413
EV1154,EV Scooter,Ampere Magnus,3,"Service center staff are not well trained to handle EV specific issues. Smart key and app based lock features work flawlessly, very convenient. Build materials feel sturdy but the design is a bit too plain compared to rivals.",6,"Topic 6: charging, battery, almost, tier, use",0.3678975935815292
EV1155,EV Car,Tesla Model 3,4,"Resale value of electric vehicles is still uncertain, worried about depreciation. LED lighting and digital dashboard give it a premium, modern look.",0,"Topic 0: cost, battery, replacement cost, replacement, city",0.6285794507915894
EV1156,EV Scooter,Bajaj Chetak,5,Loved the color options and the overall styling of the vehicle.,6,"Topic 6: charging, battery, almost, tier, use",0.9099999999467664
EV1157,EV Scooter,TVS iQube,4,"Public chargers are often broken or occupied, need more charging stations urgently.",0,"Topic 0: cost, battery, replacement cost, replacement, city",0.9499990601920162
EV1158,EV Car,Mahindra XUV400,4,"Stability control on wet roads is impressive and inspires confidence. Range drops badly in winter, I lost almost 30% range in cold weather. Noise levels are impressively low, riding experience is very smooth and quiet.",8,"Topic 8: range, drop, defeat purpose, energy, energy used",0.3567527846712086
EV1159,EV Scooter,Hero Vida V1,4,Concerned about environmental impact of battery disposal and recycling.,9,"Topic 9: price, subsidy, service, battery disposal, concerned environmental",0.9249986153687703
EV1160,EV Scooter,Ola S1,3,"Resale value of electric vehicles is still uncertain, worried about depreciation. Love the app that shows nearby charging stations, very convenient feature.",6,"Topic 6: charging, battery, almost, tier, use",0.603997955706627
EV1161,EV Car,Hyundai Kona,4,"Switching to EV feels good knowing I'm reducing my carbon footprint. There are very few authorized service centers, had to travel 200 km for repair.",2,"Topic 2: feel, quality, range, support, quality feel",0.5478968536737456
EV1162,EV Scooter,TVS iQube,4,"Worried about battery degradation and replacement cost after warranty ends. Interior quality feels cheap for the price point, needs improvement.",2,"Topic 2: feel, quality, range, support, quality feel",0.48855583273888425
EV1163,EV Car,Tata Nexon EV,4,"Over the air software updates are a great feature, keeps improving over time. Top speed is decent for city use but not enough for highway cruising.",6,"Topic 6: charging, battery, almost, tier, use",0.4966834110090367
EV1164,EV Scooter,Hero Vida V1,4,I'm always worried about running out of charge before reaching my destination.,5,"Topic 5: battery, center, service center, service, safety",0.924998492825782
EV1165,EV Car,BYD Atto 3,3,"Bluetooth connectivity drops frequently while riding, very frustrating. Compact size makes it easy to park and maneuver in city traffic.",1,"Topic 1: range, system, genuinely, useful, genuinely useful",0.5592598374985164
EV1166,EV Scooter,Bajaj Chetak,3,"Public chargers are often broken or occupied, need more charging stations urgently. Braking system feels sharp and responsive, regenerative braking works well. Build materials feel sturdy but the design is a bit too plain compared to rivals.",6,"Topic 6: charging, battery, almost, tier, use",0.34392444541364703
EV1167,EV Scooter,Ampere Magnus,3,"The design looks futuristic and attracts a lot of attention on the road. Claimed range of 200 km is misleading, actual range is way less in city traffic.",2,"Topic 2: feel, quality, range, support, quality feel",0.9709667833660867
EV1168,EV Car,MG ZS EV,5,Finding a working charging station in my city is still very difficult.,0,"Topic 0: cost, battery, replacement cost, replacement, city",0.9249982638755785
EV1169,EV Scooter,Hero Vida V1,4,"Build materials feel sturdy but the design is a bit too plain compared to rivals. Read reports about battery fires, safety is my biggest concern before buying.",6,"Topic 6: charging, battery, almost, tier, use",0.531749991068577
EV1170,EV Scooter,Ola S1,4,Battery range degrades faster than expected after just one year of use.,4,"Topic 4: software, month, year, battery, keep",0.9357083870557028
EV1171,EV Car,Hyundai Kona,4,"The design looks futuristic and attracts a lot of attention on the road. Spare parts availability is a major issue, waited a month for a replacement part.",3,"Topic 3: safety, use, highway, part, feature",0.5381014204553953
EV1172,EV Car,Hyundai Kona,4,Handling and stability at high speed feels very confident and safe.,1,"Topic 1: range, system, genuinely, useful, genuinely useful",0.935713476160822
EV1173,EV Scooter,Ola S1,5,Advanced safety features like ABS and traction control give peace of mind.,3,"Topic 3: safety, use, highway, part, feature",0.9499995847169762
EV1174,EV Scooter,TVS iQube,4,Battery performance is stable even after two years of heavy usage. Fast charging network needs serious expansion on highways. The vehicle has good crash test ratings which reassured my purchase decision.,6,"Topic 6: charging, battery, almost, tier, use",0.35284576037442794
EV1175,EV Scooter,Hero Vida V1,3,Battery health dropped to 85% within 18 months of daily use. Customer support over phone is helpful and resolves issues quickly. Total cost of ownership is great once you factor in low maintenance and fuel savings.,0,"Topic 0: cost, battery, replacement cost, replacement, city",0.3981857933369955
EV1176,EV Car,MG ZS EV,5,Zero tailpipe emissions is the main reason I chose an electric vehicle. Build quality feels premium and the ride is extremely comfortable. Advanced safety features like ABS and traction control give peace of mind.,3,"Topic 3: safety, use, highway, part, feature",0.3964879731120792
EV1177,EV Scooter,Bajaj Chetak,4,Handling and stability at high speed feels very confident and safe.,1,"Topic 1: range, system, genuinely, useful, genuinely useful",0.935713476160822
EV1178,EV Scooter,Bajaj Chetak,5,"Braking system feels sharp and responsive, regenerative braking works well.",7,"Topic 7: braking, work, system, work well, well",0.9499996877228652
EV1179,EV Car,Tesla Model 3,3,Compact size makes it easy to park and maneuver in city traffic. Navigation system integrated with range prediction is genuinely useful.,1,"Topic 1: range, system, genuinely, useful, genuinely useful",0.9689651492663788
EV1180,EV Car,Mahindra XUV400,3,"Advanced safety features like ABS and traction control give peace of mind. Battery replacement cost is almost half the price of the vehicle, very concerning.",3,"Topic 3: safety, use, highway, part, feature",0.5439899413816206
EV1181,EV Car,Hyundai Kona,4,"Claimed range of 5 km is misleading, actual range is way less in city traffic.",2,"Topic 2: feel, quality, range, support, quality feel",0.9499974069039536
EV1182,EV Scooter,Bajaj Chetak,3,"Spare parts availability is a major issue, waited a month for a replacement part.",3,"Topic 3: safety, use, highway, part, feature",0.9499992060228337
EV1183,EV Scooter,TVS iQube,4,Handling and stability at high speed feels very confident and safe.,1,"Topic 1: range, system, genuinely, useful, genuinely useful",0.935713476160822
EV1184,EV Scooter,TVS iQube,4,Handling and stability at high speed feels very confident and safe.,1,"Topic 1: range, system, genuinely, useful, genuinely useful",0.935713476160822
EV1185,EV Car,Hyundai Kona,5,Switching to EV feels good knowing I'm reducing my carbon footprint.,2,"Topic 2: feel, quality, range, support, quality feel",0.9249995059626489
EV1186,EV Scooter,Ampere Magnus,4,Advanced safety features like ABS and traction control give peace of mind.,3,"Topic 3: safety, use, highway, part, feature",0.9499995847169762
EV1187,EV Scooter,Ampere Magnus,4,"There are very few authorized service centers, had to travel 250 km for repair. Battery replacement cost is almost half the price of the vehicle, very concerning.",0,"Topic 0: cost, battery, replacement cost, replacement, city",0.5457614716479715
EV1188,EV Car,MG ZS EV,4,Customer support over phone is helpful and resolves issues quickly. Finding a working charging station in my city is still very difficult.,2,"Topic 2: feel, quality, range, support, quality feel",0.5503510115602023
EV1189,EV Scooter,Ampere Magnus,4,"No proper information on how battery degrades over time, company should be transparent. Energy used to charge still comes mostly from coal in my region, defeats the purpose somewhat. Read reports about battery fires, safety is my biggest concern before buying.",5,"Topic 5: battery, center, service center, service, safety",0.5962645050108428
EV1190,EV Scooter,Ola S1,3,"Over the air software updates are a great feature, keeps improving over time. Customer support over phone is helpful and resolves issues quickly. Zero tailpipe emissions is the main reason I chose an electric vehicle.",6,"Topic 6: charging, battery, almost, tier, use",0.6474472387148172
EV1191,EV Scooter,Bajaj Chetak,5,"Smart key and app based lock features work flawlessly, very convenient.",9,"Topic 9: price, subsidy, service, battery disposal, concerned environmental",0.9499989773125966
EV1192,EV Scooter,Bajaj Chetak,3,Concerned about environmental impact of battery disposal and recycling. Worried about battery degradation and replacement cost after warranty ends.,0,"Topic 0: cost, battery, replacement cost, replacement, city",0.5339976726187488
EV1193,EV Scooter,TVS iQube,5,"After sales support has been excellent, quick response and doorstep service. Charging infrastructure in tier 2 and tier 3 cities is almost non-existent. Battery performance is stable even after two years of heavy usage.",6,"Topic 6: charging, battery, almost, tier, use",0.6591500386681189
EV1194,EV Car,Mahindra XUV400,4,Acceleration is smooth and instant torque makes overtaking effortless.,4,"Topic 4: software, month, year, battery, keep",0.9357133527421988
EV1195,EV Scooter,Ola S1,4,Insurance premium for EV is surprisingly high compared to petrol vehicles.,8,"Topic 8: range, drop, defeat purpose, energy, energy used",0.9249977907310836
EV1196,EV Car,Hyundai Kona,5,"Love the app that shows nearby charging stations, very convenient feature.",6,"Topic 6: charging, battery, almost, tier, use",0.943748039404446
EV1197,EV Car,MG ZS EV,4,"Battery replacement cost is almost half the price of the vehicle, very concerning. Navigation system integrated with range prediction is genuinely useful.",0,"Topic 0: cost, battery, replacement cost, replacement, city",0.4958463484000323
EV1198,EV Car,Tata Nexon EV,3,"Worried about battery degradation and replacement cost after warranty ends. The vehicle has good crash test ratings which reassured my purchase decision. Interior quality feels cheap for the price point, needs improvement.",2,"Topic 2: feel, quality, range, support, quality feel",0.3480042112637371
EV1199,EV Scooter,Ola S1,3,"Switching to EV feels good knowing I'm reducing my carbon footprint. The companion app keeps crashing, needs urgent software updates.",4,"Topic 4: software, month, year, battery, keep",0.5444126228761434
EV1200,EV Scooter,Ampere Magnus,4,The battery warranty of 300 years gives me confidence in long term reliability.,4,"Topic 4: software, month, year, battery, keep",0.9437480073525252
EV1201,EV Car,BYD Atto 3,4,"Worried about battery degradation and replacement cost after warranty ends. Finding a working charging station in my city is still very difficult. Noise levels are impressively low, riding experience is very smooth and quiet.",0,"Topic 0: cost, battery, replacement cost, replacement, city",0.6104652548432954
EV1202,EV Scooter,Ola S1,4,"AC usage kills the range, on hot days I barely get half the claimed distance.",8,"Topic 8: range, drop, defeat purpose, energy, energy used",0.9499992726449596
EV1203,EV Car,Hyundai Kona,4,Worried about battery degradation and replacement cost after warranty ends.,0,"Topic 0: cost, battery, replacement cost, replacement, city",0.9357128727904404
EV1204,EV Scooter,Ampere Magnus,4,"Smart key and app based lock features work flawlessly, very convenient. Battery health dropped to 85% within 18 months of daily use.",9,"Topic 9: price, subsidy, service, battery disposal, concerned environmental",0.5308129056605396
EV1205,EV Car,Tesla Model 3,5,"Price after subsidy is still higher than a comparable petrol scooter. The real world range is much lower than advertised, I only get 250 km on a full charge.",1,"Topic 1: range, system, genuinely, useful, genuinely useful",0.5240001966402151
EV1206,EV Scooter,Ampere Magnus,4,"Had a great experience with the service team, they explained everything clearly. Claimed range of 200 km is misleading, actual range is way less in city traffic.",2,"Topic 2: feel, quality, range, support, quality feel",0.5620381458043378
EV1207,EV Scooter,Ola S1,5,"Noise levels are impressively low, riding experience is very smooth and quiet. Build materials feel sturdy but the design is a bit too plain compared to rivals.",6,"Topic 6: charging, battery, almost, tier, use",0.518180972632644
EV1208,EV Scooter,Bajaj Chetak,4,Touchscreen infotainment system lags and is not very intuitive to use.,8,"Topic 8: range, drop, defeat purpose, energy, energy used",0.9249973695171285
EV1209,EV Scooter,Ola S1,3,Zero tailpipe emissions is the main reason I chose an electric vehicle.,6,"Topic 6: charging, battery, almost, tier, use",0.9249999999668123
EV1210,EV Scooter,TVS iQube,2,"Spare parts availability is a major issue, waited a month for a replacement part. Energy used to charge still comes mostly from coal in my region, defeats the purpose somewhat.",8,"Topic 8: range, drop, defeat purpose, energy, energy used",0.5162163602876972
EV1211,EV Scooter,Ather 450X,4,"For daily commute the range is fine but long trips are stressful because of low range. Braking system feels sharp and responsive, regenerative braking works well.",7,"Topic 7: braking, work, system, work well, well",0.488572848334712
EV1212,EV Car,Tata Nexon EV,5,Battery health dropped to 85% within 18 months of daily use. Battery range degrades faster than expected after just one year of use.,6,"Topic 6: charging, battery, almost, tier, use",0.5065028585489001
EV1213,EV Car,MG ZS EV,5,"Noise levels are impressively low, riding experience is very smooth and quiet.",9,"Topic 9: price, subsidy, service, battery disposal, concerned environmental",0.9437495979697851
EV1214,EV Car,BYD Atto 3,4,"Suspension is too stiff, ride quality is uncomfortable on bad roads. Navigation system integrated with range prediction is genuinely useful. Love the app that shows nearby charging stations, very convenient feature.",6,"Topic 6: charging, battery, almost, tier, use",0.33292665317450787
EV1215,EV Scooter,TVS iQube,4,Battery range degrades faster than expected after just one year of use. Battery performance is stable even after two years of heavy usage.,6,"Topic 6: charging, battery, almost, tier, use",0.5150522597512405
EV1216,EV Scooter,Ampere Magnus,4,"Software glitches caused the dashboard to freeze twice in a month. For the price, I expected better build quality and more features. There are very few authorized service centers, had to travel 100 km for repair.",4,"Topic 4: software, month, year, battery, keep",0.4067667286026001
EV1217,EV Car,Tata Nexon EV,4,"Love the app that shows nearby charging stations, very convenient feature.",6,"Topic 6: charging, battery, almost, tier, use",0.943748039404446
EV1218,EV Scooter,Hero Vida V1,4,"Had a great experience with the service team, they explained everything clearly. The battery warranty of 20 years gives me confidence in long term reliability. Read reports about battery fires, safety is my biggest concern before buying.",4,"Topic 4: software, month, year, battery, keep",0.6210815516515158
EV1219,EV Car,MG ZS EV,4,"AC usage kills the range, on hot days I barely get half the claimed distance.",8,"Topic 8: range, drop, defeat purpose, energy, energy used",0.9499992726449596
EV1220,EV Scooter,Bajaj Chetak,4,"Charging takes too long, almost 6 hours for a full charge at home.",6,"Topic 6: charging, battery, almost, tier, use",0.9437476402111513
EV1221,EV Scooter,Hero Vida V1,4,"Interior quality feels cheap for the price point, needs improvement. Love the app that shows nearby charging stations, very convenient feature.",2,"Topic 2: feel, quality, range, support, quality feel",0.49663090438080704
EV1222,EV Car,Mahindra XUV400,5,"No proper information on how battery degrades over time, company should be transparent. Heard about a thermal runaway incident, this has shaken my trust in EV safety.",5,"Topic 5: battery, center, service center, service, safety",0.4999876623982165
EV1223,EV Car,MG ZS EV,4,"Charging takes too long, almost 6 hours for a full charge at home. Read reports about battery fires, safety is my biggest concern before buying. Battery health dropped to 85% within 18 months of daily use.",6,"Topic 6: charging, battery, almost, tier, use",0.6113550344776923
EV1224,EV Scooter,Hero Vida V1,4,"After sales support has been excellent, quick response and doorstep service. Fast charging network needs serious expansion on highways.",2,"Topic 2: feel, quality, range, support, quality feel",0.5156260298460394
EV1225,EV Scooter,Ather 450X,3,Stability control on wet roads is impressive and inspires confidence.,0,"Topic 0: cost, battery, replacement cost, replacement, city",0.9357134461405903
EV1226,EV Car,BYD Atto 3,3,"Switching to EV feels good knowing I'm reducing my carbon footprint. The real world range is much lower than advertised, I only get 3 km on a full charge. Heard about a thermal runaway incident, this has shaken my trust in EV safety.",3,"Topic 3: safety, use, highway, part, feature",0.3447363147314292
EV1227,EV Scooter,Hero Vida V1,5,"Contributing to a cleaner city is a big motivation behind going electric. Range anxiety is real, I plan every trip around charging stops now.",2,"Topic 2: feel, quality, range, support, quality feel",0.5068143794493971
EV1228,EV Scooter,Bajaj Chetak,3,Software glitches caused the dashboard to freeze twice in a month. Finding a working charging station in my city is still very difficult.,4,"Topic 4: software, month, year, battery, keep",0.509354176020862
EV1229,EV Car,Mahindra XUV400,4,Total cost of ownership is great once you factor in low maintenance and fuel savings. Top speed is decent for city use but not enough for highway cruising.,0,"Topic 0: cost, battery, replacement cost, replacement, city",0.5387803899736356
EV1230,EV Scooter,Hero Vida V1,4,Handling and stability at high speed feels very confident and safe.,1,"Topic 1: range, system, genuinely, useful, genuinely useful",0.935713476160822
EV1231,EV Scooter,Ather 450X,5,"Over the air software updates are a great feature, keeps improving over time. Running cost is much lower than petrol, saving a lot on fuel every month.",4,"Topic 4: software, month, year, battery, keep",0.6265408243877554
EV1232,EV Car,Hyundai Kona,4,"Resale value of electric vehicles is still uncertain, worried about depreciation. Battery performance is stable even after two years of heavy usage.",6,"Topic 6: charging, battery, almost, tier, use",0.5695637985787189
EV1233,EV Scooter,Ather 450X,4,"Bluetooth connectivity drops frequently while riding, very frustrating.",8,"Topic 8: range, drop, defeat purpose, energy, energy used",0.9249997227808245
EV1234,EV Scooter,Bajaj Chetak,5,Emergency braking and collision alert systems work really well in traffic.,7,"Topic 7: braking, work, system, work well, well",0.9437497312130717
EV1235,EV Car,MG ZS EV,4,"Spare parts availability is a major issue, waited a month for a replacement part.",3,"Topic 3: safety, use, highway, part, feature",0.9499992060228337
EV1236,EV Scooter,TVS iQube,3,The battery warranty of 5 years gives me confidence in long term reliability.,4,"Topic 4: software, month, year, battery, keep",0.9437480073525252
EV1237,EV Scooter,Bajaj Chetak,5,"Claimed range of 250 km is misleading, actual range is way less in city traffic.",2,"Topic 2: feel, quality, range, support, quality feel",0.9499974069039536
EV1238,EV Scooter,Ola S1,3,"Read reports about battery fires, safety is my biggest concern before buying. Service center staff are not well trained to handle EV specific issues. Highway charging stops are rare, long distance travel is a nightmare.",5,"Topic 5: battery, center, service center, service, safety",0.6884606775039742
EV1239,EV Scooter,TVS iQube,3,"Contributing to a cleaner city is a big motivation behind going electric. Heard about a thermal runaway incident, this has shaken my trust in EV safety.",3,"Topic 3: safety, use, highway, part, feature",0.49937504754842615
EV1240,EV Car,Tata Nexon EV,5,Navigation system integrated with range prediction is genuinely useful.,1,"Topic 1: range, system, genuinely, useful, genuinely useful",0.9357135041670673
EV1241,EV Scooter,Ather 450X,4,Battery performance is stable even after two years of heavy usage. Loved the color options and the overall styling of the vehicle. Customer support over phone is helpful and resolves issues quickly.,6,"Topic 6: charging, battery, almost, tier, use",0.6138888533650854
EV1242,EV Scooter,Hero Vida V1,4,Top speed is decent for city use but not enough for highway cruising.,3,"Topic 3: safety, use, highway, part, feature",0.9437487998405685
EV1243,EV Car,Mahindra XUV400,5,"Waiting time for service appointment is too long, more service centers needed.",9,"Topic 9: price, subsidy, service, battery disposal, concerned environmental",0.9437476890044085
EV1244,EV Car,Tesla Model 3,4,Battery performance is stable even after two years of heavy usage.,6,"Topic 6: charging, battery, almost, tier, use",0.9357131926965875
EV1245,EV Scooter,Ather 450X,4,The upfront price is high but government subsidy makes it affordable.,9,"Topic 9: price, subsidy, service, battery disposal, concerned environmental",0.9357130000184158
EV1246,EV Scooter,TVS iQube,4,"For the price, I expected better build quality and more features. LED lighting and digital dashboard give it a premium, modern look.",0,"Topic 0: cost, battery, replacement cost, replacement, city",0.5437347610289159
EV1247,EV Car,Tesla Model 3,4,The vehicle has good crash test ratings which reassured my purchase decision.,9,"Topic 9: price, subsidy, service, battery disposal, concerned environmental",0.9249999999727188
EV1248,EV Scooter,Ampere Magnus,4,Navigation system integrated with range prediction is genuinely useful.,1,"Topic 1: range, system, genuinely, useful, genuinely useful",0.9357135041670673
EV1249,EV Scooter,Ampere Magnus,4,Price after subsidy is still higher than a comparable petrol scooter.,9,"Topic 9: price, subsidy, service, battery disposal, concerned environmental",0.9249989070612503
EV1250,EV Scooter,Ampere Magnus,5,"Waiting time for service appointment is too long, more service centers needed. For the price, I expected better build quality and more features.",9,"Topic 9: price, subsidy, service, battery disposal, concerned environmental",0.5874001816566495
EV1251,EV Scooter,Bajaj Chetak,4,Service center staff are not well trained to handle EV specific issues.,5,"Topic 5: battery, center, service center, service, safety",0.9437489343674283
EV1252,EV Scooter,Bajaj Chetak,4,"Range anxiety is real, I plan every trip around charging stops now.",2,"Topic 2: feel, quality, range, support, quality feel",0.9499971908249379
EV1253,EV Car,Hyundai Kona,4,Price after subsidy is still higher than a comparable petrol scooter.,9,"Topic 9: price, subsidy, service, battery disposal, concerned environmental",0.9249989070612503
EV1254,EV Scooter,Ampere Magnus,3,"Energy used to charge still comes mostly from coal in my region, defeats the purpose somewhat.",8,"Topic 8: range, drop, defeat purpose, energy, energy used",0.9549998187898763
EV1255,EV Car,MG ZS EV,4,The upfront price is high but government subsidy makes it affordable.,9,"Topic 9: price, subsidy, service, battery disposal, concerned environmental",0.9357130000184158
EV1256,EV Car,Mahindra XUV400,4,Worried about battery degradation and replacement cost after warranty ends.,0,"Topic 0: cost, battery, replacement cost, replacement, city",0.9357128727904404
EV1257,EV Car,Mahindra XUV400,4,"After sales support has been excellent, quick response and doorstep service. Acceleration is smooth and instant torque makes overtaking effortless.",4,"Topic 4: software, month, year, battery, keep",0.49893358983198366
EV1258,EV Car,Tesla Model 3,5,Battery health dropped to 85% within 18 months of daily use. The design looks futuristic and attracts a lot of attention on the road.,6,"Topic 6: charging, battery, almost, tier, use",0.5029772808624026
EV1259,EV Scooter,Bajaj Chetak,3,"Range drops badly in winter, I lost almost 30% range in cold weather. After sales support has been excellent, quick response and doorstep service.",8,"Topic 8: range, drop, defeat purpose, energy, energy used",0.5258859663037598
EV1260,EV Scooter,Bajaj Chetak,4,Touchscreen infotainment system lags and is not very intuitive to use.,8,"Topic 8: range, drop, defeat purpose, energy, energy used",0.9249973695171285
EV1261,EV Car,Tata Nexon EV,3,"Waiting time for service appointment is too long, more service centers needed.",9,"Topic 9: price, subsidy, service, battery disposal, concerned environmental",0.9437476890044085
EV1262,EV Car,Tata Nexon EV,3,"Battery replacement cost is almost half the price of the vehicle, very concerning. Compact size makes it easy to park and maneuver in city traffic.",1,"Topic 1: range, system, genuinely, useful, genuinely useful",0.5053046477110107
EV1263,EV Scooter,Ola S1,3,"The battery warranty of 150 years gives me confidence in long term reliability. The companion app keeps crashing, needs urgent software updates.",4,"Topic 4: software, month, year, battery, keep",0.970967049626779
EV1264,EV Scooter,Bajaj Chetak,5,"Braking system feels sharp and responsive, regenerative braking works well.",7,"Topic 7: braking, work, system, work well, well",0.9499996877228652
EV1265,EV Car,Hyundai Kona,4,"Charging takes too long, almost 6 hours for a full charge at home. Over the air software updates are a great feature, keeps improving over time.",6,"Topic 6: charging, battery, almost, tier, use",0.9709666043366134
EV1266,EV Scooter,Hero Vida V1,4,The motor is powerful and pickup is much better than petrol variants.,3,"Topic 3: safety, use, highway, part, feature",0.924998570431653
EV1267,EV Car,MG ZS EV,4,Concerned about environmental impact of battery disposal and recycling.,9,"Topic 9: price, subsidy, service, battery disposal, concerned environmental",0.9249986153687703
EV1268,EV Scooter,Hero Vida V1,3,"Running cost is much lower than petrol, saving a lot on fuel every month.",4,"Topic 4: software, month, year, battery, keep",0.9499988743504476
EV1269,EV Scooter,Ampere Magnus,4,"Claimed range of 30 km is misleading, actual range is way less in city traffic.",2,"Topic 2: feel, quality, range, support, quality feel",0.9499974069039536
EV1270,EV Car,MG ZS EV,3,Fast charging network needs serious expansion on highways.,3,"Topic 3: safety, use, highway, part, feature",0.935712803955503
EV1271,EV Scooter,Ola S1,4,Battery performance is stable even after two years of heavy usage.,6,"Topic 6: charging, battery, almost, tier, use",0.9357131926965875
EV1272,EV Scooter,Bajaj Chetak,4,"Waiting time for service appointment is too long, more service centers needed.",9,"Topic 9: price, subsidy, service, battery disposal, concerned environmental",0.9437476890044085
EV1273,EV Car,Mahindra XUV400,4,"Switching to EV feels good knowing I'm reducing my carbon footprint. Highway charging stops are rare, long distance travel is a nightmare.",8,"Topic 8: range, drop, defeat purpose, energy, energy used",0.5223055925175594
EV1274,EV Scooter,Hero Vida V1,3,Finding a working charging station in my city is still very difficult. Touchscreen infotainment system lags and is not very intuitive to use.,8,"Topic 8: range, drop, defeat purpose, energy, energy used",0.499952198654551
EV1275,EV Scooter,Ather 450X,4,"Storage space under the seat is very limited, not practical for daily use.",3,"Topic 3: safety, use, highway, part, feature",0.9357135200179632
EV1276,EV Scooter,Bajaj Chetak,3,"Suspension is too stiff, ride quality is uncomfortable on bad roads. Highway charging stops are rare, long distance travel is a nightmare.",8,"Topic 8: range, drop, defeat purpose, energy, energy used",0.5253116446273854
EV1277,EV Car,Tesla Model 3,4,"Spare parts availability is a major issue, waited a month for a replacement part.",3,"Topic 3: safety, use, highway, part, feature",0.9499992060228337
EV1278,EV Scooter,Ampere Magnus,5,Touchscreen infotainment system lags and is not very intuitive to use.,8,"Topic 8: range, drop, defeat purpose, energy, energy used",0.9249973695171285
EV1279,EV Car,Hyundai Kona,3,"Interior quality feels cheap for the price point, needs improvement. Claimed range of 100 km is misleading, actual range is way less in city traffic.",2,"Topic 2: feel, quality, range, support, quality feel",0.9727263298586007
EV1280,EV Car,BYD Atto 3,4,The upfront price is high but government subsidy makes it affordable.,9,"Topic 9: price, subsidy, service, battery disposal, concerned environmental",0.9357130000184158
EV1281,EV Scooter,Bajaj Chetak,4,I'm always worried about running out of charge before reaching my destination.,5,"Topic 5: battery, center, service center, service, safety",0.924998492825782
EV1282,EV Scooter,Ather 450X,3,EV subsidy scheme in my state got delayed and the discount amount reduced suddenly.,4,"Topic 4: software, month, year, battery, keep",0.9499997911747503
EV1283,EV Car,Tesla Model 3,3,Service center staff are not well trained to handle EV specific issues.,5,"Topic 5: battery, center, service center, service, safety",0.9437489343674283
EV1284,EV Car,Tesla Model 3,4,"AC usage kills the range, on hot days I barely get half the claimed distance.",8,"Topic 8: range, drop, defeat purpose, energy, energy used",0.9499992726449596
EV1285,EV Scooter,Ampere Magnus,4,"Battery replacement cost is almost half the price of the vehicle, very concerning. There are very few authorized service centers, had to travel 8 km for repair.",0,"Topic 0: cost, battery, replacement cost, replacement, city",0.5457614716479715
EV1286,EV Scooter,Ather 450X,2,"The companion app keeps crashing, needs urgent software updates.",4,"Topic 4: software, month, year, battery, keep",0.943749216857566
EV1287,EV Scooter,Bajaj Chetak,4,"Waiting time for service appointment is too long, more service centers needed. Running cost is much lower than petrol, saving a lot on fuel every month. Build quality feels premium and the ride is extremely comfortable.",4,"Topic 4: software, month, year, battery, keep",0.363129460297264
EV1288,EV Scooter,Ola S1,4,Build materials feel sturdy but the design is a bit too plain compared to rivals.,6,"Topic 6: charging, battery, almost, tier, use",0.9499987329729866
EV1289,EV Car,Tata Nexon EV,3,"Smart key and app based lock features work flawlessly, very convenient. Resale value of electric vehicles is still uncertain, worried about depreciation.",9,"Topic 9: price, subsidy, service, battery disposal, concerned environmental",0.6053403638665914
EV1290,EV Scooter,Ola S1,3,Software glitches caused the dashboard to freeze twice in a month. Price after subsidy is still higher than a comparable petrol scooter.,4,"Topic 4: software, month, year, battery, keep",0.5648029522883767
EV1291,EV Scooter,Ather 450X,4,Software glitches caused the dashboard to freeze twice in a month. The vehicle has good crash test ratings which reassured my purchase decision.,4,"Topic 4: software, month, year, battery, keep",0.5239998779384363
EV1292,EV Scooter,TVS iQube,5,"Smart key and app based lock features work flawlessly, very convenient. Love the app that shows nearby charging stations, very convenient feature. Zero tailpipe emissions is the main reason I chose an electric vehicle.",6,"Topic 6: charging, battery, almost, tier, use",0.5955357822463245
EV1293,EV Scooter,TVS iQube,5,Worried about battery degradation and replacement cost after warranty ends.,0,"Topic 0: cost, battery, replacement cost, replacement, city",0.9357128727904404
EV1294,EV Scooter,Ampere Magnus,4,"Price after subsidy is still higher than a comparable petrol scooter. Noise levels are impressively low, riding experience is very smooth and quiet.",9,"Topic 9: price, subsidy, service, battery disposal, concerned environmental",0.966666315632668
EV1295,EV Car,Mahindra XUV400,3,"Bluetooth connectivity drops frequently while riding, very frustrating.",8,"Topic 8: range, drop, defeat purpose, energy, energy used",0.9249997227808245
EV1296,EV Car,Tesla Model 3,4,Emergency braking and collision alert systems work really well in traffic.,7,"Topic 7: braking, work, system, work well, well",0.9437497312130717
EV1297,EV Car,BYD Atto 3,4,Finding a working charging station in my city is still very difficult. For daily commute the range is fine but long trips are stressful because of low range.,0,"Topic 0: cost, battery, replacement cost, replacement, city",0.9689643096500642
EV1298,EV Car,Tesla Model 3,4,"Claimed range of 20 km is misleading, actual range is way less in city traffic.",2,"Topic 2: feel, quality, range, support, quality feel",0.9499974069039536
EV1299,EV Scooter,TVS iQube,4,"The companion app keeps crashing, needs urgent software updates.",4,"Topic 4: software, month, year, battery, keep",0.943749216857566
EV1300,EV Car,BYD Atto 3,4,Stability control on wet roads is impressive and inspires confidence.,0,"Topic 0: cost, battery, replacement cost, replacement, city",0.9357134461405903
EV1301,EV Scooter,Ampere Magnus,4,"LED lighting and digital dashboard give it a premium, modern look.",0,"Topic 0: cost, battery, replacement cost, replacement, city",0.9437487547496393
EV1302,EV Car,Tata Nexon EV,3,Price after subsidy is still higher than a comparable petrol scooter.,9,"Topic 9: price, subsidy, service, battery disposal, concerned environmental",0.9249989070612503
EV1303,EV Scooter,TVS iQube,5,Build quality feels premium and the ride is extremely comfortable. Compact size makes it easy to park and maneuver in city traffic.,1,"Topic 1: range, system, genuinely, useful, genuinely useful",0.5109507353623526
EV1304,EV Car,Tesla Model 3,3,"For daily commute the range is fine but long trips are stressful because of low range. Highway charging stops are rare, long distance travel is a nightmare.",0,"Topic 0: cost, battery, replacement cost, replacement, city",0.49179400308281107
EV1305,EV Scooter,Ampere Magnus,5,Worried about battery degradation and replacement cost after warranty ends.,0,"Topic 0: cost, battery, replacement cost, replacement, city",0.9357128727904404
EV1306,EV Scooter,Bajaj Chetak,4,Advanced safety features like ABS and traction control give peace of mind.,3,"Topic 3: safety, use, highway, part, feature",0.9499995847169762
EV1307,EV Car,MG ZS EV,4,"Charging takes too long, almost 6 hours for a full charge at home.",6,"Topic 6: charging, battery, almost, tier, use",0.9437476402111513
EV1308,EV Car,MG ZS EV,4,Zero tailpipe emissions is the main reason I chose an electric vehicle.,6,"Topic 6: charging, battery, almost, tier, use",0.9249999999668123
EV1309,EV Scooter,Ola S1,5,"Energy used to charge still comes mostly from coal in my region, defeats the purpose somewhat. Loved the color options and the overall styling of the vehicle.",8,"Topic 8: range, drop, defeat purpose, energy, energy used",0.6521481277025277
EV1310,EV Scooter,Hero Vida V1,4,Acceleration is smooth and instant torque makes overtaking effortless.,4,"Topic 4: software, month, year, battery, keep",0.9357133527421988
EV1311,EV Car,Mahindra XUV400,5,"Energy used to charge still comes mostly from coal in my region, defeats the purpose somewhat.",8,"Topic 8: range, drop, defeat purpose, energy, energy used",0.9549998187898763
EV1312,EV Scooter,TVS iQube,5,"Over the air software updates are a great feature, keeps improving over time.",6,"Topic 6: charging, battery, almost, tier, use",0.9437475492633663
EV1313,EV Scooter,Ampere Magnus,5,Contributing to a cleaner city is a big motivation behind going electric.,0,"Topic 0: cost, battery, replacement cost, replacement, city",0.9357138471250149
EV1314,EV Car,BYD Atto 3,4,"Charging takes too long, almost 6 hours for a full charge at home.",6,"Topic 6: charging, battery, almost, tier, use",0.9437476402111513
EV1315,EV Car,Mahindra XUV400,4,Handling and stability at high speed feels very confident and safe. Finding a working charging station in my city is still very difficult.,1,"Topic 1: range, system, genuinely, useful, genuinely useful",0.5355095885617199
EV1316,EV Scooter,Bajaj Chetak,3,Worried about battery degradation and replacement cost after warranty ends.,0,"Topic 0: cost, battery, replacement cost, replacement, city",0.9357128727904404
EV1317,EV Car,Mahindra XUV400,3,The design looks futuristic and attracts a lot of attention on the road.,2,"Topic 2: feel, quality, range, support, quality feel",0.9357136155060412
EV1318,EV Car,Tata Nexon EV,3,Contributing to a cleaner city is a big motivation behind going electric. Acceleration is smooth and instant torque makes overtaking effortless.,0,"Topic 0: cost, battery, replacement cost, replacement, city",0.48518488705816026
EV1319,EV Scooter,Bajaj Chetak,4,Zero tailpipe emissions is the main reason I chose an electric vehicle. Stability control on wet roads is impressive and inspires confidence.,0,"Topic 0: cost, battery, replacement cost, replacement, city",0.5239996246489043
EV1320,EV Scooter,Ather 450X,4,"Spare parts availability is a major issue, waited a month for a replacement part.",3,"Topic 3: safety, use, highway, part, feature",0.9499992060228337
EV1321,EV Car,Tata Nexon EV,4,"Storage space under the seat is very limited, not practical for daily use. Had a great experience with the service team, they explained everything clearly.",4,"Topic 4: software, month, year, battery, keep",0.4921749990327128
EV1322,EV Car,Hyundai Kona,4,"Energy used to charge still comes mostly from coal in my region, defeats the purpose somewhat.",8,"Topic 8: range, drop, defeat purpose, energy, energy used",0.9549998187898763
EV1323,EV Car,Mahindra XUV400,5,For daily commute the range is fine but long trips are stressful because of low range.,0,"Topic 0: cost, battery, replacement cost, replacement, city",0.9499975083227754
EV1324,EV Scooter,Ampere Magnus,5,"Noise levels are impressively low, riding experience is very smooth and quiet.",9,"Topic 9: price, subsidy, service, battery disposal, concerned environmental",0.9437495979697851
EV1325,EV Car,Hyundai Kona,5,Touchscreen infotainment system lags and is not very intuitive to use.,8,"Topic 8: range, drop, defeat purpose, energy, energy used",0.9249973695171285
EV1326,EV Car,Mahindra XUV400,4,Concerned about environmental impact of battery disposal and recycling. Insurance premium for EV is surprisingly high compared to petrol vehicles.,9,"Topic 9: price, subsidy, service, battery disposal, concerned environmental",0.5318935609941832
EV1327,EV Scooter,Bajaj Chetak,4,"Energy used to charge still comes mostly from coal in my region, defeats the purpose somewhat.",8,"Topic 8: range, drop, defeat purpose, energy, energy used",0.9549998187898763
EV1328,EV Car,Tesla Model 3,5,"Smart key and app based lock features work flawlessly, very convenient.",9,"Topic 9: price, subsidy, service, battery disposal, concerned environmental",0.9499989773125966
EV1329,EV Scooter,Hero Vida V1,4,"Battery health dropped to 85% within 18 months of daily use. After sales support has been excellent, quick response and doorstep service.",2,"Topic 2: feel, quality, range, support, quality feel",0.4851848495356279
EV1330,EV Car,Tesla Model 3,5,Navigation system integrated with range prediction is genuinely useful.,1,"Topic 1: range, system, genuinely, useful, genuinely useful",0.9357135041670673
EV1331,EV Scooter,Ampere Magnus,4,Compact size makes it easy to park and maneuver in city traffic.,1,"Topic 1: range, system, genuinely, useful, genuinely useful",0.9437493609883884
EV1332,EV Car,Hyundai Kona,4,"Suspension is too stiff, ride quality is uncomfortable on bad roads.",0,"Topic 0: cost, battery, replacement cost, replacement, city",0.9249972507911228
EV1333,EV Car,BYD Atto 3,5,"Public chargers are often broken or occupied, need more charging stations urgently. Range anxiety is real, I plan every trip around charging stops now.",0,"Topic 0: cost, battery, replacement cost, replacement, city",0.5199444094948567
EV1334,EV Car,BYD Atto 3,3,"LED lighting and digital dashboard give it a premium, modern look. Software glitches caused the dashboard to freeze twice in a month.",0,"Topic 0: cost, battery, replacement cost, replacement, city",0.49554660714496157
EV1335,EV Car,Hyundai Kona,4,"Spare parts availability is a major issue, waited a month for a replacement part.",3,"Topic 3: safety, use, highway, part, feature",0.9499992060228337
EV1336,EV Car,Tata Nexon EV,4,Build quality feels premium and the ride is extremely comfortable.,2,"Topic 2: feel, quality, range, support, quality feel",0.9357133889511634
EV1337,EV Car,BYD Atto 3,5,Charging infrastructure in tier 2 and tier 3 cities is almost non-existent.,6,"Topic 6: charging, battery, almost, tier, use",0.9437484930362834
EV1338,EV Scooter,TVS iQube,4,Finding a working charging station in my city is still very difficult.,0,"Topic 0: cost, battery, replacement cost, replacement, city",0.9249982638755785
EV1339,EV Scooter,Hero Vida V1,5,"Heard about a thermal runaway incident, this has shaken my trust in EV safety. Battery health dropped to 85% within 18 months of daily use.",3,"Topic 3: safety, use, highway, part, feature",0.5683849103400868
EV1340,EV Scooter,Ampere Magnus,5,Build materials feel sturdy but the design is a bit too plain compared to rivals.,6,"Topic 6: charging, battery, almost, tier, use",0.9499987329729866
EV1341,EV Car,MG ZS EV,4,"Energy used to charge still comes mostly from coal in my region, defeats the purpose somewhat. Insurance premium for EV is surprisingly high compared to petrol vehicles. Bluetooth connectivity drops frequently while riding, very frustrating.",8,"Topic 8: range, drop, defeat purpose, energy, energy used",0.9785712123885812
EV1342,EV Car,Tesla Model 3,4,Home charging setup was expensive and took weeks to install. Concerned about environmental impact of battery disposal and recycling.,5,"Topic 5: battery, center, service center, service, safety",0.5537293092169598
EV1343,EV Scooter,Ather 450X,3,Software glitches caused the dashboard to freeze twice in a month. The vehicle has good crash test ratings which reassured my purchase decision.,4,"Topic 4: software, month, year, battery, keep",0.5239998779384363
EV1344,EV Scooter,Ampere Magnus,4,Top speed is decent for city use but not enough for highway cruising.,3,"Topic 3: safety, use, highway, part, feature",0.9437487998405685
EV1345,EV Scooter,Ampere Magnus,4,"Battery health dropped to 85% within 18 months of daily use. Braking system feels sharp and responsive, regenerative braking works well. Public chargers are often broken or occupied, need more charging stations urgently.",0,"Topic 0: cost, battery, replacement cost, replacement, city",0.35335314525217404
EV1346,EV Car,Hyundai Kona,5,Compact size makes it easy to park and maneuver in city traffic.,1,"Topic 1: range, system, genuinely, useful, genuinely useful",0.9437493609883884
EV1347,EV Car,BYD Atto 3,4,Software glitches caused the dashboard to freeze twice in a month.,4,"Topic 4: software, month, year, battery, keep",0.9357139367294343
EV1348,EV Car,BYD Atto 3,5,Battery health dropped to 85% within 18 months of daily use.,6,"Topic 6: charging, battery, almost, tier, use",0.9357124919676222
EV1349,EV Scooter,Bajaj Chetak,4,"Over the air software updates are a great feature, keeps improving over time.",6,"Topic 6: charging, battery, almost, tier, use",0.9437475492633663
EV1350,EV Car,Mahindra XUV400,5,Build materials feel sturdy but the design is a bit too plain compared to rivals.,6,"Topic 6: charging, battery, almost, tier, use",0.9499987329729866
EV1351,EV Scooter,Bajaj Chetak,2,"EV subsidy scheme in my state got delayed and the discount amount reduced suddenly. There are very few authorized service centers, had to travel 20 km for repair. Range anxiety is real, I plan every trip around charging stops now.",4,"Topic 4: software, month, year, battery, keep",0.4140068479239766
EV1352,EV Car,Mahindra XUV400,5,"Public chargers are often broken or occupied, need more charging stations urgently.",0,"Topic 0: cost, battery, replacement cost, replacement, city",0.9499990601920162
EV1353,EV Scooter,Ampere Magnus,4,Navigation system integrated with range prediction is genuinely useful.,1,"Topic 1: range, system, genuinely, useful, genuinely useful",0.9357135041670673
EV1354,EV Car,Mahindra XUV400,4,Battery range degrades faster than expected after just one year of use.,4,"Topic 4: software, month, year, battery, keep",0.9357083870557028
EV1355,EV Scooter,TVS iQube,4,Price after subsidy is still higher than a comparable petrol scooter.,9,"Topic 9: price, subsidy, service, battery disposal, concerned environmental",0.9249989070612503
EV1356,EV Scooter,Hero Vida V1,4,Price after subsidy is still higher than a comparable petrol scooter.,9,"Topic 9: price, subsidy, service, battery disposal, concerned environmental",0.9249989070612503
EV1357,EV Car,BYD Atto 3,4,"Energy used to charge still comes mostly from coal in my region, defeats the purpose somewhat.",8,"Topic 8: range, drop, defeat purpose, energy, energy used",0.9549998187898763
EV1358,EV Car,Hyundai Kona,3,"Read reports about battery fires, safety is my biggest concern before buying. Highway charging stops are rare, long distance travel is a nightmare.",5,"Topic 5: battery, center, service center, service, safety",0.5287297883273672
EV1359,EV Car,Hyundai Kona,5,"No proper information on how battery degrades over time, company should be transparent. Noise levels are impressively low, riding experience is very smooth and quiet. For the price, I expected better build quality and more features.",9,"Topic 9: price, subsidy, service, battery disposal, concerned environmental",0.4362204779484643
EV1360,EV Car,BYD Atto 3,3,"The companion app keeps crashing, needs urgent software updates.",4,"Topic 4: software, month, year, battery, keep",0.943749216857566
EV1361,EV Car,Mahindra XUV400,4,"Smart key and app based lock features work flawlessly, very convenient. Handling and stability at high speed feels very confident and safe. Battery range degrades faster than expected after just one year of use.",9,"Topic 9: price, subsidy, service, battery disposal, concerned environmental",0.4024920409691948
EV1362,EV Scooter,Ola S1,4,"For the price, I expected better build quality and more features.",2,"Topic 2: feel, quality, range, support, quality feel",0.9249974594621185
EV1363,EV Scooter,TVS iQube,4,Concerned about environmental impact of battery disposal and recycling. Software glitches caused the dashboard to freeze twice in a month.,4,"Topic 4: software, month, year, battery, keep",0.5466713001896784
EV1364,EV Car,Tata Nexon EV,4,Home charging setup was expensive and took weeks to install.,5,"Topic 5: battery, center, service center, service, safety",0.935713411107298
EV1365,EV Scooter,Bajaj Chetak,4,"No proper information on how battery degrades over time, company should be transparent.",5,"Topic 5: battery, center, service center, service, safety",0.9357136577255175
EV1366,EV Scooter,Ather 450X,5,Service center staff are not well trained to handle EV specific issues.,5,"Topic 5: battery, center, service center, service, safety",0.9437489343674283
EV1367,EV Scooter,Hero Vida V1,4,"Waiting time for service appointment is too long, more service centers needed.",9,"Topic 9: price, subsidy, service, battery disposal, concerned environmental",0.9437476890044085
EV1368,EV Car,Mahindra XUV400,5,"Running cost is much lower than petrol, saving a lot on fuel every month. Over the air software updates are a great feature, keeps improving over time.",4,"Topic 4: software, month, year, battery, keep",0.6265408243877554
EV1369,EV Car,BYD Atto 3,2,Handling and stability at high speed feels very confident and safe.,1,"Topic 1: range, system, genuinely, useful, genuinely useful",0.935713476160822
EV1370,EV Scooter,Hero Vida V1,3,Insurance premium for EV is surprisingly high compared to petrol vehicles.,8,"Topic 8: range, drop, defeat purpose, energy, energy used",0.9249977907310836
EV1371,EV Car,Tesla Model 3,4,"Braking system feels sharp and responsive, regenerative braking works well.",7,"Topic 7: braking, work, system, work well, well",0.9499996877228652
EV1372,EV Car,Mahindra XUV400,3,"Heard about a thermal runaway incident, this has shaken my trust in EV safety. I'm always worried about running out of charge before reaching my destination.",3,"Topic 3: safety, use, highway, part, feature",0.5096532063669056
EV1373,EV Scooter,TVS iQube,5,Contributing to a cleaner city is a big motivation behind going electric.,0,"Topic 0: cost, battery, replacement cost, replacement, city",0.9357138471250149
EV1374,EV Car,Tata Nexon EV,4,"Concerned about environmental impact of battery disposal and recycling. Storage space under the seat is very limited, not practical for daily use.",3,"Topic 3: safety, use, highway, part, feature",0.5239996096379649
EV1375,EV Scooter,Ather 450X,3,EV subsidy scheme in my state got delayed and the discount amount reduced suddenly.,4,"Topic 4: software, month, year, battery, keep",0.9499997911747503
EV1376,EV Car,Tesla Model 3,4,Zero tailpipe emissions is the main reason I chose an electric vehicle. Stability control on wet roads is impressive and inspires confidence.,0,"Topic 0: cost, battery, replacement cost, replacement, city",0.5239996246489043
EV1377,EV Scooter,TVS iQube,4,The design looks futuristic and attracts a lot of attention on the road.,2,"Topic 2: feel, quality, range, support, quality feel",0.9357136155060412
EV1378,EV Car,Mahindra XUV400,4,Top speed is decent for city use but not enough for highway cruising.,3,"Topic 3: safety, use, highway, part, feature",0.9437487998405685
EV1379,EV Car,Mahindra XUV400,4,"Smart key and app based lock features work flawlessly, very convenient.",9,"Topic 9: price, subsidy, service, battery disposal, concerned environmental",0.9499989773125966
EV1380,EV Car,Tata Nexon EV,4,The upfront price is high but government subsidy makes it affordable. For daily commute the range is fine but long trips are stressful because of low range.,0,"Topic 0: cost, battery, replacement cost, replacement, city",0.5275946745577708
EV1381,EV Scooter,Hero Vida V1,4,Home charging setup was expensive and took weeks to install.,5,"Topic 5: battery, center, service center, service, safety",0.935713411107298
EV1382,EV Scooter,Ola S1,3,"Resale value of electric vehicles is still uncertain, worried about depreciation. Battery replacement cost is almost half the price of the vehicle, very concerning.",0,"Topic 0: cost, battery, replacement cost, replacement, city",0.5947337340660743
EV1383,EV Car,Hyundai Kona,4,"Running cost is much lower than petrol, saving a lot on fuel every month.",4,"Topic 4: software, month, year, battery, keep",0.9499988743504476
EV1384,EV Scooter,Ola S1,3,Service center staff are not well trained to handle EV specific issues. Worried about battery degradation and replacement cost after warranty ends.,5,"Topic 5: battery, center, service center, service, safety",0.5644007124608085
EV1385,EV Car,Tesla Model 3,4,"Braking system feels sharp and responsive, regenerative braking works well. Read reports about battery fires, safety is my biggest concern before buying.",7,"Topic 7: braking, work, system, work well, well",0.5124133522133983
EV1386,EV Scooter,Ather 450X,3,"Noise levels are impressively low, riding experience is very smooth and quiet.",9,"Topic 9: price, subsidy, service, battery disposal, concerned environmental",0.9437495979697851
EV1387,EV Scooter,Ampere Magnus,5,Navigation system integrated with range prediction is genuinely useful. Concerned about environmental impact of battery disposal and recycling.,1,"Topic 1: range, system, genuinely, useful, genuinely useful",0.524000119595517
EV1388,EV Car,Mahindra XUV400,3,"Customer support over phone is helpful and resolves issues quickly. Public chargers are often broken or occupied, need more charging stations urgently.",0,"Topic 0: cost, battery, replacement cost, replacement, city",0.5278121195212174
EV1389,EV Car,Tesla Model 3,3,The upfront price is high but government subsidy makes it affordable.,9,"Topic 9: price, subsidy, service, battery disposal, concerned environmental",0.9357130000184158
EV1390,EV Scooter,TVS iQube,5,"For daily commute the range is fine but long trips are stressful because of low range. Read reports about battery fires, safety is my biggest concern before buying.",0,"Topic 0: cost, battery, replacement cost, replacement, city",0.5312068457825729
EV1391,EV Scooter,Ather 450X,3,"Love the app that shows nearby charging stations, very convenient feature.",6,"Topic 6: charging, battery, almost, tier, use",0.943748039404446
EV1392,EV Car,BYD Atto 3,3,"Emergency braking and collision alert systems work really well in traffic. Range drops badly in winter, I lost almost 30% range in cold weather.",8,"Topic 8: range, drop, defeat purpose, energy, energy used",0.5235884427657514
EV1393,EV Scooter,TVS iQube,4,"The vehicle has good crash test ratings which reassured my purchase decision. Over the air software updates are a great feature, keeps improving over time. Range anxiety is real, I plan every trip around charging stops now.",2,"Topic 2: feel, quality, range, support, quality feel",0.37596173642500896
EV1394,EV Scooter,Hero Vida V1,4,Zero tailpipe emissions is the main reason I chose an electric vehicle. Software glitches caused the dashboard to freeze twice in a month.,4,"Topic 4: software, month, year, battery, keep",0.5002516488751698
EV1395,EV Car,MG ZS EV,3,"Resale value of electric vehicles is still uncertain, worried about depreciation. Stability control on wet roads is impressive and inspires confidence.",0,"Topic 0: cost, battery, replacement cost, replacement, city",0.5947255840295117
EV1396,EV Car,Hyundai Kona,5,Fast charging network needs serious expansion on highways.,3,"Topic 3: safety, use, highway, part, feature",0.935712803955503
EV1397,EV Car,Mahindra XUV400,4,Service center staff are not well trained to handle EV specific issues.,5,"Topic 5: battery, center, service center, service, safety",0.9437489343674283
EV1398,EV Car,MG ZS EV,3,"Public chargers are often broken or occupied, need more charging stations urgently.",0,"Topic 0: cost, battery, replacement cost, replacement, city",0.9499990601920162
EV1399,EV Car,Tesla Model 3,4,Build materials feel sturdy but the design is a bit too plain compared to rivals.,6,"Topic 6: charging, battery, almost, tier, use",0.9499987329729866
EV1400,EV Car,MG ZS EV,3,Build materials feel sturdy but the design is a bit too plain compared to rivals.,6,"Topic 6: charging, battery, almost, tier, use",0.9499987329729866
EV1401,EV Scooter,TVS iQube,4,"Home charging setup was expensive and took weeks to install. Running cost is much lower than petrol, saving a lot on fuel every month.",4,"Topic 4: software, month, year, battery, keep",0.5372498285278775
EV1402,EV Car,Tata Nexon EV,4,Handling and stability at high speed feels very confident and safe. Compact size makes it easy to park and maneuver in city traffic.,1,"Topic 1: range, system, genuinely, useful, genuinely useful",0.9689651509110115
EV1403,EV Scooter,Ather 450X,5,"Had a great experience with the service team, they explained everything clearly.",4,"Topic 4: software, month, year, battery, keep",0.9357124482698551
EV1404,EV Car,Tata Nexon EV,4,"Resale value of electric vehicles is still uncertain, worried about depreciation.",7,"Topic 7: braking, work, system, work well, well",0.9099994285588298
EV1405,EV Car,Tata Nexon EV,5,"Stability control on wet roads is impressive and inspires confidence. Range anxiety is real, I plan every trip around charging stops now.",2,"Topic 2: feel, quality, range, support, quality feel",0.5111157914791474
EV1406,EV Scooter,Ather 450X,4,Stability control on wet roads is impressive and inspires confidence.,0,"Topic 0: cost, battery, replacement cost, replacement, city",0.9357134461405903
EV1407,EV Car,Tata Nexon EV,4,Finding a working charging station in my city is still very difficult.,0,"Topic 0: cost, battery, replacement cost, replacement, city",0.9249982638755785
EV1408,EV Car,MG ZS EV,4,Handling and stability at high speed feels very confident and safe.,1,"Topic 1: range, system, genuinely, useful, genuinely useful",0.935713476160822
EV1409,EV Scooter,Ola S1,4,"The companion app keeps crashing, needs urgent software updates. The battery warranty of 100 years gives me confidence in long term reliability.",4,"Topic 4: software, month, year, battery, keep",0.970967049626779
EV1410,EV Car,Mahindra XUV400,3,"Storage space under the seat is very limited, not practical for daily use.",3,"Topic 3: safety, use, highway, part, feature",0.9357135200179632
EV1411,EV Car,Mahindra XUV400,4,Total cost of ownership is great once you factor in low maintenance and fuel savings.,0,"Topic 0: cost, battery, replacement cost, replacement, city",0.9499989422719604
EV1412,EV Scooter,TVS iQube,5,"Concerned about environmental impact of battery disposal and recycling. For the price, I expected better build quality and more features.",9,"Topic 9: price, subsidy, service, battery disposal, concerned environmental",0.5402314506928959
EV1413,EV Scooter,Ampere Magnus,2,"Spare parts availability is a major issue, waited a month for a replacement part.",3,"Topic 3: safety, use, highway, part, feature",0.9499992060228337
EV1414,EV Car,Mahindra XUV400,4,"Emergency braking and collision alert systems work really well in traffic. AC usage kills the range, on hot days I barely get half the claimed distance.",8,"Topic 8: range, drop, defeat purpose, energy, energy used",0.5235870305787421
EV1415,EV Scooter,Ampere Magnus,4,"Noise levels are impressively low, riding experience is very smooth and quiet.",9,"Topic 9: price, subsidy, service, battery disposal, concerned environmental",0.9437495979697851
EV1416,EV Scooter,Ather 450X,5,"Range anxiety is real, I plan every trip around charging stops now.",2,"Topic 2: feel, quality, range, support, quality feel",0.9499971908249379
EV1417,EV Car,Mahindra XUV400,3,Worried about battery degradation and replacement cost after warranty ends.,0,"Topic 0: cost, battery, replacement cost, replacement, city",0.9357128727904404
EV1418,EV Car,Tesla Model 3,3,Insurance premium for EV is surprisingly high compared to petrol vehicles.,8,"Topic 8: range, drop, defeat purpose, energy, energy used",0.9249977907310836
EV1419,EV Scooter,Ather 450X,4,Top speed is decent for city use but not enough for highway cruising. I'm always worried about running out of charge before reaching my destination.,3,"Topic 3: safety, use, highway, part, feature",0.5592585901096648
EV1420,EV Car,Mahindra XUV400,4,"Range drops badly in winter, I lost almost 30% range in cold weather.",8,"Topic 8: range, drop, defeat purpose, energy, energy used",0.949999084075917
EV1421,EV Car,MG ZS EV,4,"The companion app keeps crashing, needs urgent software updates.",4,"Topic 4: software, month, year, battery, keep",0.943749216857566
EV1422,EV Scooter,Ampere Magnus,3,Worried about battery degradation and replacement cost after warranty ends. Acceleration is smooth and instant torque makes overtaking effortless.,4,"Topic 4: software, month, year, battery, keep",0.534050438276708
EV1423,EV Car,BYD Atto 3,3,"Top speed is decent for city use but not enough for highway cruising. Highway charging stops are rare, long distance travel is a nightmare.",3,"Topic 3: safety, use, highway, part, feature",0.5081865497013404
EV1424,EV Car,Hyundai Kona,4,"No proper information on how battery degrades over time, company should be transparent. Storage space under the seat is very limited, not practical for daily use.",5,"Topic 5: battery, center, service center, service, safety",0.48518510487032007
EV1425,EV Scooter,Ather 450X,5,"Build materials feel sturdy but the design is a bit too plain compared to rivals. Waiting time for service appointment is too long, more service centers needed.",6,"Topic 6: charging, battery, almost, tier, use",0.5491430438810895
EV1426,EV Scooter,Ather 450X,3,Switching to EV feels good knowing I'm reducing my carbon footprint.,2,"Topic 2: feel, quality, range, support, quality feel",0.9249995059626489
EV1427,EV Car,BYD Atto 3,4,Switching to EV feels good knowing I'm reducing my carbon footprint.,2,"Topic 2: feel, quality, range, support, quality feel",0.9249995059626489
EV1428,EV Scooter,Ather 450X,4,"Suspension is too stiff, ride quality is uncomfortable on bad roads. Switching to EV feels good knowing I'm reducing my carbon footprint.",2,"Topic 2: feel, quality, range, support, quality feel",0.5762821223882496
EV1429,EV Scooter,Bajaj Chetak,4,"Resale value of electric vehicles is still uncertain, worried about depreciation. Charging takes too long, almost 6 hours for a full charge at home.",6,"Topic 6: charging, battery, almost, tier, use",0.6039978275735985
EV1430,EV Car,Tesla Model 3,4,"Over the air software updates are a great feature, keeps improving over time. Storage space under the seat is very limited, not practical for daily use.",6,"Topic 6: charging, battery, almost, tier, use",0.5647053829545462
EV1431,EV Scooter,Bajaj Chetak,5,Charging infrastructure in tier 2 and tier 3 cities is almost non-existent.,6,"Topic 6: charging, battery, almost, tier, use",0.9437484930362834
EV1432,EV Car,MG ZS EV,4,Service center staff are not well trained to handle EV specific issues.,5,"Topic 5: battery, center, service center, service, safety",0.9437489343674283
EV1433,EV Scooter,TVS iQube,4,"Battery replacement cost is almost half the price of the vehicle, very concerning.",0,"Topic 0: cost, battery, replacement cost, replacement, city",0.9357121936164879
EV1434,EV Car,Tesla Model 3,4,"Acceleration is smooth and instant torque makes overtaking effortless. Bluetooth connectivity drops frequently while riding, very frustrating.",4,"Topic 4: software, month, year, battery, keep",0.5239994233870104
EV1435,EV Car,BYD Atto 3,3,"Fast charging network needs serious expansion on highways. Noise levels are impressively low, riding experience is very smooth and quiet. EV subsidy scheme in my state got delayed and the discount amount reduced suddenly.",4,"Topic 4: software, month, year, battery, keep",0.38995281266444054
EV1436,EV Scooter,TVS iQube,5,"Interior quality feels cheap for the price point, needs improvement. Advanced safety features like ABS and traction control give peace of mind. Touchscreen infotainment system lags and is not very intuitive to use.",3,"Topic 3: safety, use, highway, part, feature",0.4145172174584063
EV1437,EV Car,Mahindra XUV400,4,The upfront price is high but government subsidy makes it affordable. Fast charging network needs serious expansion on highways.,3,"Topic 3: safety, use, highway, part, feature",0.48518451297314397
EV1438,EV Car,Tesla Model 3,3,"Charging takes too long, almost 6 hours for a full charge at home.",6,"Topic 6: charging, battery, almost, tier, use",0.9437476402111513
EV1439,EV Scooter,Bajaj Chetak,5,Emergency braking and collision alert systems work really well in traffic.,7,"Topic 7: braking, work, system, work well, well",0.9437497312130717
EV1440,EV Car,Hyundai Kona,3,"The companion app keeps crashing, needs urgent software updates.",4,"Topic 4: software, month, year, battery, keep",0.943749216857566
EV1441,EV Scooter,Bajaj Chetak,5,"There are very few authorized service centers, had to travel 8 km for repair. Range drops badly in winter, I lost almost 30% range in cold weather.",8,"Topic 8: range, drop, defeat purpose, energy, energy used",0.6543400144752408
EV1442,EV Car,Tesla Model 3,4,Zero tailpipe emissions is the main reason I chose an electric vehicle.,6,"Topic 6: charging, battery, almost, tier, use",0.9249999999668123
EV1443,EV Car,Mahindra XUV400,2,Contributing to a cleaner city is a big motivation behind going electric. EV subsidy scheme in my state got delayed and the discount amount reduced suddenly.,4,"Topic 4: software, month, year, battery, keep",0.5516130420482629
EV1444,EV Car,Mahindra XUV400,5,"Energy used to charge still comes mostly from coal in my region, defeats the purpose somewhat.",8,"Topic 8: range, drop, defeat purpose, energy, energy used",0.9549998187898763
EV1445,EV Car,Tata Nexon EV,4,Total cost of ownership is great once you factor in low maintenance and fuel savings. Switching to EV feels good knowing I'm reducing my carbon footprint.,0,"Topic 0: cost, battery, replacement cost, replacement, city",0.5896540899302997
EV1446,EV Scooter,Ola S1,5,Concerned about environmental impact of battery disposal and recycling.,9,"Topic 9: price, subsidy, service, battery disposal, concerned environmental",0.9249986153687703
EV1447,EV Scooter,Hero Vida V1,4,"Heard about a thermal runaway incident, this has shaken my trust in EV safety. Loved the color options and the overall styling of the vehicle.",3,"Topic 3: safety, use, highway, part, feature",0.5695657978930752
EV1448,EV Scooter,Ampere Magnus,5,"Interior quality feels cheap for the price point, needs improvement. Home charging setup was expensive and took weeks to install. Energy used to charge still comes mostly from coal in my region, defeats the purpose somewhat.",8,"Topic 8: range, drop, defeat purpose, energy, energy used",0.40027070863771924
EV1449,EV Car,Tata Nexon EV,4,Loved the color options and the overall styling of the vehicle.,6,"Topic 6: charging, battery, almost, tier, use",0.9099999999467664
EV1450,EV Scooter,Hero Vida V1,4,I'm always worried about running out of charge before reaching my destination.,5,"Topic 5: battery, center, service center, service, safety",0.924998492825782
EV1451,EV Scooter,Bajaj Chetak,4,"Claimed range of 80 km is misleading, actual range is way less in city traffic. Build materials feel sturdy but the design is a bit too plain compared to rivals. Build quality feels premium and the ride is extremely comfortable.",2,"Topic 2: feel, quality, range, support, quality feel",0.6622728456697663
EV1452,EV Scooter,TVS iQube,3,"Had a great experience with the service team, they explained everything clearly. Contributing to a cleaner city is a big motivation behind going electric.",0,"Topic 0: cost, battery, replacement cost, replacement, city",0.49907051415828824
EV1453,EV Car,MG ZS EV,3,"Noise levels are impressively low, riding experience is very smooth and quiet. Customer support over phone is helpful and resolves issues quickly.",9,"Topic 9: price, subsidy, service, battery disposal, concerned environmental",0.520689692482641
EV1454,EV Car,MG ZS EV,4,"Smart key and app based lock features work flawlessly, very convenient.",9,"Topic 9: price, subsidy, service, battery disposal, concerned environmental",0.9499989773125966
EV1455,EV Scooter,Ola S1,4,Emergency braking and collision alert systems work really well in traffic.,7,"Topic 7: braking, work, system, work well, well",0.9437497312130717
EV1456,EV Car,BYD Atto 3,3,The upfront price is high but government subsidy makes it affordable.,9,"Topic 9: price, subsidy, service, battery disposal, concerned environmental",0.9357130000184158
EV1457,EV Car,Tata Nexon EV,3,"Resale value of electric vehicles is still uncertain, worried about depreciation. Had a great experience with the service team, they explained everything clearly.",4,"Topic 4: software, month, year, battery, keep",0.5695631402856483
EV1458,EV Scooter,Ampere Magnus,3,"Resale value of electric vehicles is still uncertain, worried about depreciation.",7,"Topic 7: braking, work, system, work well, well",0.9099994285588298
EV1459,EV Scooter,Ampere Magnus,4,Concerned about environmental impact of battery disposal and recycling. The vehicle has good crash test ratings which reassured my purchase decision.,9,"Topic 9: price, subsidy, service, battery disposal, concerned environmental",0.9608692109349809
EV1460,EV Car,Hyundai Kona,5,"LED lighting and digital dashboard give it a premium, modern look. Claimed range of 150 km is misleading, actual range is way less in city traffic. No proper information on how battery degrades over time, company should be transparent.",2,"Topic 2: feel, quality, range, support, quality feel",0.3645258096095886
EV1461,EV Car,Tesla Model 3,4,Advanced safety features like ABS and traction control give peace of mind.,3,"Topic 3: safety, use, highway, part, feature",0.9499995847169762
EV1462,EV Car,Mahindra XUV400,4,"EV subsidy scheme in my state got delayed and the discount amount reduced suddenly. Spare parts availability is a major issue, waited a month for a replacement part. Emergency braking and collision alert systems work really well in traffic.",4,"Topic 4: software, month, year, battery, keep",0.3559379013507552
EV1463,EV Scooter,Bajaj Chetak,5,"Waiting time for service appointment is too long, more service centers needed.",9,"Topic 9: price, subsidy, service, battery disposal, concerned environmental",0.9437476890044085
EV1464,EV Scooter,Ampere Magnus,4,"Braking system feels sharp and responsive, regenerative braking works well.",7,"Topic 7: braking, work, system, work well, well",0.9499996877228652
EV1465,EV Scooter,Hero Vida V1,4,"Braking system feels sharp and responsive, regenerative braking works well.",7,"Topic 7: braking, work, system, work well, well",0.9499996877228652
EV1466,EV Scooter,TVS iQube,4,Battery health dropped to 85% within 18 months of daily use. Advanced safety features like ABS and traction control give peace of mind.,3,"Topic 3: safety, use, highway, part, feature",0.6215883785329197
EV1467,EV Scooter,Hero Vida V1,3,"Bluetooth connectivity drops frequently while riding, very frustrating. Spare parts availability is a major issue, waited a month for a replacement part. Emergency braking and collision alert systems work really well in traffic.",3,"Topic 3: safety, use, highway, part, feature",0.3886355912651961
EV1468,EV Car,BYD Atto 3,4,Stability control on wet roads is impressive and inspires confidence. Touchscreen infotainment system lags and is not very intuitive to use.,0,"Topic 0: cost, battery, replacement cost, replacement, city",0.5239995150917246
EV1469,EV Scooter,Ather 450X,3,Software glitches caused the dashboard to freeze twice in a month. The battery warranty of 5 years gives me confidence in long term reliability.,4,"Topic 4: software, month, year, battery, keep",0.9689648757228303
EV1470,EV Car,Tesla Model 3,4,"Braking system feels sharp and responsive, regenerative braking works well. Insurance premium for EV is surprisingly high compared to petrol vehicles.",7,"Topic 7: braking, work, system, work well, well",0.5859272451774503
EV1471,EV Scooter,TVS iQube,4,"Smart key and app based lock features work flawlessly, very convenient.",9,"Topic 9: price, subsidy, service, battery disposal, concerned environmental",0.9499989773125966
EV1472,EV Car,Mahindra XUV400,5,"Over the air software updates are a great feature, keeps improving over time.",6,"Topic 6: charging, battery, almost, tier, use",0.9437475492633663
EV1473,EV Car,Tesla Model 3,4,"LED lighting and digital dashboard give it a premium, modern look. I'm always worried about running out of charge before reaching my destination.",0,"Topic 0: cost, battery, replacement cost, replacement, city",0.5818329121947241
EV1474,EV Car,MG ZS EV,4,The battery warranty of 5 years gives me confidence in long term reliability.,4,"Topic 4: software, month, year, battery, keep",0.9437480073525252
EV1475,EV Car,Tata Nexon EV,5,Acceleration is smooth and instant torque makes overtaking effortless.,4,"Topic 4: software, month, year, battery, keep",0.9357133527421988
EV1476,EV Car,Mahindra XUV400,4,Contributing to a cleaner city is a big motivation behind going electric. Worried about battery degradation and replacement cost after warranty ends.,0,"Topic 0: cost, battery, replacement cost, replacement, city",0.966666206636836
EV1477,EV Car,BYD Atto 3,5,"Storage space under the seat is very limited, not practical for daily use. The companion app keeps crashing, needs urgent software updates.",4,"Topic 4: software, month, year, battery, keep",0.5110941423194301
EV1478,EV Car,BYD Atto 3,3,The motor is powerful and pickup is much better than petrol variants.,3,"Topic 3: safety, use, highway, part, feature",0.924998570431653
EV1479,EV Car,Tesla Model 3,3,"Braking system feels sharp and responsive, regenerative braking works well.",7,"Topic 7: braking, work, system, work well, well",0.9499996877228652
EV1480,EV Car,Tata Nexon EV,3,"Worried about battery degradation and replacement cost after warranty ends. Charging takes too long, almost 6 hours for a full charge at home.",6,"Topic 6: charging, battery, almost, tier, use",0.4995141473516526
EV1481,EV Scooter,Bajaj Chetak,4,Build quality feels premium and the ride is extremely comfortable.,2,"Topic 2: feel, quality, range, support, quality feel",0.9357133889511634
EV1482,EV Scooter,Ather 450X,2,Total cost of ownership is great once you factor in low maintenance and fuel savings. Zero tailpipe emissions is the main reason I chose an electric vehicle.,0,"Topic 0: cost, battery, replacement cost, replacement, city",0.5714222861741637
EV1483,EV Car,BYD Atto 3,4,"Range anxiety is real, I plan every trip around charging stops now. LED lighting and digital dashboard give it a premium, modern look.",2,"Topic 2: feel, quality, range, support, quality feel",0.5015658849674595
EV1484,EV Car,BYD Atto 3,5,For daily commute the range is fine but long trips are stressful because of low range. Charging infrastructure in tier 2 and tier 3 cities is almost non-existent.,0,"Topic 0: cost, battery, replacement cost, replacement, city",0.5303808816220349
EV1485,EV Scooter,Ola S1,3,EV subsidy scheme in my state got delayed and the discount amount reduced suddenly. For daily commute the range is fine but long trips are stressful because of low range.,4,"Topic 4: software, month, year, battery, keep",0.5274818460677706
EV1486,EV Car,Tesla Model 3,4,"LED lighting and digital dashboard give it a premium, modern look.",0,"Topic 0: cost, battery, replacement cost, replacement, city",0.9437487547496393
EV1487,EV Car,BYD Atto 3,4,Fast charging network needs serious expansion on highways. Navigation system integrated with range prediction is genuinely useful.,1,"Topic 1: range, system, genuinely, useful, genuinely useful",0.4851854648858376
EV1488,EV Car,Hyundai Kona,4,Service center staff are not well trained to handle EV specific issues. Battery performance is stable even after two years of heavy usage.,5,"Topic 5: battery, center, service center, service, safety",0.5432675049490033
EV1489,EV Scooter,Ather 450X,4,"Range drops badly in winter, I lost almost 30% range in cold weather. Switching to EV feels good knowing I'm reducing my carbon footprint.",8,"Topic 8: range, drop, defeat purpose, energy, energy used",0.5649759251191826
EV1490,EV Scooter,Ather 450X,4,"Fast charging network needs serious expansion on highways. Spare parts availability is a major issue, waited a month for a replacement part.",3,"Topic 3: safety, use, highway, part, feature",0.9709671866940468
EV1491,EV Scooter,TVS iQube,5,"The battery warranty of 250 years gives me confidence in long term reliability. AC usage kills the range, on hot days I barely get half the claimed distance.",8,"Topic 8: range, drop, defeat purpose, energy, energy used",0.5288912093095419
EV1492,EV Scooter,Hero Vida V1,4,I'm always worried about running out of charge before reaching my destination.,5,"Topic 5: battery, center, service center, service, safety",0.924998492825782
EV1493,EV Car,Hyundai Kona,3,"Love the app that shows nearby charging stations, very convenient feature. Suspension is too stiff, ride quality is uncomfortable on bad roads.",6,"Topic 6: charging, battery, almost, tier, use",0.49385972357589564
EV1494,EV Car,Mahindra XUV400,4,Build materials feel sturdy but the design is a bit too plain compared to rivals.,6,"Topic 6: charging, battery, almost, tier, use",0.9499987329729866
EV1495,EV Scooter,Bajaj Chetak,4,I'm always worried about running out of charge before reaching my destination.,5,"Topic 5: battery, center, service center, service, safety",0.924998492825782
EV1496,EV Car,Mahindra XUV400,5,Battery performance is stable even after two years of heavy usage.,6,"Topic 6: charging, battery, almost, tier, use",0.9357131926965875
EV1497,EV Scooter,TVS iQube,2,"Bluetooth connectivity drops frequently while riding, very frustrating. Finding a working charging station in my city is still very difficult. The design looks futuristic and attracts a lot of attention on the road.",2,"Topic 2: feel, quality, range, support, quality feel",0.3527669031029908
EV1498,EV Scooter,Hero Vida V1,4,"Concerned about environmental impact of battery disposal and recycling. Running cost is much lower than petrol, saving a lot on fuel every month.",4,"Topic 4: software, month, year, battery, keep",0.5988202062210505
EV1499,EV Scooter,Hero Vida V1,3,"Interior quality feels cheap for the price point, needs improvement.",2,"Topic 2: feel, quality, range, support, quality feel",0.9437490829139897
EV1500,EV Car,Tata Nexon EV,4,"The companion app keeps crashing, needs urgent software updates. Battery replacement cost is almost half the price of the vehicle, very concerning.",4,"Topic 4: software, month, year, battery, keep",0.5366534315298923
EV1501,EV Scooter,Ather 450X,4,"Read reports about battery fires, safety is my biggest concern before buying.",5,"Topic 5: battery, center, service center, service, safety",0.9437495112624689
EV1502,EV Scooter,Bajaj Chetak,5,"Smart key and app based lock features work flawlessly, very convenient. Contributing to a cleaner city is a big motivation behind going electric. Charging infrastructure in tier 2 and tier 3 cities is almost non-existent.",9,"Topic 9: price, subsidy, service, battery disposal, concerned environmental",0.34577975839995245
EV1503,EV Scooter,Ola S1,3,"Compact size makes it easy to park and maneuver in city traffic. Energy used to charge still comes mostly from coal in my region, defeats the purpose somewhat. The real world range is much lower than advertised, I only get 100 km on a full charge.",1,"Topic 1: range, system, genuinely, useful, genuinely useful",0.5795941146700038
EV1504,EV Scooter,Ampere Magnus,4,Acceleration is smooth and instant torque makes overtaking effortless.,4,"Topic 4: software, month, year, battery, keep",0.9357133527421988
EV1505,EV Car,Mahindra XUV400,4,Build quality feels premium and the ride is extremely comfortable.,2,"Topic 2: feel, quality, range, support, quality feel",0.9357133889511634
EV1506,EV Car,Tata Nexon EV,4,"Braking system feels sharp and responsive, regenerative braking works well.",7,"Topic 7: braking, work, system, work well, well",0.9499996877228652
EV1507,EV Scooter,Hero Vida V1,4,"Smart key and app based lock features work flawlessly, very convenient. No proper information on how battery degrades over time, company should be transparent.",9,"Topic 9: price, subsidy, service, battery disposal, concerned environmental",0.5802331812862114
EV1508,EV Scooter,Ola S1,4,"Running cost is much lower than petrol, saving a lot on fuel every month.",4,"Topic 4: software, month, year, battery, keep",0.9499988743504476
EV1509,EV Scooter,Ather 450X,4,Finding a working charging station in my city is still very difficult. Build materials feel sturdy but the design is a bit too plain compared to rivals.,6,"Topic 6: charging, battery, almost, tier, use",0.6681566054858966
EV1510,EV Car,Mahindra XUV400,4,"Battery performance is stable even after two years of heavy usage. Software glitches caused the dashboard to freeze twice in a month. The real world range is much lower than advertised, I only get 20 km on a full charge.",4,"Topic 4: software, month, year, battery, keep",0.356440449525462
EV1511,EV Scooter,Ampere Magnus,4,Zero tailpipe emissions is the main reason I chose an electric vehicle.,6,"Topic 6: charging, battery, almost, tier, use",0.9249999999668123
EV1512,EV Car,Tata Nexon EV,4,Emergency braking and collision alert systems work really well in traffic.,7,"Topic 7: braking, work, system, work well, well",0.9437497312130717
EV1513,EV Scooter,Ampere Magnus,3,"Build quality feels premium and the ride is extremely comfortable. Had a great experience with the service team, they explained everything clearly.",2,"Topic 2: feel, quality, range, support, quality feel",0.5098633432076354
EV1514,EV Car,MG ZS EV,3,"Had a great experience with the service team, they explained everything clearly. The vehicle has good crash test ratings which reassured my purchase decision.",9,"Topic 9: price, subsidy, service, battery disposal, concerned environmental",0.4984304889095722
EV1515,EV Car,MG ZS EV,4,"Top speed is decent for city use but not enough for highway cruising. No proper information on how battery degrades over time, company should be transparent. Advanced safety features like ABS and traction control give peace of mind.",3,"Topic 3: safety, use, highway, part, feature",0.6934104447639466
EV1516,EV Scooter,Ampere Magnus,3,The vehicle has good crash test ratings which reassured my purchase decision.,9,"Topic 9: price, subsidy, service, battery disposal, concerned environmental",0.9249999999727188
EV1517,EV Scooter,Ola S1,4,"No proper information on how battery degrades over time, company should be transparent. The real world range is much lower than advertised, I only get 150 km on a full charge.",5,"Topic 5: battery, center, service center, service, safety",0.5038709644090661
EV1518,EV Scooter,Ather 450X,5,"Claimed range of 8 km is misleading, actual range is way less in city traffic. Customer support over phone is helpful and resolves issues quickly.",2,"Topic 2: feel, quality, range, support, quality feel",0.9709668145443587
EV1519,EV Car,Hyundai Kona,5,Emergency braking and collision alert systems work really well in traffic.,7,"Topic 7: braking, work, system, work well, well",0.9437497312130717
EV1520,EV Car,BYD Atto 3,4,Compact size makes it easy to park and maneuver in city traffic. Switching to EV feels good knowing I'm reducing my carbon footprint. Acceleration is smooth and instant torque makes overtaking effortless.,1,"Topic 1: range, system, genuinely, useful, genuinely useful",0.38802782654013274
EV1521,EV Scooter,Ather 450X,4,"Zero tailpipe emissions is the main reason I chose an electric vehicle. The vehicle has good crash test ratings which reassured my purchase decision. For the price, I expected better build quality and more features.",9,"Topic 9: price, subsidy, service, battery disposal, concerned environmental",0.35696206523527074
EV1522,EV Car,Tesla Model 3,3,Advanced safety features like ABS and traction control give peace of mind.,3,"Topic 3: safety, use, highway, part, feature",0.9499995847169762
EV1523,EV Scooter,Ola S1,5,Battery health dropped to 85% within 18 months of daily use.,6,"Topic 6: charging, battery, almost, tier, use",0.9357124919676222
EV1524,EV Scooter,Ola S1,4,"The real world range is much lower than advertised, I only get 8 km on a full charge. No proper information on how battery degrades over time, company should be transparent. Braking system feels sharp and responsive, regenerative braking works well.",7,"Topic 7: braking, work, system, work well, well",0.3700565263638921
EV1525,EV Scooter,Ampere Magnus,4,"Read reports about battery fires, safety is my biggest concern before buying.",5,"Topic 5: battery, center, service center, service, safety",0.9437495112624689
EV1526,EV Car,BYD Atto 3,4,Compact size makes it easy to park and maneuver in city traffic.,1,"Topic 1: range, system, genuinely, useful, genuinely useful",0.9437493609883884
EV1527,EV Scooter,Ola S1,4,Top speed is decent for city use but not enough for highway cruising.,3,"Topic 3: safety, use, highway, part, feature",0.9437487998405685
EV1528,EV Scooter,TVS iQube,5,"Smart key and app based lock features work flawlessly, very convenient. Stability control on wet roads is impressive and inspires confidence.",9,"Topic 9: price, subsidy, service, battery disposal, concerned environmental",0.5516125361985659
EV1529,EV Car,Tata Nexon EV,4,"Energy used to charge still comes mostly from coal in my region, defeats the purpose somewhat.",8,"Topic 8: range, drop, defeat purpose, energy, energy used",0.9549998187898763
EV1530,EV Car,Tata Nexon EV,5,"Compact size makes it easy to park and maneuver in city traffic. Waiting time for service appointment is too long, more service centers needed.",9,"Topic 9: price, subsidy, service, battery disposal, concerned environmental",0.4975611962257819
EV1531,EV Scooter,Ola S1,4,"The companion app keeps crashing, needs urgent software updates. Concerned about environmental impact of battery disposal and recycling.",4,"Topic 4: software, month, year, battery, keep",0.5646700526772738
EV1532,EV Car,Hyundai Kona,4,Advanced safety features like ABS and traction control give peace of mind. Switching to EV feels good knowing I'm reducing my carbon footprint.,3,"Topic 3: safety, use, highway, part, feature",0.5828470135533638
EV1533,EV Car,Tesla Model 3,4,Insurance premium for EV is surprisingly high compared to petrol vehicles.,8,"Topic 8: range, drop, defeat purpose, energy, energy used",0.9249977907310836
EV1534,EV Car,Tesla Model 3,4,"Handling and stability at high speed feels very confident and safe. The real world range is much lower than advertised, I only get 120 km on a full charge. Charging takes too long, almost 6 hours for a full charge at home.",1,"Topic 1: range, system, genuinely, useful, genuinely useful",0.6576310549972713
EV1535,EV Car,BYD Atto 3,4,"Storage space under the seat is very limited, not practical for daily use.",3,"Topic 3: safety, use, highway, part, feature",0.9357135200179632
EV1536,EV Scooter,Bajaj Chetak,4,Finding a working charging station in my city is still very difficult.,0,"Topic 0: cost, battery, replacement cost, replacement, city",0.9249982638755785
EV1537,EV Car,Tesla Model 3,4,Advanced safety features like ABS and traction control give peace of mind.,3,"Topic 3: safety, use, highway, part, feature",0.9499995847169762
EV1538,EV Scooter,Hero Vida V1,4,"Had a great experience with the service team, they explained everything clearly.",4,"Topic 4: software, month, year, battery, keep",0.9357124482698551
EV1539,EV Scooter,Bajaj Chetak,4,"Battery health dropped to 85% within 18 months of daily use. Read reports about battery fires, safety is my biggest concern before buying.",5,"Topic 5: battery, center, service center, service, safety",0.5304977519351283
EV1540,EV Scooter,Ampere Magnus,4,Acceleration is smooth and instant torque makes overtaking effortless.,4,"Topic 4: software, month, year, battery, keep",0.9357133527421988
EV1541,EV Car,Tata Nexon EV,4,"Heard about a thermal runaway incident, this has shaken my trust in EV safety.",3,"Topic 3: safety, use, highway, part, feature",0.9357141803880524
EV1542,EV Car,Hyundai Kona,4,Build materials feel sturdy but the design is a bit too plain compared to rivals.,6,"Topic 6: charging, battery, almost, tier, use",0.9499987329729866
EV1543,EV Car,MG ZS EV,3,"Running cost is much lower than petrol, saving a lot on fuel every month.",4,"Topic 4: software, month, year, battery, keep",0.9499988743504476
EV1544,EV Car,Tesla Model 3,5,"The vehicle has good crash test ratings which reassured my purchase decision. Public chargers are often broken or occupied, need more charging stations urgently.",0,"Topic 0: cost, battery, replacement cost, replacement, city",0.5896545122608478
EV1545,EV Scooter,Ola S1,3,"Suspension is too stiff, ride quality is uncomfortable on bad roads. Zero tailpipe emissions is the main reason I chose an electric vehicle.",6,"Topic 6: charging, battery, almost, tier, use",0.48260916886684113
EV1546,EV Car,Hyundai Kona,4,"Touchscreen infotainment system lags and is not very intuitive to use. Energy used to charge still comes mostly from coal in my region, defeats the purpose somewhat.",8,"Topic 8: range, drop, defeat purpose, energy, energy used",0.9709673112851992
EV1547,EV Scooter,Hero Vida V1,4,"Noise levels are impressively low, riding experience is very smooth and quiet.",9,"Topic 9: price, subsidy, service, battery disposal, concerned environmental",0.9437495979697851
EV1548,EV Car,Tata Nexon EV,5,Loved the color options and the overall styling of the vehicle.,6,"Topic 6: charging, battery, almost, tier, use",0.9099999999467664
EV1549,EV Scooter,Ather 450X,4,"Smart key and app based lock features work flawlessly, very convenient. Braking system feels sharp and responsive, regenerative braking works well.",7,"Topic 7: braking, work, system, work well, well",0.5086172868912434
EV1550,EV Scooter,Ampere Magnus,3,Customer support over phone is helpful and resolves issues quickly. Battery health dropped to 85% within 18 months of daily use.,2,"Topic 2: feel, quality, range, support, quality feel",0.4851847493634806
EV1551,EV Scooter,Hero Vida V1,4,Stability control on wet roads is impressive and inspires confidence.,0,"Topic 0: cost, battery, replacement cost, replacement, city",0.9357134461405903
EV1552,EV Car,BYD Atto 3,4,"Range anxiety is real, I plan every trip around charging stops now.",2,"Topic 2: feel, quality, range, support, quality feel",0.9499971908249379
EV1553,EV Scooter,Hero Vida V1,3,EV subsidy scheme in my state got delayed and the discount amount reduced suddenly.,4,"Topic 4: software, month, year, battery, keep",0.9499997911747503
EV1554,EV Car,Mahindra XUV400,5,"Stability control on wet roads is impressive and inspires confidence. Claimed range of 8 km is misleading, actual range is way less in city traffic.",2,"Topic 2: feel, quality, range, support, quality feel",0.5192662567579026
EV1555,EV Car,BYD Atto 3,5,Battery performance is stable even after two years of heavy usage.,6,"Topic 6: charging, battery, almost, tier, use",0.9357131926965875
EV1556,EV Car,Tesla Model 3,4,"For the price, I expected better build quality and more features.",2,"Topic 2: feel, quality, range, support, quality feel",0.9249974594621185
EV1557,EV Car,Tata Nexon EV,3,"AC usage kills the range, on hot days I barely get half the claimed distance. Insurance premium for EV is surprisingly high compared to petrol vehicles.",8,"Topic 8: range, drop, defeat purpose, energy, energy used",0.9689648826150129
EV1558,EV Scooter,Bajaj Chetak,5,"Charging takes too long, almost 6 hours for a full charge at home.",6,"Topic 6: charging, battery, almost, tier, use",0.9437476402111513
EV1559,EV Scooter,Ampere Magnus,4,"Braking system feels sharp and responsive, regenerative braking works well. Highway charging stops are rare, long distance travel is a nightmare.",7,"Topic 7: braking, work, system, work well, well",0.5138399897570343
EV1560,EV Car,BYD Atto 3,4,Navigation system integrated with range prediction is genuinely useful. Switching to EV feels good knowing I'm reducing my carbon footprint.,1,"Topic 1: range, system, genuinely, useful, genuinely useful",0.5316526975062674
EV1561,EV Car,Mahindra XUV400,5,"Read reports about battery fires, safety is my biggest concern before buying. There are very few authorized service centers, had to travel 120 km for repair.",5,"Topic 5: battery, center, service center, service, safety",0.9639996666305197
EV1562,EV Car,Hyundai Kona,4,Handling and stability at high speed feels very confident and safe.,1,"Topic 1: range, system, genuinely, useful, genuinely useful",0.935713476160822
EV1563,EV Scooter,Hero Vida V1,4,Contributing to a cleaner city is a big motivation behind going electric. Worried about battery degradation and replacement cost after warranty ends.,0,"Topic 0: cost, battery, replacement cost, replacement, city",0.966666206636836
EV1564,EV Car,Tata Nexon EV,4,"No proper information on how battery degrades over time, company should be transparent.",5,"Topic 5: battery, center, service center, service, safety",0.9357136577255175
EV1565,EV Car,BYD Atto 3,5,"Customer support over phone is helpful and resolves issues quickly. Battery replacement cost is almost half the price of the vehicle, very concerning.",2,"Topic 2: feel, quality, range, support, quality feel",0.5096105426003739
EV1566,EV Car,Tesla Model 3,4,Navigation system integrated with range prediction is genuinely useful.,1,"Topic 1: range, system, genuinely, useful, genuinely useful",0.9357135041670673
EV1567,EV Scooter,Bajaj Chetak,4,"Energy used to charge still comes mostly from coal in my region, defeats the purpose somewhat. Battery health dropped to 85% within 18 months of daily use.",8,"Topic 8: range, drop, defeat purpose, energy, energy used",0.5878498110515283
EV1568,EV Scooter,Ather 450X,5,"Insurance premium for EV is surprisingly high compared to petrol vehicles. Interior quality feels cheap for the price point, needs improvement.",2,"Topic 2: feel, quality, range, support, quality feel",0.5812143242591318
EV1569,EV Car,Tata Nexon EV,4,Compact size makes it easy to park and maneuver in city traffic. Worried about battery degradation and replacement cost after warranty ends.,1,"Topic 1: range, system, genuinely, useful, genuinely useful",0.5053043247481385
EV1570,EV Car,Mahindra XUV400,4,"Public chargers are often broken or occupied, need more charging stations urgently.",0,"Topic 0: cost, battery, replacement cost, replacement, city",0.9499990601920162
EV1571,EV Scooter,Hero Vida V1,5,"Storage space under the seat is very limited, not practical for daily use. The vehicle has good crash test ratings which reassured my purchase decision.",3,"Topic 3: safety, use, highway, part, feature",0.5239997530487001
EV1572,EV Car,Tesla Model 3,5,Loved the color options and the overall styling of the vehicle.,6,"Topic 6: charging, battery, almost, tier, use",0.9099999999467664
EV1573,EV Car,Mahindra XUV400,3,"EV subsidy scheme in my state got delayed and the discount amount reduced suddenly. Highway charging stops are rare, long distance travel is a nightmare.",4,"Topic 4: software, month, year, battery, keep",0.5351629067274863
EV1574,EV Scooter,Ather 450X,3,Finding a working charging station in my city is still very difficult. Emergency braking and collision alert systems work really well in traffic.,7,"Topic 7: braking, work, system, work well, well",0.5592605178675617
EV1575,EV Car,Tesla Model 3,4,Home charging setup was expensive and took weeks to install.,5,"Topic 5: battery, center, service center, service, safety",0.935713411107298
EV1576,EV Scooter,Hero Vida V1,3,"Contributing to a cleaner city is a big motivation behind going electric. The motor is powerful and pickup is much better than petrol variants. Spare parts availability is a major issue, waited a month for a replacement part.",3,"Topic 3: safety, use, highway, part, feature",0.6710319464996082
EV1577,EV Scooter,Ather 450X,5,Customer support over phone is helpful and resolves issues quickly. Concerned about environmental impact of battery disposal and recycling.,2,"Topic 2: feel, quality, range, support, quality feel",0.5239994779819286
EV1578,EV Scooter,Hero Vida V1,3,"Smart key and app based lock features work flawlessly, very convenient.",9,"Topic 9: price, subsidy, service, battery disposal, concerned environmental",0.9499989773125966
EV1579,EV Car,Tata Nexon EV,4,"Acceleration is smooth and instant torque makes overtaking effortless. Read reports about battery fires, safety is my biggest concern before buying.",5,"Topic 5: battery, center, service center, service, safety",0.5104862350497631
EV1580,EV Scooter,Hero Vida V1,4,"The companion app keeps crashing, needs urgent software updates. Loved the color options and the overall styling of the vehicle. Fast charging network needs serious expansion on highways.",4,"Topic 4: software, month, year, battery, keep",0.3607069291659496
EV1581,EV Scooter,Ola S1,3,Concerned about environmental impact of battery disposal and recycling. Stability control on wet roads is impressive and inspires confidence.,0,"Topic 0: cost, battery, replacement cost, replacement, city",0.5496292131703993
EV1582,EV Car,MG ZS EV,4,"EV subsidy scheme in my state got delayed and the discount amount reduced suddenly. Read reports about battery fires, safety is my biggest concern before buying.",4,"Topic 4: software, month, year, battery, keep",0.5289959833514734
EV1583,EV Car,BYD Atto 3,2,"The real world range is much lower than advertised, I only get 120 km on a full charge. Handling and stability at high speed feels very confident and safe. EV subsidy scheme in my state got delayed and the discount amount reduced suddenly.",1,"Topic 1: range, system, genuinely, useful, genuinely useful",0.5823870703852561
EV1584,EV Scooter,TVS iQube,4,Advanced safety features like ABS and traction control give peace of mind.,3,"Topic 3: safety, use, highway, part, feature",0.9499995847169762
EV1585,EV Car,Tata Nexon EV,4,"Braking system feels sharp and responsive, regenerative braking works well.",7,"Topic 7: braking, work, system, work well, well",0.9499996877228652
EV1586,EV Car,BYD Atto 3,4,Switching to EV feels good knowing I'm reducing my carbon footprint.,2,"Topic 2: feel, quality, range, support, quality feel",0.9249995059626489
EV1587,EV Scooter,Ather 450X,5,Advanced safety features like ABS and traction control give peace of mind.,3,"Topic 3: safety, use, highway, part, feature",0.9499995847169762
EV1588,EV Scooter,TVS iQube,3,"Heard about a thermal runaway incident, this has shaken my trust in EV safety.",3,"Topic 3: safety, use, highway, part, feature",0.9357141803880524
EV1589,EV Scooter,Hero Vida V1,4,"Resale value of electric vehicles is still uncertain, worried about depreciation.",7,"Topic 7: braking, work, system, work well, well",0.9099994285588298
EV1590,EV Scooter,Hero Vida V1,4,"The companion app keeps crashing, needs urgent software updates. Highway charging stops are rare, long distance travel is a nightmare. Waiting time for service appointment is too long, more service centers needed.",4,"Topic 4: software, month, year, battery, keep",0.3451518186259271
EV1591,EV Car,Tesla Model 3,3,Acceleration is smooth and instant torque makes overtaking effortless.,4,"Topic 4: software, month, year, battery, keep",0.9357133527421988
EV1592,EV Scooter,Ather 450X,3,"Suspension is too stiff, ride quality is uncomfortable on bad roads. Charging infrastructure in tier 2 and tier 3 cities is almost non-existent.",6,"Topic 6: charging, battery, almost, tier, use",0.5054068412607595
EV1593,EV Scooter,TVS iQube,4,"No proper information on how battery degrades over time, company should be transparent.",5,"Topic 5: battery, center, service center, service, safety",0.9357136577255175
EV1594,EV Car,Mahindra XUV400,3,"There are very few authorized service centers, had to travel 150 km for repair.",5,"Topic 5: battery, center, service center, service, safety",0.9099990182384726
EV1595,EV Car,MG ZS EV,4,"Charging infrastructure in tier 2 and tier 3 cities is almost non-existent. Energy used to charge still comes mostly from coal in my region, defeats the purpose somewhat.",8,"Topic 8: range, drop, defeat purpose, energy, energy used",0.5618473330959907
EV1596,EV Car,BYD Atto 3,5,Concerned about environmental impact of battery disposal and recycling.,9,"Topic 9: price, subsidy, service, battery disposal, concerned environmental",0.9249986153687703
EV1597,EV Scooter,Ampere Magnus,3,"Emergency braking and collision alert systems work really well in traffic. There are very few authorized service centers, had to travel 8 km for repair.",7,"Topic 7: braking, work, system, work well, well",0.5985561089567947
EV1598,EV Car,Tata Nexon EV,5,The vehicle has good crash test ratings which reassured my purchase decision.,9,"Topic 9: price, subsidy, service, battery disposal, concerned environmental",0.9249999999727188
EV1599,EV Scooter,Hero Vida V1,5,Emergency braking and collision alert systems work really well in traffic.,7,"Topic 7: braking, work, system, work well, well",0.9437497312130717
EV1600,EV Scooter,Hero Vida V1,4,"Loved the color options and the overall styling of the vehicle. Love the app that shows nearby charging stations, very convenient feature.",6,"Topic 6: charging, battery, almost, tier, use",0.9639992470558301
EV1601,EV Scooter,Ather 450X,5,"Touchscreen infotainment system lags and is not very intuitive to use. Suspension is too stiff, ride quality is uncomfortable on bad roads.",8,"Topic 8: range, drop, defeat purpose, energy, energy used",0.48260803655351
EV1602,EV Scooter,Bajaj Chetak,4,"Noise levels are impressively low, riding experience is very smooth and quiet.",9,"Topic 9: price, subsidy, service, battery disposal, concerned environmental",0.9437495979697851
EV1603,EV Scooter,Bajaj Chetak,4,Zero tailpipe emissions is the main reason I chose an electric vehicle.,6,"Topic 6: charging, battery, almost, tier, use",0.9249999999668123
EV1604,EV Car,Tesla Model 3,4,"Interior quality feels cheap for the price point, needs improvement.",2,"Topic 2: feel, quality, range, support, quality feel",0.9437490829139897
EV1605,EV Car,Tesla Model 3,3,"Battery health dropped to 85% within 18 months of daily use. LED lighting and digital dashboard give it a premium, modern look. Software glitches caused the dashboard to freeze twice in a month.",0,"Topic 0: cost, battery, replacement cost, replacement, city",0.36063319981288056
EV1606,EV Scooter,Bajaj Chetak,4,The design looks futuristic and attracts a lot of attention on the road.,2,"Topic 2: feel, quality, range, support, quality feel",0.9357136155060412
EV1607,EV Car,Tata Nexon EV,4,Charging infrastructure in tier 2 and tier 3 cities is almost non-existent.,6,"Topic 6: charging, battery, almost, tier, use",0.9437484930362834
EV1608,EV Scooter,TVS iQube,4,"Handling and stability at high speed feels very confident and safe. AC usage kills the range, on hot days I barely get half the claimed distance. LED lighting and digital dashboard give it a premium, modern look.",8,"Topic 8: range, drop, defeat purpose, energy, energy used",0.3648518909501469
EV1609,EV Car,BYD Atto 3,4,Build quality feels premium and the ride is extremely comfortable. Stability control on wet roads is impressive and inspires confidence.,0,"Topic 0: cost, battery, replacement cost, replacement, city",0.508265989784455
EV1610,EV Scooter,Ola S1,3,Software glitches caused the dashboard to freeze twice in a month.,4,"Topic 4: software, month, year, battery, keep",0.9357139367294343
EV1611,EV Car,MG ZS EV,5,Home charging setup was expensive and took weeks to install. Concerned about environmental impact of battery disposal and recycling.,5,"Topic 5: battery, center, service center, service, safety",0.5537293092169598
EV1612,EV Car,Hyundai Kona,4,Contributing to a cleaner city is a big motivation behind going electric.,0,"Topic 0: cost, battery, replacement cost, replacement, city",0.9357138471250149
EV1613,EV Scooter,Bajaj Chetak,4,"Over the air software updates are a great feature, keeps improving over time. Interior quality feels cheap for the price point, needs improvement.",2,"Topic 2: feel, quality, range, support, quality feel",0.49020232003732916
EV1614,EV Car,MG ZS EV,4,"Running cost is much lower than petrol, saving a lot on fuel every month. Worried about battery degradation and replacement cost after warranty ends. The design looks futuristic and attracts a lot of attention on the road.",4,"Topic 4: software, month, year, battery, keep",0.3831018932784394
EV1615,EV Scooter,Ampere Magnus,4,Advanced safety features like ABS and traction control give peace of mind.,3,"Topic 3: safety, use, highway, part, feature",0.9499995847169762
EV1616,EV Car,Hyundai Kona,4,"There are very few authorized service centers, had to travel 5 km for repair. EV subsidy scheme in my state got delayed and the discount amount reduced suddenly.",4,"Topic 4: software, month, year, battery, keep",0.6469759267524556
EV1617,EV Scooter,Hero Vida V1,3,"Worried about battery degradation and replacement cost after warranty ends. AC usage kills the range, on hot days I barely get half the claimed distance.",8,"Topic 8: range, drop, defeat purpose, energy, energy used",0.5225439090467714
EV1618,EV Scooter,Bajaj Chetak,4,Stability control on wet roads is impressive and inspires confidence. Navigation system integrated with range prediction is genuinely useful. Battery health dropped to 85% within 18 months of daily use.,0,"Topic 0: cost, battery, replacement cost, replacement, city",0.33949373736463656
EV1619,EV Scooter,Hero Vida V1,5,"The motor is powerful and pickup is much better than petrol variants. Smart key and app based lock features work flawlessly, very convenient.",9,"Topic 9: price, subsidy, service, battery disposal, concerned environmental",0.5982132156705298
EV1620,EV Car,Mahindra XUV400,4,"After sales support has been excellent, quick response and doorstep service. Worried about battery degradation and replacement cost after warranty ends.",2,"Topic 2: feel, quality, range, support, quality feel",0.48518493518376843
EV1621,EV Car,BYD Atto 3,4,Software glitches caused the dashboard to freeze twice in a month. Emergency braking and collision alert systems work really well in traffic. Battery range degrades faster than expected after just one year of use.,4,"Topic 4: software, month, year, battery, keep",0.6214267020474868
EV1622,EV Scooter,Ola S1,4,"AC usage kills the range, on hot days I barely get half the claimed distance. Read reports about battery fires, safety is my biggest concern before buying.",8,"Topic 8: range, drop, defeat purpose, energy, energy used",0.5181807357047983
EV1623,EV Scooter,Ampere Magnus,4,"Battery replacement cost is almost half the price of the vehicle, very concerning. Interior quality feels cheap for the price point, needs improvement.",2,"Topic 2: feel, quality, range, support, quality feel",0.5135662487394691
EV1624,EV Scooter,Ola S1,4,Concerned about environmental impact of battery disposal and recycling.,9,"Topic 9: price, subsidy, service, battery disposal, concerned environmental",0.9249986153687703
EV1625,EV Scooter,Hero Vida V1,4,Home charging setup was expensive and took weeks to install. The battery warranty of 100 years gives me confidence in long term reliability.,4,"Topic 4: software, month, year, battery, keep",0.4975320629150165
EV1626,EV Scooter,Ampere Magnus,4,"Total cost of ownership is great once you factor in low maintenance and fuel savings. Acceleration is smooth and instant torque makes overtaking effortless. The real world range is much lower than advertised, I only get 120 km on a full charge.",4,"Topic 4: software, month, year, battery, keep",0.34816375062954086
EV1627,EV Car,Hyundai Kona,4,"Range drops badly in winter, I lost almost 30% range in cold weather. Total cost of ownership is great once you factor in low maintenance and fuel savings.",0,"Topic 0: cost, battery, replacement cost, replacement, city",0.5280789404902263
EV1628,EV Car,Mahindra XUV400,4,"After sales support has been excellent, quick response and doorstep service. Bluetooth connectivity drops frequently while riding, very frustrating.",2,"Topic 2: feel, quality, range, support, quality feel",0.5239997816536671
EV1629,EV Car,Hyundai Kona,4,"Had a great experience with the service team, they explained everything clearly.",4,"Topic 4: software, month, year, battery, keep",0.9357124482698551
EV1630,EV Scooter,Ola S1,5,"Had a great experience with the service team, they explained everything clearly.",4,"Topic 4: software, month, year, battery, keep",0.9357124482698551
EV1631,EV Scooter,Ola S1,4,Software glitches caused the dashboard to freeze twice in a month. The upfront price is high but government subsidy makes it affordable.,4,"Topic 4: software, month, year, battery, keep",0.5165743070126118
EV1632,EV Car,Mahindra XUV400,5,Software glitches caused the dashboard to freeze twice in a month. Loved the color options and the overall styling of the vehicle.,4,"Topic 4: software, month, year, battery, keep",0.5473114073568698
EV1633,EV Scooter,Ather 450X,4,"Charging takes too long, almost 6 hours for a full charge at home.",6,"Topic 6: charging, battery, almost, tier, use",0.9437476402111513
EV1634,EV Scooter,Hero Vida V1,3,"Claimed range of 100 km is misleading, actual range is way less in city traffic.",2,"Topic 2: feel, quality, range, support, quality feel",0.9499974069039536
EV1635,EV Car,Tesla Model 3,3,Battery performance is stable even after two years of heavy usage. Service center staff are not well trained to handle EV specific issues.,5,"Topic 5: battery, center, service center, service, safety",0.5432675049490033
EV1636,EV Scooter,Ather 450X,3,Zero tailpipe emissions is the main reason I chose an electric vehicle.,6,"Topic 6: charging, battery, almost, tier, use",0.9249999999668123
EV1637,EV Scooter,Ola S1,4,"Love the app that shows nearby charging stations, very convenient feature.",6,"Topic 6: charging, battery, almost, tier, use",0.943748039404446
EV1638,EV Car,Tata Nexon EV,4,"Battery replacement cost is almost half the price of the vehicle, very concerning.",0,"Topic 0: cost, battery, replacement cost, replacement, city",0.9357121936164879
EV1639,EV Car,Hyundai Kona,4,"AC usage kills the range, on hot days I barely get half the claimed distance. Build materials feel sturdy but the design is a bit too plain compared to rivals.",6,"Topic 6: charging, battery, almost, tier, use",0.4920177204987961
EV1640,EV Car,Hyundai Kona,3,"Heard about a thermal runaway incident, this has shaken my trust in EV safety. Waiting time for service appointment is too long, more service centers needed.",9,"Topic 9: price, subsidy, service, battery disposal, concerned environmental",0.5206885109448277
EV1641,EV Scooter,Ather 450X,4,"Braking system feels sharp and responsive, regenerative braking works well. Smart key and app based lock features work flawlessly, very convenient.",7,"Topic 7: braking, work, system, work well, well",0.5086172868912434
EV1642,EV Car,Tata Nexon EV,4,Customer support over phone is helpful and resolves issues quickly.,2,"Topic 2: feel, quality, range, support, quality feel",0.9357138175418811
EV1643,EV Scooter,Bajaj Chetak,4,Worried about battery degradation and replacement cost after warranty ends.,0,"Topic 0: cost, battery, replacement cost, replacement, city",0.9357128727904404
EV1644,EV Scooter,Ampere Magnus,5,Emergency braking and collision alert systems work really well in traffic.,7,"Topic 7: braking, work, system, work well, well",0.9437497312130717
EV1645,EV Car,BYD Atto 3,3,Concerned about environmental impact of battery disposal and recycling.,9,"Topic 9: price, subsidy, service, battery disposal, concerned environmental",0.9249986153687703
EV1646,EV Scooter,Bajaj Chetak,5,Advanced safety features like ABS and traction control give peace of mind. Home charging setup was expensive and took weeks to install.,3,"Topic 3: safety, use, highway, part, feature",0.5583401614735893
EV1647,EV Car,Tata Nexon EV,4,"The upfront price is high but government subsidy makes it affordable. Highway charging stops are rare, long distance travel is a nightmare.",8,"Topic 8: range, drop, defeat purpose, energy, energy used",0.5187428239756403
EV1648,EV Scooter,Ampere Magnus,3,"Price after subsidy is still higher than a comparable petrol scooter. Charging infrastructure in tier 2 and tier 3 cities is almost non-existent. Range drops badly in winter, I lost almost 30% range in cold weather.",8,"Topic 8: range, drop, defeat purpose, energy, energy used",0.4081689681140703
EV1649,EV Scooter,Hero Vida V1,4,"Acceleration is smooth and instant torque makes overtaking effortless. Range drops badly in winter, I lost almost 30% range in cold weather. Had a great experience with the service team, they explained everything clearly.",4,"Topic 4: software, month, year, battery, keep",0.6067647105406706
EV1650,EV Scooter,Ola S1,4,Fast charging network needs serious expansion on highways.,3,"Topic 3: safety, use, highway, part, feature",0.935712803955503
EV1651,EV Scooter,Ather 450X,5,Zero tailpipe emissions is the main reason I chose an electric vehicle.,6,"Topic 6: charging, battery, almost, tier, use",0.9249999999668123
EV1652,EV Scooter,Hero Vida V1,3,Software glitches caused the dashboard to freeze twice in a month.,4,"Topic 4: software, month, year, battery, keep",0.9357139367294343
EV1653,EV Scooter,Ola S1,4,The vehicle has good crash test ratings which reassured my purchase decision.,9,"Topic 9: price, subsidy, service, battery disposal, concerned environmental",0.9249999999727188
EV1654,EV Car,BYD Atto 3,3,"The vehicle has good crash test ratings which reassured my purchase decision. Noise levels are impressively low, riding experience is very smooth and quiet.",9,"Topic 9: price, subsidy, service, battery disposal, concerned environmental",0.9666665311152132
EV1655,EV Scooter,Hero Vida V1,4,Zero tailpipe emissions is the main reason I chose an electric vehicle. Emergency braking and collision alert systems work really well in traffic.,7,"Topic 7: braking, work, system, work well, well",0.5592604077470112
EV1656,EV Scooter,TVS iQube,4,"Range anxiety is real, I plan every trip around charging stops now. Energy used to charge still comes mostly from coal in my region, defeats the purpose somewhat.",8,"Topic 8: range, drop, defeat purpose, energy, energy used",0.5931956132410097
EV1657,EV Car,BYD Atto 3,3,"There are very few authorized service centers, had to travel 150 km for repair.",5,"Topic 5: battery, center, service center, service, safety",0.9099990182384726
EV1658,EV Scooter,Ola S1,3,"Heard about a thermal runaway incident, this has shaken my trust in EV safety.",3,"Topic 3: safety, use, highway, part, feature",0.9357141803880524
EV1659,EV Car,Tata Nexon EV,5,Battery health dropped to 85% within 18 months of daily use.,6,"Topic 6: charging, battery, almost, tier, use",0.9357124919676222
EV1660,EV Scooter,TVS iQube,3,"Customer support over phone is helpful and resolves issues quickly. Highway charging stops are rare, long distance travel is a nightmare.",2,"Topic 2: feel, quality, range, support, quality feel",0.4902883990260888
EV1661,EV Car,Tesla Model 3,3,"Battery replacement cost is almost half the price of the vehicle, very concerning.",0,"Topic 0: cost, battery, replacement cost, replacement, city",0.9357121936164879
EV1662,EV Car,BYD Atto 3,5,"Love the app that shows nearby charging stations, very convenient feature. For daily commute the range is fine but long trips are stressful because of low range. Noise levels are impressively low, riding experience is very smooth and quiet.",0,"Topic 0: cost, battery, replacement cost, replacement, city",0.3711870882837155
EV1663,EV Car,MG ZS EV,4,Service center staff are not well trained to handle EV specific issues. The vehicle has good crash test ratings which reassured my purchase decision.,5,"Topic 5: battery, center, service center, service, safety",0.5296213378774997
EV1664,EV Car,Hyundai Kona,4,"Storage space under the seat is very limited, not practical for daily use.",3,"Topic 3: safety, use, highway, part, feature",0.9357135200179632
EV1665,EV Car,MG ZS EV,4,The battery warranty of 100 years gives me confidence in long term reliability. Contributing to a cleaner city is a big motivation behind going electric.,0,"Topic 0: cost, battery, replacement cost, replacement, city",0.5478849520320623
EV1666,EV Car,BYD Atto 3,4,"Storage space under the seat is very limited, not practical for daily use. Stability control on wet roads is impressive and inspires confidence.",3,"Topic 3: safety, use, highway, part, feature",0.49423215766255013
EV1667,EV Car,MG ZS EV,4,"Bluetooth connectivity drops frequently while riding, very frustrating.",8,"Topic 8: range, drop, defeat purpose, energy, energy used",0.9249997227808245
EV1668,EV Car,BYD Atto 3,5,"After sales support has been excellent, quick response and doorstep service. Build materials feel sturdy but the design is a bit too plain compared to rivals.",6,"Topic 6: charging, battery, almost, tier, use",0.48952727036932026
EV1669,EV Car,Tata Nexon EV,4,Top speed is decent for city use but not enough for highway cruising. The upfront price is high but government subsidy makes it affordable. Concerned about environmental impact of battery disposal and recycling.,9,"Topic 9: price, subsidy, service, battery disposal, concerned environmental",0.6024998777720432
EV1670,EV Car,Hyundai Kona,4,"The companion app keeps crashing, needs urgent software updates.",4,"Topic 4: software, month, year, battery, keep",0.943749216857566
EV1671,EV Car,MG ZS EV,3,Finding a working charging station in my city is still very difficult.,0,"Topic 0: cost, battery, replacement cost, replacement, city",0.9249982638755785
EV1672,EV Car,BYD Atto 3,5,"Braking system feels sharp and responsive, regenerative braking works well. Charging infrastructure in tier 2 and tier 3 cities is almost non-existent.",7,"Topic 7: braking, work, system, work well, well",0.5114041719252809
EV1673,EV Scooter,Ola S1,3,EV subsidy scheme in my state got delayed and the discount amount reduced suddenly.,4,"Topic 4: software, month, year, battery, keep",0.9499997911747503
EV1674,EV Scooter,Ampere Magnus,5,Switching to EV feels good knowing I'm reducing my carbon footprint. The vehicle has good crash test ratings which reassured my purchase decision.,9,"Topic 9: price, subsidy, service, battery disposal, concerned environmental",0.4826086550288652
EV1675,EV Car,Tata Nexon EV,3,Battery range degrades faster than expected after just one year of use.,4,"Topic 4: software, month, year, battery, keep",0.9357083870557028
EV1676,EV Car,Tata Nexon EV,4,"Charging takes too long, almost 6 hours for a full charge at home. For daily commute the range is fine but long trips are stressful because of low range.",0,"Topic 0: cost, battery, replacement cost, replacement, city",0.5188146575575578
EV1677,EV Car,Mahindra XUV400,4,"Energy used to charge still comes mostly from coal in my region, defeats the purpose somewhat.",8,"Topic 8: range, drop, defeat purpose, energy, energy used",0.9549998187898763
EV1678,EV Car,MG ZS EV,5,Stability control on wet roads is impressive and inspires confidence.,0,"Topic 0: cost, battery, replacement cost, replacement, city",0.9357134461405903
EV1679,EV Car,Tata Nexon EV,5,Build quality feels premium and the ride is extremely comfortable.,2,"Topic 2: feel, quality, range, support, quality feel",0.9357133889511634
EV1680,EV Scooter,Hero Vida V1,5,Top speed is decent for city use but not enough for highway cruising.,3,"Topic 3: safety, use, highway, part, feature",0.9437487998405685
EV1681,EV Scooter,Ather 450X,3,"LED lighting and digital dashboard give it a premium, modern look.",0,"Topic 0: cost, battery, replacement cost, replacement, city",0.9437487547496393
EV1682,EV Car,BYD Atto 3,4,"Handling and stability at high speed feels very confident and safe. Build materials feel sturdy but the design is a bit too plain compared to rivals. Battery replacement cost is almost half the price of the vehicle, very concerning.",6,"Topic 6: charging, battery, almost, tier, use",0.4124102369106106
EV1683,EV Car,Mahindra XUV400,4,Loved the color options and the overall styling of the vehicle.,6,"Topic 6: charging, battery, almost, tier, use",0.9099999999467664
EV1684,EV Scooter,Bajaj Chetak,5,"Energy used to charge still comes mostly from coal in my region, defeats the purpose somewhat.",8,"Topic 8: range, drop, defeat purpose, energy, energy used",0.9549998187898763
EV1685,EV Car,MG ZS EV,4,"Loved the color options and the overall styling of the vehicle. Worried about battery degradation and replacement cost after warranty ends. Heard about a thermal runaway incident, this has shaken my trust in EV safety.",3,"Topic 3: safety, use, highway, part, feature",0.3735916753897384
EV1686,EV Car,MG ZS EV,4,"Noise levels are impressively low, riding experience is very smooth and quiet.",9,"Topic 9: price, subsidy, service, battery disposal, concerned environmental",0.9437495979697851
EV1687,EV Scooter,TVS iQube,4,Total cost of ownership is great once you factor in low maintenance and fuel savings. Home charging setup was expensive and took weeks to install.,0,"Topic 0: cost, battery, replacement cost, replacement, city",0.5716343576517909
EV1688,EV Car,BYD Atto 3,4,Zero tailpipe emissions is the main reason I chose an electric vehicle.,6,"Topic 6: charging, battery, almost, tier, use",0.9249999999668123
EV1689,EV Car,Tesla Model 3,4,"Over the air software updates are a great feature, keeps improving over time.",6,"Topic 6: charging, battery, almost, tier, use",0.9437475492633663
EV1690,EV Scooter,Hero Vida V1,3,"Bluetooth connectivity drops frequently while riding, very frustrating.",8,"Topic 8: range, drop, defeat purpose, energy, energy used",0.9249997227808245
EV1691,EV Car,MG ZS EV,4,Loved the color options and the overall styling of the vehicle. For daily commute the range is fine but long trips are stressful because of low range.,0,"Topic 0: cost, battery, replacement cost, replacement, city",0.5926855382120504
EV1692,EV Car,Tesla Model 3,4,"Battery replacement cost is almost half the price of the vehicle, very concerning.",0,"Topic 0: cost, battery, replacement cost, replacement, city",0.9357121936164879
EV1693,EV Scooter,Hero Vida V1,4,"LED lighting and digital dashboard give it a premium, modern look. Switching to EV feels good knowing I'm reducing my carbon footprint.",0,"Topic 0: cost, battery, replacement cost, replacement, city",0.5193315145200609
EV1694,EV Scooter,Hero Vida V1,3,"Range drops badly in winter, I lost almost 30% range in cold weather.",8,"Topic 8: range, drop, defeat purpose, energy, energy used",0.949999084075917
EV1695,EV Scooter,Bajaj Chetak,3,Stability control on wet roads is impressive and inspires confidence. The design looks futuristic and attracts a lot of attention on the road.,0,"Topic 0: cost, battery, replacement cost, replacement, city",0.50849593924558
EV1696,EV Scooter,Ampere Magnus,5,"Smart key and app based lock features work flawlessly, very convenient. LED lighting and digital dashboard give it a premium, modern look. After sales support has been excellent, quick response and doorstep service.",9,"Topic 9: price, subsidy, service, battery disposal, concerned environmental",0.3789403893844807
EV1697,EV Scooter,Ather 450X,5,"Emergency braking and collision alert systems work really well in traffic. No proper information on how battery degrades over time, company should be transparent.",7,"Topic 7: braking, work, system, work well, well",0.514208438315486
EV1698,EV Scooter,Ola S1,4,"Storage space under the seat is very limited, not practical for daily use.",3,"Topic 3: safety, use, highway, part, feature",0.9357135200179632
EV1699,EV Scooter,Bajaj Chetak,3,Switching to EV feels good knowing I'm reducing my carbon footprint. EV subsidy scheme in my state got delayed and the discount amount reduced suddenly. Touchscreen infotainment system lags and is not very intuitive to use.,4,"Topic 4: software, month, year, battery, keep",0.4379077933106139
EV1700,EV Car,Tesla Model 3,3,Software glitches caused the dashboard to freeze twice in a month.,4,"Topic 4: software, month, year, battery, keep",0.9357139367294343
EV1701,EV Scooter,Ola S1,5,Compact size makes it easy to park and maneuver in city traffic.,1,"Topic 1: range, system, genuinely, useful, genuinely useful",0.9437493609883884
EV1702,EV Scooter,Ola S1,5,Battery health dropped to 85% within 18 months of daily use.,6,"Topic 6: charging, battery, almost, tier, use",0.9357124919676222
EV1703,EV Car,Tesla Model 3,4,"Waiting time for service appointment is too long, more service centers needed.",9,"Topic 9: price, subsidy, service, battery disposal, concerned environmental",0.9437476890044085
EV1704,EV Scooter,TVS iQube,3,"EV subsidy scheme in my state got delayed and the discount amount reduced suddenly. The real world range is much lower than advertised, I only get 15 km on a full charge.",4,"Topic 4: software, month, year, battery, keep",0.5761696476005199
EV1705,EV Scooter,Bajaj Chetak,3,Price after subsidy is still higher than a comparable petrol scooter.,9,"Topic 9: price, subsidy, service, battery disposal, concerned environmental",0.9249989070612503
EV1706,EV Scooter,Bajaj Chetak,4,"Energy used to charge still comes mostly from coal in my region, defeats the purpose somewhat. Range anxiety is real, I plan every trip around charging stops now. Price after subsidy is still higher than a comparable petrol scooter.",8,"Topic 8: range, drop, defeat purpose, energy, energy used",0.47241005419027343
EV1707,EV Car,MG ZS EV,4,"The real world range is much lower than advertised, I only get 3 km on a full charge. Battery performance is stable even after two years of heavy usage.",6,"Topic 6: charging, battery, almost, tier, use",0.531216642525395
EV1708,EV Scooter,TVS iQube,3,"Interior quality feels cheap for the price point, needs improvement.",2,"Topic 2: feel, quality, range, support, quality feel",0.9437490829139897
EV1709,EV Car,Tesla Model 3,4,"The companion app keeps crashing, needs urgent software updates. Handling and stability at high speed feels very confident and safe.",4,"Topic 4: software, month, year, battery, keep",0.5206886644456867
EV1710,EV Scooter,TVS iQube,5,"LED lighting and digital dashboard give it a premium, modern look.",0,"Topic 0: cost, battery, replacement cost, replacement, city",0.9437487547496393
EV1711,EV Car,Hyundai Kona,4,"Customer support over phone is helpful and resolves issues quickly. Noise levels are impressively low, riding experience is very smooth and quiet.",9,"Topic 9: price, subsidy, service, battery disposal, concerned environmental",0.520689692482641
EV1712,EV Car,Tesla Model 3,4,"Public chargers are often broken or occupied, need more charging stations urgently.",0,"Topic 0: cost, battery, replacement cost, replacement, city",0.9499990601920162
EV1713,EV Scooter,Hero Vida V1,3,Customer support over phone is helpful and resolves issues quickly.,2,"Topic 2: feel, quality, range, support, quality feel",0.9357138175418811
EV1714,EV Scooter,Ather 450X,4,"Smart key and app based lock features work flawlessly, very convenient.",9,"Topic 9: price, subsidy, service, battery disposal, concerned environmental",0.9499989773125966
EV1715,EV Car,BYD Atto 3,4,"Range drops badly in winter, I lost almost 30% range in cold weather.",8,"Topic 8: range, drop, defeat purpose, energy, energy used",0.949999084075917
EV1716,EV Car,Mahindra XUV400,5,The design looks futuristic and attracts a lot of attention on the road.,2,"Topic 2: feel, quality, range, support, quality feel",0.9357136155060412
EV1717,EV Scooter,TVS iQube,4,"After sales support has been excellent, quick response and doorstep service.",2,"Topic 2: feel, quality, range, support, quality feel",0.9357136343261091
EV1718,EV Car,Hyundai Kona,4,"AC usage kills the range, on hot days I barely get half the claimed distance. Highway charging stops are rare, long distance travel is a nightmare. Acceleration is smooth and instant torque makes overtaking effortless.",8,"Topic 8: range, drop, defeat purpose, energy, energy used",0.6891116549671453
EV1719,EV Car,MG ZS EV,3,Software glitches caused the dashboard to freeze twice in a month. I'm always worried about running out of charge before reaching my destination.,4,"Topic 4: software, month, year, battery, keep",0.5467697921620219
EV1720,EV Scooter,Ather 450X,4,"Smart key and app based lock features work flawlessly, very convenient.",9,"Topic 9: price, subsidy, service, battery disposal, concerned environmental",0.9499989773125966
EV1721,EV Scooter,Hero Vida V1,5,"Energy used to charge still comes mostly from coal in my region, defeats the purpose somewhat. Acceleration is smooth and instant torque makes overtaking effortless.",8,"Topic 8: range, drop, defeat purpose, energy, energy used",0.57878835597626
EV1722,EV Car,BYD Atto 3,4,"Worried about battery degradation and replacement cost after warranty ends. After sales support has been excellent, quick response and doorstep service.",2,"Topic 2: feel, quality, range, support, quality feel",0.48518493518376843
EV1723,EV Scooter,Hero Vida V1,5,Battery performance is stable even after two years of heavy usage.,6,"Topic 6: charging, battery, almost, tier, use",0.9357131926965875
EV1724,EV Car,Hyundai Kona,3,The design looks futuristic and attracts a lot of attention on the road.,2,"Topic 2: feel, quality, range, support, quality feel",0.9357136155060412
EV1725,EV Scooter,Ather 450X,3,"EV subsidy scheme in my state got delayed and the discount amount reduced suddenly. Read reports about battery fires, safety is my biggest concern before buying.",4,"Topic 4: software, month, year, battery, keep",0.5289959833514734
EV1726,EV Car,Hyundai Kona,4,Navigation system integrated with range prediction is genuinely useful.,1,"Topic 1: range, system, genuinely, useful, genuinely useful",0.9357135041670673
EV1727,EV Car,Mahindra XUV400,4,Touchscreen infotainment system lags and is not very intuitive to use. The vehicle has good crash test ratings which reassured my purchase decision.,9,"Topic 9: price, subsidy, service, battery disposal, concerned environmental",0.48260872691973217
EV1728,EV Car,Tata Nexon EV,5,"Bluetooth connectivity drops frequently while riding, very frustrating.",8,"Topic 8: range, drop, defeat purpose, energy, energy used",0.9249997227808245
EV1729,EV Car,Tata Nexon EV,4,"Acceleration is smooth and instant torque makes overtaking effortless. The companion app keeps crashing, needs urgent software updates.",4,"Topic 4: software, month, year, battery, keep",0.9689650706285123
EV1730,EV Scooter,Ola S1,2,Price after subsidy is still higher than a comparable petrol scooter.,9,"Topic 9: price, subsidy, service, battery disposal, concerned environmental",0.9249989070612503
EV1731,EV Scooter,TVS iQube,4,"There are very few authorized service centers, had to travel 120 km for repair.",5,"Topic 5: battery, center, service center, service, safety",0.9099990182384726
EV1732,EV Scooter,Ola S1,4,Fast charging network needs serious expansion on highways.,3,"Topic 3: safety, use, highway, part, feature",0.935712803955503
EV1733,EV Scooter,Ampere Magnus,4,Customer support over phone is helpful and resolves issues quickly.,2,"Topic 2: feel, quality, range, support, quality feel",0.9357138175418811
EV1734,EV Car,MG ZS EV,2,Emergency braking and collision alert systems work really well in traffic.,7,"Topic 7: braking, work, system, work well, well",0.9437497312130717
EV1735,EV Car,MG ZS EV,4,"Highway charging stops are rare, long distance travel is a nightmare.",8,"Topic 8: range, drop, defeat purpose, energy, energy used",0.943747950199783
EV1736,EV Car,Tata Nexon EV,5,"Energy used to charge still comes mostly from coal in my region, defeats the purpose somewhat. Touchscreen infotainment system lags and is not very intuitive to use.",8,"Topic 8: range, drop, defeat purpose, energy, energy used",0.9709673112851992
EV1737,EV Scooter,TVS iQube,3,"The companion app keeps crashing, needs urgent software updates. No proper information on how battery degrades over time, company should be transparent.",4,"Topic 4: software, month, year, battery, keep",0.5454297189402223
EV1738,EV Scooter,Ola S1,4,"Over the air software updates are a great feature, keeps improving over time.",6,"Topic 6: charging, battery, almost, tier, use",0.9437475492633663
EV1739,EV Car,MG ZS EV,4,"Battery replacement cost is almost half the price of the vehicle, very concerning. Build quality feels premium and the ride is extremely comfortable. Advanced safety features like ABS and traction control give peace of mind.",3,"Topic 3: safety, use, highway, part, feature",0.37746577243163776
EV1740,EV Car,Mahindra XUV400,4,"Smart key and app based lock features work flawlessly, very convenient.",9,"Topic 9: price, subsidy, service, battery disposal, concerned environmental",0.9499989773125966
EV1741,EV Car,Hyundai Kona,4,Advanced safety features like ABS and traction control give peace of mind.,3,"Topic 3: safety, use, highway, part, feature",0.9499995847169762
EV1742,EV Scooter,Hero Vida V1,4,Customer support over phone is helpful and resolves issues quickly.,2,"Topic 2: feel, quality, range, support, quality feel",0.9357138175418811
EV1743,EV Scooter,Bajaj Chetak,4,"Read reports about battery fires, safety is my biggest concern before buying.",5,"Topic 5: battery, center, service center, service, safety",0.9437495112624689
EV1744,EV Scooter,Bajaj Chetak,3,Contributing to a cleaner city is a big motivation behind going electric.,0,"Topic 0: cost, battery, replacement cost, replacement, city",0.9357138471250149
EV1745,EV Scooter,Ampere Magnus,5,"No proper information on how battery degrades over time, company should be transparent. Charging infrastructure in tier 2 and tier 3 cities is almost non-existent.",6,"Topic 6: charging, battery, almost, tier, use",0.5377241813417472
EV1746,EV Car,BYD Atto 3,4,"Over the air software updates are a great feature, keeps improving over time.",6,"Topic 6: charging, battery, almost, tier, use",0.9437475492633663
EV1747,EV Scooter,Bajaj Chetak,4,"Concerned about environmental impact of battery disposal and recycling. Storage space under the seat is very limited, not practical for daily use.",3,"Topic 3: safety, use, highway, part, feature",0.5239996096379649
EV1748,EV Car,Tata Nexon EV,4,"No proper information on how battery degrades over time, company should be transparent.",5,"Topic 5: battery, center, service center, service, safety",0.9357136577255175
EV1749,EV Car,Mahindra XUV400,3,Price after subsidy is still higher than a comparable petrol scooter.,9,"Topic 9: price, subsidy, service, battery disposal, concerned environmental",0.9249989070612503
EV1750,EV Scooter,TVS iQube,4,"Highway charging stops are rare, long distance travel is a nightmare. I'm always worried about running out of charge before reaching my destination.",8,"Topic 8: range, drop, defeat purpose, energy, energy used",0.5430037651389937
EV1751,EV Scooter,Ola S1,5,"AC usage kills the range, on hot days I barely get half the claimed distance.",8,"Topic 8: range, drop, defeat purpose, energy, energy used",0.9499992726449596
EV1752,EV Car,Hyundai Kona,4,Contributing to a cleaner city is a big motivation behind going electric.,0,"Topic 0: cost, battery, replacement cost, replacement, city",0.9357138471250149
EV1753,EV Scooter,Hero Vida V1,4,Compact size makes it easy to park and maneuver in city traffic.,1,"Topic 1: range, system, genuinely, useful, genuinely useful",0.9437493609883884
EV1754,EV Car,Tesla Model 3,4,Insurance premium for EV is surprisingly high compared to petrol vehicles. The vehicle has good crash test ratings which reassured my purchase decision.,9,"Topic 9: price, subsidy, service, battery disposal, concerned environmental",0.5318897339178744
EV1755,EV Scooter,Ather 450X,3,"Range drops badly in winter, I lost almost 30% range in cold weather.",8,"Topic 8: range, drop, defeat purpose, energy, energy used",0.949999084075917
EV1756,EV Car,MG ZS EV,4,Home charging setup was expensive and took weeks to install.,5,"Topic 5: battery, center, service center, service, safety",0.935713411107298
EV1757,EV Scooter,Bajaj Chetak,4,Navigation system integrated with range prediction is genuinely useful.,1,"Topic 1: range, system, genuinely, useful, genuinely useful",0.9357135041670673
EV1758,EV Scooter,Ampere Magnus,3,Total cost of ownership is great once you factor in low maintenance and fuel savings.,0,"Topic 0: cost, battery, replacement cost, replacement, city",0.9499989422719604
EV1759,EV Scooter,Ampere Magnus,3,EV subsidy scheme in my state got delayed and the discount amount reduced suddenly.,4,"Topic 4: software, month, year, battery, keep",0.9499997911747503
EV1760,EV Scooter,Ampere Magnus,2,"Concerned about environmental impact of battery disposal and recycling. The companion app keeps crashing, needs urgent software updates.",4,"Topic 4: software, month, year, battery, keep",0.5646700526772738
EV1761,EV Scooter,Hero Vida V1,3,"Spare parts availability is a major issue, waited a month for a replacement part.",3,"Topic 3: safety, use, highway, part, feature",0.9499992060228337
EV1762,EV Car,BYD Atto 3,4,"Charging takes too long, almost 6 hours for a full charge at home.",6,"Topic 6: charging, battery, almost, tier, use",0.9437476402111513
EV1763,EV Car,Hyundai Kona,4,"Emergency braking and collision alert systems work really well in traffic. Touchscreen infotainment system lags and is not very intuitive to use. Braking system feels sharp and responsive, regenerative braking works well.",7,"Topic 7: braking, work, system, work well, well",0.748646533976516
EV1764,EV Scooter,Ather 450X,5,"Switching to EV feels good knowing I'm reducing my carbon footprint. Waiting time for service appointment is too long, more service centers needed.",9,"Topic 9: price, subsidy, service, battery disposal, concerned environmental",0.5310698387417354
EV1765,EV Scooter,Ampere Magnus,4,"Had a great experience with the service team, they explained everything clearly.",4,"Topic 4: software, month, year, battery, keep",0.9357124482698551
EV1766,EV Car,Hyundai Kona,4,Advanced safety features like ABS and traction control give peace of mind.,3,"Topic 3: safety, use, highway, part, feature",0.9499995847169762
EV1767,EV Scooter,TVS iQube,4,Service center staff are not well trained to handle EV specific issues. Switching to EV feels good knowing I'm reducing my carbon footprint.,5,"Topic 5: battery, center, service center, service, safety",0.5364529921815299
EV1768,EV Car,BYD Atto 3,4,"No proper information on how battery degrades over time, company should be transparent. There are very few authorized service centers, had to travel 15 km for repair.",5,"Topic 5: battery, center, service center, service, safety",0.9608691654268336
EV1769,EV Car,BYD Atto 3,4,"Battery replacement cost is almost half the price of the vehicle, very concerning. Contributing to a cleaner city is a big motivation behind going electric.",0,"Topic 0: cost, battery, replacement cost, replacement, city",0.9666660364716756
EV1770,EV Scooter,Ather 450X,3,Concerned about environmental impact of battery disposal and recycling.,9,"Topic 9: price, subsidy, service, battery disposal, concerned environmental",0.9249986153687703
EV1771,EV Car,Tesla Model 3,3,"Battery replacement cost is almost half the price of the vehicle, very concerning. Bluetooth connectivity drops frequently while riding, very frustrating.",0,"Topic 0: cost, battery, replacement cost, replacement, city",0.48989805164653927
EV1772,EV Scooter,Bajaj Chetak,4,Touchscreen infotainment system lags and is not very intuitive to use.,8,"Topic 8: range, drop, defeat purpose, energy, energy used",0.9249973695171285
EV1773,EV Car,BYD Atto 3,4,"Bluetooth connectivity drops frequently while riding, very frustrating.",8,"Topic 8: range, drop, defeat purpose, energy, energy used",0.9249997227808245
EV1774,EV Scooter,Ampere Magnus,4,"Braking system feels sharp and responsive, regenerative braking works well. Loved the color options and the overall styling of the vehicle.",7,"Topic 7: braking, work, system, work well, well",0.6279740167752946
EV1775,EV Scooter,TVS iQube,5,"Smart key and app based lock features work flawlessly, very convenient.",9,"Topic 9: price, subsidy, service, battery disposal, concerned environmental",0.9499989773125966
EV1776,EV Car,Tesla Model 3,5,The battery warranty of 20 years gives me confidence in long term reliability.,4,"Topic 4: software, month, year, battery, keep",0.9437480073525252
EV1777,EV Car,Tesla Model 3,5,The design looks futuristic and attracts a lot of attention on the road.,2,"Topic 2: feel, quality, range, support, quality feel",0.9357136155060412
EV1778,EV Car,Tesla Model 3,4,"After sales support has been excellent, quick response and doorstep service.",2,"Topic 2: feel, quality, range, support, quality feel",0.9357136343261091
EV1779,EV Car,Tata Nexon EV,3,"Range drops badly in winter, I lost almost 30% range in cold weather. Running cost is much lower than petrol, saving a lot on fuel every month.",8,"Topic 8: range, drop, defeat purpose, energy, energy used",0.4914398386191209
EV1780,EV Car,BYD Atto 3,5,Home charging setup was expensive and took weeks to install.,5,"Topic 5: battery, center, service center, service, safety",0.935713411107298
EV1781,EV Scooter,TVS iQube,5,"Had a great experience with the service team, they explained everything clearly.",4,"Topic 4: software, month, year, battery, keep",0.9357124482698551
EV1782,EV Scooter,Hero Vida V1,4,"Charging takes too long, almost 6 hours for a full charge at home.",6,"Topic 6: charging, battery, almost, tier, use",0.9437476402111513
EV1783,EV Car,Mahindra XUV400,4,"There are very few authorized service centers, had to travel 15 km for repair. Switching to EV feels good knowing I'm reducing my carbon footprint.",2,"Topic 2: feel, quality, range, support, quality feel",0.5478968536737456
EV1784,EV Scooter,Ather 450X,3,"Highway charging stops are rare, long distance travel is a nightmare. Battery health dropped to 85% within 18 months of daily use.",8,"Topic 8: range, drop, defeat purpose, energy, energy used",0.49479944617980753
EV1785,EV Car,Mahindra XUV400,4,"Charging infrastructure in tier 2 and tier 3 cities is almost non-existent. Switching to EV feels good knowing I'm reducing my carbon footprint. Spare parts availability is a major issue, waited a month for a replacement part.",3,"Topic 3: safety, use, highway, part, feature",0.3857544892320192
EV1786,EV Car,Tesla Model 3,5,"Waiting time for service appointment is too long, more service centers needed. The battery warranty of 300 years gives me confidence in long term reliability.",9,"Topic 9: price, subsidy, service, battery disposal, concerned environmental",0.48772190337961113
EV1787,EV Car,BYD Atto 3,5,Compact size makes it easy to park and maneuver in city traffic. Fast charging network needs serious expansion on highways.,1,"Topic 1: range, system, genuinely, useful, genuinely useful",0.5097971372084497
EV1788,EV Car,Mahindra XUV400,3,"Noise levels are impressively low, riding experience is very smooth and quiet. Service center staff are not well trained to handle EV specific issues.",9,"Topic 9: price, subsidy, service, battery disposal, concerned environmental",0.5194160902346071
EV1789,EV Car,Hyundai Kona,4,"Waiting time for service appointment is too long, more service centers needed.",9,"Topic 9: price, subsidy, service, battery disposal, concerned environmental",0.9437476890044085
EV1790,EV Car,MG ZS EV,4,"Waiting time for service appointment is too long, more service centers needed. Build materials feel sturdy but the design is a bit too plain compared to rivals. Love the app that shows nearby charging stations, very convenient feature.",6,"Topic 6: charging, battery, almost, tier, use",0.6701737347290189
EV1791,EV Scooter,Ola S1,3,"Claimed range of 80 km is misleading, actual range is way less in city traffic.",2,"Topic 2: feel, quality, range, support, quality feel",0.9499974069039536
EV1792,EV Car,Mahindra XUV400,5,Navigation system integrated with range prediction is genuinely useful.,1,"Topic 1: range, system, genuinely, useful, genuinely useful",0.9357135041670673
EV1793,EV Scooter,Ola S1,4,Acceleration is smooth and instant torque makes overtaking effortless.,4,"Topic 4: software, month, year, battery, keep",0.9357133527421988
EV1794,EV Scooter,Ola S1,4,"Read reports about battery fires, safety is my biggest concern before buying.",5,"Topic 5: battery, center, service center, service, safety",0.9437495112624689
EV1795,EV Car,Tata Nexon EV,3,"The real world range is much lower than advertised, I only get 150 km on a full charge. Software glitches caused the dashboard to freeze twice in a month.",4,"Topic 4: software, month, year, battery, keep",0.5092643823001325
EV1796,EV Car,Tata Nexon EV,4,Charging infrastructure in tier 2 and tier 3 cities is almost non-existent.,6,"Topic 6: charging, battery, almost, tier, use",0.9437484930362834
EV1797,EV Car,BYD Atto 3,4,"The companion app keeps crashing, needs urgent software updates. Price after subsidy is still higher than a comparable petrol scooter.",4,"Topic 4: software, month, year, battery, keep",0.5828239993174049
EV1798,EV Scooter,TVS iQube,4,"Concerned about environmental impact of battery disposal and recycling. Read reports about battery fires, safety is my biggest concern before buying. Worried about battery degradation and replacement cost after warranty ends.",5,"Topic 5: battery, center, service center, service, safety",0.4091463300904316
EV1799,EV Car,Hyundai Kona,3,"Battery replacement cost is almost half the price of the vehicle, very concerning.",0,"Topic 0: cost, battery, replacement cost, replacement, city",0.9357121936164879
EV1800,EV Car,Tesla Model 3,4,Navigation system integrated with range prediction is genuinely useful. The upfront price is high but government subsidy makes it affordable.,1,"Topic 1: range, system, genuinely, useful, genuinely useful",0.5391272057170492
EV1801,EV Car,Tata Nexon EV,4,"The companion app keeps crashing, needs urgent software updates. Finding a working charging station in my city is still very difficult.",4,"Topic 4: software, month, year, battery, keep",0.5470524687236837
EV1802,EV Car,Tata Nexon EV,4,Battery health dropped to 85% within 18 months of daily use.,6,"Topic 6: charging, battery, almost, tier, use",0.9357124919676222
EV1803,EV Car,Tesla Model 3,4,Compact size makes it easy to park and maneuver in city traffic. The upfront price is high but government subsidy makes it affordable. Battery performance is stable even after two years of heavy usage.,1,"Topic 1: range, system, genuinely, useful, genuinely useful",0.3829010344578457
EV1804,EV Car,Tesla Model 3,4,"After sales support has been excellent, quick response and doorstep service.",2,"Topic 2: feel, quality, range, support, quality feel",0.9357136343261091
EV1805,EV Scooter,Ola S1,4,"Heard about a thermal runaway incident, this has shaken my trust in EV safety. Love the app that shows nearby charging stations, very convenient feature.",6,"Topic 6: charging, battery, almost, tier, use",0.48947049938195253
EV1806,EV Car,Mahindra XUV400,4,Total cost of ownership is great once you factor in low maintenance and fuel savings. Charging infrastructure in tier 2 and tier 3 cities is almost non-existent.,0,"Topic 0: cost, battery, replacement cost, replacement, city",0.5532227888954695
EV1807,EV Scooter,Ather 450X,3,"The motor is powerful and pickup is much better than petrol variants. Spare parts availability is a major issue, waited a month for a replacement part.",3,"Topic 3: safety, use, highway, part, feature",0.9689649910955236
EV1808,EV Scooter,TVS iQube,5,"I'm always worried about running out of charge before reaching my destination. Read reports about battery fires, safety is my biggest concern before buying.",5,"Topic 5: battery, center, service center, service, safety",0.9666662244504654
EV1809,EV Car,Mahindra XUV400,5,Navigation system integrated with range prediction is genuinely useful.,1,"Topic 1: range, system, genuinely, useful, genuinely useful",0.9357135041670673
EV1810,EV Scooter,Bajaj Chetak,5,"Love the app that shows nearby charging stations, very convenient feature.",6,"Topic 6: charging, battery, almost, tier, use",0.943748039404446
EV1811,EV Car,Tata Nexon EV,5,"The design looks futuristic and attracts a lot of attention on the road. For the price, I expected better build quality and more features.",2,"Topic 2: feel, quality, range, support, quality feel",0.9639992094309039
EV1812,EV Scooter,Ola S1,3,"Zero tailpipe emissions is the main reason I chose an electric vehicle. Bluetooth connectivity drops frequently while riding, very frustrating.",8,"Topic 8: range, drop, defeat purpose, energy, energy used",0.4826086665698737
EV1813,EV Scooter,Ather 450X,4,"There are very few authorized service centers, had to travel 250 km for repair.",5,"Topic 5: battery, center, service center, service, safety",0.9099990182384726
EV1814,EV Car,Tata Nexon EV,5,Charging infrastructure in tier 2 and tier 3 cities is almost non-existent.,6,"Topic 6: charging, battery, almost, tier, use",0.9437484930362834
EV1815,EV Scooter,Bajaj Chetak,3,"Customer support over phone is helpful and resolves issues quickly. Battery performance is stable even after two years of heavy usage. Read reports about battery fires, safety is my biggest concern before buying.",5,"Topic 5: battery, center, service center, service, safety",0.38311549011353946
EV1816,EV Car,Mahindra XUV400,5,Touchscreen infotainment system lags and is not very intuitive to use.,8,"Topic 8: range, drop, defeat purpose, energy, energy used",0.9249973695171285
EV1817,EV Car,Tesla Model 3,4,"Noise levels are impressively low, riding experience is very smooth and quiet.",9,"Topic 9: price, subsidy, service, battery disposal, concerned environmental",0.9437495979697851
EV1818,EV Car,BYD Atto 3,5,The design looks futuristic and attracts a lot of attention on the road. Battery range degrades faster than expected after just one year of use.,2,"Topic 2: feel, quality, range, support, quality feel",0.5203045950865883
EV1819,EV Car,Mahindra XUV400,4,"Bluetooth connectivity drops frequently while riding, very frustrating.",8,"Topic 8: range, drop, defeat purpose, energy, energy used",0.9249997227808245
EV1820,EV Car,Tata Nexon EV,4,The battery warranty of 200 years gives me confidence in long term reliability.,4,"Topic 4: software, month, year, battery, keep",0.9437480073525252
EV1821,EV Car,Tesla Model 3,5,"There are very few authorized service centers, had to travel 5 km for repair.",5,"Topic 5: battery, center, service center, service, safety",0.9099990182384726
EV1822,EV Scooter,Ampere Magnus,3,"Battery health dropped to 85% within 18 months of daily use. LED lighting and digital dashboard give it a premium, modern look.",0,"Topic 0: cost, battery, replacement cost, replacement, city",0.5528855715918027
EV1823,EV Scooter,Hero Vida V1,4,Build materials feel sturdy but the design is a bit too plain compared to rivals.,6,"Topic 6: charging, battery, almost, tier, use",0.9499987329729866
EV1824,EV Scooter,Ampere Magnus,4,"Waiting time for service appointment is too long, more service centers needed.",9,"Topic 9: price, subsidy, service, battery disposal, concerned environmental",0.9437476890044085
EV1825,EV Car,Tesla Model 3,3,"AC usage kills the range, on hot days I barely get half the claimed distance. Advanced safety features like ABS and traction control give peace of mind.",3,"Topic 3: safety, use, highway, part, feature",0.48857186517221735
EV1826,EV Car,Mahindra XUV400,3,"Suspension is too stiff, ride quality is uncomfortable on bad roads. Energy used to charge still comes mostly from coal in my region, defeats the purpose somewhat.",8,"Topic 8: range, drop, defeat purpose, energy, energy used",0.6161302076013723
EV1827,EV Car,BYD Atto 3,5,"Running cost is much lower than petrol, saving a lot on fuel every month.",4,"Topic 4: software, month, year, battery, keep",0.9499988743504476
EV1828,EV Scooter,Hero Vida V1,5,"Noise levels are impressively low, riding experience is very smooth and quiet. After sales support has been excellent, quick response and doorstep service.",9,"Topic 9: price, subsidy, service, battery disposal, concerned environmental",0.5424008011583217
EV1829,EV Car,Tata Nexon EV,4,Navigation system integrated with range prediction is genuinely useful.,1,"Topic 1: range, system, genuinely, useful, genuinely useful",0.9357135041670673
EV1830,EV Car,Mahindra XUV400,5,"Charging infrastructure in tier 2 and tier 3 cities is almost non-existent. Running cost is much lower than petrol, saving a lot on fuel every month.",4,"Topic 4: software, month, year, battery, keep",0.5066124682895045
EV1831,EV Car,Mahindra XUV400,4,Home charging setup was expensive and took weeks to install.,5,"Topic 5: battery, center, service center, service, safety",0.935713411107298
EV1832,EV Scooter,Ola S1,5,The upfront price is high but government subsidy makes it affordable. The vehicle has good crash test ratings which reassured my purchase decision.,9,"Topic 9: price, subsidy, service, battery disposal, concerned environmental",0.9639995686888381
EV1833,EV Scooter,Hero Vida V1,5,Build materials feel sturdy but the design is a bit too plain compared to rivals. Software glitches caused the dashboard to freeze twice in a month.,6,"Topic 6: charging, battery, almost, tier, use",0.5771336295038707
EV1834,EV Car,Hyundai Kona,3,"Resale value of electric vehicles is still uncertain, worried about depreciation. Emergency braking and collision alert systems work really well in traffic.",7,"Topic 7: braking, work, system, work well, well",0.9639998103612003
EV1835,EV Scooter,Hero Vida V1,5,Emergency braking and collision alert systems work really well in traffic. Touchscreen infotainment system lags and is not very intuitive to use.,7,"Topic 7: braking, work, system, work well, well",0.588413235082705
EV1836,EV Car,Hyundai Kona,5,Touchscreen infotainment system lags and is not very intuitive to use.,8,"Topic 8: range, drop, defeat purpose, energy, energy used",0.9249973695171285
EV1837,EV Scooter,Ola S1,4,Navigation system integrated with range prediction is genuinely useful. Battery health dropped to 85% within 18 months of daily use.,1,"Topic 1: range, system, genuinely, useful, genuinely useful",0.48518532215159577
EV1838,EV Scooter,Ather 450X,2,"The upfront price is high but government subsidy makes it affordable. Love the app that shows nearby charging stations, very convenient feature.",9,"Topic 9: price, subsidy, service, battery disposal, concerned environmental",0.5158198344990945
EV1839,EV Car,Mahindra XUV400,4,The upfront price is high but government subsidy makes it affordable.,9,"Topic 9: price, subsidy, service, battery disposal, concerned environmental",0.9357130000184158
EV1840,EV Scooter,TVS iQube,4,"Read reports about battery fires, safety is my biggest concern before buying.",5,"Topic 5: battery, center, service center, service, safety",0.9437495112624689
EV1841,EV Scooter,Ola S1,4,"Battery replacement cost is almost half the price of the vehicle, very concerning.",0,"Topic 0: cost, battery, replacement cost, replacement, city",0.9357121936164879
EV1842,EV Scooter,Ather 450X,4,"Build quality feels premium and the ride is extremely comfortable. After sales support has been excellent, quick response and doorstep service.",2,"Topic 2: feel, quality, range, support, quality feel",0.966666273175285
EV1843,EV Car,BYD Atto 3,4,"The companion app keeps crashing, needs urgent software updates.",4,"Topic 4: software, month, year, battery, keep",0.943749216857566
EV1844,EV Car,Tesla Model 3,3,"Storage space under the seat is very limited, not practical for daily use. Resale value of electric vehicles is still uncertain, worried about depreciation.",3,"Topic 3: safety, use, highway, part, feature",0.5695644131978842
EV1845,EV Car,Hyundai Kona,4,"Energy used to charge still comes mostly from coal in my region, defeats the purpose somewhat.",8,"Topic 8: range, drop, defeat purpose, energy, energy used",0.9549998187898763
EV1846,EV Car,Hyundai Kona,5,Stability control on wet roads is impressive and inspires confidence. Software glitches caused the dashboard to freeze twice in a month.,4,"Topic 4: software, month, year, battery, keep",0.4882530984647817
EV1847,EV Car,BYD Atto 3,3,Acceleration is smooth and instant torque makes overtaking effortless. Stability control on wet roads is impressive and inspires confidence.,4,"Topic 4: software, month, year, battery, keep",0.5032444633569105
EV1848,EV Scooter,Bajaj Chetak,3,Loved the color options and the overall styling of the vehicle.,6,"Topic 6: charging, battery, almost, tier, use",0.9099999999467664
EV1849,EV Car,Hyundai Kona,3,"Smart key and app based lock features work flawlessly, very convenient.",9,"Topic 9: price, subsidy, service, battery disposal, concerned environmental",0.9499989773125966
EV1850,EV Car,MG ZS EV,4,"There are very few authorized service centers, had to travel 8 km for repair.",5,"Topic 5: battery, center, service center, service, safety",0.9099990182384726
EV1851,EV Scooter,Hero Vida V1,5,Battery health dropped to 85% within 18 months of daily use.,6,"Topic 6: charging, battery, almost, tier, use",0.9357124919676222
EV1852,EV Scooter,Bajaj Chetak,4,Finding a working charging station in my city is still very difficult.,0,"Topic 0: cost, battery, replacement cost, replacement, city",0.9249982638755785
EV1853,EV Scooter,Hero Vida V1,4,Stability control on wet roads is impressive and inspires confidence. Navigation system integrated with range prediction is genuinely useful.,1,"Topic 1: range, system, genuinely, useful, genuinely useful",0.4999516500079577
EV1854,EV Car,MG ZS EV,4,Emergency braking and collision alert systems work really well in traffic.,7,"Topic 7: braking, work, system, work well, well",0.9437497312130717
EV1855,EV Car,Hyundai Kona,5,The upfront price is high but government subsidy makes it affordable.,9,"Topic 9: price, subsidy, service, battery disposal, concerned environmental",0.9357130000184158
EV1856,EV Car,MG ZS EV,4,"Charging takes too long, almost 6 hours for a full charge at home.",6,"Topic 6: charging, battery, almost, tier, use",0.9437476402111513
EV1857,EV Scooter,Ather 450X,4,"Charging takes too long, almost 6 hours for a full charge at home.",6,"Topic 6: charging, battery, almost, tier, use",0.9437476402111513
EV1858,EV Scooter,Ola S1,5,Contributing to a cleaner city is a big motivation behind going electric.,0,"Topic 0: cost, battery, replacement cost, replacement, city",0.9357138471250149
EV1859,EV Scooter,Hero Vida V1,5,Stability control on wet roads is impressive and inspires confidence.,0,"Topic 0: cost, battery, replacement cost, replacement, city",0.9357134461405903
EV1860,EV Car,Hyundai Kona,4,"Battery replacement cost is almost half the price of the vehicle, very concerning. Suspension is too stiff, ride quality is uncomfortable on bad roads.",0,"Topic 0: cost, battery, replacement cost, replacement, city",0.9639989726560222
EV1861,EV Scooter,Ather 450X,4,"The design looks futuristic and attracts a lot of attention on the road. Braking system feels sharp and responsive, regenerative braking works well.",7,"Topic 7: braking, work, system, work well, well",0.5372977178643383
EV1862,EV Scooter,Ampere Magnus,4,"Battery performance is stable even after two years of heavy usage. Love the app that shows nearby charging stations, very convenient feature. Concerned about environmental impact of battery disposal and recycling.",6,"Topic 6: charging, battery, almost, tier, use",0.6880024802461349
EV1863,EV Scooter,TVS iQube,3,Worried about battery degradation and replacement cost after warranty ends.,0,"Topic 0: cost, battery, replacement cost, replacement, city",0.9357128727904404
EV1864,EV Car,BYD Atto 3,4,The design looks futuristic and attracts a lot of attention on the road. The motor is powerful and pickup is much better than petrol variants. Battery health dropped to 85% within 18 months of daily use.,2,"Topic 2: feel, quality, range, support, quality feel",0.34747942691546374
EV1865,EV Car,MG ZS EV,4,Home charging setup was expensive and took weeks to install. Switching to EV feels good knowing I'm reducing my carbon footprint.,5,"Topic 5: battery, center, service center, service, safety",0.5145338322212606
EV1866,EV Scooter,TVS iQube,4,Navigation system integrated with range prediction is genuinely useful.,1,"Topic 1: range, system, genuinely, useful, genuinely useful",0.9357135041670673
EV1867,EV Scooter,Ather 450X,4,Total cost of ownership is great once you factor in low maintenance and fuel savings.,0,"Topic 0: cost, battery, replacement cost, replacement, city",0.9499989422719604
EV1868,EV Car,Tesla Model 3,4,"Insurance premium for EV is surprisingly high compared to petrol vehicles. No proper information on how battery degrades over time, company should be transparent. Public chargers are often broken or occupied, need more charging stations urgently.",0,"Topic 0: cost, battery, replacement cost, replacement, city",0.42002110353378846
EV1869,EV Car,Tata Nexon EV,3,"Running cost is much lower than petrol, saving a lot on fuel every month.",4,"Topic 4: software, month, year, battery, keep",0.9499988743504476
EV1870,EV Car,Tesla Model 3,4,Service center staff are not well trained to handle EV specific issues.,5,"Topic 5: battery, center, service center, service, safety",0.9437489343674283
EV1871,EV Car,Hyundai Kona,4,"Energy used to charge still comes mostly from coal in my region, defeats the purpose somewhat. Price after subsidy is still higher than a comparable petrol scooter.",8,"Topic 8: range, drop, defeat purpose, energy, energy used",0.6384286605323496
EV1872,EV Car,Tesla Model 3,4,"The battery warranty of 120 years gives me confidence in long term reliability. Had a great experience with the service team, they explained everything clearly. The motor is powerful and pickup is much better than petrol variants.",4,"Topic 4: software, month, year, battery, keep",0.7134566703309562
EV1873,EV Car,Tata Nexon EV,3,EV subsidy scheme in my state got delayed and the discount amount reduced suddenly.,4,"Topic 4: software, month, year, battery, keep",0.9499997911747503
EV1874,EV Car,BYD Atto 3,3,The vehicle has good crash test ratings which reassured my purchase decision. Software glitches caused the dashboard to freeze twice in a month.,4,"Topic 4: software, month, year, battery, keep",0.5239998779384363
EV1875,EV Car,Mahindra XUV400,4,"Interior quality feels cheap for the price point, needs improvement. Energy used to charge still comes mostly from coal in my region, defeats the purpose somewhat.",8,"Topic 8: range, drop, defeat purpose, energy, energy used",0.54571449598892
EV1876,EV Car,Mahindra XUV400,4,"The companion app keeps crashing, needs urgent software updates.",4,"Topic 4: software, month, year, battery, keep",0.943749216857566
EV1877,EV Car,Mahindra XUV400,4,"Love the app that shows nearby charging stations, very convenient feature.",6,"Topic 6: charging, battery, almost, tier, use",0.943748039404446
EV1878,EV Scooter,Ola S1,4,Concerned about environmental impact of battery disposal and recycling.,9,"Topic 9: price, subsidy, service, battery disposal, concerned environmental",0.9249986153687703
EV1879,EV Scooter,Ather 450X,4,"Running cost is much lower than petrol, saving a lot on fuel every month.",4,"Topic 4: software, month, year, battery, keep",0.9499988743504476
EV1880,EV Scooter,Hero Vida V1,4,"Bluetooth connectivity drops frequently while riding, very frustrating. Charging infrastructure in tier 2 and tier 3 cities is almost non-existent.",6,"Topic 6: charging, battery, almost, tier, use",0.5376086686634471
EV1881,EV Car,Tata Nexon EV,5,Switching to EV feels good knowing I'm reducing my carbon footprint.,2,"Topic 2: feel, quality, range, support, quality feel",0.9249995059626489
EV1882,EV Car,Tata Nexon EV,3,"Running cost is much lower than petrol, saving a lot on fuel every month. Interior quality feels cheap for the price point, needs improvement.",4,"Topic 4: software, month, year, battery, keep",0.506822021745816
EV1883,EV Scooter,Hero Vida V1,4,"Storage space under the seat is very limited, not practical for daily use. Noise levels are impressively low, riding experience is very smooth and quiet.",9,"Topic 9: price, subsidy, service, battery disposal, concerned environmental",0.5206894143625738
EV1884,EV Scooter,Ampere Magnus,4,"Public chargers are often broken or occupied, need more charging stations urgently.",0,"Topic 0: cost, battery, replacement cost, replacement, city",0.9499990601920162
EV1885,EV Scooter,Bajaj Chetak,3,"Range drops badly in winter, I lost almost 30% range in cold weather.",8,"Topic 8: range, drop, defeat purpose, energy, energy used",0.949999084075917
EV1886,EV Car,Tata Nexon EV,4,Compact size makes it easy to park and maneuver in city traffic.,1,"Topic 1: range, system, genuinely, useful, genuinely useful",0.9437493609883884
EV1887,EV Scooter,Ather 450X,5,Charging infrastructure in tier 2 and tier 3 cities is almost non-existent.,6,"Topic 6: charging, battery, almost, tier, use",0.9437484930362834
EV1888,EV Scooter,Ather 450X,3,"Heard about a thermal runaway incident, this has shaken my trust in EV safety. After sales support has been excellent, quick response and doorstep service.",3,"Topic 3: safety, use, highway, part, feature",0.48518507262668475
EV1889,EV Car,Tata Nexon EV,4,Touchscreen infotainment system lags and is not very intuitive to use.,8,"Topic 8: range, drop, defeat purpose, energy, energy used",0.9249973695171285
EV1890,EV Scooter,Bajaj Chetak,4,"No proper information on how battery degrades over time, company should be transparent. The vehicle has good crash test ratings which reassured my purchase decision.",5,"Topic 5: battery, center, service center, service, safety",0.4971214093176929
EV1891,EV Car,Mahindra XUV400,4,"LED lighting and digital dashboard give it a premium, modern look. The companion app keeps crashing, needs urgent software updates.",4,"Topic 4: software, month, year, battery, keep",0.5142468699275635
EV1892,EV Scooter,Hero Vida V1,4,Advanced safety features like ABS and traction control give peace of mind.,3,"Topic 3: safety, use, highway, part, feature",0.9499995847169762
EV1893,EV Scooter,TVS iQube,4,Concerned about environmental impact of battery disposal and recycling.,9,"Topic 9: price, subsidy, service, battery disposal, concerned environmental",0.9249986153687703
EV1894,EV Scooter,TVS iQube,3,The battery warranty of 8 years gives me confidence in long term reliability. Acceleration is smooth and instant torque makes overtaking effortless.,4,"Topic 4: software, month, year, battery, keep",0.9689647621122467
EV1895,EV Scooter,Bajaj Chetak,4,Top speed is decent for city use but not enough for highway cruising. The design looks futuristic and attracts a lot of attention on the road.,3,"Topic 3: safety, use, highway, part, feature",0.5067519404044301
EV1896,EV Car,MG ZS EV,4,"Public chargers are often broken or occupied, need more charging stations urgently. After sales support has been excellent, quick response and doorstep service.",0,"Topic 0: cost, battery, replacement cost, replacement, city",0.5278111894839778
EV1897,EV Car,Tata Nexon EV,5,Compact size makes it easy to park and maneuver in city traffic.,1,"Topic 1: range, system, genuinely, useful, genuinely useful",0.9437493609883884
EV1898,EV Scooter,TVS iQube,4,Top speed is decent for city use but not enough for highway cruising. Compact size makes it easy to park and maneuver in city traffic. Advanced safety features like ABS and traction control give peace of mind.,3,"Topic 3: safety, use, highway, part, feature",0.6581324699098086
EV1899,EV Scooter,Ola S1,3,"Heard about a thermal runaway incident, this has shaken my trust in EV safety. Braking system feels sharp and responsive, regenerative braking works well. The battery warranty of 300 years gives me confidence in long term reliability.",7,"Topic 7: braking, work, system, work well, well",0.3717408086604992
EV1900,EV Car,Mahindra XUV400,4,"After sales support has been excellent, quick response and doorstep service.",2,"Topic 2: feel, quality, range, support, quality feel",0.9357136343261091
EV1901,EV Car,Hyundai Kona,4,"Energy used to charge still comes mostly from coal in my region, defeats the purpose somewhat. Love the app that shows nearby charging stations, very convenient feature.",8,"Topic 8: range, drop, defeat purpose, energy, energy used",0.5482716555954756
EV1902,EV Scooter,Ola S1,5,"Braking system feels sharp and responsive, regenerative braking works well. Charging takes too long, almost 6 hours for a full charge at home.",7,"Topic 7: braking, work, system, work well, well",0.5114041569975135
EV1903,EV Scooter,Hero Vida V1,4,"Build materials feel sturdy but the design is a bit too plain compared to rivals. Had a great experience with the service team, they explained everything clearly. Navigation system integrated with range prediction is genuinely useful.",6,"Topic 6: charging, battery, almost, tier, use",0.3862413027614428
EV1904,EV Car,Tata Nexon EV,3,"For the price, I expected better build quality and more features.",2,"Topic 2: feel, quality, range, support, quality feel",0.9249974594621185
EV1905,EV Scooter,Hero Vida V1,4,"The vehicle has good crash test ratings which reassured my purchase decision. For the price, I expected better build quality and more features.",9,"Topic 9: price, subsidy, service, battery disposal, concerned environmental",0.54022556050362
EV1906,EV Car,MG ZS EV,5,"LED lighting and digital dashboard give it a premium, modern look. Handling and stability at high speed feels very confident and safe.",0,"Topic 0: cost, battery, replacement cost, replacement, city",0.5344044157462031
EV1907,EV Car,Mahindra XUV400,5,"Waiting time for service appointment is too long, more service centers needed.",9,"Topic 9: price, subsidy, service, battery disposal, concerned environmental",0.9437476890044085
EV1908,EV Car,Mahindra XUV400,3,EV subsidy scheme in my state got delayed and the discount amount reduced suddenly. Battery range degrades faster than expected after just one year of use. Contributing to a cleaner city is a big motivation behind going electric.,4,"Topic 4: software, month, year, battery, keep",0.6636645377571653
EV1909,EV Scooter,Bajaj Chetak,4,Service center staff are not well trained to handle EV specific issues. The battery warranty of 8 years gives me confidence in long term reliability.,5,"Topic 5: battery, center, service center, service, safety",0.5028093204957318
EV1910,EV Scooter,Hero Vida V1,4,"Range drops badly in winter, I lost almost 30% range in cold weather. Concerned about environmental impact of battery disposal and recycling.",8,"Topic 8: range, drop, defeat purpose, energy, energy used",0.58965461015365
EV1911,EV Scooter,Ola S1,4,"The design looks futuristic and attracts a lot of attention on the road. Battery performance is stable even after two years of heavy usage. Running cost is much lower than petrol, saving a lot on fuel every month.",4,"Topic 4: software, month, year, battery, keep",0.4025353389390799
EV1912,EV Scooter,Bajaj Chetak,4,Top speed is decent for city use but not enough for highway cruising.,3,"Topic 3: safety, use, highway, part, feature",0.9437487998405685
EV1913,EV Scooter,Hero Vida V1,4,Battery health dropped to 85% within 18 months of daily use. Fast charging network needs serious expansion on highways.,3,"Topic 3: safety, use, highway, part, feature",0.541776064995043
EV1914,EV Scooter,Bajaj Chetak,4,Touchscreen infotainment system lags and is not very intuitive to use. Stability control on wet roads is impressive and inspires confidence.,0,"Topic 0: cost, battery, replacement cost, replacement, city",0.5239995150917246
EV1915,EV Car,Hyundai Kona,3,"After sales support has been excellent, quick response and doorstep service. Battery replacement cost is almost half the price of the vehicle, very concerning.",2,"Topic 2: feel, quality, range, support, quality feel",0.509610561231856
EV1916,EV Scooter,TVS iQube,4,"Claimed range of 200 km is misleading, actual range is way less in city traffic.",2,"Topic 2: feel, quality, range, support, quality feel",0.9499974069039536
EV1917,EV Scooter,TVS iQube,4,"Bluetooth connectivity drops frequently while riding, very frustrating.",8,"Topic 8: range, drop, defeat purpose, energy, energy used",0.9249997227808245
EV1918,EV Car,Mahindra XUV400,4,"Total cost of ownership is great once you factor in low maintenance and fuel savings. Spare parts availability is a major issue, waited a month for a replacement part. Concerned about environmental impact of battery disposal and recycling.",0,"Topic 0: cost, battery, replacement cost, replacement, city",0.3939758498457612
EV1919,EV Scooter,Ola S1,4,"Smart key and app based lock features work flawlessly, very convenient. Loved the color options and the overall styling of the vehicle.",9,"Topic 9: price, subsidy, service, battery disposal, concerned environmental",0.6002042374634664
EV1920,EV Scooter,Ola S1,3,"Highway charging stops are rare, long distance travel is a nightmare. Top speed is decent for city use but not enough for highway cruising.",3,"Topic 3: safety, use, highway, part, feature",0.5081865497013404
EV1921,EV Scooter,Hero Vida V1,4,"Smart key and app based lock features work flawlessly, very convenient.",9,"Topic 9: price, subsidy, service, battery disposal, concerned environmental",0.9499989773125966
EV1922,EV Car,Tata Nexon EV,5,Handling and stability at high speed feels very confident and safe. Home charging setup was expensive and took weeks to install.,1,"Topic 1: range, system, genuinely, useful, genuinely useful",0.4851851679908129
EV1923,EV Car,BYD Atto 3,4,"Build quality feels premium and the ride is extremely comfortable. Smart key and app based lock features work flawlessly, very convenient.",9,"Topic 9: price, subsidy, service, battery disposal, concerned environmental",0.5420634135700841
EV1924,EV Car,Hyundai Kona,4,"There are very few authorized service centers, had to travel 100 km for repair.",5,"Topic 5: battery, center, service center, service, safety",0.9099990182384726
EV1925,EV Scooter,TVS iQube,4,Switching to EV feels good knowing I'm reducing my carbon footprint. The upfront price is high but government subsidy makes it affordable.,9,"Topic 9: price, subsidy, service, battery disposal, concerned environmental",0.5072553414523513
EV1926,EV Car,Tata Nexon EV,5,"Battery replacement cost is almost half the price of the vehicle, very concerning. For daily commute the range is fine but long trips are stressful because of low range.",0,"Topic 0: cost, battery, replacement cost, replacement, city",0.9709665417178795
EV1927,EV Scooter,Ather 450X,4,Switching to EV feels good knowing I'm reducing my carbon footprint.,2,"Topic 2: feel, quality, range, support, quality feel",0.9249995059626489
EV1928,EV Car,Tesla Model 3,4,Fast charging network needs serious expansion on highways.,3,"Topic 3: safety, use, highway, part, feature",0.935712803955503
EV1929,EV Car,MG ZS EV,5,"Interior quality feels cheap for the price point, needs improvement.",2,"Topic 2: feel, quality, range, support, quality feel",0.9437490829139897
EV1930,EV Scooter,Ather 450X,4,"Interior quality feels cheap for the price point, needs improvement.",2,"Topic 2: feel, quality, range, support, quality feel",0.9437490829139897
EV1931,EV Scooter,Ather 450X,5,"For the price, I expected better build quality and more features.",2,"Topic 2: feel, quality, range, support, quality feel",0.9249974594621185
EV1932,EV Car,Hyundai Kona,4,"Smart key and app based lock features work flawlessly, very convenient. The battery warranty of 5 years gives me confidence in long term reliability.",9,"Topic 9: price, subsidy, service, battery disposal, concerned environmental",0.5406830783442111
EV1933,EV Scooter,Hero Vida V1,4,Concerned about environmental impact of battery disposal and recycling.,9,"Topic 9: price, subsidy, service, battery disposal, concerned environmental",0.9249986153687703
EV1934,EV Car,Tata Nexon EV,5,"For the price, I expected better build quality and more features.",2,"Topic 2: feel, quality, range, support, quality feel",0.9249974594621185
EV1935,EV Scooter,Ampere Magnus,5,"The vehicle has good crash test ratings which reassured my purchase decision. Storage space under the seat is very limited, not practical for daily use.",3,"Topic 3: safety, use, highway, part, feature",0.5239997530487001
EV1936,EV Scooter,Ather 450X,4,"There are very few authorized service centers, had to travel 20 km for repair.",5,"Topic 5: battery, center, service center, service, safety",0.9099990182384726
EV1937,EV Scooter,TVS iQube,5,"Suspension is too stiff, ride quality is uncomfortable on bad roads. The vehicle has good crash test ratings which reassured my purchase decision. The design looks futuristic and attracts a lot of attention on the road.",2,"Topic 2: feel, quality, range, support, quality feel",0.40218368216804423
EV1938,EV Scooter,Ola S1,4,"Braking system feels sharp and responsive, regenerative braking works well. Loved the color options and the overall styling of the vehicle.",7,"Topic 7: braking, work, system, work well, well",0.6279740167752946
EV1939,EV Scooter,Ampere Magnus,4,Build quality feels premium and the ride is extremely comfortable.,2,"Topic 2: feel, quality, range, support, quality feel",0.9357133889511634
EV1940,EV Car,BYD Atto 3,4,Battery health dropped to 85% within 18 months of daily use. I'm always worried about running out of charge before reaching my destination.,6,"Topic 6: charging, battery, almost, tier, use",0.5194447864987974
EV1941,EV Car,Mahindra XUV400,4,"Storage space under the seat is very limited, not practical for daily use. Finding a working charging station in my city is still very difficult.",3,"Topic 3: safety, use, highway, part, feature",0.5484951442931121
EV1942,EV Scooter,TVS iQube,5,Home charging setup was expensive and took weeks to install.,5,"Topic 5: battery, center, service center, service, safety",0.935713411107298
EV1943,EV Car,Hyundai Kona,5,Battery health dropped to 85% within 18 months of daily use.,6,"Topic 6: charging, battery, almost, tier, use",0.9357124919676222
EV1944,EV Scooter,Ampere Magnus,4,"Heard about a thermal runaway incident, this has shaken my trust in EV safety.",3,"Topic 3: safety, use, highway, part, feature",0.9357141803880524
EV1945,EV Car,Mahindra XUV400,3,"Charging takes too long, almost 6 hours for a full charge at home. Handling and stability at high speed feels very confident and safe. For daily commute the range is fine but long trips are stressful because of low range.",0,"Topic 0: cost, battery, replacement cost, replacement, city",0.3505481397216525
EV1946,EV Scooter,Ampere Magnus,5,Battery range degrades faster than expected after just one year of use. Charging infrastructure in tier 2 and tier 3 cities is almost non-existent.,6,"Topic 6: charging, battery, almost, tier, use",0.5893786088181029
EV1947,EV Scooter,Hero Vida V1,5,"Build quality feels premium and the ride is extremely comfortable. AC usage kills the range, on hot days I barely get half the claimed distance.",8,"Topic 8: range, drop, defeat purpose, energy, energy used",0.5423478749872032
EV1948,EV Car,MG ZS EV,4,"Range drops badly in winter, I lost almost 30% range in cold weather.",8,"Topic 8: range, drop, defeat purpose, energy, energy used",0.949999084075917
EV1949,EV Scooter,Ola S1,4,"Running cost is much lower than petrol, saving a lot on fuel every month. The design looks futuristic and attracts a lot of attention on the road.",4,"Topic 4: software, month, year, battery, keep",0.5404068525699129
EV1950,EV Car,MG ZS EV,3,Worried about battery degradation and replacement cost after warranty ends.,0,"Topic 0: cost, battery, replacement cost, replacement, city",0.9357128727904404
EV1951,EV Scooter,Bajaj Chetak,2,Top speed is decent for city use but not enough for highway cruising. Fast charging network needs serious expansion on highways.,3,"Topic 3: safety, use, highway, part, feature",0.9689648169298277
EV1952,EV Scooter,Bajaj Chetak,4,"Energy used to charge still comes mostly from coal in my region, defeats the purpose somewhat.",8,"Topic 8: range, drop, defeat purpose, energy, energy used",0.9549998187898763
EV1953,EV Scooter,Ola S1,4,Build materials feel sturdy but the design is a bit too plain compared to rivals.,6,"Topic 6: charging, battery, almost, tier, use",0.9499987329729866
EV1954,EV Scooter,Ola S1,4,Software glitches caused the dashboard to freeze twice in a month.,4,"Topic 4: software, month, year, battery, keep",0.9357139367294343
EV1955,EV Car,Tesla Model 3,4,The vehicle has good crash test ratings which reassured my purchase decision. Charging infrastructure in tier 2 and tier 3 cities is almost non-existent.,6,"Topic 6: charging, battery, almost, tier, use",0.5592582840707941
EV1956,EV Scooter,Ola S1,4,"No proper information on how battery degrades over time, company should be transparent.",5,"Topic 5: battery, center, service center, service, safety",0.9357136577255175
EV1957,EV Scooter,Ather 450X,4,"Advanced safety features like ABS and traction control give peace of mind. Public chargers are often broken or occupied, need more charging stations urgently.",3,"Topic 3: safety, use, highway, part, feature",0.49829861922192903
EV1958,EV Scooter,Bajaj Chetak,5,"Braking system feels sharp and responsive, regenerative braking works well.",7,"Topic 7: braking, work, system, work well, well",0.9499996877228652
EV1959,EV Car,BYD Atto 3,4,Battery health dropped to 85% within 18 months of daily use.,6,"Topic 6: charging, battery, almost, tier, use",0.9357124919676222
EV1960,EV Scooter,Ola S1,4,Build quality feels premium and the ride is extremely comfortable. Navigation system integrated with range prediction is genuinely useful.,1,"Topic 1: range, system, genuinely, useful, genuinely useful",0.48900617112467515
EV1961,EV Scooter,TVS iQube,4,"Charging takes too long, almost 6 hours for a full charge at home.",6,"Topic 6: charging, battery, almost, tier, use",0.9437476402111513
EV1962,EV Car,Mahindra XUV400,3,Finding a working charging station in my city is still very difficult.,0,"Topic 0: cost, battery, replacement cost, replacement, city",0.9249982638755785
EV1963,EV Car,Tesla Model 3,4,Concerned about environmental impact of battery disposal and recycling. Navigation system integrated with range prediction is genuinely useful.,1,"Topic 1: range, system, genuinely, useful, genuinely useful",0.524000119595517
EV1964,EV Scooter,Hero Vida V1,5,Battery health dropped to 85% within 18 months of daily use.,6,"Topic 6: charging, battery, almost, tier, use",0.9357124919676222
EV1965,EV Car,MG ZS EV,4,"Claimed range of 15 km is misleading, actual range is way less in city traffic.",2,"Topic 2: feel, quality, range, support, quality feel",0.9499974069039536
EV1966,EV Car,Tesla Model 3,3,"Home charging setup was expensive and took weeks to install. Spare parts availability is a major issue, waited a month for a replacement part. Bluetooth connectivity drops frequently while riding, very frustrating.",3,"Topic 3: safety, use, highway, part, feature",0.40403778645627675
EV1967,EV Car,Tata Nexon EV,4,"The companion app keeps crashing, needs urgent software updates. Contributing to a cleaner city is a big motivation behind going electric.",4,"Topic 4: software, month, year, battery, keep",0.5079632770073117
EV1968,EV Car,MG ZS EV,4,"The real world range is much lower than advertised, I only get 100 km on a full charge. Noise levels are impressively low, riding experience is very smooth and quiet.",9,"Topic 9: price, subsidy, service, battery disposal, concerned environmental",0.5206890246598365
EV1969,EV Scooter,Bajaj Chetak,4,"Storage space under the seat is very limited, not practical for daily use.",3,"Topic 3: safety, use, highway, part, feature",0.9357135200179632
EV1970,EV Scooter,Ather 450X,3,Compact size makes it easy to park and maneuver in city traffic. Handling and stability at high speed feels very confident and safe.,1,"Topic 1: range, system, genuinely, useful, genuinely useful",0.9689651509110115
EV1971,EV Scooter,Hero Vida V1,4,"Bluetooth connectivity drops frequently while riding, very frustrating. Noise levels are impressively low, riding experience is very smooth and quiet.",9,"Topic 9: price, subsidy, service, battery disposal, concerned environmental",0.5688571124193993
EV1972,EV Car,MG ZS EV,4,The motor is powerful and pickup is much better than petrol variants. Navigation system integrated with range prediction is genuinely useful.,1,"Topic 1: range, system, genuinely, useful, genuinely useful",0.5240009481453912
EV1973,EV Car,BYD Atto 3,5,"No proper information on how battery degrades over time, company should be transparent. Waiting time for service appointment is too long, more service centers needed.",5,"Topic 5: battery, center, service center, service, safety",0.5569402390929111
EV1974,EV Scooter,Bajaj Chetak,4,"Concerned about environmental impact of battery disposal and recycling. Running cost is much lower than petrol, saving a lot on fuel every month.",4,"Topic 4: software, month, year, battery, keep",0.5988202062210505
EV1975,EV Scooter,Ather 450X,5,Contributing to a cleaner city is a big motivation behind going electric.,0,"Topic 0: cost, battery, replacement cost, replacement, city",0.9357138471250149
EV1976,EV Car,Mahindra XUV400,5,The upfront price is high but government subsidy makes it affordable.,9,"Topic 9: price, subsidy, service, battery disposal, concerned environmental",0.9357130000184158
EV1977,EV Car,Hyundai Kona,4,Worried about battery degradation and replacement cost after warranty ends. Advanced safety features like ABS and traction control give peace of mind.,3,"Topic 3: safety, use, highway, part, feature",0.5439872462255984
EV1978,EV Scooter,Bajaj Chetak,5,Fast charging network needs serious expansion on highways. Emergency braking and collision alert systems work really well in traffic.,7,"Topic 7: braking, work, system, work well, well",0.52069052547915
EV1979,EV Scooter,TVS iQube,4,Battery performance is stable even after two years of heavy usage. Stability control on wet roads is impressive and inspires confidence.,0,"Topic 0: cost, battery, replacement cost, replacement, city",0.5037895172404097
EV1980,EV Car,Tesla Model 3,4,"Public chargers are often broken or occupied, need more charging stations urgently. Energy used to charge still comes mostly from coal in my region, defeats the purpose somewhat.",8,"Topic 8: range, drop, defeat purpose, energy, energy used",0.5275644774051493
EV1981,EV Car,BYD Atto 3,4,"Resale value of electric vehicles is still uncertain, worried about depreciation.",7,"Topic 7: braking, work, system, work well, well",0.9099994285588298
EV1982,EV Car,Tesla Model 3,4,Software glitches caused the dashboard to freeze twice in a month.,4,"Topic 4: software, month, year, battery, keep",0.9357139367294343
EV1983,EV Car,MG ZS EV,2,Charging infrastructure in tier 2 and tier 3 cities is almost non-existent. Insurance premium for EV is surprisingly high compared to petrol vehicles.,6,"Topic 6: charging, battery, almost, tier, use",0.5614836214669215
EV1984,EV Car,MG ZS EV,4,"The vehicle has good crash test ratings which reassured my purchase decision. The battery warranty of 5 years gives me confidence in long term reliability. Highway charging stops are rare, long distance travel is a nightmare.",8,"Topic 8: range, drop, defeat purpose, energy, energy used",0.3512284588715241
EV1985,EV Scooter,Hero Vida V1,5,"LED lighting and digital dashboard give it a premium, modern look.",0,"Topic 0: cost, battery, replacement cost, replacement, city",0.9437487547496393
EV1986,EV Car,MG ZS EV,4,"Smart key and app based lock features work flawlessly, very convenient. Stability control on wet roads is impressive and inspires confidence.",9,"Topic 9: price, subsidy, service, battery disposal, concerned environmental",0.5516125361985659
EV1987,EV Scooter,Ola S1,4,Advanced safety features like ABS and traction control give peace of mind.,3,"Topic 3: safety, use, highway, part, feature",0.9499995847169762
EV1988,EV Car,Hyundai Kona,4,The design looks futuristic and attracts a lot of attention on the road.,2,"Topic 2: feel, quality, range, support, quality feel",0.9357136155060412
EV1989,EV Scooter,Ola S1,3,The vehicle has good crash test ratings which reassured my purchase decision.,9,"Topic 9: price, subsidy, service, battery disposal, concerned environmental",0.9249999999727188
EV1990,EV Scooter,Bajaj Chetak,3,"I'm always worried about running out of charge before reaching my destination. Waiting time for service appointment is too long, more service centers needed.",5,"Topic 5: battery, center, service center, service, safety",0.5431198651618827
EV1991,EV Scooter,Bajaj Chetak,4,"Noise levels are impressively low, riding experience is very smooth and quiet.",9,"Topic 9: price, subsidy, service, battery disposal, concerned environmental",0.9437495979697851
EV1992,EV Car,Hyundai Kona,5,Build materials feel sturdy but the design is a bit too plain compared to rivals.,6,"Topic 6: charging, battery, almost, tier, use",0.9499987329729866
EV1993,EV Car,BYD Atto 3,4,"The vehicle has good crash test ratings which reassured my purchase decision. Energy used to charge still comes mostly from coal in my region, defeats the purpose somewhat.",8,"Topic 8: range, drop, defeat purpose, energy, energy used",0.6161292926143666
EV1994,EV Scooter,Hero Vida V1,4,"Heard about a thermal runaway incident, this has shaken my trust in EV safety.",3,"Topic 3: safety, use, highway, part, feature",0.9357141803880524
EV1995,EV Scooter,Ather 450X,4,Finding a working charging station in my city is still very difficult.,0,"Topic 0: cost, battery, replacement cost, replacement, city",0.9249982638755785
EV1996,EV Scooter,TVS iQube,4,Charging infrastructure in tier 2 and tier 3 cities is almost non-existent.,6,"Topic 6: charging, battery, almost, tier, use",0.9437484930362834
EV1997,EV Scooter,Ampere Magnus,4,Price after subsidy is still higher than a comparable petrol scooter.,9,"Topic 9: price, subsidy, service, battery disposal, concerned environmental",0.9249989070612503
EV1998,EV Scooter,TVS iQube,4,Compact size makes it easy to park and maneuver in city traffic.,1,"Topic 1: range, system, genuinely, useful, genuinely useful",0.9437493609883884
EV1999,EV Car,Tata Nexon EV,4,"Handling and stability at high speed feels very confident and safe. Over the air software updates are a great feature, keeps improving over time.",6,"Topic 6: charging, battery, almost, tier, use",0.5322080859609927
EV2000,EV Scooter,Bajaj Chetak,3,"Interior quality feels cheap for the price point, needs improvement. Battery replacement cost is almost half the price of the vehicle, very concerning. The companion app keeps crashing, needs urgent software updates.",4,"Topic 4: software, month, year, battery, keep",0.35855596196294237
EV2001,EV Scooter,Hero Vida V1,4,"LED lighting and digital dashboard give it a premium, modern look.",0,"Topic 0: cost, battery, replacement cost, replacement, city",0.9437487547496393
EV2002,EV Scooter,Ampere Magnus,4,Software glitches caused the dashboard to freeze twice in a month.,4,"Topic 4: software, month, year, battery, keep",0.9357139367294343
EV2003,EV Scooter,Ather 450X,4,"Over the air software updates are a great feature, keeps improving over time. Energy used to charge still comes mostly from coal in my region, defeats the purpose somewhat.",8,"Topic 8: range, drop, defeat purpose, energy, energy used",0.5376515615836869
EV2004,EV Car,Tesla Model 3,4,"AC usage kills the range, on hot days I barely get half the claimed distance. Worried about battery degradation and replacement cost after warranty ends.",8,"Topic 8: range, drop, defeat purpose, energy, energy used",0.5225439090467714
EV2005,EV Scooter,Ola S1,4,"Range drops badly in winter, I lost almost 30% range in cold weather. The vehicle has good crash test ratings which reassured my purchase decision. The battery warranty of 250 years gives me confidence in long term reliability.",8,"Topic 8: range, drop, defeat purpose, energy, energy used",0.3888127233446579
EV2006,EV Scooter,TVS iQube,4,Worried about battery degradation and replacement cost after warranty ends. Loved the color options and the overall styling of the vehicle.,0,"Topic 0: cost, battery, replacement cost, replacement, city",0.5502530010974666
EV2007,EV Scooter,Ather 450X,4,"Love the app that shows nearby charging stations, very convenient feature. Advanced safety features like ABS and traction control give peace of mind.",3,"Topic 3: safety, use, highway, part, feature",0.5374225925309806
EV2008,EV Car,Mahindra XUV400,4,Contributing to a cleaner city is a big motivation behind going electric.,0,"Topic 0: cost, battery, replacement cost, replacement, city",0.9357138471250149
EV2009,EV Scooter,Bajaj Chetak,3,Battery performance is stable even after two years of heavy usage.,6,"Topic 6: charging, battery, almost, tier, use",0.9357131926965875
EV2010,EV Scooter,Bajaj Chetak,4,"Highway charging stops are rare, long distance travel is a nightmare.",8,"Topic 8: range, drop, defeat purpose, energy, energy used",0.943747950199783
EV2011,EV Scooter,Ather 450X,4,Software glitches caused the dashboard to freeze twice in a month.,4,"Topic 4: software, month, year, battery, keep",0.9357139367294343
EV2012,EV Scooter,Hero Vida V1,5,Concerned about environmental impact of battery disposal and recycling.,9,"Topic 9: price, subsidy, service, battery disposal, concerned environmental",0.9249986153687703
EV2013,EV Car,Tesla Model 3,4,Zero tailpipe emissions is the main reason I chose an electric vehicle. Emergency braking and collision alert systems work really well in traffic.,7,"Topic 7: braking, work, system, work well, well",0.5592604077470112
EV2014,EV Car,Tata Nexon EV,5,"For the price, I expected better build quality and more features. Switching to EV feels good knowing I'm reducing my carbon footprint.",2,"Topic 2: feel, quality, range, support, quality feel",0.9608687674655422
EV2015,EV Scooter,Bajaj Chetak,3,"Noise levels are impressively low, riding experience is very smooth and quiet.",9,"Topic 9: price, subsidy, service, battery disposal, concerned environmental",0.9437495979697851
EV2016,EV Car,Mahindra XUV400,4,The design looks futuristic and attracts a lot of attention on the road. Service center staff are not well trained to handle EV specific issues.,5,"Topic 5: battery, center, service center, service, safety",0.4968028002818198
EV2017,EV Car,BYD Atto 3,4,"Worried about battery degradation and replacement cost after warranty ends. There are very few authorized service centers, had to travel 200 km for repair.",0,"Topic 0: cost, battery, replacement cost, replacement, city",0.5253504552637172
EV2018,EV Scooter,Hero Vida V1,4,"No proper information on how battery degrades over time, company should be transparent. The real world range is much lower than advertised, I only get 200 km on a full charge.",5,"Topic 5: battery, center, service center, service, safety",0.5038709644090661
EV2019,EV Scooter,Ola S1,4,"Braking system feels sharp and responsive, regenerative braking works well.",7,"Topic 7: braking, work, system, work well, well",0.9499996877228652
EV2020,EV Scooter,Ola S1,3,"Energy used to charge still comes mostly from coal in my region, defeats the purpose somewhat.",8,"Topic 8: range, drop, defeat purpose, energy, energy used",0.9549998187898763
EV2021,EV Car,Mahindra XUV400,4,"AC usage kills the range, on hot days I barely get half the claimed distance.",8,"Topic 8: range, drop, defeat purpose, energy, energy used",0.9499992726449596
EV2022,EV Scooter,Ampere Magnus,3,"Claimed range of 80 km is misleading, actual range is way less in city traffic. Loved the color options and the overall styling of the vehicle.",2,"Topic 2: feel, quality, range, support, quality feel",0.6199866682740651
EV2023,EV Car,MG ZS EV,4,"Smart key and app based lock features work flawlessly, very convenient. Fast charging network needs serious expansion on highways.",9,"Topic 9: price, subsidy, service, battery disposal, concerned environmental",0.5342628769434439
EV2024,EV Car,Hyundai Kona,4,"Advanced safety features like ABS and traction control give peace of mind. The companion app keeps crashing, needs urgent software updates.",3,"Topic 3: safety, use, highway, part, feature",0.5247299405160625
EV2025,EV Scooter,Ampere Magnus,5,Battery range degrades faster than expected after just one year of use.,4,"Topic 4: software, month, year, battery, keep",0.9357083870557028
EV2026,EV Scooter,Ampere Magnus,3,EV subsidy scheme in my state got delayed and the discount amount reduced suddenly. Advanced safety features like ABS and traction control give peace of mind.,4,"Topic 4: software, month, year, battery, keep",0.4992630154626682
EV2027,EV Car,Tesla Model 3,4,"LED lighting and digital dashboard give it a premium, modern look. Home charging setup was expensive and took weeks to install.",0,"Topic 0: cost, battery, replacement cost, replacement, city",0.5410412865170162
EV2028,EV Scooter,Bajaj Chetak,4,Top speed is decent for city use but not enough for highway cruising.,3,"Topic 3: safety, use, highway, part, feature",0.9437487998405685
EV2029,EV Scooter,Hero Vida V1,4,The motor is powerful and pickup is much better than petrol variants. Contributing to a cleaner city is a big motivation behind going electric.,0,"Topic 0: cost, battery, replacement cost, replacement, city",0.5102879687173512
EV2030,EV Scooter,Ola S1,3,"For daily commute the range is fine but long trips are stressful because of low range. Energy used to charge still comes mostly from coal in my region, defeats the purpose somewhat. No proper information on how battery degrades over time, company should be transparent.",8,"Topic 8: range, drop, defeat purpose, energy, energy used",0.4179451454762891
EV2031,EV Scooter,Bajaj Chetak,3,"Touchscreen infotainment system lags and is not very intuitive to use. Highway charging stops are rare, long distance travel is a nightmare.",8,"Topic 8: range, drop, defeat purpose, energy, energy used",0.9666654902278775
EV2032,EV Scooter,Bajaj Chetak,5,Touchscreen infotainment system lags and is not very intuitive to use.,8,"Topic 8: range, drop, defeat purpose, energy, energy used",0.9249973695171285
EV2033,EV Car,Mahindra XUV400,5,"There are very few authorized service centers, had to travel 100 km for repair. Braking system feels sharp and responsive, regenerative braking works well.",7,"Topic 7: braking, work, system, work well, well",0.628840704897238
EV2034,EV Car,MG ZS EV,3,"Spare parts availability is a major issue, waited a month for a replacement part.",3,"Topic 3: safety, use, highway, part, feature",0.9499992060228337
EV2035,EV Car,Tata Nexon EV,3,Customer support over phone is helpful and resolves issues quickly.,2,"Topic 2: feel, quality, range, support, quality feel",0.9357138175418811
EV2036,EV Scooter,Ather 450X,4,"Public chargers are often broken or occupied, need more charging stations urgently. Battery health dropped to 85% within 18 months of daily use.",0,"Topic 0: cost, battery, replacement cost, replacement, city",0.5477948991059921
EV2037,EV Scooter,Ampere Magnus,4,The upfront price is high but government subsidy makes it affordable.,9,"Topic 9: price, subsidy, service, battery disposal, concerned environmental",0.9357130000184158
EV2038,EV Scooter,Hero Vida V1,3,"For daily commute the range is fine but long trips are stressful because of low range. Noise levels are impressively low, riding experience is very smooth and quiet.",0,"Topic 0: cost, battery, replacement cost, replacement, city",0.4986404775419366
EV2039,EV Scooter,Ola S1,5,Advanced safety features like ABS and traction control give peace of mind.,3,"Topic 3: safety, use, highway, part, feature",0.9499995847169762
EV2040,EV Car,Tata Nexon EV,5,Touchscreen infotainment system lags and is not very intuitive to use.,8,"Topic 8: range, drop, defeat purpose, energy, energy used",0.9249973695171285
EV2041,EV Car,Mahindra XUV400,3,Zero tailpipe emissions is the main reason I chose an electric vehicle. For daily commute the range is fine but long trips are stressful because of low range.,0,"Topic 0: cost, battery, replacement cost, replacement, city",0.548415213407986
EV2042,EV Car,MG ZS EV,5,Service center staff are not well trained to handle EV specific issues.,5,"Topic 5: battery, center, service center, service, safety",0.9437489343674283
EV2043,EV Car,Tata Nexon EV,4,Concerned about environmental impact of battery disposal and recycling.,9,"Topic 9: price, subsidy, service, battery disposal, concerned environmental",0.9249986153687703
EV2044,EV Scooter,Ather 450X,4,Acceleration is smooth and instant torque makes overtaking effortless.,4,"Topic 4: software, month, year, battery, keep",0.9357133527421988
EV2045,EV Scooter,Ampere Magnus,4,"Public chargers are often broken or occupied, need more charging stations urgently. The companion app keeps crashing, needs urgent software updates. Switching to EV feels good knowing I'm reducing my carbon footprint.",0,"Topic 0: cost, battery, replacement cost, replacement, city",0.37534553946282734
EV2046,EV Scooter,TVS iQube,3,"The companion app keeps crashing, needs urgent software updates.",4,"Topic 4: software, month, year, battery, keep",0.943749216857566
EV2047,EV Scooter,Ampere Magnus,4,"The real world range is much lower than advertised, I only get 200 km on a full charge.",1,"Topic 1: range, system, genuinely, useful, genuinely useful",0.9357130553242756
EV2048,EV Scooter,Bajaj Chetak,3,"For the price, I expected better build quality and more features. For daily commute the range is fine but long trips are stressful because of low range.",0,"Topic 0: cost, battery, replacement cost, replacement, city",0.5663108684204684
EV2049,EV Scooter,Bajaj Chetak,4,"Navigation system integrated with range prediction is genuinely useful. Read reports about battery fires, safety is my biggest concern before buying. Handling and stability at high speed feels very confident and safe.",1,"Topic 1: range, system, genuinely, useful, genuinely useful",0.621428926092363
EV2050,EV Car,Tata Nexon EV,4,Zero tailpipe emissions is the main reason I chose an electric vehicle.,6,"Topic 6: charging, battery, almost, tier, use",0.9249999999668123
EV2051,EV Scooter,TVS iQube,4,Battery health dropped to 85% within 18 months of daily use. The upfront price is high but government subsidy makes it affordable.,9,"Topic 9: price, subsidy, service, battery disposal, concerned environmental",0.50096947905452
EV2052,EV Car,MG ZS EV,3,"The vehicle has good crash test ratings which reassured my purchase decision. Suspension is too stiff, ride quality is uncomfortable on bad roads.",9,"Topic 9: price, subsidy, service, battery disposal, concerned environmental",0.48260938813165644
EV2053,EV Car,Mahindra XUV400,3,"After sales support has been excellent, quick response and doorstep service.",2,"Topic 2: feel, quality, range, support, quality feel",0.9357136343261091
EV2054,EV Car,BYD Atto 3,4,"Heard about a thermal runaway incident, this has shaken my trust in EV safety.",3,"Topic 3: safety, use, highway, part, feature",0.9357141803880524
EV2055,EV Car,Mahindra XUV400,3,"Running cost is much lower than petrol, saving a lot on fuel every month.",4,"Topic 4: software, month, year, battery, keep",0.9499988743504476
EV2056,EV Scooter,Ather 450X,4,"Energy used to charge still comes mostly from coal in my region, defeats the purpose somewhat. Braking system feels sharp and responsive, regenerative braking works well.",8,"Topic 8: range, drop, defeat purpose, energy, energy used",0.5209701247048625
EV2057,EV Scooter,TVS iQube,5,Battery range degrades faster than expected after just one year of use.,4,"Topic 4: software, month, year, battery, keep",0.9357083870557028
EV2058,EV Car,Tata Nexon EV,3,Zero tailpipe emissions is the main reason I chose an electric vehicle.,6,"Topic 6: charging, battery, almost, tier, use",0.9249999999668123
EV2059,EV Car,Mahindra XUV400,3,"Loved the color options and the overall styling of the vehicle. Worried about battery degradation and replacement cost after warranty ends. Range drops badly in winter, I lost almost 30% range in cold weather.",8,"Topic 8: range, drop, defeat purpose, energy, energy used",0.3942254767497192
EV2060,EV Scooter,Ola S1,4,"Software glitches caused the dashboard to freeze twice in a month. Resale value of electric vehicles is still uncertain, worried about depreciation.",4,"Topic 4: software, month, year, battery, keep",0.5695646297831392
EV2061,EV Car,Tata Nexon EV,3,Battery health dropped to 85% within 18 months of daily use.,6,"Topic 6: charging, battery, almost, tier, use",0.9357124919676222
EV2062,EV Scooter,Hero Vida V1,4,Battery health dropped to 85% within 18 months of daily use.,6,"Topic 6: charging, battery, almost, tier, use",0.9357124919676222
EV2063,EV Car,MG ZS EV,5,"Battery replacement cost is almost half the price of the vehicle, very concerning.",0,"Topic 0: cost, battery, replacement cost, replacement, city",0.9357121936164879
EV2064,EV Car,Hyundai Kona,4,"Total cost of ownership is great once you factor in low maintenance and fuel savings. Noise levels are impressively low, riding experience is very smooth and quiet. Stability control on wet roads is impressive and inspires confidence.",0,"Topic 0: cost, battery, replacement cost, replacement, city",0.6620879111922777
EV2065,EV Car,Tata Nexon EV,4,Insurance premium for EV is surprisingly high compared to petrol vehicles. Stability control on wet roads is impressive and inspires confidence.,0,"Topic 0: cost, battery, replacement cost, replacement, city",0.5446121620331784
EV2066,EV Scooter,TVS iQube,3,"Energy used to charge still comes mostly from coal in my region, defeats the purpose somewhat. EV subsidy scheme in my state got delayed and the discount amount reduced suddenly.",8,"Topic 8: range, drop, defeat purpose, energy, energy used",0.5162165264380538
EV2067,EV Car,Hyundai Kona,3,Battery performance is stable even after two years of heavy usage.,6,"Topic 6: charging, battery, almost, tier, use",0.9357131926965875
EV2068,EV Scooter,Ather 450X,3,Battery performance is stable even after two years of heavy usage.,6,"Topic 6: charging, battery, almost, tier, use",0.9357131926965875
EV2069,EV Scooter,Hero Vida V1,4,Software glitches caused the dashboard to freeze twice in a month. The battery warranty of 20 years gives me confidence in long term reliability. Build quality feels premium and the ride is extremely comfortable.,4,"Topic 4: software, month, year, battery, keep",0.6690475288817104
EV2070,EV Scooter,Bajaj Chetak,4,"Zero tailpipe emissions is the main reason I chose an electric vehicle. Claimed range of 15 km is misleading, actual range is way less in city traffic. Price after subsidy is still higher than a comparable petrol scooter.",2,"Topic 2: feel, quality, range, support, quality feel",0.43174386632308676
EV2071,EV Scooter,Ather 450X,5,Concerned about environmental impact of battery disposal and recycling. The battery warranty of 20 years gives me confidence in long term reliability.,4,"Topic 4: software, month, year, battery, keep",0.5460089997046502
EV2072,EV Car,MG ZS EV,4,The vehicle has good crash test ratings which reassured my purchase decision.,9,"Topic 9: price, subsidy, service, battery disposal, concerned environmental",0.9249999999727188
EV2073,EV Car,BYD Atto 3,4,Contributing to a cleaner city is a big motivation behind going electric. Build quality feels premium and the ride is extremely comfortable.,0,"Topic 0: cost, battery, replacement cost, replacement, city",0.5130016844065101
EV2074,EV Scooter,Bajaj Chetak,4,"Braking system feels sharp and responsive, regenerative braking works well.",7,"Topic 7: braking, work, system, work well, well",0.9499996877228652
EV2075,EV Scooter,Ola S1,3,"Service center staff are not well trained to handle EV specific issues. Charging takes too long, almost 6 hours for a full charge at home. Handling and stability at high speed feels very confident and safe.",5,"Topic 5: battery, center, service center, service, safety",0.3796429324887977
EV2076,EV Scooter,Ather 450X,4,Acceleration is smooth and instant torque makes overtaking effortless.,4,"Topic 4: software, month, year, battery, keep",0.9357133527421988
EV2077,EV Car,Hyundai Kona,5,"Waiting time for service appointment is too long, more service centers needed.",9,"Topic 9: price, subsidy, service, battery disposal, concerned environmental",0.9437476890044085
EV2078,EV Scooter,Ather 450X,5,"Range anxiety is real, I plan every trip around charging stops now.",2,"Topic 2: feel, quality, range, support, quality feel",0.9499971908249379
EV2079,EV Scooter,TVS iQube,3,Software glitches caused the dashboard to freeze twice in a month.,4,"Topic 4: software, month, year, battery, keep",0.9357139367294343
EV2080,EV Car,Mahindra XUV400,5,"Over the air software updates are a great feature, keeps improving over time.",6,"Topic 6: charging, battery, almost, tier, use",0.9437475492633663
EV2081,EV Scooter,Hero Vida V1,4,"Noise levels are impressively low, riding experience is very smooth and quiet. Insurance premium for EV is surprisingly high compared to petrol vehicles.",9,"Topic 9: price, subsidy, service, battery disposal, concerned environmental",0.5929428841124873
EV2082,EV Car,Mahindra XUV400,5,"Braking system feels sharp and responsive, regenerative braking works well. No proper information on how battery degrades over time, company should be transparent. Advanced safety features like ABS and traction control give peace of mind.",7,"Topic 7: braking, work, system, work well, well",0.35266196618112716
EV2083,EV Scooter,Hero Vida V1,4,Build materials feel sturdy but the design is a bit too plain compared to rivals. Contributing to a cleaner city is a big motivation behind going electric.,6,"Topic 6: charging, battery, almost, tier, use",0.5638784271181777
EV2084,EV Scooter,TVS iQube,5,"The battery warranty of 30 years gives me confidence in long term reliability. Energy used to charge still comes mostly from coal in my region, defeats the purpose somewhat.",8,"Topic 8: range, drop, defeat purpose, energy, energy used",0.5619164592277935
EV2085,EV Scooter,Bajaj Chetak,4,"Read reports about battery fires, safety is my biggest concern before buying. Storage space under the seat is very limited, not practical for daily use.",5,"Topic 5: battery, center, service center, service, safety",0.49995176508989086
EV2086,EV Car,Hyundai Kona,4,Worried about battery degradation and replacement cost after warranty ends.,0,"Topic 0: cost, battery, replacement cost, replacement, city",0.9357128727904404
EV2087,EV Car,Tata Nexon EV,4,"Running cost is much lower than petrol, saving a lot on fuel every month.",4,"Topic 4: software, month, year, battery, keep",0.9499988743504476
EV2088,EV Scooter,TVS iQube,5,Emergency braking and collision alert systems work really well in traffic. Finding a working charging station in my city is still very difficult.,7,"Topic 7: braking, work, system, work well, well",0.5592605178675617
EV2089,EV Scooter,Ampere Magnus,4,"Interior quality feels cheap for the price point, needs improvement. Switching to EV feels good knowing I'm reducing my carbon footprint.",2,"Topic 2: feel, quality, range, support, quality feel",0.9666662657598382
EV2090,EV Car,BYD Atto 3,3,"Interior quality feels cheap for the price point, needs improvement. Price after subsidy is still higher than a comparable petrol scooter.",2,"Topic 2: feel, quality, range, support, quality feel",0.5611065514085201
EV2091,EV Scooter,Bajaj Chetak,4,Zero tailpipe emissions is the main reason I chose an electric vehicle.,6,"Topic 6: charging, battery, almost, tier, use",0.9249999999668123
EV2092,EV Scooter,TVS iQube,3,"Smart key and app based lock features work flawlessly, very convenient. Highway charging stops are rare, long distance travel is a nightmare.",9,"Topic 9: price, subsidy, service, battery disposal, concerned environmental",0.5367443403119231
EV2093,EV Car,BYD Atto 3,3,"Software glitches caused the dashboard to freeze twice in a month. Switching to EV feels good knowing I'm reducing my carbon footprint. Range anxiety is real, I plan every trip around charging stops now.",2,"Topic 2: feel, quality, range, support, quality feel",0.6563128603870261
EV2094,EV Scooter,TVS iQube,4,"Interior quality feels cheap for the price point, needs improvement.",2,"Topic 2: feel, quality, range, support, quality feel",0.9437490829139897
EV2095,EV Car,BYD Atto 3,5,"No proper information on how battery degrades over time, company should be transparent.",5,"Topic 5: battery, center, service center, service, safety",0.9357136577255175
EV2096,EV Car,Mahindra XUV400,5,"After sales support has been excellent, quick response and doorstep service. Stability control on wet roads is impressive and inspires confidence.",2,"Topic 2: feel, quality, range, support, quality feel",0.5012281918524413
EV2097,EV Car,Tesla Model 3,5,Advanced safety features like ABS and traction control give peace of mind.,3,"Topic 3: safety, use, highway, part, feature",0.9499995847169762
EV2098,EV Scooter,Ola S1,4,"Interior quality feels cheap for the price point, needs improvement. Touchscreen infotainment system lags and is not very intuitive to use.",2,"Topic 2: feel, quality, range, support, quality feel",0.5592589018524307
EV2099,EV Car,BYD Atto 3,4,"Highway charging stops are rare, long distance travel is a nightmare. Touchscreen infotainment system lags and is not very intuitive to use.",8,"Topic 8: range, drop, defeat purpose, energy, energy used",0.9666654902278775
EV2100,EV Scooter,Ather 450X,4,"Waiting time for service appointment is too long, more service centers needed. Home charging setup was expensive and took weeks to install.",5,"Topic 5: battery, center, service center, service, safety",0.5798317296956197
EV2101,EV Scooter,Hero Vida V1,4,"Public chargers are often broken or occupied, need more charging stations urgently.",0,"Topic 0: cost, battery, replacement cost, replacement, city",0.9499990601920162
EV2102,EV Car,Tesla Model 3,3,"Had a great experience with the service team, they explained everything clearly.",4,"Topic 4: software, month, year, battery, keep",0.9357124482698551
EV2103,EV Car,MG ZS EV,3,The battery warranty of 100 years gives me confidence in long term reliability.,4,"Topic 4: software, month, year, battery, keep",0.9437480073525252
EV2104,EV Scooter,Ather 450X,4,"Battery replacement cost is almost half the price of the vehicle, very concerning.",0,"Topic 0: cost, battery, replacement cost, replacement, city",0.9357121936164879
EV2105,EV Scooter,Ather 450X,3,"Running cost is much lower than petrol, saving a lot on fuel every month. Bluetooth connectivity drops frequently while riding, very frustrating. Range anxiety is real, I plan every trip around charging stops now.",4,"Topic 4: software, month, year, battery, keep",0.35775992062540996
EV2106,EV Scooter,Ola S1,4,Price after subsidy is still higher than a comparable petrol scooter.,9,"Topic 9: price, subsidy, service, battery disposal, concerned environmental",0.9249989070612503
EV2107,EV Scooter,Ather 450X,5,The design looks futuristic and attracts a lot of attention on the road.,2,"Topic 2: feel, quality, range, support, quality feel",0.9357136155060412
EV2108,EV Car,Hyundai Kona,5,Home charging setup was expensive and took weeks to install.,5,"Topic 5: battery, center, service center, service, safety",0.935713411107298
EV2109,EV Car,Tata Nexon EV,4,"The motor is powerful and pickup is much better than petrol variants. Energy used to charge still comes mostly from coal in my region, defeats the purpose somewhat.",8,"Topic 8: range, drop, defeat purpose, energy, energy used",0.6412076820216833
EV2110,EV Car,BYD Atto 3,4,Price after subsidy is still higher than a comparable petrol scooter.,9,"Topic 9: price, subsidy, service, battery disposal, concerned environmental",0.9249989070612503
EV2111,EV Car,Hyundai Kona,4,Build materials feel sturdy but the design is a bit too plain compared to rivals.,6,"Topic 6: charging, battery, almost, tier, use",0.9499987329729866
EV2112,EV Scooter,Ola S1,4,"Running cost is much lower than petrol, saving a lot on fuel every month.",4,"Topic 4: software, month, year, battery, keep",0.9499988743504476
EV2113,EV Scooter,Hero Vida V1,4,"For the price, I expected better build quality and more features. The design looks futuristic and attracts a lot of attention on the road. Waiting time for service appointment is too long, more service centers needed.",2,"Topic 2: feel, quality, range, support, quality feel",0.60585673327529
EV2114,EV Car,Hyundai Kona,4,Build materials feel sturdy but the design is a bit too plain compared to rivals.,6,"Topic 6: charging, battery, almost, tier, use",0.9499987329729866
EV2115,EV Car,Hyundai Kona,5,"Love the app that shows nearby charging stations, very convenient feature.",6,"Topic 6: charging, battery, almost, tier, use",0.943748039404446
EV2116,EV Car,BYD Atto 3,4,The upfront price is high but government subsidy makes it affordable.,9,"Topic 9: price, subsidy, service, battery disposal, concerned environmental",0.9357130000184158
EV2117,EV Car,Tata Nexon EV,4,"Compact size makes it easy to park and maneuver in city traffic. Running cost is much lower than petrol, saving a lot on fuel every month.",4,"Topic 4: software, month, year, battery, keep",0.511797888551389
EV2118,EV Car,MG ZS EV,4,Total cost of ownership is great once you factor in low maintenance and fuel savings.,0,"Topic 0: cost, battery, replacement cost, replacement, city",0.9499989422719604
EV2119,EV Scooter,Ather 450X,4,"Braking system feels sharp and responsive, regenerative braking works well. The battery warranty of 3 years gives me confidence in long term reliability.",7,"Topic 7: braking, work, system, work well, well",0.5181829091600363
EV2120,EV Car,BYD Atto 3,5,"Resale value of electric vehicles is still uncertain, worried about depreciation.",7,"Topic 7: braking, work, system, work well, well",0.9099994285588298
EV2121,EV Scooter,Ather 450X,3,"Insurance premium for EV is surprisingly high compared to petrol vehicles. Energy used to charge still comes mostly from coal in my region, defeats the purpose somewhat.",8,"Topic 8: range, drop, defeat purpose, energy, energy used",0.9709673787201126
EV2122,EV Scooter,Ather 450X,3,"The companion app keeps crashing, needs urgent software updates.",4,"Topic 4: software, month, year, battery, keep",0.943749216857566
EV2123,EV Car,Tata Nexon EV,4,Fast charging network needs serious expansion on highways. Battery health dropped to 85% within 18 months of daily use.,3,"Topic 3: safety, use, highway, part, feature",0.541776064995043
EV2124,EV Car,Mahindra XUV400,4,Insurance premium for EV is surprisingly high compared to petrol vehicles. Zero tailpipe emissions is the main reason I chose an electric vehicle.,6,"Topic 6: charging, battery, almost, tier, use",0.5063873287059845
EV2125,EV Car,Hyundai Kona,4,EV subsidy scheme in my state got delayed and the discount amount reduced suddenly.,4,"Topic 4: software, month, year, battery, keep",0.9499997911747503
EV2126,EV Scooter,Ola S1,3,"Battery replacement cost is almost half the price of the vehicle, very concerning.",0,"Topic 0: cost, battery, replacement cost, replacement, city",0.9357121936164879
EV2127,EV Scooter,Bajaj Chetak,5,For daily commute the range is fine but long trips are stressful because of low range.,0,"Topic 0: cost, battery, replacement cost, replacement, city",0.9499975083227754
EV2128,EV Scooter,Ola S1,4,Stability control on wet roads is impressive and inspires confidence.,0,"Topic 0: cost, battery, replacement cost, replacement, city",0.9357134461405903
EV2129,EV Car,Hyundai Kona,4,Touchscreen infotainment system lags and is not very intuitive to use.,8,"Topic 8: range, drop, defeat purpose, energy, energy used",0.9249973695171285
EV2130,EV Scooter,Ampere Magnus,4,"Battery health dropped to 85% within 18 months of daily use. Over the air software updates are a great feature, keeps improving over time.",6,"Topic 6: charging, battery, almost, tier, use",0.9689642769854768
EV2131,EV Car,Tata Nexon EV,4,"Bluetooth connectivity drops frequently while riding, very frustrating.",8,"Topic 8: range, drop, defeat purpose, energy, energy used",0.9249997227808245
EV2132,EV Scooter,Bajaj Chetak,3,"Spare parts availability is a major issue, waited a month for a replacement part. Finding a working charging station in my city is still very difficult.",3,"Topic 3: safety, use, highway, part, feature",0.6067840844125361
EV2133,EV Car,Mahindra XUV400,5,"Had a great experience with the service team, they explained everything clearly.",4,"Topic 4: software, month, year, battery, keep",0.9357124482698551
EV2134,EV Scooter,Ampere Magnus,5,"Storage space under the seat is very limited, not practical for daily use.",3,"Topic 3: safety, use, highway, part, feature",0.9357135200179632
EV2135,EV Car,MG ZS EV,4,I'm always worried about running out of charge before reaching my destination.,5,"Topic 5: battery, center, service center, service, safety",0.924998492825782
EV2136,EV Scooter,Ampere Magnus,3,The upfront price is high but government subsidy makes it affordable. Worried about battery degradation and replacement cost after warranty ends.,9,"Topic 9: price, subsidy, service, battery disposal, concerned environmental",0.4897176379020001
EV2137,EV Car,Tesla Model 3,4,"Read reports about battery fires, safety is my biggest concern before buying. Insurance premium for EV is surprisingly high compared to petrol vehicles. Loved the color options and the overall styling of the vehicle.",5,"Topic 5: battery, center, service center, service, safety",0.41091114873175216
EV2138,EV Scooter,Ampere Magnus,4,"LED lighting and digital dashboard give it a premium, modern look.",0,"Topic 0: cost, battery, replacement cost, replacement, city",0.9437487547496393
EV2139,EV Car,Tata Nexon EV,5,Insurance premium for EV is surprisingly high compared to petrol vehicles.,8,"Topic 8: range, drop, defeat purpose, energy, energy used",0.9249977907310836
EV2140,EV Scooter,Ola S1,4,"Highway charging stops are rare, long distance travel is a nightmare. Energy used to charge still comes mostly from coal in my region, defeats the purpose somewhat.",8,"Topic 8: range, drop, defeat purpose, energy, energy used",0.9742852532870904
EV2141,EV Scooter,Hero Vida V1,3,"Battery health dropped to 85% within 18 months of daily use. Suspension is too stiff, ride quality is uncomfortable on bad roads.",6,"Topic 6: charging, battery, almost, tier, use",0.49280050115530183
EV2142,EV Car,Mahindra XUV400,3,"Over the air software updates are a great feature, keeps improving over time. The upfront price is high but government subsidy makes it affordable. No proper information on how battery degrades over time, company should be transparent.",9,"Topic 9: price, subsidy, service, battery disposal, concerned environmental",0.34401117358886363
EV2143,EV Car,MG ZS EV,5,Switching to EV feels good knowing I'm reducing my carbon footprint.,2,"Topic 2: feel, quality, range, support, quality feel",0.9249995059626489
EV2144,EV Car,Tata Nexon EV,4,"Public chargers are often broken or occupied, need more charging stations urgently. After sales support has been excellent, quick response and doorstep service.",0,"Topic 0: cost, battery, replacement cost, replacement, city",0.5278111894839778
EV2145,EV Car,BYD Atto 3,4,Finding a working charging station in my city is still very difficult.,0,"Topic 0: cost, battery, replacement cost, replacement, city",0.9249982638755785
EV2146,EV Car,Hyundai Kona,1,"Highway charging stops are rare, long distance travel is a nightmare. EV subsidy scheme in my state got delayed and the discount amount reduced suddenly. Battery range degrades faster than expected after just one year of use.",4,"Topic 4: software, month, year, battery, keep",0.6423836189146936
EV2147,EV Scooter,TVS iQube,4,Top speed is decent for city use but not enough for highway cruising.,3,"Topic 3: safety, use, highway, part, feature",0.9437487998405685
EV2148,EV Car,Hyundai Kona,3,Top speed is decent for city use but not enough for highway cruising.,3,"Topic 3: safety, use, highway, part, feature",0.9437487998405685
EV2149,EV Car,Tata Nexon EV,3,"Range drops badly in winter, I lost almost 30% range in cold weather.",8,"Topic 8: range, drop, defeat purpose, energy, energy used",0.949999084075917
EV2150,EV Scooter,Hero Vida V1,4,"Energy used to charge still comes mostly from coal in my region, defeats the purpose somewhat. Bluetooth connectivity drops frequently while riding, very frustrating.",8,"Topic 8: range, drop, defeat purpose, energy, energy used",0.9709676412267741
EV2151,EV Car,Tata Nexon EV,4,Battery range degrades faster than expected after just one year of use. The motor is powerful and pickup is much better than petrol variants.,4,"Topic 4: software, month, year, battery, keep",0.5190061946549828
EV2152,EV Scooter,Bajaj Chetak,4,Software glitches caused the dashboard to freeze twice in a month.,4,"Topic 4: software, month, year, battery, keep",0.9357139367294343
EV2153,EV Car,Tesla Model 3,5,Battery performance is stable even after two years of heavy usage. Stability control on wet roads is impressive and inspires confidence.,0,"Topic 0: cost, battery, replacement cost, replacement, city",0.5037895172404097
EV2154,EV Car,MG ZS EV,5,Emergency braking and collision alert systems work really well in traffic.,7,"Topic 7: braking, work, system, work well, well",0.9437497312130717
EV2155,EV Car,Mahindra XUV400,5,Price after subsidy is still higher than a comparable petrol scooter.,9,"Topic 9: price, subsidy, service, battery disposal, concerned environmental",0.9249989070612503
EV2156,EV Car,Tesla Model 3,5,I'm always worried about running out of charge before reaching my destination.,5,"Topic 5: battery, center, service center, service, safety",0.924998492825782
EV2157,EV Scooter,Bajaj Chetak,4,Software glitches caused the dashboard to freeze twice in a month.,4,"Topic 4: software, month, year, battery, keep",0.9357139367294343
EV2158,EV Car,Tesla Model 3,5,Fast charging network needs serious expansion on highways. Handling and stability at high speed feels very confident and safe.,3,"Topic 3: safety, use, highway, part, feature",0.49657774949263134
EV2159,EV Scooter,Bajaj Chetak,3,Price after subsidy is still higher than a comparable petrol scooter.,9,"Topic 9: price, subsidy, service, battery disposal, concerned environmental",0.9249989070612503
EV2160,EV Scooter,Ola S1,3,Fast charging network needs serious expansion on highways. Handling and stability at high speed feels very confident and safe.,3,"Topic 3: safety, use, highway, part, feature",0.49657774949263134
EV2161,EV Scooter,Ather 450X,3,Service center staff are not well trained to handle EV specific issues.,5,"Topic 5: battery, center, service center, service, safety",0.9437489343674283
EV2162,EV Car,Mahindra XUV400,3,Battery performance is stable even after two years of heavy usage.,6,"Topic 6: charging, battery, almost, tier, use",0.9357131926965875
EV2163,EV Car,Tata Nexon EV,4,"Braking system feels sharp and responsive, regenerative braking works well. Battery health dropped to 85% within 18 months of daily use.",7,"Topic 7: braking, work, system, work well, well",0.5451944231317788
EV2164,EV Scooter,Hero Vida V1,3,"No proper information on how battery degrades over time, company should be transparent.",5,"Topic 5: battery, center, service center, service, safety",0.9357136577255175
EV2165,EV Car,BYD Atto 3,4,"Charging takes too long, almost 6 hours for a full charge at home.",6,"Topic 6: charging, battery, almost, tier, use",0.9437476402111513
EV2166,EV Scooter,Hero Vida V1,4,The design looks futuristic and attracts a lot of attention on the road.,2,"Topic 2: feel, quality, range, support, quality feel",0.9357136155060412
EV2167,EV Scooter,Ather 450X,2,"Battery replacement cost is almost half the price of the vehicle, very concerning.",0,"Topic 0: cost, battery, replacement cost, replacement, city",0.9357121936164879
EV2168,EV Scooter,TVS iQube,4,"Noise levels are impressively low, riding experience is very smooth and quiet.",9,"Topic 9: price, subsidy, service, battery disposal, concerned environmental",0.9437495979697851
EV2169,EV Scooter,TVS iQube,4,Stability control on wet roads is impressive and inspires confidence.,0,"Topic 0: cost, battery, replacement cost, replacement, city",0.9357134461405903
EV2170,EV Scooter,TVS iQube,5,"Finding a working charging station in my city is still very difficult. No proper information on how battery degrades over time, company should be transparent. Braking system feels sharp and responsive, regenerative braking works well.",7,"Topic 7: braking, work, system, work well, well",0.40308068844023515
EV2171,EV Scooter,Hero Vida V1,4,Software glitches caused the dashboard to freeze twice in a month.,4,"Topic 4: software, month, year, battery, keep",0.9357139367294343
EV2172,EV Scooter,TVS iQube,3,"Resale value of electric vehicles is still uncertain, worried about depreciation. Range drops badly in winter, I lost almost 30% range in cold weather.",8,"Topic 8: range, drop, defeat purpose, energy, energy used",0.633332344565006
EV2173,EV Car,Mahindra XUV400,5,"Home charging setup was expensive and took weeks to install. Acceleration is smooth and instant torque makes overtaking effortless. The companion app keeps crashing, needs urgent software updates.",4,"Topic 4: software, month, year, battery, keep",0.6690473448605088
EV2174,EV Scooter,Ampere Magnus,4,The upfront price is high but government subsidy makes it affordable.,9,"Topic 9: price, subsidy, service, battery disposal, concerned environmental",0.9357130000184158
EV2175,EV Car,MG ZS EV,4,Zero tailpipe emissions is the main reason I chose an electric vehicle.,6,"Topic 6: charging, battery, almost, tier, use",0.9249999999668123
EV2176,EV Scooter,Hero Vida V1,5,"Waiting time for service appointment is too long, more service centers needed.",9,"Topic 9: price, subsidy, service, battery disposal, concerned environmental",0.9437476890044085
EV2177,EV Scooter,TVS iQube,4,"Public chargers are often broken or occupied, need more charging stations urgently.",0,"Topic 0: cost, battery, replacement cost, replacement, city",0.9499990601920162
EV2178,EV Scooter,Hero Vida V1,5,"Waiting time for service appointment is too long, more service centers needed.",9,"Topic 9: price, subsidy, service, battery disposal, concerned environmental",0.9437476890044085
EV2179,EV Car,BYD Atto 3,3,"The design looks futuristic and attracts a lot of attention on the road. After sales support has been excellent, quick response and doorstep service. Worried about battery degradation and replacement cost after warranty ends.",2,"Topic 2: feel, quality, range, support, quality feel",0.6354535133346414
EV2180,EV Car,Mahindra XUV400,5,"Navigation system integrated with range prediction is genuinely useful. Public chargers are often broken or occupied, need more charging stations urgently.",0,"Topic 0: cost, battery, replacement cost, replacement, city",0.5628428818396513
EV2181,EV Car,Tesla Model 3,5,Battery range degrades faster than expected after just one year of use.,4,"Topic 4: software, month, year, battery, keep",0.9357083870557028
EV2182,EV Scooter,Ola S1,4,Worried about battery degradation and replacement cost after warranty ends.,0,"Topic 0: cost, battery, replacement cost, replacement, city",0.9357128727904404
EV2183,EV Scooter,Ola S1,4,"After sales support has been excellent, quick response and doorstep service.",2,"Topic 2: feel, quality, range, support, quality feel",0.9357136343261091
EV2184,EV Car,Mahindra XUV400,5,"Range anxiety is real, I plan every trip around charging stops now.",2,"Topic 2: feel, quality, range, support, quality feel",0.9499971908249379
EV2185,EV Scooter,Ather 450X,4,The motor is powerful and pickup is much better than petrol variants.,3,"Topic 3: safety, use, highway, part, feature",0.924998570431653
EV2186,EV Car,Tesla Model 3,5,Total cost of ownership is great once you factor in low maintenance and fuel savings.,0,"Topic 0: cost, battery, replacement cost, replacement, city",0.9499989422719604
EV2187,EV Scooter,Ather 450X,4,Concerned about environmental impact of battery disposal and recycling.,9,"Topic 9: price, subsidy, service, battery disposal, concerned environmental",0.9249986153687703
EV2188,EV Scooter,Ather 450X,3,"Spare parts availability is a major issue, waited a month for a replacement part.",3,"Topic 3: safety, use, highway, part, feature",0.9499992060228337
EV2189,EV Car,Mahindra XUV400,4,Build materials feel sturdy but the design is a bit too plain compared to rivals.,6,"Topic 6: charging, battery, almost, tier, use",0.9499987329729866
EV2190,EV Car,BYD Atto 3,4,"Total cost of ownership is great once you factor in low maintenance and fuel savings. Noise levels are impressively low, riding experience is very smooth and quiet.",0,"Topic 0: cost, battery, replacement cost, replacement, city",0.5202774397585042
EV2191,EV Car,Hyundai Kona,5,Zero tailpipe emissions is the main reason I chose an electric vehicle.,6,"Topic 6: charging, battery, almost, tier, use",0.9249999999668123
EV2192,EV Car,Hyundai Kona,3,Advanced safety features like ABS and traction control give peace of mind. Loved the color options and the overall styling of the vehicle.,3,"Topic 3: safety, use, highway, part, feature",0.6226487084549965
EV2193,EV Car,Hyundai Kona,4,The upfront price is high but government subsidy makes it affordable. Service center staff are not well trained to handle EV specific issues.,5,"Topic 5: battery, center, service center, service, safety",0.4894667236976818
EV2194,EV Scooter,Ather 450X,5,Battery performance is stable even after two years of heavy usage.,6,"Topic 6: charging, battery, almost, tier, use",0.9357131926965875
EV2195,EV Scooter,Ampere Magnus,4,"Braking system feels sharp and responsive, regenerative braking works well.",7,"Topic 7: braking, work, system, work well, well",0.9499996877228652
EV2196,EV Scooter,Ampere Magnus,4,"Noise levels are impressively low, riding experience is very smooth and quiet.",9,"Topic 9: price, subsidy, service, battery disposal, concerned environmental",0.9437495979697851
EV2197,EV Car,Hyundai Kona,4,Service center staff are not well trained to handle EV specific issues.,5,"Topic 5: battery, center, service center, service, safety",0.9437489343674283
EV2198,EV Car,Tesla Model 3,4,Concerned about environmental impact of battery disposal and recycling.,9,"Topic 9: price, subsidy, service, battery disposal, concerned environmental",0.9249986153687703
EV2199,EV Car,Tesla Model 3,4,"Touchscreen infotainment system lags and is not very intuitive to use. Battery replacement cost is almost half the price of the vehicle, very concerning. Energy used to charge still comes mostly from coal in my region, defeats the purpose somewhat.",8,"Topic 8: range, drop, defeat purpose, energy, energy used",0.7148037466812703
