review_id,product_type,brand,rating,feedback_text,nmf_topic,nmf_topic_label,nmf_topic_confidence
EV1000,EV Car,Tata Nexon EV,4,"No proper information on how battery degrades over time, company should be transparent.",8,"Topic 8: service, service center, center, appointment long, center needed",0.052935026121235115
EV1001,EV Car,Tesla Model 3,4,"The real world range is much lower than advertised, I only get 100 km on a full charge.",1,"Topic 1: charge come, defeat purpose, defeat, come mostly, come",0.03176010629300375
EV1002,EV Car,MG ZS EV,4,Emergency braking and collision alert systems work really well in traffic.,2,"Topic 2: braking, system, work well, work, well",0.31909778238262776
EV1003,EV Car,Mahindra XUV400,4,"Loved the color options and the overall styling of the vehicle. Suspension is too stiff, ride quality is uncomfortable on bad roads.",7,"Topic 7: riding, low, smooth, level, impressively",0.017461526520379075
EV1004,EV Car,Hyundai Kona,4,"Love the app that shows nearby charging stations, very convenient feature.",6,"Topic 6: app, keep, update, software update, need",0.13873149475387614
EV1005,EV Scooter,Ampere Magnus,4,Advanced safety features like ABS and traction control give peace of mind.,3,"Topic 3: ab, ab traction, control give, traction, traction control",0.4034444933979644
EV1006,EV Scooter,Ola S1,3,Zero tailpipe emissions is the main reason I chose an electric vehicle.,7,"Topic 7: riding, low, smooth, level, impressively",0.15348681555202068
EV1007,EV Car,Tata Nexon EV,4,"Running cost is much lower than petrol, saving a lot on fuel every month.",9,"Topic 9: dashboard, caused dashboard, caused, dashboard freeze, freeze twice",0.0516280875000597
EV1008,EV Scooter,TVS iQube,4,The motor is powerful and pickup is much better than petrol variants. Concerned about environmental impact of battery disposal and recycling.,5,"Topic 5: battery disposal, disposal recycling, concerned, environmental impact, environmental",0.2879737397953718
EV1009,EV Car,BYD Atto 3,3,"Battery replacement cost is almost half the price of the vehicle, very concerning.",0,"Topic 0: cost, replacement cost, replacement, price, battery",0.10929763693684456
EV1010,EV Scooter,TVS iQube,3,The upfront price is high but government subsidy makes it affordable.,0,"Topic 0: cost, replacement cost, replacement, price, battery",0.05427867857583784
EV1011,EV Scooter,Bajaj Chetak,5,Concerned about environmental impact of battery disposal and recycling.,5,"Topic 5: battery disposal, disposal recycling, concerned, environmental impact, environmental",0.4358654034600713
EV1012,EV Car,Tesla Model 3,4,"Battery health dropped to 85% within 18 months of daily use. There are very few authorized service centers, had to travel 5 km for repair.",4,"Topic 4: use, daily use, daily, dropped, within month",0.2843280712677301
EV1013,EV Scooter,Hero Vida V1,4,The motor is powerful and pickup is much better than petrol variants.,5,"Topic 5: battery disposal, disposal recycling, concerned, environmental impact, environmental",0.012919841213890379
EV1014,EV Car,BYD Atto 3,4,Home charging setup was expensive and took weeks to install.,5,"Topic 5: battery disposal, disposal recycling, concerned, environmental impact, environmental",0.034397188509763525
EV1015,EV Car,Tesla Model 3,5,"Storage space under the seat is very limited, not practical for daily use.",4,"Topic 4: use, daily use, daily, dropped, within month",0.1489749552724736
EV1016,EV Scooter,Ampere Magnus,4,"Charging takes too long, almost 6 hours for a full charge at home. Stability control on wet roads is impressive and inspires confidence.",7,"Topic 7: riding, low, smooth, level, impressively",0.17817630198679704
EV1017,EV Scooter,Ola S1,4,"The companion app keeps crashing, needs urgent software updates.",6,"Topic 6: app, keep, update, software update, need",0.3913111625379394
EV1018,EV Scooter,Ampere Magnus,4,"Had a great experience with the service team, they explained everything clearly.",8,"Topic 8: service, service center, center, appointment long, center needed",0.10310956465082646
EV1019,EV Car,MG ZS EV,4,Battery range degrades faster than expected after just one year of use. Acceleration is smooth and instant torque makes overtaking effortless.,7,"Topic 7: riding, low, smooth, level, impressively",0.05759728391377795
EV1020,EV Car,Hyundai Kona,5,"Running cost is much lower than petrol, saving a lot on fuel every month.",9,"Topic 9: dashboard, caused dashboard, caused, dashboard freeze, freeze twice",0.0516280875000597
EV1021,EV Car,Tesla Model 3,5,Battery health dropped to 85% within 18 months of daily use.,4,"Topic 4: use, daily use, daily, dropped, within month",0.39372037011018973
EV1022,EV Scooter,Ampere Magnus,4,"Energy used to charge still comes mostly from coal in my region, defeats the purpose somewhat. LED lighting and digital dashboard give it a premium, modern look. Price after subsidy is still higher than a comparable petrol scooter.",1,"Topic 1: charge come, defeat purpose, defeat, come mostly, come",0.2777462000273971
EV1023,EV Scooter,Bajaj Chetak,4,"Over the air software updates are a great feature, keeps improving over time. Public chargers are often broken or occupied, need more charging stations urgently. Resale value of electric vehicles is still uncertain, worried about depreciation.",6,"Topic 6: app, keep, update, software update, need",0.17554395804270015
EV1024,EV Car,BYD Atto 3,3,"Range drops badly in winter, I lost almost 30% range in cold weather.",7,"Topic 7: riding, low, smooth, level, impressively",0.06257870840187371
EV1025,EV Car,MG ZS EV,3,Fast charging network needs serious expansion on highways.,6,"Topic 6: app, keep, update, software update, need",0.07512874314890193
EV1026,EV Scooter,Hero Vida V1,3,"Zero tailpipe emissions is the main reason I chose an electric vehicle. Smart key and app based lock features work flawlessly, very convenient.",6,"Topic 6: app, keep, update, software update, need",0.1550886631821719
EV1027,EV Scooter,Bajaj Chetak,4,Loved the color options and the overall styling of the vehicle.,1,"Topic 1: charge come, defeat purpose, defeat, come mostly, come",0.016621025870109416
EV1028,EV Scooter,Bajaj Chetak,5,For daily commute the range is fine but long trips are stressful because of low range.,7,"Topic 7: riding, low, smooth, level, impressively",0.09687328225076879
EV1029,EV Scooter,Ola S1,4,"Read reports about battery fires, safety is my biggest concern before buying. Bluetooth connectivity drops frequently while riding, very frustrating.",7,"Topic 7: riding, low, smooth, level, impressively",0.06362841432431442
EV1030,EV Car,Hyundai Kona,4,"The companion app keeps crashing, needs urgent software updates. Advanced safety features like ABS and traction control give peace of mind.",3,"Topic 3: ab, ab traction, control give, traction, traction control",0.2848601761064199
EV1031,EV Car,Tata Nexon EV,3,"Bluetooth connectivity drops frequently while riding, very frustrating.",7,"Topic 7: riding, low, smooth, level, impressively",0.10316261143529813
EV1032,EV Car,Mahindra XUV400,3,"Range anxiety is real, I plan every trip around charging stops now. LED lighting and digital dashboard give it a premium, modern look.",9,"Topic 9: dashboard, caused dashboard, caused, dashboard freeze, freeze twice",0.11846054128046536
EV1033,EV Scooter,TVS iQube,5,Battery health dropped to 85% within 18 months of daily use.,4,"Topic 4: use, daily use, daily, dropped, within month",0.39372037011018973
EV1034,EV Scooter,Ather 450X,5,Acceleration is smooth and instant torque makes overtaking effortless.,7,"Topic 7: riding, low, smooth, level, impressively",0.07071550902865777
EV1035,EV Car,BYD Atto 3,3,"Battery performance is stable even after two years of heavy usage. Range drops badly in winter, I lost almost 30% range in cold weather.",7,"Topic 7: riding, low, smooth, level, impressively",0.050595456439480394
EV1036,EV Car,Tata Nexon EV,3,"Finding a working charging station in my city is still very difficult. Running cost is much lower than petrol, saving a lot on fuel every month.",9,"Topic 9: dashboard, caused dashboard, caused, dashboard freeze, freeze twice",0.0531750317149438
EV1037,EV Scooter,Hero Vida V1,4,"Braking system feels sharp and responsive, regenerative braking works well. Insurance premium for EV is surprisingly high compared to petrol vehicles.",2,"Topic 2: braking, system, work well, work, well",0.28849749680995007
EV1038,EV Car,Tesla Model 3,5,"Charging infrastructure in tier 2 and tier 3 cities is almost non-existent. Range drops badly in winter, I lost almost 30% range in cold weather.",7,"Topic 7: riding, low, smooth, level, impressively",0.04579554108463655
EV1039,EV Car,BYD Atto 3,4,The battery warranty of 100 years gives me confidence in long term reliability.,8,"Topic 8: service, service center, center, appointment long, center needed",0.04865305209709307
EV1040,EV Car,Hyundai Kona,4,Stability control on wet roads is impressive and inspires confidence.,7,"Topic 7: riding, low, smooth, level, impressively",0.25999823105925624
EV1041,EV Scooter,Ampere Magnus,4,Home charging setup was expensive and took weeks to install.,5,"Topic 5: battery disposal, disposal recycling, concerned, environmental impact, environmental",0.034397188509763525
EV1042,EV Scooter,Ola S1,3,"After sales support has been excellent, quick response and doorstep service.",8,"Topic 8: service, service center, center, appointment long, center needed",0.112987380464634
EV1043,EV Car,Tesla Model 3,5,Emergency braking and collision alert systems work really well in traffic.,2,"Topic 2: braking, system, work well, work, well",0.31909778238262776
EV1044,EV Scooter,Ola S1,3,"I'm always worried about running out of charge before reaching my destination. Concerned about environmental impact of battery disposal and recycling. Suspension is too stiff, ride quality is uncomfortable on bad roads.",5,"Topic 5: battery disposal, disposal recycling, concerned, environmental impact, environmental",0.22986570787038763
EV1045,EV Scooter,Ampere Magnus,3,"Home charging setup was expensive and took weeks to install. Energy used to charge still comes mostly from coal in my region, defeats the purpose somewhat.",1,"Topic 1: charge come, defeat purpose, defeat, come mostly, come",0.33472116576159283
EV1046,EV Car,Hyundai Kona,4,"Range anxiety is real, I plan every trip around charging stops now.",9,"Topic 9: dashboard, caused dashboard, caused, dashboard freeze, freeze twice",0.026957354754958095
EV1047,EV Scooter,Ola S1,4,"Love the app that shows nearby charging stations, very convenient feature.",6,"Topic 6: app, keep, update, software update, need",0.13873149475387614
EV1048,EV Scooter,Ampere Magnus,5,"Battery health dropped to 85% within 18 months of daily use. Build materials feel sturdy but the design is a bit too plain compared to rivals. AC usage kills the range, on hot days I barely get half the claimed distance.",4,"Topic 4: use, daily use, daily, dropped, within month",0.1797827139334176
EV1049,EV Scooter,Hero Vida V1,5,"Finding a working charging station in my city is still very difficult. LED lighting and digital dashboard give it a premium, modern look.",9,"Topic 9: dashboard, caused dashboard, caused, dashboard freeze, freeze twice",0.1262515481642088
EV1050,EV Scooter,Ather 450X,5,"There are very few authorized service centers, had to travel 80 km for repair. Price after subsidy is still higher than a comparable petrol scooter.",8,"Topic 8: service, service center, center, appointment long, center needed",0.17512621811631146
EV1051,EV Scooter,TVS iQube,4,"Noise levels are impressively low, riding experience is very smooth and quiet. Stability control on wet roads is impressive and inspires confidence.",7,"Topic 7: riding, low, smooth, level, impressively",0.4317348440157835
EV1052,EV Scooter,Ola S1,4,Concerned about environmental impact of battery disposal and recycling.,5,"Topic 5: battery disposal, disposal recycling, concerned, environmental impact, environmental",0.4358654034600713
EV1053,EV Car,Tata Nexon EV,4,Compact size makes it easy to park and maneuver in city traffic.,0,"Topic 0: cost, replacement cost, replacement, price, battery",0.030857381256915433
EV1054,EV Car,Mahindra XUV400,3,"Compact size makes it easy to park and maneuver in city traffic. Claimed range of 250 km is misleading, actual range is way less in city traffic.",2,"Topic 2: braking, system, work well, work, well",0.03118155921208746
EV1055,EV Scooter,Ola S1,4,"Charging takes too long, almost 6 hours for a full charge at home.",1,"Topic 1: charge come, defeat purpose, defeat, come mostly, come",0.04253603981861929
EV1056,EV Scooter,Hero Vida V1,4,Customer support over phone is helpful and resolves issues quickly.,7,"Topic 7: riding, low, smooth, level, impressively",0.029696184479411258
EV1057,EV Car,MG ZS EV,4,"Energy used to charge still comes mostly from coal in my region, defeats the purpose somewhat.",1,"Topic 1: charge come, defeat purpose, defeat, come mostly, come",0.4284350621768463
EV1058,EV Scooter,Bajaj Chetak,3,Insurance premium for EV is surprisingly high compared to petrol vehicles.,7,"Topic 7: riding, low, smooth, level, impressively",0.02615054439024567
EV1059,EV Scooter,Bajaj Chetak,5,"Stability control on wet roads is impressive and inspires confidence. The companion app keeps crashing, needs urgent software updates. The battery warranty of 20 years gives me confidence in long term reliability.",6,"Topic 6: app, keep, update, software update, need",0.23665901180422366
EV1060,EV Scooter,Ola S1,4,The upfront price is high but government subsidy makes it affordable. Battery health dropped to 85% within 18 months of daily use. Battery range degrades faster than expected after just one year of use.,4,"Topic 4: use, daily use, daily, dropped, within month",0.24456312023731974
EV1061,EV Car,Mahindra XUV400,3,"Storage space under the seat is very limited, not practical for daily use.",4,"Topic 4: use, daily use, daily, dropped, within month",0.1489749552724736
EV1062,EV Scooter,Ather 450X,4,"Interior quality feels cheap for the price point, needs improvement.",6,"Topic 6: app, keep, update, software update, need",0.05136137910714518
EV1063,EV Car,Tesla Model 3,4,Charging infrastructure in tier 2 and tier 3 cities is almost non-existent.,0,"Topic 0: cost, replacement cost, replacement, price, battery",0.022957621508621948
EV1064,EV Car,Mahindra XUV400,4,"LED lighting and digital dashboard give it a premium, modern look.",9,"Topic 9: dashboard, caused dashboard, caused, dashboard freeze, freeze twice",0.1459803170732589
EV1065,EV Scooter,Ather 450X,3,EV subsidy scheme in my state got delayed and the discount amount reduced suddenly.,8,"Topic 8: service, service center, center, appointment long, center needed",0.01521381996855034
EV1066,EV Scooter,Hero Vida V1,4,"Charging takes too long, almost 6 hours for a full charge at home.",1,"Topic 1: charge come, defeat purpose, defeat, come mostly, come",0.04253603981861929
EV1067,EV Car,Hyundai Kona,4,Battery health dropped to 85% within 18 months of daily use.,4,"Topic 4: use, daily use, daily, dropped, within month",0.39372037011018973
EV1068,EV Car,Mahindra XUV400,4,"Loved the color options and the overall styling of the vehicle. Energy used to charge still comes mostly from coal in my region, defeats the purpose somewhat.",1,"Topic 1: charge come, defeat purpose, defeat, come mostly, come",0.34627975800350586
EV1069,EV Scooter,Bajaj Chetak,5,"LED lighting and digital dashboard give it a premium, modern look. For daily commute the range is fine but long trips are stressful because of low range.",9,"Topic 9: dashboard, caused dashboard, caused, dashboard freeze, freeze twice",0.09791891515307956
EV1070,EV Scooter,Ola S1,5,Compact size makes it easy to park and maneuver in city traffic.,0,"Topic 0: cost, replacement cost, replacement, price, battery",0.030857381256915433
EV1071,EV Car,Mahindra XUV400,5,"The companion app keeps crashing, needs urgent software updates.",6,"Topic 6: app, keep, update, software update, need",0.3913111625379394
EV1072,EV Scooter,TVS iQube,4,Battery performance is stable even after two years of heavy usage.,8,"Topic 8: service, service center, center, appointment long, center needed",0.052289309383214015
EV1073,EV Car,Mahindra XUV400,4,"Battery replacement cost is almost half the price of the vehicle, very concerning.",0,"Topic 0: cost, replacement cost, replacement, price, battery",0.10929763693684456
EV1074,EV Car,Tata Nexon EV,5,"For the price, I expected better build quality and more features.",8,"Topic 8: service, service center, center, appointment long, center needed",0.03904638720375586
EV1075,EV Scooter,TVS iQube,5,"Had a great experience with the service team, they explained everything clearly.",8,"Topic 8: service, service center, center, appointment long, center needed",0.10310956465082646
EV1076,EV Car,Mahindra XUV400,5,The motor is powerful and pickup is much better than petrol variants.,5,"Topic 5: battery disposal, disposal recycling, concerned, environmental impact, environmental",0.012919841213890379
EV1077,EV Car,Tesla Model 3,3,The upfront price is high but government subsidy makes it affordable.,0,"Topic 0: cost, replacement cost, replacement, price, battery",0.05427867857583784
EV1078,EV Car,MG ZS EV,4,Contributing to a cleaner city is a big motivation behind going electric. EV subsidy scheme in my state got delayed and the discount amount reduced suddenly.,0,"Topic 0: cost, replacement cost, replacement, price, battery",0.023597629100244353
EV1079,EV Scooter,Ather 450X,4,Finding a working charging station in my city is still very difficult.,6,"Topic 6: app, keep, update, software update, need",0.06122660181627624
EV1080,EV Scooter,Ampere Magnus,4,Fast charging network needs serious expansion on highways.,6,"Topic 6: app, keep, update, software update, need",0.07512874314890193
EV1081,EV Car,Tesla Model 3,5,Concerned about environmental impact of battery disposal and recycling. For daily commute the range is fine but long trips are stressful because of low range.,5,"Topic 5: battery disposal, disposal recycling, concerned, environmental impact, environmental",0.26046681467515
EV1082,EV Scooter,Ola S1,4,"Bluetooth connectivity drops frequently while riding, very frustrating. Love the app that shows nearby charging stations, very convenient feature.",6,"Topic 6: app, keep, update, software update, need",0.10084703407817665
EV1083,EV Scooter,Hero Vida V1,5,Stability control on wet roads is impressive and inspires confidence.,7,"Topic 7: riding, low, smooth, level, impressively",0.25999823105925624
EV1084,EV Scooter,Ampere Magnus,3,Concerned about environmental impact of battery disposal and recycling.,5,"Topic 5: battery disposal, disposal recycling, concerned, environmental impact, environmental",0.4358654034600713
EV1085,EV Scooter,Ather 450X,5,"For the price, I expected better build quality and more features.",8,"Topic 8: service, service center, center, appointment long, center needed",0.03904638720375586
EV1086,EV Scooter,TVS iQube,5,Battery health dropped to 85% within 18 months of daily use. Touchscreen infotainment system lags and is not very intuitive to use.,4,"Topic 4: use, daily use, daily, dropped, within month",0.30930448472448696
EV1087,EV Scooter,TVS iQube,5,Advanced safety features like ABS and traction control give peace of mind.,3,"Topic 3: ab, ab traction, control give, traction, traction control",0.4034444933979644
EV1088,EV Car,Tata Nexon EV,4,"Read reports about battery fires, safety is my biggest concern before buying.",4,"Topic 4: use, daily use, daily, dropped, within month",0.06224454269100942
EV1089,EV Scooter,Hero Vida V1,5,"Charging takes too long, almost 6 hours for a full charge at home.",1,"Topic 1: charge come, defeat purpose, defeat, come mostly, come",0.04253603981861929
EV1090,EV Car,Mahindra XUV400,4,Navigation system integrated with range prediction is genuinely useful.,7,"Topic 7: riding, low, smooth, level, impressively",0.07776545472498549
EV1091,EV Scooter,Bajaj Chetak,3,"After sales support has been excellent, quick response and doorstep service. Zero tailpipe emissions is the main reason I chose an electric vehicle.",7,"Topic 7: riding, low, smooth, level, impressively",0.11974235940029358
EV1092,EV Car,Tesla Model 3,5,"Read reports about battery fires, safety is my biggest concern before buying. Battery health dropped to 85% within 18 months of daily use.",4,"Topic 4: use, daily use, daily, dropped, within month",0.2922337853824494
EV1093,EV Scooter,TVS iQube,4,"There are very few authorized service centers, had to travel 250 km for repair.",8,"Topic 8: service, service center, center, appointment long, center needed",0.27134328447285216
EV1094,EV Car,Hyundai Kona,4,Service center staff are not well trained to handle EV specific issues.,8,"Topic 8: service, service center, center, appointment long, center needed",0.2956903099765675
EV1095,EV Car,BYD Atto 3,5,"Charging takes too long, almost 6 hours for a full charge at home. Battery range degrades faster than expected after just one year of use.",4,"Topic 4: use, daily use, daily, dropped, within month",0.04539169313171215
EV1096,EV Scooter,Bajaj Chetak,3,"Service center staff are not well trained to handle EV specific issues. Smart key and app based lock features work flawlessly, very convenient.",8,"Topic 8: service, service center, center, appointment long, center needed",0.198157874263426
EV1097,EV Car,Mahindra XUV400,4,Battery health dropped to 85% within 18 months of daily use.,4,"Topic 4: use, daily use, daily, dropped, within month",0.39372037011018973
EV1098,EV Scooter,Ola S1,5,"Energy used to charge still comes mostly from coal in my region, defeats the purpose somewhat.",1,"Topic 1: charge come, defeat purpose, defeat, come mostly, come",0.4284350621768463
EV1099,EV Car,BYD Atto 3,4,"After sales support has been excellent, quick response and doorstep service. Compact size makes it easy to park and maneuver in city traffic.",8,"Topic 8: service, service center, center, appointment long, center needed",0.07380565992956602
EV1100,EV Car,BYD Atto 3,5,"There are very few authorized service centers, had to travel 150 km for repair. Home charging setup was expensive and took weeks to install.",8,"Topic 8: service, service center, center, appointment long, center needed",0.19445607528347275
EV1101,EV Car,MG ZS EV,4,Contributing to a cleaner city is a big motivation behind going electric.,0,"Topic 0: cost, replacement cost, replacement, price, battery",0.02549945550685614
EV1102,EV Scooter,Ola S1,3,"The companion app keeps crashing, needs urgent software updates.",6,"Topic 6: app, keep, update, software update, need",0.3913111625379394
EV1103,EV Car,Hyundai Kona,5,"Read reports about battery fires, safety is my biggest concern before buying.",4,"Topic 4: use, daily use, daily, dropped, within month",0.06224454269100942
EV1104,EV Car,Hyundai Kona,4,"Battery performance is stable even after two years of heavy usage. Waiting time for service appointment is too long, more service centers needed.",8,"Topic 8: service, service center, center, appointment long, center needed",0.31405356768815434
EV1105,EV Scooter,Bajaj Chetak,4,"Storage space under the seat is very limited, not practical for daily use. Service center staff are not well trained to handle EV specific issues. Navigation system integrated with range prediction is genuinely useful.",8,"Topic 8: service, service center, center, appointment long, center needed",0.16946185515503606
EV1106,EV Car,Mahindra XUV400,3,"The real world range is much lower than advertised, I only get 8 km on a full charge. Charging takes too long, almost 6 hours for a full charge at home. The upfront price is high but government subsidy makes it affordable.",0,"Topic 0: cost, replacement cost, replacement, price, battery",0.05015833580236402
EV1107,EV Car,Mahindra XUV400,5,Contributing to a cleaner city is a big motivation behind going electric.,0,"Topic 0: cost, replacement cost, replacement, price, battery",0.02549945550685614
EV1108,EV Scooter,Ola S1,3,Handling and stability at high speed feels very confident and safe. Zero tailpipe emissions is the main reason I chose an electric vehicle.,7,"Topic 7: riding, low, smooth, level, impressively",0.13727246921748798
EV1109,EV Scooter,Bajaj Chetak,4,"Emergency braking and collision alert systems work really well in traffic. Range drops badly in winter, I lost almost 30% range in cold weather.",2,"Topic 2: braking, system, work well, work, well",0.22099594068998438
EV1110,EV Scooter,TVS iQube,4,"Emergency braking and collision alert systems work really well in traffic. The real world range is much lower than advertised, I only get 150 km on a full charge. Navigation system integrated with range prediction is genuinely useful.",2,"Topic 2: braking, system, work well, work, well",0.2252904125921617
EV1111,EV Scooter,Ampere Magnus,5,EV subsidy scheme in my state got delayed and the discount amount reduced suddenly.,8,"Topic 8: service, service center, center, appointment long, center needed",0.01521381996855034
EV1112,EV Car,Hyundai Kona,4,I'm always worried about running out of charge before reaching my destination. EV subsidy scheme in my state got delayed and the discount amount reduced suddenly.,9,"Topic 9: dashboard, caused dashboard, caused, dashboard freeze, freeze twice",0.027442456080404947
EV1113,EV Car,BYD Atto 3,4,"Public chargers are often broken or occupied, need more charging stations urgently. Software glitches caused the dashboard to freeze twice in a month.",9,"Topic 9: dashboard, caused dashboard, caused, dashboard freeze, freeze twice",0.296627077905357
EV1114,EV Car,Mahindra XUV400,4,"Storage space under the seat is very limited, not practical for daily use. Over the air software updates are a great feature, keeps improving over time.",6,"Topic 6: app, keep, update, software update, need",0.14000008426283228
EV1115,EV Scooter,Ampere Magnus,5,"Energy used to charge still comes mostly from coal in my region, defeats the purpose somewhat.",1,"Topic 1: charge come, defeat purpose, defeat, come mostly, come",0.4284350621768463
EV1116,EV Car,Tata Nexon EV,4,"Advanced safety features like ABS and traction control give peace of mind. After sales support has been excellent, quick response and doorstep service.",3,"Topic 3: ab, ab traction, control give, traction, traction control",0.29617506321049153
EV1117,EV Scooter,Ampere Magnus,4,"The vehicle has good crash test ratings which reassured my purchase decision. Navigation system integrated with range prediction is genuinely useful. Noise levels are impressively low, riding experience is very smooth and quiet.",7,"Topic 7: riding, low, smooth, level, impressively",0.27345400240184703
EV1118,EV Scooter,TVS iQube,5,Insurance premium for EV is surprisingly high compared to petrol vehicles.,7,"Topic 7: riding, low, smooth, level, impressively",0.02615054439024567
EV1119,EV Car,Hyundai Kona,4,"Worried about battery degradation and replacement cost after warranty ends. Over the air software updates are a great feature, keeps improving over time.",6,"Topic 6: app, keep, update, software update, need",0.13611698436351993
EV1120,EV Scooter,Ola S1,4,Software glitches caused the dashboard to freeze twice in a month. I'm always worried about running out of charge before reaching my destination.,9,"Topic 9: dashboard, caused dashboard, caused, dashboard freeze, freeze twice",0.35262266358256167
EV1121,EV Scooter,Hero Vida V1,4,"After sales support has been excellent, quick response and doorstep service.",8,"Topic 8: service, service center, center, appointment long, center needed",0.112987380464634
EV1122,EV Scooter,Hero Vida V1,4,Build quality feels premium and the ride is extremely comfortable.,8,"Topic 8: service, service center, center, appointment long, center needed",0.03904935174823101
EV1123,EV Car,BYD Atto 3,3,"Running cost is much lower than petrol, saving a lot on fuel every month.",9,"Topic 9: dashboard, caused dashboard, caused, dashboard freeze, freeze twice",0.0516280875000597
EV1124,EV Scooter,Ola S1,3,Service center staff are not well trained to handle EV specific issues.,8,"Topic 8: service, service center, center, appointment long, center needed",0.2956903099765675
EV1125,EV Car,Hyundai Kona,4,"Suspension is too stiff, ride quality is uncomfortable on bad roads. Interior quality feels cheap for the price point, needs improvement.",6,"Topic 6: app, keep, update, software update, need",0.039660792812107916
EV1126,EV Scooter,Ampere Magnus,3,"Highway charging stops are rare, long distance travel is a nightmare.",8,"Topic 8: service, service center, center, appointment long, center needed",0.06565737663785687
EV1127,EV Car,Mahindra XUV400,3,"Spare parts availability is a major issue, waited a month for a replacement part.",9,"Topic 9: dashboard, caused dashboard, caused, dashboard freeze, freeze twice",0.022143653435404812
EV1128,EV Scooter,Hero Vida V1,4,"Advanced safety features like ABS and traction control give peace of mind. Battery replacement cost is almost half the price of the vehicle, very concerning.",3,"Topic 3: ab, ab traction, control give, traction, traction control",0.3107122454627484
EV1129,EV Scooter,Ampere Magnus,3,"Smart key and app based lock features work flawlessly, very convenient.",6,"Topic 6: app, keep, update, software update, need",0.20397177287681528
EV1130,EV Scooter,Ather 450X,5,Insurance premium for EV is surprisingly high compared to petrol vehicles.,7,"Topic 7: riding, low, smooth, level, impressively",0.02615054439024567
EV1131,EV Scooter,Ampere Magnus,5,The design looks futuristic and attracts a lot of attention on the road. Customer support over phone is helpful and resolves issues quickly.,7,"Topic 7: riding, low, smooth, level, impressively",0.04764831965123722
EV1132,EV Car,BYD Atto 3,4,Zero tailpipe emissions is the main reason I chose an electric vehicle. The motor is powerful and pickup is much better than petrol variants.,7,"Topic 7: riding, low, smooth, level, impressively",0.10787277957619223
EV1133,EV Scooter,Hero Vida V1,4,"Had a great experience with the service team, they explained everything clearly.",8,"Topic 8: service, service center, center, appointment long, center needed",0.10310956465082646
EV1134,EV Scooter,Ola S1,4,"Waiting time for service appointment is too long, more service centers needed. Noise levels are impressively low, riding experience is very smooth and quiet.",8,"Topic 8: service, service center, center, appointment long, center needed",0.2626150295229896
EV1135,EV Car,MG ZS EV,3,"Heard about a thermal runaway incident, this has shaken my trust in EV safety.",3,"Topic 3: ab, ab traction, control give, traction, traction control",0.03209915536470071
EV1136,EV Scooter,Ather 450X,3,Handling and stability at high speed feels very confident and safe.,7,"Topic 7: riding, low, smooth, level, impressively",0.042842528672923944
EV1137,EV Scooter,Ola S1,5,The vehicle has good crash test ratings which reassured my purchase decision.,9,"Topic 9: dashboard, caused dashboard, caused, dashboard freeze, freeze twice",0.10256815474960541
EV1138,EV Car,Mahindra XUV400,4,Touchscreen infotainment system lags and is not very intuitive to use.,2,"Topic 2: braking, system, work well, work, well",0.07261313254748547
EV1139,EV Scooter,Ampere Magnus,3,The upfront price is high but government subsidy makes it affordable. Navigation system integrated with range prediction is genuinely useful.,7,"Topic 7: riding, low, smooth, level, impressively",0.05199653010322802
EV1140,EV Scooter,Ampere Magnus,4,"Service center staff are not well trained to handle EV specific issues. Interior quality feels cheap for the price point, needs improvement.",8,"Topic 8: service, service center, center, appointment long, center needed",0.2121330522994474
EV1141,EV Car,Tata Nexon EV,5,Home charging setup was expensive and took weeks to install. Insurance premium for EV is surprisingly high compared to petrol vehicles.,5,"Topic 5: battery disposal, disposal recycling, concerned, environmental impact, environmental",0.031937108938628535
EV1142,EV Scooter,TVS iQube,4,Build materials feel sturdy but the design is a bit too plain compared to rivals.,8,"Topic 8: service, service center, center, appointment long, center needed",0.12733235366077575
EV1143,EV Car,Mahindra XUV400,3,"Build quality feels premium and the ride is extremely comfortable. For the price, I expected better build quality and more features.",8,"Topic 8: service, service center, center, appointment long, center needed",0.05036983134494512
EV1144,EV Car,Hyundai Kona,4,For daily commute the range is fine but long trips are stressful because of low range.,7,"Topic 7: riding, low, smooth, level, impressively",0.09687328225076879
EV1145,EV Scooter,Ather 450X,5,The upfront price is high but government subsidy makes it affordable.,0,"Topic 0: cost, replacement cost, replacement, price, battery",0.05427867857583784
EV1146,EV Car,Hyundai Kona,3,Fast charging network needs serious expansion on highways.,6,"Topic 6: app, keep, update, software update, need",0.07512874314890193
EV1147,EV Car,MG ZS EV,4,"Had a great experience with the service team, they explained everything clearly.",8,"Topic 8: service, service center, center, appointment long, center needed",0.10310956465082646
EV1148,EV Car,MG ZS EV,5,I'm always worried about running out of charge before reaching my destination.,9,"Topic 9: dashboard, caused dashboard, caused, dashboard freeze, freeze twice",0.046160397272723315
EV1149,EV Car,Hyundai Kona,5,I'm always worried about running out of charge before reaching my destination.,9,"Topic 9: dashboard, caused dashboard, caused, dashboard freeze, freeze twice",0.046160397272723315
EV1150,EV Scooter,Ola S1,4,"Public chargers are often broken or occupied, need more charging stations urgently.",6,"Topic 6: app, keep, update, software update, need",0.09851726439195248
EV1151,EV Scooter,Bajaj Chetak,5,"Over the air software updates are a great feature, keeps improving over time. Heard about a thermal runaway incident, this has shaken my trust in EV safety.",6,"Topic 6: app, keep, update, software update, need",0.13101168828963536
EV1152,EV Car,Tesla Model 3,3,"For daily commute the range is fine but long trips are stressful because of low range. Bluetooth connectivity drops frequently while riding, very frustrating.",7,"Topic 7: riding, low, smooth, level, impressively",0.14063334996911625
EV1153,EV Car,Mahindra XUV400,4,Handling and stability at high speed feels very confident and safe. Battery health dropped to 85% within 18 months of daily use.,4,"Topic 4: use, daily use, daily, dropped, within month",0.26476032008083433
EV1154,EV Scooter,Ampere Magnus,3,"Service center staff are not well trained to handle EV specific issues. Smart key and app based lock features work flawlessly, very convenient. Build materials feel sturdy but the design is a bit too plain compared to rivals.",8,"Topic 8: service, service center, center, appointment long, center needed",0.23535602769252068
EV1155,EV Car,Tesla Model 3,4,"Resale value of electric vehicles is still uncertain, worried about depreciation. LED lighting and digital dashboard give it a premium, modern look.",9,"Topic 9: dashboard, caused dashboard, caused, dashboard freeze, freeze twice",0.1220896693124854
EV1156,EV Scooter,Bajaj Chetak,5,Loved the color options and the overall styling of the vehicle.,1,"Topic 1: charge come, defeat purpose, defeat, come mostly, come",0.016621025870109416
EV1157,EV Scooter,TVS iQube,4,"Public chargers are often broken or occupied, need more charging stations urgently.",6,"Topic 6: app, keep, update, software update, need",0.09851726439195248
EV1158,EV Car,Mahindra XUV400,4,"Stability control on wet roads is impressive and inspires confidence. Range drops badly in winter, I lost almost 30% range in cold weather. Noise levels are impressively low, riding experience is very smooth and quiet.",7,"Topic 7: riding, low, smooth, level, impressively",0.372952926103328
EV1159,EV Scooter,Hero Vida V1,4,Concerned about environmental impact of battery disposal and recycling.,5,"Topic 5: battery disposal, disposal recycling, concerned, environmental impact, environmental",0.4358654034600713
EV1160,EV Scooter,Ola S1,3,"Resale value of electric vehicles is still uncertain, worried about depreciation. Love the app that shows nearby charging stations, very convenient feature.",6,"Topic 6: app, keep, update, software update, need",0.10857768525739349
EV1161,EV Car,Hyundai Kona,4,"Switching to EV feels good knowing I'm reducing my carbon footprint. There are very few authorized service centers, had to travel 200 km for repair.",8,"Topic 8: service, service center, center, appointment long, center needed",0.2320614453026668
EV1162,EV Scooter,TVS iQube,4,"Worried about battery degradation and replacement cost after warranty ends. Interior quality feels cheap for the price point, needs improvement.",0,"Topic 0: cost, replacement cost, replacement, price, battery",0.09135229339086887
EV1163,EV Car,Tata Nexon EV,4,"Over the air software updates are a great feature, keeps improving over time. Top speed is decent for city use but not enough for highway cruising.",6,"Topic 6: app, keep, update, software update, need",0.13885146229702303
EV1164,EV Scooter,Hero Vida V1,4,I'm always worried about running out of charge before reaching my destination.,9,"Topic 9: dashboard, caused dashboard, caused, dashboard freeze, freeze twice",0.046160397272723315
EV1165,EV Car,BYD Atto 3,3,"Bluetooth connectivity drops frequently while riding, very frustrating. Compact size makes it easy to park and maneuver in city traffic.",7,"Topic 7: riding, low, smooth, level, impressively",0.0673113402126594
EV1166,EV Scooter,Bajaj Chetak,3,"Public chargers are often broken or occupied, need more charging stations urgently. Braking system feels sharp and responsive, regenerative braking works well. Build materials feel sturdy but the design is a bit too plain compared to rivals.",2,"Topic 2: braking, system, work well, work, well",0.2126840339733249
EV1167,EV Scooter,Ampere Magnus,3,"The design looks futuristic and attracts a lot of attention on the road. Claimed range of 200 km is misleading, actual range is way less in city traffic.",7,"Topic 7: riding, low, smooth, level, impressively",0.056649967258441646
EV1168,EV Car,MG ZS EV,5,Finding a working charging station in my city is still very difficult.,6,"Topic 6: app, keep, update, software update, need",0.06122660181627624
EV1169,EV Scooter,Hero Vida V1,4,"Build materials feel sturdy but the design is a bit too plain compared to rivals. Read reports about battery fires, safety is my biggest concern before buying.",8,"Topic 8: service, service center, center, appointment long, center needed",0.10881494390809064
EV1170,EV Scooter,Ola S1,4,Battery range degrades faster than expected after just one year of use.,4,"Topic 4: use, daily use, daily, dropped, within month",0.06755701621713178
EV1171,EV Car,Hyundai Kona,4,"The design looks futuristic and attracts a lot of attention on the road. Spare parts availability is a major issue, waited a month for a replacement part.",9,"Topic 9: dashboard, caused dashboard, caused, dashboard freeze, freeze twice",0.027932674424074228
EV1172,EV Car,Hyundai Kona,4,Handling and stability at high speed feels very confident and safe.,7,"Topic 7: riding, low, smooth, level, impressively",0.042842528672923944
EV1173,EV Scooter,Ola S1,5,Advanced safety features like ABS and traction control give peace of mind.,3,"Topic 3: ab, ab traction, control give, traction, traction control",0.4034444933979644
EV1174,EV Scooter,TVS iQube,4,Battery performance is stable even after two years of heavy usage. Fast charging network needs serious expansion on highways. The vehicle has good crash test ratings which reassured my purchase decision.,9,"Topic 9: dashboard, caused dashboard, caused, dashboard freeze, freeze twice",0.05364337801142525
EV1175,EV Scooter,Hero Vida V1,3,Battery health dropped to 85% within 18 months of daily use. Customer support over phone is helpful and resolves issues quickly. Total cost of ownership is great once you factor in low maintenance and fuel savings.,4,"Topic 4: use, daily use, daily, dropped, within month",0.1896798538895553
EV1176,EV Car,MG ZS EV,5,Zero tailpipe emissions is the main reason I chose an electric vehicle. Build quality feels premium and the ride is extremely comfortable. Advanced safety features like ABS and traction control give peace of mind.,3,"Topic 3: ab, ab traction, control give, traction, traction control",0.2595794521626913
EV1177,EV Scooter,Bajaj Chetak,4,Handling and stability at high speed feels very confident and safe.,7,"Topic 7: riding, low, smooth, level, impressively",0.042842528672923944
EV1178,EV Scooter,Bajaj Chetak,5,"Braking system feels sharp and responsive, regenerative braking works well.",2,"Topic 2: braking, system, work well, work, well",0.362732406370459
EV1179,EV Car,Tesla Model 3,3,Compact size makes it easy to park and maneuver in city traffic. Navigation system integrated with range prediction is genuinely useful.,2,"Topic 2: braking, system, work well, work, well",0.06046858182963796
EV1180,EV Car,Mahindra XUV400,3,"Advanced safety features like ABS and traction control give peace of mind. Battery replacement cost is almost half the price of the vehicle, very concerning.",3,"Topic 3: ab, ab traction, control give, traction, traction control",0.3107122454627484
EV1181,EV Car,Hyundai Kona,4,"Claimed range of 5 km is misleading, actual range is way less in city traffic.",7,"Topic 7: riding, low, smooth, level, impressively",0.041861355679823284
EV1182,EV Scooter,Bajaj Chetak,3,"Spare parts availability is a major issue, waited a month for a replacement part.",9,"Topic 9: dashboard, caused dashboard, caused, dashboard freeze, freeze twice",0.022143653435404812
EV1183,EV Scooter,TVS iQube,4,Handling and stability at high speed feels very confident and safe.,7,"Topic 7: riding, low, smooth, level, impressively",0.042842528672923944
EV1184,EV Scooter,TVS iQube,4,Handling and stability at high speed feels very confident and safe.,7,"Topic 7: riding, low, smooth, level, impressively",0.042842528672923944
EV1185,EV Car,Hyundai Kona,5,Switching to EV feels good knowing I'm reducing my carbon footprint.,8,"Topic 8: service, service center, center, appointment long, center needed",0.0701157381403301
EV1186,EV Scooter,Ampere Magnus,4,Advanced safety features like ABS and traction control give peace of mind.,3,"Topic 3: ab, ab traction, control give, traction, traction control",0.4034444933979644
EV1187,EV Scooter,Ampere Magnus,4,"There are very few authorized service centers, had to travel 250 km for repair. Battery replacement cost is almost half the price of the vehicle, very concerning.",8,"Topic 8: service, service center, center, appointment long, center needed",0.1706366151113699
EV1188,EV Car,MG ZS EV,4,Customer support over phone is helpful and resolves issues quickly. Finding a working charging station in my city is still very difficult.,6,"Topic 6: app, keep, update, software update, need",0.03889570351857727
EV1189,EV Scooter,Ampere Magnus,4,"No proper information on how battery degrades over time, company should be transparent. Energy used to charge still comes mostly from coal in my region, defeats the purpose somewhat. Read reports about battery fires, safety is my biggest concern before buying.",1,"Topic 1: charge come, defeat purpose, defeat, come mostly, come",0.26533599603369135
EV1190,EV Scooter,Ola S1,3,"Over the air software updates are a great feature, keeps improving over time. Customer support over phone is helpful and resolves issues quickly. Zero tailpipe emissions is the main reason I chose an electric vehicle.",6,"Topic 6: app, keep, update, software update, need",0.11143437671744717
EV1191,EV Scooter,Bajaj Chetak,5,"Smart key and app based lock features work flawlessly, very convenient.",6,"Topic 6: app, keep, update, software update, need",0.20397177287681528
EV1192,EV Scooter,Bajaj Chetak,3,Concerned about environmental impact of battery disposal and recycling. Worried about battery degradation and replacement cost after warranty ends.,5,"Topic 5: battery disposal, disposal recycling, concerned, environmental impact, environmental",0.294011391842536
EV1193,EV Scooter,TVS iQube,5,"After sales support has been excellent, quick response and doorstep service. Charging infrastructure in tier 2 and tier 3 cities is almost non-existent. Battery performance is stable even after two years of heavy usage.",8,"Topic 8: service, service center, center, appointment long, center needed",0.08944563030101656
EV1194,EV Car,Mahindra XUV400,4,Acceleration is smooth and instant torque makes overtaking effortless.,7,"Topic 7: riding, low, smooth, level, impressively",0.07071550902865777
EV1195,EV Scooter,Ola S1,4,Insurance premium for EV is surprisingly high compared to petrol vehicles.,7,"Topic 7: riding, low, smooth, level, impressively",0.02615054439024567
EV1196,EV Car,Hyundai Kona,5,"Love the app that shows nearby charging stations, very convenient feature.",6,"Topic 6: app, keep, update, software update, need",0.13873149475387614
EV1197,EV Car,MG ZS EV,4,"Battery replacement cost is almost half the price of the vehicle, very concerning. Navigation system integrated with range prediction is genuinely useful.",0,"Topic 0: cost, replacement cost, replacement, price, battery",0.07445574843925912
EV1198,EV Car,Tata Nexon EV,3,"Worried about battery degradation and replacement cost after warranty ends. The vehicle has good crash test ratings which reassured my purchase decision. Interior quality feels cheap for the price point, needs improvement.",0,"Topic 0: cost, replacement cost, replacement, price, battery",0.0754194845338726
EV1199,EV Scooter,Ola S1,3,"Switching to EV feels good knowing I'm reducing my carbon footprint. The companion app keeps crashing, needs urgent software updates.",6,"Topic 6: app, keep, update, software update, need",0.3014079439783247
EV1200,EV Scooter,Ampere Magnus,4,The battery warranty of 300 years gives me confidence in long term reliability.,8,"Topic 8: service, service center, center, appointment long, center needed",0.04865305209709307
EV1201,EV Car,BYD Atto 3,4,"Worried about battery degradation and replacement cost after warranty ends. Finding a working charging station in my city is still very difficult. Noise levels are impressively low, riding experience is very smooth and quiet.",7,"Topic 7: riding, low, smooth, level, impressively",0.21335511415392547
EV1202,EV Scooter,Ola S1,4,"AC usage kills the range, on hot days I barely get half the claimed distance.",0,"Topic 0: cost, replacement cost, replacement, price, battery",0.018164580461625075
EV1203,EV Car,Hyundai Kona,4,Worried about battery degradation and replacement cost after warranty ends.,0,"Topic 0: cost, replacement cost, replacement, price, battery",0.10728248170323222
EV1204,EV Scooter,Ampere Magnus,4,"Smart key and app based lock features work flawlessly, very convenient. Battery health dropped to 85% within 18 months of daily use.",4,"Topic 4: use, daily use, daily, dropped, within month",0.23721292101269562
EV1205,EV Car,Tesla Model 3,5,"Price after subsidy is still higher than a comparable petrol scooter. The real world range is much lower than advertised, I only get 250 km on a full charge.",1,"Topic 1: charge come, defeat purpose, defeat, come mostly, come",0.038660805200190725
EV1206,EV Scooter,Ampere Magnus,4,"Had a great experience with the service team, they explained everything clearly. Claimed range of 200 km is misleading, actual range is way less in city traffic.",8,"Topic 8: service, service center, center, appointment long, center needed",0.06374167732076792
EV1207,EV Scooter,Ola S1,5,"Noise levels are impressively low, riding experience is very smooth and quiet. Build materials feel sturdy but the design is a bit too plain compared to rivals.",7,"Topic 7: riding, low, smooth, level, impressively",0.23410054288366314
EV1208,EV Scooter,Bajaj Chetak,4,Touchscreen infotainment system lags and is not very intuitive to use.,2,"Topic 2: braking, system, work well, work, well",0.07261313254748547
EV1209,EV Scooter,Ola S1,3,Zero tailpipe emissions is the main reason I chose an electric vehicle.,7,"Topic 7: riding, low, smooth, level, impressively",0.15348681555202068
EV1210,EV Scooter,TVS iQube,2,"Spare parts availability is a major issue, waited a month for a replacement part. Energy used to charge still comes mostly from coal in my region, defeats the purpose somewhat.",1,"Topic 1: charge come, defeat purpose, defeat, come mostly, come",0.2850451377252299
EV1211,EV Scooter,Ather 450X,4,"For daily commute the range is fine but long trips are stressful because of low range. Braking system feels sharp and responsive, regenerative braking works well.",2,"Topic 2: braking, system, work well, work, well",0.254336284899338
EV1212,EV Car,Tata Nexon EV,5,Battery health dropped to 85% within 18 months of daily use. Battery range degrades faster than expected after just one year of use.,4,"Topic 4: use, daily use, daily, dropped, within month",0.29927586349182755
EV1213,EV Car,MG ZS EV,5,"Noise levels are impressively low, riding experience is very smooth and quiet.",7,"Topic 7: riding, low, smooth, level, impressively",0.3464796245824144
EV1214,EV Car,BYD Atto 3,4,"Suspension is too stiff, ride quality is uncomfortable on bad roads. Navigation system integrated with range prediction is genuinely useful. Love the app that shows nearby charging stations, very convenient feature.",6,"Topic 6: app, keep, update, software update, need",0.0819676524418024
EV1215,EV Scooter,TVS iQube,4,Battery range degrades faster than expected after just one year of use. Battery performance is stable even after two years of heavy usage.,4,"Topic 4: use, daily use, daily, dropped, within month",0.05784531120053677
EV1216,EV Scooter,Ampere Magnus,4,"Software glitches caused the dashboard to freeze twice in a month. For the price, I expected better build quality and more features. There are very few authorized service centers, had to travel 100 km for repair.",9,"Topic 9: dashboard, caused dashboard, caused, dashboard freeze, freeze twice",0.2893423340380278
EV1217,EV Car,Tata Nexon EV,4,"Love the app that shows nearby charging stations, very convenient feature.",6,"Topic 6: app, keep, update, software update, need",0.13873149475387614
EV1218,EV Scooter,Hero Vida V1,4,"Had a great experience with the service team, they explained everything clearly. The battery warranty of 20 years gives me confidence in long term reliability. Read reports about battery fires, safety is my biggest concern before buying.",8,"Topic 8: service, service center, center, appointment long, center needed",0.1004082050247067
EV1219,EV Car,MG ZS EV,4,"AC usage kills the range, on hot days I barely get half the claimed distance.",0,"Topic 0: cost, replacement cost, replacement, price, battery",0.018164580461625075
EV1220,EV Scooter,Bajaj Chetak,4,"Charging takes too long, almost 6 hours for a full charge at home.",1,"Topic 1: charge come, defeat purpose, defeat, come mostly, come",0.04253603981861929
EV1221,EV Scooter,Hero Vida V1,4,"Interior quality feels cheap for the price point, needs improvement. Love the app that shows nearby charging stations, very convenient feature.",6,"Topic 6: app, keep, update, software update, need",0.13428740571792372
EV1222,EV Car,Mahindra XUV400,5,"No proper information on how battery degrades over time, company should be transparent. Heard about a thermal runaway incident, this has shaken my trust in EV safety.",8,"Topic 8: service, service center, center, appointment long, center needed",0.047466883290421036
EV1223,EV Car,MG ZS EV,4,"Charging takes too long, almost 6 hours for a full charge at home. Read reports about battery fires, safety is my biggest concern before buying. Battery health dropped to 85% within 18 months of daily use.",4,"Topic 4: use, daily use, daily, dropped, within month",0.23424480697899647
EV1224,EV Scooter,Hero Vida V1,4,"After sales support has been excellent, quick response and doorstep service. Fast charging network needs serious expansion on highways.",8,"Topic 8: service, service center, center, appointment long, center needed",0.0798266783050887
EV1225,EV Scooter,Ather 450X,3,Stability control on wet roads is impressive and inspires confidence.,7,"Topic 7: riding, low, smooth, level, impressively",0.25999823105925624
EV1226,EV Car,BYD Atto 3,3,"Switching to EV feels good knowing I'm reducing my carbon footprint. The real world range is much lower than advertised, I only get 3 km on a full charge. Heard about a thermal runaway incident, this has shaken my trust in EV safety.",8,"Topic 8: service, service center, center, appointment long, center needed",0.047901430082831105
EV1227,EV Scooter,Hero Vida V1,5,"Contributing to a cleaner city is a big motivation behind going electric. Range anxiety is real, I plan every trip around charging stops now.",0,"Topic 0: cost, replacement cost, replacement, price, battery",0.02076080052658603
EV1228,EV Scooter,Bajaj Chetak,3,Software glitches caused the dashboard to freeze twice in a month. Finding a working charging station in my city is still very difficult.,9,"Topic 9: dashboard, caused dashboard, caused, dashboard freeze, freeze twice",0.3470042319501588
EV1229,EV Car,Mahindra XUV400,4,Total cost of ownership is great once you factor in low maintenance and fuel savings. Top speed is decent for city use but not enough for highway cruising.,7,"Topic 7: riding, low, smooth, level, impressively",0.041394306821438166
EV1230,EV Scooter,Hero Vida V1,4,Handling and stability at high speed feels very confident and safe.,7,"Topic 7: riding, low, smooth, level, impressively",0.042842528672923944
EV1231,EV Scooter,Ather 450X,5,"Over the air software updates are a great feature, keeps improving over time. Running cost is much lower than petrol, saving a lot on fuel every month.",6,"Topic 6: app, keep, update, software update, need",0.12446612410593115
EV1232,EV Car,Hyundai Kona,4,"Resale value of electric vehicles is still uncertain, worried about depreciation. Battery performance is stable even after two years of heavy usage.",8,"Topic 8: service, service center, center, appointment long, center needed",0.03651053671049667
EV1233,EV Scooter,Ather 450X,4,"Bluetooth connectivity drops frequently while riding, very frustrating.",7,"Topic 7: riding, low, smooth, level, impressively",0.10316261143529813
EV1234,EV Scooter,Bajaj Chetak,5,Emergency braking and collision alert systems work really well in traffic.,2,"Topic 2: braking, system, work well, work, well",0.31909778238262776
EV1235,EV Car,MG ZS EV,4,"Spare parts availability is a major issue, waited a month for a replacement part.",9,"Topic 9: dashboard, caused dashboard, caused, dashboard freeze, freeze twice",0.022143653435404812
EV1236,EV Scooter,TVS iQube,3,The battery warranty of 5 years gives me confidence in long term reliability.,8,"Topic 8: service, service center, center, appointment long, center needed",0.04865305209709307
EV1237,EV Scooter,Bajaj Chetak,5,"Claimed range of 250 km is misleading, actual range is way less in city traffic.",7,"Topic 7: riding, low, smooth, level, impressively",0.041861355679823284
EV1238,EV Scooter,Ola S1,3,"Read reports about battery fires, safety is my biggest concern before buying. Service center staff are not well trained to handle EV specific issues. Highway charging stops are rare, long distance travel is a nightmare.",8,"Topic 8: service, service center, center, appointment long, center needed",0.22197745567268362
EV1239,EV Scooter,TVS iQube,3,"Contributing to a cleaner city is a big motivation behind going electric. Heard about a thermal runaway incident, this has shaken my trust in EV safety.",3,"Topic 3: ab, ab traction, control give, traction, traction control",0.02245620201214555
EV1240,EV Car,Tata Nexon EV,5,Navigation system integrated with range prediction is genuinely useful.,7,"Topic 7: riding, low, smooth, level, impressively",0.07776545472498549
EV1241,EV Scooter,Ather 450X,4,Battery performance is stable even after two years of heavy usage. Loved the color options and the overall styling of the vehicle. Customer support over phone is helpful and resolves issues quickly.,8,"Topic 8: service, service center, center, appointment long, center needed",0.042291608942672046
EV1242,EV Scooter,Hero Vida V1,4,Top speed is decent for city use but not enough for highway cruising.,4,"Topic 4: use, daily use, daily, dropped, within month",0.04123417232045928
EV1243,EV Car,Mahindra XUV400,5,"Waiting time for service appointment is too long, more service centers needed.",8,"Topic 8: service, service center, center, appointment long, center needed",0.3799067759679156
EV1244,EV Car,Tesla Model 3,4,Battery performance is stable even after two years of heavy usage.,8,"Topic 8: service, service center, center, appointment long, center needed",0.052289309383214015
EV1245,EV Scooter,Ather 450X,4,The upfront price is high but government subsidy makes it affordable.,0,"Topic 0: cost, replacement cost, replacement, price, battery",0.05427867857583784
EV1246,EV Scooter,TVS iQube,4,"For the price, I expected better build quality and more features. LED lighting and digital dashboard give it a premium, modern look.",9,"Topic 9: dashboard, caused dashboard, caused, dashboard freeze, freeze twice",0.12448372124618796
EV1247,EV Car,Tesla Model 3,4,The vehicle has good crash test ratings which reassured my purchase decision.,9,"Topic 9: dashboard, caused dashboard, caused, dashboard freeze, freeze twice",0.10256815474960541
EV1248,EV Scooter,Ampere Magnus,4,Navigation system integrated with range prediction is genuinely useful.,7,"Topic 7: riding, low, smooth, level, impressively",0.07776545472498549
EV1249,EV Scooter,Ampere Magnus,4,Price after subsidy is still higher than a comparable petrol scooter.,0,"Topic 0: cost, replacement cost, replacement, price, battery",0.029697944429557754
EV1250,EV Scooter,Ampere Magnus,5,"Waiting time for service appointment is too long, more service centers needed. For the price, I expected better build quality and more features.",8,"Topic 8: service, service center, center, appointment long, center needed",0.3166215114873815
EV1251,EV Scooter,Bajaj Chetak,4,Service center staff are not well trained to handle EV specific issues.,8,"Topic 8: service, service center, center, appointment long, center needed",0.2956903099765675
EV1252,EV Scooter,Bajaj Chetak,4,"Range anxiety is real, I plan every trip around charging stops now.",9,"Topic 9: dashboard, caused dashboard, caused, dashboard freeze, freeze twice",0.026957354754958095
EV1253,EV Car,Hyundai Kona,4,Price after subsidy is still higher than a comparable petrol scooter.,0,"Topic 0: cost, replacement cost, replacement, price, battery",0.029697944429557754
EV1254,EV Scooter,Ampere Magnus,3,"Energy used to charge still comes mostly from coal in my region, defeats the purpose somewhat.",1,"Topic 1: charge come, defeat purpose, defeat, come mostly, come",0.4284350621768463
EV1255,EV Car,MG ZS EV,4,The upfront price is high but government subsidy makes it affordable.,0,"Topic 0: cost, replacement cost, replacement, price, battery",0.05427867857583784
EV1256,EV Car,Mahindra XUV400,4,Worried about battery degradation and replacement cost after warranty ends.,0,"Topic 0: cost, replacement cost, replacement, price, battery",0.10728248170323222
EV1257,EV Car,Mahindra XUV400,4,"After sales support has been excellent, quick response and doorstep service. Acceleration is smooth and instant torque makes overtaking effortless.",8,"Topic 8: service, service center, center, appointment long, center needed",0.0752297194650269
EV1258,EV Car,Tesla Model 3,5,Battery health dropped to 85% within 18 months of daily use. The design looks futuristic and attracts a lot of attention on the road.,4,"Topic 4: use, daily use, daily, dropped, within month",0.2690678695246451
EV1259,EV Scooter,Bajaj Chetak,3,"Range drops badly in winter, I lost almost 30% range in cold weather. After sales support has been excellent, quick response and doorstep service.",8,"Topic 8: service, service center, center, appointment long, center needed",0.06902840166327615
EV1260,EV Scooter,Bajaj Chetak,4,Touchscreen infotainment system lags and is not very intuitive to use.,2,"Topic 2: braking, system, work well, work, well",0.07261313254748547
EV1261,EV Car,Tata Nexon EV,3,"Waiting time for service appointment is too long, more service centers needed.",8,"Topic 8: service, service center, center, appointment long, center needed",0.3799067759679156
EV1262,EV Car,Tata Nexon EV,3,"Battery replacement cost is almost half the price of the vehicle, very concerning. Compact size makes it easy to park and maneuver in city traffic.",0,"Topic 0: cost, replacement cost, replacement, price, battery",0.09371826979167419
EV1263,EV Scooter,Ola S1,3,"The battery warranty of 150 years gives me confidence in long term reliability. The companion app keeps crashing, needs urgent software updates.",6,"Topic 6: app, keep, update, software update, need",0.29120888697959924
EV1264,EV Scooter,Bajaj Chetak,5,"Braking system feels sharp and responsive, regenerative braking works well.",2,"Topic 2: braking, system, work well, work, well",0.362732406370459
EV1265,EV Car,Hyundai Kona,4,"Charging takes too long, almost 6 hours for a full charge at home. Over the air software updates are a great feature, keeps improving over time.",6,"Topic 6: app, keep, update, software update, need",0.138117977439724
EV1266,EV Scooter,Hero Vida V1,4,The motor is powerful and pickup is much better than petrol variants.,5,"Topic 5: battery disposal, disposal recycling, concerned, environmental impact, environmental",0.012919841213890379
EV1267,EV Car,MG ZS EV,4,Concerned about environmental impact of battery disposal and recycling.,5,"Topic 5: battery disposal, disposal recycling, concerned, environmental impact, environmental",0.4358654034600713
EV1268,EV Scooter,Hero Vida V1,3,"Running cost is much lower than petrol, saving a lot on fuel every month.",9,"Topic 9: dashboard, caused dashboard, caused, dashboard freeze, freeze twice",0.0516280875000597
EV1269,EV Scooter,Ampere Magnus,4,"Claimed range of 30 km is misleading, actual range is way less in city traffic.",7,"Topic 7: riding, low, smooth, level, impressively",0.041861355679823284
EV1270,EV Car,MG ZS EV,3,Fast charging network needs serious expansion on highways.,6,"Topic 6: app, keep, update, software update, need",0.07512874314890193
EV1271,EV Scooter,Ola S1,4,Battery performance is stable even after two years of heavy usage.,8,"Topic 8: service, service center, center, appointment long, center needed",0.052289309383214015
EV1272,EV Scooter,Bajaj Chetak,4,"Waiting time for service appointment is too long, more service centers needed.",8,"Topic 8: service, service center, center, appointment long, center needed",0.3799067759679156
EV1273,EV Car,Mahindra XUV400,4,"Switching to EV feels good knowing I'm reducing my carbon footprint. Highway charging stops are rare, long distance travel is a nightmare.",8,"Topic 8: service, service center, center, appointment long, center needed",0.09575674384820465
EV1274,EV Scooter,Hero Vida V1,3,Finding a working charging station in my city is still very difficult. Touchscreen infotainment system lags and is not very intuitive to use.,2,"Topic 2: braking, system, work well, work, well",0.06784575765598957
EV1275,EV Scooter,Ather 450X,4,"Storage space under the seat is very limited, not practical for daily use.",4,"Topic 4: use, daily use, daily, dropped, within month",0.1489749552724736
EV1276,EV Scooter,Bajaj Chetak,3,"Suspension is too stiff, ride quality is uncomfortable on bad roads. Highway charging stops are rare, long distance travel is a nightmare.",8,"Topic 8: service, service center, center, appointment long, center needed",0.0496877590008532
EV1277,EV Car,Tesla Model 3,4,"Spare parts availability is a major issue, waited a month for a replacement part.",9,"Topic 9: dashboard, caused dashboard, caused, dashboard freeze, freeze twice",0.022143653435404812
EV1278,EV Scooter,Ampere Magnus,5,Touchscreen infotainment system lags and is not very intuitive to use.,2,"Topic 2: braking, system, work well, work, well",0.07261313254748547
EV1279,EV Car,Hyundai Kona,3,"Interior quality feels cheap for the price point, needs improvement. Claimed range of 100 km is misleading, actual range is way less in city traffic.",6,"Topic 6: app, keep, update, software update, need",0.03200984135132072
EV1280,EV Car,BYD Atto 3,4,The upfront price is high but government subsidy makes it affordable.,0,"Topic 0: cost, replacement cost, replacement, price, battery",0.05427867857583784
EV1281,EV Scooter,Bajaj Chetak,4,I'm always worried about running out of charge before reaching my destination.,9,"Topic 9: dashboard, caused dashboard, caused, dashboard freeze, freeze twice",0.046160397272723315
EV1282,EV Scooter,Ather 450X,3,EV subsidy scheme in my state got delayed and the discount amount reduced suddenly.,8,"Topic 8: service, service center, center, appointment long, center needed",0.01521381996855034
EV1283,EV Car,Tesla Model 3,3,Service center staff are not well trained to handle EV specific issues.,8,"Topic 8: service, service center, center, appointment long, center needed",0.2956903099765675
EV1284,EV Car,Tesla Model 3,4,"AC usage kills the range, on hot days I barely get half the claimed distance.",0,"Topic 0: cost, replacement cost, replacement, price, battery",0.018164580461625075
EV1285,EV Scooter,Ampere Magnus,4,"Battery replacement cost is almost half the price of the vehicle, very concerning. There are very few authorized service centers, had to travel 8 km for repair.",8,"Topic 8: service, service center, center, appointment long, center needed",0.1706366151113699
EV1286,EV Scooter,Ather 450X,2,"The companion app keeps crashing, needs urgent software updates.",6,"Topic 6: app, keep, update, software update, need",0.3913111625379394
EV1287,EV Scooter,Bajaj Chetak,4,"Waiting time for service appointment is too long, more service centers needed. Running cost is much lower than petrol, saving a lot on fuel every month. Build quality feels premium and the ride is extremely comfortable.",8,"Topic 8: service, service center, center, appointment long, center needed",0.23843210364982553
EV1288,EV Scooter,Ola S1,4,Build materials feel sturdy but the design is a bit too plain compared to rivals.,8,"Topic 8: service, service center, center, appointment long, center needed",0.12733235366077575
EV1289,EV Car,Tata Nexon EV,3,"Smart key and app based lock features work flawlessly, very convenient. Resale value of electric vehicles is still uncertain, worried about depreciation.",6,"Topic 6: app, keep, update, software update, need",0.16116707652840348
EV1290,EV Scooter,Ola S1,3,Software glitches caused the dashboard to freeze twice in a month. Price after subsidy is still higher than a comparable petrol scooter.,9,"Topic 9: dashboard, caused dashboard, caused, dashboard freeze, freeze twice",0.33440710195219747
EV1291,EV Scooter,Ather 450X,4,Software glitches caused the dashboard to freeze twice in a month. The vehicle has good crash test ratings which reassured my purchase decision.,9,"Topic 9: dashboard, caused dashboard, caused, dashboard freeze, freeze twice",0.3976328337334849
EV1292,EV Scooter,TVS iQube,5,"Smart key and app based lock features work flawlessly, very convenient. Love the app that shows nearby charging stations, very convenient feature. Zero tailpipe emissions is the main reason I chose an electric vehicle.",6,"Topic 6: app, keep, update, software update, need",0.19814948241656125
EV1293,EV Scooter,TVS iQube,5,Worried about battery degradation and replacement cost after warranty ends.,0,"Topic 0: cost, replacement cost, replacement, price, battery",0.10728248170323222
EV1294,EV Scooter,Ampere Magnus,4,"Price after subsidy is still higher than a comparable petrol scooter. Noise levels are impressively low, riding experience is very smooth and quiet.",7,"Topic 7: riding, low, smooth, level, impressively",0.25966665072739215
EV1295,EV Car,Mahindra XUV400,3,"Bluetooth connectivity drops frequently while riding, very frustrating.",7,"Topic 7: riding, low, smooth, level, impressively",0.10316261143529813
EV1296,EV Car,Tesla Model 3,4,Emergency braking and collision alert systems work really well in traffic.,2,"Topic 2: braking, system, work well, work, well",0.31909778238262776
EV1297,EV Car,BYD Atto 3,4,Finding a working charging station in my city is still very difficult. For daily commute the range is fine but long trips are stressful because of low range.,7,"Topic 7: riding, low, smooth, level, impressively",0.08003720336291768
EV1298,EV Car,Tesla Model 3,4,"Claimed range of 20 km is misleading, actual range is way less in city traffic.",7,"Topic 7: riding, low, smooth, level, impressively",0.041861355679823284
EV1299,EV Scooter,TVS iQube,4,"The companion app keeps crashing, needs urgent software updates.",6,"Topic 6: app, keep, update, software update, need",0.3913111625379394
EV1300,EV Car,BYD Atto 3,4,Stability control on wet roads is impressive and inspires confidence.,7,"Topic 7: riding, low, smooth, level, impressively",0.25999823105925624
EV1301,EV Scooter,Ampere Magnus,4,"LED lighting and digital dashboard give it a premium, modern look.",9,"Topic 9: dashboard, caused dashboard, caused, dashboard freeze, freeze twice",0.1459803170732589
EV1302,EV Car,Tata Nexon EV,3,Price after subsidy is still higher than a comparable petrol scooter.,0,"Topic 0: cost, replacement cost, replacement, price, battery",0.029697944429557754
EV1303,EV Scooter,TVS iQube,5,Build quality feels premium and the ride is extremely comfortable. Compact size makes it easy to park and maneuver in city traffic.,0,"Topic 0: cost, replacement cost, replacement, price, battery",0.02785664262148969
EV1304,EV Car,Tesla Model 3,3,"For daily commute the range is fine but long trips are stressful because of low range. Highway charging stops are rare, long distance travel is a nightmare.",7,"Topic 7: riding, low, smooth, level, impressively",0.07042366165129754
EV1305,EV Scooter,Ampere Magnus,5,Worried about battery degradation and replacement cost after warranty ends.,0,"Topic 0: cost, replacement cost, replacement, price, battery",0.10728248170323222
EV1306,EV Scooter,Bajaj Chetak,4,Advanced safety features like ABS and traction control give peace of mind.,3,"Topic 3: ab, ab traction, control give, traction, traction control",0.4034444933979644
EV1307,EV Car,MG ZS EV,4,"Charging takes too long, almost 6 hours for a full charge at home.",1,"Topic 1: charge come, defeat purpose, defeat, come mostly, come",0.04253603981861929
EV1308,EV Car,MG ZS EV,4,Zero tailpipe emissions is the main reason I chose an electric vehicle.,7,"Topic 7: riding, low, smooth, level, impressively",0.15348681555202068
EV1309,EV Scooter,Ola S1,5,"Energy used to charge still comes mostly from coal in my region, defeats the purpose somewhat. Loved the color options and the overall styling of the vehicle.",1,"Topic 1: charge come, defeat purpose, defeat, come mostly, come",0.34627975800350586
EV1310,EV Scooter,Hero Vida V1,4,Acceleration is smooth and instant torque makes overtaking effortless.,7,"Topic 7: riding, low, smooth, level, impressively",0.07071550902865777
EV1311,EV Car,Mahindra XUV400,5,"Energy used to charge still comes mostly from coal in my region, defeats the purpose somewhat.",1,"Topic 1: charge come, defeat purpose, defeat, come mostly, come",0.4284350621768463
EV1312,EV Scooter,TVS iQube,5,"Over the air software updates are a great feature, keeps improving over time.",6,"Topic 6: app, keep, update, software update, need",0.18863644383392794
EV1313,EV Scooter,Ampere Magnus,5,Contributing to a cleaner city is a big motivation behind going electric.,0,"Topic 0: cost, replacement cost, replacement, price, battery",0.02549945550685614
EV1314,EV Car,BYD Atto 3,4,"Charging takes too long, almost 6 hours for a full charge at home.",1,"Topic 1: charge come, defeat purpose, defeat, come mostly, come",0.04253603981861929
EV1315,EV Car,Mahindra XUV400,4,Handling and stability at high speed feels very confident and safe. Finding a working charging station in my city is still very difficult.,6,"Topic 6: app, keep, update, software update, need",0.06586996934749685
EV1316,EV Scooter,Bajaj Chetak,3,Worried about battery degradation and replacement cost after warranty ends.,0,"Topic 0: cost, replacement cost, replacement, price, battery",0.10728248170323222
EV1317,EV Car,Mahindra XUV400,3,The design looks futuristic and attracts a lot of attention on the road.,7,"Topic 7: riding, low, smooth, level, impressively",0.03791100511224609
EV1318,EV Car,Tata Nexon EV,3,Contributing to a cleaner city is a big motivation behind going electric. Acceleration is smooth and instant torque makes overtaking effortless.,7,"Topic 7: riding, low, smooth, level, impressively",0.04733239585891503
EV1319,EV Scooter,Bajaj Chetak,4,Zero tailpipe emissions is the main reason I chose an electric vehicle. Stability control on wet roads is impressive and inspires confidence.,7,"Topic 7: riding, low, smooth, level, impressively",0.2933573723832733
EV1320,EV Scooter,Ather 450X,4,"Spare parts availability is a major issue, waited a month for a replacement part.",9,"Topic 9: dashboard, caused dashboard, caused, dashboard freeze, freeze twice",0.022143653435404812
EV1321,EV Car,Tata Nexon EV,4,"Storage space under the seat is very limited, not practical for daily use. Had a great experience with the service team, they explained everything clearly.",4,"Topic 4: use, daily use, daily, dropped, within month",0.10175241035361533
EV1322,EV Car,Hyundai Kona,4,"Energy used to charge still comes mostly from coal in my region, defeats the purpose somewhat.",1,"Topic 1: charge come, defeat purpose, defeat, come mostly, come",0.4284350621768463
EV1323,EV Car,Mahindra XUV400,5,For daily commute the range is fine but long trips are stressful because of low range.,7,"Topic 7: riding, low, smooth, level, impressively",0.09687328225076879
EV1324,EV Scooter,Ampere Magnus,5,"Noise levels are impressively low, riding experience is very smooth and quiet.",7,"Topic 7: riding, low, smooth, level, impressively",0.3464796245824144
EV1325,EV Car,Hyundai Kona,5,Touchscreen infotainment system lags and is not very intuitive to use.,2,"Topic 2: braking, system, work well, work, well",0.07261313254748547
EV1326,EV Car,Mahindra XUV400,4,Concerned about environmental impact of battery disposal and recycling. Insurance premium for EV is surprisingly high compared to petrol vehicles.,5,"Topic 5: battery disposal, disposal recycling, concerned, environmental impact, environmental",0.30266282957598134
EV1327,EV Scooter,Bajaj Chetak,4,"Energy used to charge still comes mostly from coal in my region, defeats the purpose somewhat.",1,"Topic 1: charge come, defeat purpose, defeat, come mostly, come",0.4284350621768463
EV1328,EV Car,Tesla Model 3,5,"Smart key and app based lock features work flawlessly, very convenient.",6,"Topic 6: app, keep, update, software update, need",0.20397177287681528
EV1329,EV Scooter,Hero Vida V1,4,"Battery health dropped to 85% within 18 months of daily use. After sales support has been excellent, quick response and doorstep service.",4,"Topic 4: use, daily use, daily, dropped, within month",0.25520794996506585
EV1330,EV Car,Tesla Model 3,5,Navigation system integrated with range prediction is genuinely useful.,7,"Topic 7: riding, low, smooth, level, impressively",0.07776545472498549
EV1331,EV Scooter,Ampere Magnus,4,Compact size makes it easy to park and maneuver in city traffic.,0,"Topic 0: cost, replacement cost, replacement, price, battery",0.030857381256915433
EV1332,EV Car,Hyundai Kona,4,"Suspension is too stiff, ride quality is uncomfortable on bad roads.",7,"Topic 7: riding, low, smooth, level, impressively",0.025882875992505494
EV1333,EV Car,BYD Atto 3,5,"Public chargers are often broken or occupied, need more charging stations urgently. Range anxiety is real, I plan every trip around charging stops now.",6,"Topic 6: app, keep, update, software update, need",0.07340478653369621
EV1334,EV Car,BYD Atto 3,3,"LED lighting and digital dashboard give it a premium, modern look. Software glitches caused the dashboard to freeze twice in a month.",9,"Topic 9: dashboard, caused dashboard, caused, dashboard freeze, freeze twice",0.39787468056488573
EV1335,EV Car,Hyundai Kona,4,"Spare parts availability is a major issue, waited a month for a replacement part.",9,"Topic 9: dashboard, caused dashboard, caused, dashboard freeze, freeze twice",0.022143653435404812
EV1336,EV Car,Tata Nexon EV,4,Build quality feels premium and the ride is extremely comfortable.,8,"Topic 8: service, service center, center, appointment long, center needed",0.03904935174823101
EV1337,EV Car,BYD Atto 3,5,Charging infrastructure in tier 2 and tier 3 cities is almost non-existent.,0,"Topic 0: cost, replacement cost, replacement, price, battery",0.022957621508621948
EV1338,EV Scooter,TVS iQube,4,Finding a working charging station in my city is still very difficult.,6,"Topic 6: app, keep, update, software update, need",0.06122660181627624
EV1339,EV Scooter,Hero Vida V1,5,"Heard about a thermal runaway incident, this has shaken my trust in EV safety. Battery health dropped to 85% within 18 months of daily use.",4,"Topic 4: use, daily use, daily, dropped, within month",0.2498622938010732
EV1340,EV Scooter,Ampere Magnus,5,Build materials feel sturdy but the design is a bit too plain compared to rivals.,8,"Topic 8: service, service center, center, appointment long, center needed",0.12733235366077575
EV1341,EV Car,MG ZS EV,4,"Energy used to charge still comes mostly from coal in my region, defeats the purpose somewhat. Insurance premium for EV is surprisingly high compared to petrol vehicles. Bluetooth connectivity drops frequently while riding, very frustrating.",1,"Topic 1: charge come, defeat purpose, defeat, come mostly, come",0.2943036650591339
EV1342,EV Car,Tesla Model 3,4,Home charging setup was expensive and took weeks to install. Concerned about environmental impact of battery disposal and recycling.,5,"Topic 5: battery disposal, disposal recycling, concerned, environmental impact, environmental",0.30539060587255284
EV1343,EV Scooter,Ather 450X,3,Software glitches caused the dashboard to freeze twice in a month. The vehicle has good crash test ratings which reassured my purchase decision.,9,"Topic 9: dashboard, caused dashboard, caused, dashboard freeze, freeze twice",0.3976328337334849
EV1344,EV Scooter,Ampere Magnus,4,Top speed is decent for city use but not enough for highway cruising.,4,"Topic 4: use, daily use, daily, dropped, within month",0.04123417232045928
EV1345,EV Scooter,Ampere Magnus,4,"Battery health dropped to 85% within 18 months of daily use. Braking system feels sharp and responsive, regenerative braking works well. Public chargers are often broken or occupied, need more charging stations urgently.",2,"Topic 2: braking, system, work well, work, well",0.21783779377012308
EV1346,EV Car,Hyundai Kona,5,Compact size makes it easy to park and maneuver in city traffic.,0,"Topic 0: cost, replacement cost, replacement, price, battery",0.030857381256915433
EV1347,EV Car,BYD Atto 3,4,Software glitches caused the dashboard to freeze twice in a month.,9,"Topic 9: dashboard, caused dashboard, caused, dashboard freeze, freeze twice",0.4541679341646786
EV1348,EV Car,BYD Atto 3,5,Battery health dropped to 85% within 18 months of daily use.,4,"Topic 4: use, daily use, daily, dropped, within month",0.39372037011018973
EV1349,EV Scooter,Bajaj Chetak,4,"Over the air software updates are a great feature, keeps improving over time.",6,"Topic 6: app, keep, update, software update, need",0.18863644383392794
EV1350,EV Car,Mahindra XUV400,5,Build materials feel sturdy but the design is a bit too plain compared to rivals.,8,"Topic 8: service, service center, center, appointment long, center needed",0.12733235366077575
EV1351,EV Scooter,Bajaj Chetak,2,"EV subsidy scheme in my state got delayed and the discount amount reduced suddenly. There are very few authorized service centers, had to travel 20 km for repair. Range anxiety is real, I plan every trip around charging stops now.",8,"Topic 8: service, service center, center, appointment long, center needed",0.13028620085359982
EV1352,EV Car,Mahindra XUV400,5,"Public chargers are often broken or occupied, need more charging stations urgently.",6,"Topic 6: app, keep, update, software update, need",0.09851726439195248
EV1353,EV Scooter,Ampere Magnus,4,Navigation system integrated with range prediction is genuinely useful.,7,"Topic 7: riding, low, smooth, level, impressively",0.07776545472498549
EV1354,EV Car,Mahindra XUV400,4,Battery range degrades faster than expected after just one year of use.,4,"Topic 4: use, daily use, daily, dropped, within month",0.06755701621713178
EV1355,EV Scooter,TVS iQube,4,Price after subsidy is still higher than a comparable petrol scooter.,0,"Topic 0: cost, replacement cost, replacement, price, battery",0.029697944429557754
EV1356,EV Scooter,Hero Vida V1,4,Price after subsidy is still higher than a comparable petrol scooter.,0,"Topic 0: cost, replacement cost, replacement, price, battery",0.029697944429557754
EV1357,EV Car,BYD Atto 3,4,"Energy used to charge still comes mostly from coal in my region, defeats the purpose somewhat.",1,"Topic 1: charge come, defeat purpose, defeat, come mostly, come",0.4284350621768463
EV1358,EV Car,Hyundai Kona,3,"Read reports about battery fires, safety is my biggest concern before buying. Highway charging stops are rare, long distance travel is a nightmare.",8,"Topic 8: service, service center, center, appointment long, center needed",0.06265696070074084
EV1359,EV Car,Hyundai Kona,5,"No proper information on how battery degrades over time, company should be transparent. Noise levels are impressively low, riding experience is very smooth and quiet. For the price, I expected better build quality and more features.",7,"Topic 7: riding, low, smooth, level, impressively",0.21425724385566042
EV1360,EV Car,BYD Atto 3,3,"The companion app keeps crashing, needs urgent software updates.",6,"Topic 6: app, keep, update, software update, need",0.3913111625379394
EV1361,EV Car,Mahindra XUV400,4,"Smart key and app based lock features work flawlessly, very convenient. Handling and stability at high speed feels very confident and safe. Battery range degrades faster than expected after just one year of use.",6,"Topic 6: app, keep, update, software update, need",0.14436833019832462
EV1362,EV Scooter,Ola S1,4,"For the price, I expected better build quality and more features.",8,"Topic 8: service, service center, center, appointment long, center needed",0.03904638720375586
EV1363,EV Scooter,TVS iQube,4,Concerned about environmental impact of battery disposal and recycling. Software glitches caused the dashboard to freeze twice in a month.,9,"Topic 9: dashboard, caused dashboard, caused, dashboard freeze, freeze twice",0.3341858728536394
EV1364,EV Car,Tata Nexon EV,4,Home charging setup was expensive and took weeks to install.,5,"Topic 5: battery disposal, disposal recycling, concerned, environmental impact, environmental",0.034397188509763525
EV1365,EV Scooter,Bajaj Chetak,4,"No proper information on how battery degrades over time, company should be transparent.",8,"Topic 8: service, service center, center, appointment long, center needed",0.052935026121235115
EV1366,EV Scooter,Ather 450X,5,Service center staff are not well trained to handle EV specific issues.,8,"Topic 8: service, service center, center, appointment long, center needed",0.2956903099765675
EV1367,EV Scooter,Hero Vida V1,4,"Waiting time for service appointment is too long, more service centers needed.",8,"Topic 8: service, service center, center, appointment long, center needed",0.3799067759679156
EV1368,EV Car,Mahindra XUV400,5,"Running cost is much lower than petrol, saving a lot on fuel every month. Over the air software updates are a great feature, keeps improving over time.",6,"Topic 6: app, keep, update, software update, need",0.12446612410593115
EV1369,EV Car,BYD Atto 3,2,Handling and stability at high speed feels very confident and safe.,7,"Topic 7: riding, low, smooth, level, impressively",0.042842528672923944
EV1370,EV Scooter,Hero Vida V1,3,Insurance premium for EV is surprisingly high compared to petrol vehicles.,7,"Topic 7: riding, low, smooth, level, impressively",0.02615054439024567
EV1371,EV Car,Tesla Model 3,4,"Braking system feels sharp and responsive, regenerative braking works well.",2,"Topic 2: braking, system, work well, work, well",0.362732406370459
EV1372,EV Car,Mahindra XUV400,3,"Heard about a thermal runaway incident, this has shaken my trust in EV safety. I'm always worried about running out of charge before reaching my destination.",9,"Topic 9: dashboard, caused dashboard, caused, dashboard freeze, freeze twice",0.02860650817972422
EV1373,EV Scooter,TVS iQube,5,Contributing to a cleaner city is a big motivation behind going electric.,0,"Topic 0: cost, replacement cost, replacement, price, battery",0.02549945550685614
EV1374,EV Car,Tata Nexon EV,4,"Concerned about environmental impact of battery disposal and recycling. Storage space under the seat is very limited, not practical for daily use.",5,"Topic 5: battery disposal, disposal recycling, concerned, environmental impact, environmental",0.2831583250483784
EV1375,EV Scooter,Ather 450X,3,EV subsidy scheme in my state got delayed and the discount amount reduced suddenly.,8,"Topic 8: service, service center, center, appointment long, center needed",0.01521381996855034
EV1376,EV Car,Tesla Model 3,4,Zero tailpipe emissions is the main reason I chose an electric vehicle. Stability control on wet roads is impressive and inspires confidence.,7,"Topic 7: riding, low, smooth, level, impressively",0.2933573723832733
EV1377,EV Scooter,TVS iQube,4,The design looks futuristic and attracts a lot of attention on the road.,7,"Topic 7: riding, low, smooth, level, impressively",0.03791100511224609
EV1378,EV Car,Mahindra XUV400,4,Top speed is decent for city use but not enough for highway cruising.,4,"Topic 4: use, daily use, daily, dropped, within month",0.04123417232045928
EV1379,EV Car,Mahindra XUV400,4,"Smart key and app based lock features work flawlessly, very convenient.",6,"Topic 6: app, keep, update, software update, need",0.20397177287681528
EV1380,EV Car,Tata Nexon EV,4,The upfront price is high but government subsidy makes it affordable. For daily commute the range is fine but long trips are stressful because of low range.,7,"Topic 7: riding, low, smooth, level, impressively",0.07171085340309799
EV1381,EV Scooter,Hero Vida V1,4,Home charging setup was expensive and took weeks to install.,5,"Topic 5: battery disposal, disposal recycling, concerned, environmental impact, environmental",0.034397188509763525
EV1382,EV Scooter,Ola S1,3,"Resale value of electric vehicles is still uncertain, worried about depreciation. Battery replacement cost is almost half the price of the vehicle, very concerning.",0,"Topic 0: cost, replacement cost, replacement, price, battery",0.08491105431814135
EV1383,EV Car,Hyundai Kona,4,"Running cost is much lower than petrol, saving a lot on fuel every month.",9,"Topic 9: dashboard, caused dashboard, caused, dashboard freeze, freeze twice",0.0516280875000597
EV1384,EV Scooter,Ola S1,3,Service center staff are not well trained to handle EV specific issues. Worried about battery degradation and replacement cost after warranty ends.,8,"Topic 8: service, service center, center, appointment long, center needed",0.21645781482859666
EV1385,EV Car,Tesla Model 3,4,"Braking system feels sharp and responsive, regenerative braking works well. Read reports about battery fires, safety is my biggest concern before buying.",2,"Topic 2: braking, system, work well, work, well",0.2597171213959478
EV1386,EV Scooter,Ather 450X,3,"Noise levels are impressively low, riding experience is very smooth and quiet.",7,"Topic 7: riding, low, smooth, level, impressively",0.3464796245824144
EV1387,EV Scooter,Ampere Magnus,5,Navigation system integrated with range prediction is genuinely useful. Concerned about environmental impact of battery disposal and recycling.,5,"Topic 5: battery disposal, disposal recycling, concerned, environmental impact, environmental",0.31128956994440216
EV1388,EV Car,Mahindra XUV400,3,"Customer support over phone is helpful and resolves issues quickly. Public chargers are often broken or occupied, need more charging stations urgently.",6,"Topic 6: app, keep, update, software update, need",0.07218786243335701
EV1389,EV Car,Tesla Model 3,3,The upfront price is high but government subsidy makes it affordable.,0,"Topic 0: cost, replacement cost, replacement, price, battery",0.05427867857583784
EV1390,EV Scooter,TVS iQube,5,"For daily commute the range is fine but long trips are stressful because of low range. Read reports about battery fires, safety is my biggest concern before buying.",7,"Topic 7: riding, low, smooth, level, impressively",0.06669647599133795
EV1391,EV Scooter,Ather 450X,3,"Love the app that shows nearby charging stations, very convenient feature.",6,"Topic 6: app, keep, update, software update, need",0.13873149475387614
EV1392,EV Car,BYD Atto 3,3,"Emergency braking and collision alert systems work really well in traffic. Range drops badly in winter, I lost almost 30% range in cold weather.",2,"Topic 2: braking, system, work well, work, well",0.22099594068998438
EV1393,EV Scooter,TVS iQube,4,"The vehicle has good crash test ratings which reassured my purchase decision. Over the air software updates are a great feature, keeps improving over time. Range anxiety is real, I plan every trip around charging stops now.",6,"Topic 6: app, keep, update, software update, need",0.10945759435435577
EV1394,EV Scooter,Hero Vida V1,4,Zero tailpipe emissions is the main reason I chose an electric vehicle. Software glitches caused the dashboard to freeze twice in a month.,9,"Topic 9: dashboard, caused dashboard, caused, dashboard freeze, freeze twice",0.324550100477396
EV1395,EV Car,MG ZS EV,3,"Resale value of electric vehicles is still uncertain, worried about depreciation. Stability control on wet roads is impressive and inspires confidence.",7,"Topic 7: riding, low, smooth, level, impressively",0.18856007435816358
EV1396,EV Car,Hyundai Kona,5,Fast charging network needs serious expansion on highways.,6,"Topic 6: app, keep, update, software update, need",0.07512874314890193
EV1397,EV Car,Mahindra XUV400,4,Service center staff are not well trained to handle EV specific issues.,8,"Topic 8: service, service center, center, appointment long, center needed",0.2956903099765675
EV1398,EV Car,MG ZS EV,3,"Public chargers are often broken or occupied, need more charging stations urgently.",6,"Topic 6: app, keep, update, software update, need",0.09851726439195248
EV1399,EV Car,Tesla Model 3,4,Build materials feel sturdy but the design is a bit too plain compared to rivals.,8,"Topic 8: service, service center, center, appointment long, center needed",0.12733235366077575
EV1400,EV Car,MG ZS EV,3,Build materials feel sturdy but the design is a bit too plain compared to rivals.,8,"Topic 8: service, service center, center, appointment long, center needed",0.12733235366077575
EV1401,EV Scooter,TVS iQube,4,"Home charging setup was expensive and took weeks to install. Running cost is much lower than petrol, saving a lot on fuel every month.",9,"Topic 9: dashboard, caused dashboard, caused, dashboard freeze, freeze twice",0.037435546854418834
EV1402,EV Car,Tata Nexon EV,4,Handling and stability at high speed feels very confident and safe. Compact size makes it easy to park and maneuver in city traffic.,0,"Topic 0: cost, replacement cost, replacement, price, battery",0.028378739888326055
EV1403,EV Scooter,Ather 450X,5,"Had a great experience with the service team, they explained everything clearly.",8,"Topic 8: service, service center, center, appointment long, center needed",0.10310956465082646
EV1404,EV Car,Tata Nexon EV,4,"Resale value of electric vehicles is still uncertain, worried about depreciation.",9,"Topic 9: dashboard, caused dashboard, caused, dashboard freeze, freeze twice",0.015858813342786358
EV1405,EV Car,Tata Nexon EV,5,"Stability control on wet roads is impressive and inspires confidence. Range anxiety is real, I plan every trip around charging stops now.",7,"Topic 7: riding, low, smooth, level, impressively",0.18272163652818804
EV1406,EV Scooter,Ather 450X,4,Stability control on wet roads is impressive and inspires confidence.,7,"Topic 7: riding, low, smooth, level, impressively",0.25999823105925624
EV1407,EV Car,Tata Nexon EV,4,Finding a working charging station in my city is still very difficult.,6,"Topic 6: app, keep, update, software update, need",0.06122660181627624
EV1408,EV Car,MG ZS EV,4,Handling and stability at high speed feels very confident and safe.,7,"Topic 7: riding, low, smooth, level, impressively",0.042842528672923944
EV1409,EV Scooter,Ola S1,4,"The companion app keeps crashing, needs urgent software updates. The battery warranty of 100 years gives me confidence in long term reliability.",6,"Topic 6: app, keep, update, software update, need",0.29120888697959924
EV1410,EV Car,Mahindra XUV400,3,"Storage space under the seat is very limited, not practical for daily use.",4,"Topic 4: use, daily use, daily, dropped, within month",0.1489749552724736
EV1411,EV Car,Mahindra XUV400,4,Total cost of ownership is great once you factor in low maintenance and fuel savings.,7,"Topic 7: riding, low, smooth, level, impressively",0.05644573421802956
EV1412,EV Scooter,TVS iQube,5,"Concerned about environmental impact of battery disposal and recycling. For the price, I expected better build quality and more features.",5,"Topic 5: battery disposal, disposal recycling, concerned, environmental impact, environmental",0.30350421013819395
EV1413,EV Scooter,Ampere Magnus,2,"Spare parts availability is a major issue, waited a month for a replacement part.",9,"Topic 9: dashboard, caused dashboard, caused, dashboard freeze, freeze twice",0.022143653435404812
EV1414,EV Car,Mahindra XUV400,4,"Emergency braking and collision alert systems work really well in traffic. AC usage kills the range, on hot days I barely get half the claimed distance.",2,"Topic 2: braking, system, work well, work, well",0.20914574833831076
EV1415,EV Scooter,Ampere Magnus,4,"Noise levels are impressively low, riding experience is very smooth and quiet.",7,"Topic 7: riding, low, smooth, level, impressively",0.3464796245824144
EV1416,EV Scooter,Ather 450X,5,"Range anxiety is real, I plan every trip around charging stops now.",9,"Topic 9: dashboard, caused dashboard, caused, dashboard freeze, freeze twice",0.026957354754958095
EV1417,EV Car,Mahindra XUV400,3,Worried about battery degradation and replacement cost after warranty ends.,0,"Topic 0: cost, replacement cost, replacement, price, battery",0.10728248170323222
EV1418,EV Car,Tesla Model 3,3,Insurance premium for EV is surprisingly high compared to petrol vehicles.,7,"Topic 7: riding, low, smooth, level, impressively",0.02615054439024567
EV1419,EV Scooter,Ather 450X,4,Top speed is decent for city use but not enough for highway cruising. I'm always worried about running out of charge before reaching my destination.,4,"Topic 4: use, daily use, daily, dropped, within month",0.03325122996751615
EV1420,EV Car,Mahindra XUV400,4,"Range drops badly in winter, I lost almost 30% range in cold weather.",7,"Topic 7: riding, low, smooth, level, impressively",0.06257870840187371
EV1421,EV Car,MG ZS EV,4,"The companion app keeps crashing, needs urgent software updates.",6,"Topic 6: app, keep, update, software update, need",0.3913111625379394
EV1422,EV Scooter,Ampere Magnus,3,Worried about battery degradation and replacement cost after warranty ends. Acceleration is smooth and instant torque makes overtaking effortless.,0,"Topic 0: cost, replacement cost, replacement, price, battery",0.0772572711593458
EV1423,EV Car,BYD Atto 3,3,"Top speed is decent for city use but not enough for highway cruising. Highway charging stops are rare, long distance travel is a nightmare.",8,"Topic 8: service, service center, center, appointment long, center needed",0.04288448623659949
EV1424,EV Car,Hyundai Kona,4,"No proper information on how battery degrades over time, company should be transparent. Storage space under the seat is very limited, not practical for daily use.",4,"Topic 4: use, daily use, daily, dropped, within month",0.1205307086618869
EV1425,EV Scooter,Ather 450X,5,"Build materials feel sturdy but the design is a bit too plain compared to rivals. Waiting time for service appointment is too long, more service centers needed.",8,"Topic 8: service, service center, center, appointment long, center needed",0.3528795232257348
EV1426,EV Scooter,Ather 450X,3,Switching to EV feels good knowing I'm reducing my carbon footprint.,8,"Topic 8: service, service center, center, appointment long, center needed",0.0701157381403301
EV1427,EV Car,BYD Atto 3,4,Switching to EV feels good knowing I'm reducing my carbon footprint.,8,"Topic 8: service, service center, center, appointment long, center needed",0.0701157381403301
EV1428,EV Scooter,Ather 450X,4,"Suspension is too stiff, ride quality is uncomfortable on bad roads. Switching to EV feels good knowing I'm reducing my carbon footprint.",8,"Topic 8: service, service center, center, appointment long, center needed",0.049774279430325245
EV1429,EV Scooter,Bajaj Chetak,4,"Resale value of electric vehicles is still uncertain, worried about depreciation. Charging takes too long, almost 6 hours for a full charge at home.",1,"Topic 1: charge come, defeat purpose, defeat, come mostly, come",0.030263443772390538
EV1430,EV Car,Tesla Model 3,4,"Over the air software updates are a great feature, keeps improving over time. Storage space under the seat is very limited, not practical for daily use.",6,"Topic 6: app, keep, update, software update, need",0.14000008426283228
EV1431,EV Scooter,Bajaj Chetak,5,Charging infrastructure in tier 2 and tier 3 cities is almost non-existent.,0,"Topic 0: cost, replacement cost, replacement, price, battery",0.022957621508621948
EV1432,EV Car,MG ZS EV,4,Service center staff are not well trained to handle EV specific issues.,8,"Topic 8: service, service center, center, appointment long, center needed",0.2956903099765675
EV1433,EV Scooter,TVS iQube,4,"Battery replacement cost is almost half the price of the vehicle, very concerning.",0,"Topic 0: cost, replacement cost, replacement, price, battery",0.10929763693684456
EV1434,EV Car,Tesla Model 3,4,"Acceleration is smooth and instant torque makes overtaking effortless. Bluetooth connectivity drops frequently while riding, very frustrating.",7,"Topic 7: riding, low, smooth, level, impressively",0.12187769847305227
EV1435,EV Car,BYD Atto 3,3,"Fast charging network needs serious expansion on highways. Noise levels are impressively low, riding experience is very smooth and quiet. EV subsidy scheme in my state got delayed and the discount amount reduced suddenly.",7,"Topic 7: riding, low, smooth, level, impressively",0.19462636377918116
EV1436,EV Scooter,TVS iQube,5,"Interior quality feels cheap for the price point, needs improvement. Advanced safety features like ABS and traction control give peace of mind. Touchscreen infotainment system lags and is not very intuitive to use.",3,"Topic 3: ab, ab traction, control give, traction, traction control",0.24709379090008188
EV1437,EV Car,Mahindra XUV400,4,The upfront price is high but government subsidy makes it affordable. Fast charging network needs serious expansion on highways.,6,"Topic 6: app, keep, update, software update, need",0.052557712611839176
EV1438,EV Car,Tesla Model 3,3,"Charging takes too long, almost 6 hours for a full charge at home.",1,"Topic 1: charge come, defeat purpose, defeat, come mostly, come",0.04253603981861929
EV1439,EV Scooter,Bajaj Chetak,5,Emergency braking and collision alert systems work really well in traffic.,2,"Topic 2: braking, system, work well, work, well",0.31909778238262776
EV1440,EV Car,Hyundai Kona,3,"The companion app keeps crashing, needs urgent software updates.",6,"Topic 6: app, keep, update, software update, need",0.3913111625379394
EV1441,EV Scooter,Bajaj Chetak,5,"There are very few authorized service centers, had to travel 8 km for repair. Range drops badly in winter, I lost almost 30% range in cold weather.",8,"Topic 8: service, service center, center, appointment long, center needed",0.14848126185023333
EV1442,EV Car,Tesla Model 3,4,Zero tailpipe emissions is the main reason I chose an electric vehicle.,7,"Topic 7: riding, low, smooth, level, impressively",0.15348681555202068
EV1443,EV Car,Mahindra XUV400,2,Contributing to a cleaner city is a big motivation behind going electric. EV subsidy scheme in my state got delayed and the discount amount reduced suddenly.,0,"Topic 0: cost, replacement cost, replacement, price, battery",0.023597629100244353
EV1444,EV Car,Mahindra XUV400,5,"Energy used to charge still comes mostly from coal in my region, defeats the purpose somewhat.",1,"Topic 1: charge come, defeat purpose, defeat, come mostly, come",0.4284350621768463
EV1445,EV Car,Tata Nexon EV,4,Total cost of ownership is great once you factor in low maintenance and fuel savings. Switching to EV feels good knowing I'm reducing my carbon footprint.,7,"Topic 7: riding, low, smooth, level, impressively",0.043456603972043144
EV1446,EV Scooter,Ola S1,5,Concerned about environmental impact of battery disposal and recycling.,5,"Topic 5: battery disposal, disposal recycling, concerned, environmental impact, environmental",0.4358654034600713
EV1447,EV Scooter,Hero Vida V1,4,"Heard about a thermal runaway incident, this has shaken my trust in EV safety. Loved the color options and the overall styling of the vehicle.",3,"Topic 3: ab, ab traction, control give, traction, traction control",0.03175928232989394
EV1448,EV Scooter,Ampere Magnus,5,"Interior quality feels cheap for the price point, needs improvement. Home charging setup was expensive and took weeks to install. Energy used to charge still comes mostly from coal in my region, defeats the purpose somewhat.",1,"Topic 1: charge come, defeat purpose, defeat, come mostly, come",0.2792688815461461
EV1449,EV Car,Tata Nexon EV,4,Loved the color options and the overall styling of the vehicle.,1,"Topic 1: charge come, defeat purpose, defeat, come mostly, come",0.016621025870109416
EV1450,EV Scooter,Hero Vida V1,4,I'm always worried about running out of charge before reaching my destination.,9,"Topic 9: dashboard, caused dashboard, caused, dashboard freeze, freeze twice",0.046160397272723315
EV1451,EV Scooter,Bajaj Chetak,4,"Claimed range of 80 km is misleading, actual range is way less in city traffic. Build materials feel sturdy but the design is a bit too plain compared to rivals. Build quality feels premium and the ride is extremely comfortable.",8,"Topic 8: service, service center, center, appointment long, center needed",0.08968555055608693
EV1452,EV Scooter,TVS iQube,3,"Had a great experience with the service team, they explained everything clearly. Contributing to a cleaner city is a big motivation behind going electric.",8,"Topic 8: service, service center, center, appointment long, center needed",0.07036041461635412
EV1453,EV Car,MG ZS EV,3,"Noise levels are impressively low, riding experience is very smooth and quiet. Customer support over phone is helpful and resolves issues quickly.",7,"Topic 7: riding, low, smooth, level, impressively",0.26253648416367115
EV1454,EV Car,MG ZS EV,4,"Smart key and app based lock features work flawlessly, very convenient.",6,"Topic 6: app, keep, update, software update, need",0.20397177287681528
EV1455,EV Scooter,Ola S1,4,Emergency braking and collision alert systems work really well in traffic.,2,"Topic 2: braking, system, work well, work, well",0.31909778238262776
EV1456,EV Car,BYD Atto 3,3,The upfront price is high but government subsidy makes it affordable.,0,"Topic 0: cost, replacement cost, replacement, price, battery",0.05427867857583784
EV1457,EV Car,Tata Nexon EV,3,"Resale value of electric vehicles is still uncertain, worried about depreciation. Had a great experience with the service team, they explained everything clearly.",8,"Topic 8: service, service center, center, appointment long, center needed",0.07566538105321163
EV1458,EV Scooter,Ampere Magnus,3,"Resale value of electric vehicles is still uncertain, worried about depreciation.",9,"Topic 9: dashboard, caused dashboard, caused, dashboard freeze, freeze twice",0.015858813342786358
EV1459,EV Scooter,Ampere Magnus,4,Concerned about environmental impact of battery disposal and recycling. The vehicle has good crash test ratings which reassured my purchase decision.,5,"Topic 5: battery disposal, disposal recycling, concerned, environmental impact, environmental",0.3002288954359013
EV1460,EV Car,Hyundai Kona,5,"LED lighting and digital dashboard give it a premium, modern look. Claimed range of 150 km is misleading, actual range is way less in city traffic. No proper information on how battery degrades over time, company should be transparent.",9,"Topic 9: dashboard, caused dashboard, caused, dashboard freeze, freeze twice",0.08032098769052907
EV1461,EV Car,Tesla Model 3,4,Advanced safety features like ABS and traction control give peace of mind.,3,"Topic 3: ab, ab traction, control give, traction, traction control",0.4034444933979644
EV1462,EV Car,Mahindra XUV400,4,"EV subsidy scheme in my state got delayed and the discount amount reduced suddenly. Spare parts availability is a major issue, waited a month for a replacement part. Emergency braking and collision alert systems work really well in traffic.",2,"Topic 2: braking, system, work well, work, well",0.1642698660438722
EV1463,EV Scooter,Bajaj Chetak,5,"Waiting time for service appointment is too long, more service centers needed.",8,"Topic 8: service, service center, center, appointment long, center needed",0.3799067759679156
EV1464,EV Scooter,Ampere Magnus,4,"Braking system feels sharp and responsive, regenerative braking works well.",2,"Topic 2: braking, system, work well, work, well",0.362732406370459
EV1465,EV Scooter,Hero Vida V1,4,"Braking system feels sharp and responsive, regenerative braking works well.",2,"Topic 2: braking, system, work well, work, well",0.362732406370459
EV1466,EV Scooter,TVS iQube,4,Battery health dropped to 85% within 18 months of daily use. Advanced safety features like ABS and traction control give peace of mind.,3,"Topic 3: ab, ab traction, control give, traction, traction control",0.3111530409286606
EV1467,EV Scooter,Hero Vida V1,3,"Bluetooth connectivity drops frequently while riding, very frustrating. Spare parts availability is a major issue, waited a month for a replacement part. Emergency braking and collision alert systems work really well in traffic.",2,"Topic 2: braking, system, work well, work, well",0.17410804805358276
EV1468,EV Car,BYD Atto 3,4,Stability control on wet roads is impressive and inspires confidence. Touchscreen infotainment system lags and is not very intuitive to use.,7,"Topic 7: riding, low, smooth, level, impressively",0.18720050149702783
EV1469,EV Scooter,Ather 450X,3,Software glitches caused the dashboard to freeze twice in a month. The battery warranty of 5 years gives me confidence in long term reliability.,9,"Topic 9: dashboard, caused dashboard, caused, dashboard freeze, freeze twice",0.32590778947712185
EV1470,EV Car,Tesla Model 3,4,"Braking system feels sharp and responsive, regenerative braking works well. Insurance premium for EV is surprisingly high compared to petrol vehicles.",2,"Topic 2: braking, system, work well, work, well",0.28849749680995007
EV1471,EV Scooter,TVS iQube,4,"Smart key and app based lock features work flawlessly, very convenient.",6,"Topic 6: app, keep, update, software update, need",0.20397177287681528
EV1472,EV Car,Mahindra XUV400,5,"Over the air software updates are a great feature, keeps improving over time.",6,"Topic 6: app, keep, update, software update, need",0.18863644383392794
EV1473,EV Car,Tesla Model 3,4,"LED lighting and digital dashboard give it a premium, modern look. I'm always worried about running out of charge before reaching my destination.",9,"Topic 9: dashboard, caused dashboard, caused, dashboard freeze, freeze twice",0.1401414687901632
EV1474,EV Car,MG ZS EV,4,The battery warranty of 5 years gives me confidence in long term reliability.,8,"Topic 8: service, service center, center, appointment long, center needed",0.04865305209709307
EV1475,EV Car,Tata Nexon EV,5,Acceleration is smooth and instant torque makes overtaking effortless.,7,"Topic 7: riding, low, smooth, level, impressively",0.07071550902865777
EV1476,EV Car,Mahindra XUV400,4,Contributing to a cleaner city is a big motivation behind going electric. Worried about battery degradation and replacement cost after warranty ends.,0,"Topic 0: cost, replacement cost, replacement, price, battery",0.09011596548262854
EV1477,EV Car,BYD Atto 3,5,"Storage space under the seat is very limited, not practical for daily use. The companion app keeps crashing, needs urgent software updates.",6,"Topic 6: app, keep, update, software update, need",0.2791519080689383
EV1478,EV Car,BYD Atto 3,3,The motor is powerful and pickup is much better than petrol variants.,5,"Topic 5: battery disposal, disposal recycling, concerned, environmental impact, environmental",0.012919841213890379
EV1479,EV Car,Tesla Model 3,3,"Braking system feels sharp and responsive, regenerative braking works well.",2,"Topic 2: braking, system, work well, work, well",0.362732406370459
EV1480,EV Car,Tata Nexon EV,3,"Worried about battery degradation and replacement cost after warranty ends. Charging takes too long, almost 6 hours for a full charge at home.",0,"Topic 0: cost, replacement cost, replacement, price, battery",0.09186599018380882
EV1481,EV Scooter,Bajaj Chetak,4,Build quality feels premium and the ride is extremely comfortable.,8,"Topic 8: service, service center, center, appointment long, center needed",0.03904935174823101
EV1482,EV Scooter,Ather 450X,2,Total cost of ownership is great once you factor in low maintenance and fuel savings. Zero tailpipe emissions is the main reason I chose an electric vehicle.,7,"Topic 7: riding, low, smooth, level, impressively",0.13752201348358017
EV1483,EV Car,BYD Atto 3,4,"Range anxiety is real, I plan every trip around charging stops now. LED lighting and digital dashboard give it a premium, modern look.",9,"Topic 9: dashboard, caused dashboard, caused, dashboard freeze, freeze twice",0.11846054128046536
EV1484,EV Car,BYD Atto 3,5,For daily commute the range is fine but long trips are stressful because of low range. Charging infrastructure in tier 2 and tier 3 cities is almost non-existent.,7,"Topic 7: riding, low, smooth, level, impressively",0.07036314561883428
EV1485,EV Scooter,Ola S1,3,EV subsidy scheme in my state got delayed and the discount amount reduced suddenly. For daily commute the range is fine but long trips are stressful because of low range.,7,"Topic 7: riding, low, smooth, level, impressively",0.06824264104544937
EV1486,EV Car,Tesla Model 3,4,"LED lighting and digital dashboard give it a premium, modern look.",9,"Topic 9: dashboard, caused dashboard, caused, dashboard freeze, freeze twice",0.1459803170732589
EV1487,EV Car,BYD Atto 3,4,Fast charging network needs serious expansion on highways. Navigation system integrated with range prediction is genuinely useful.,7,"Topic 7: riding, low, smooth, level, impressively",0.05447254138538858
EV1488,EV Car,Hyundai Kona,4,Service center staff are not well trained to handle EV specific issues. Battery performance is stable even after two years of heavy usage.,8,"Topic 8: service, service center, center, appointment long, center needed",0.25229620811259806
EV1489,EV Scooter,Ather 450X,4,"Range drops badly in winter, I lost almost 30% range in cold weather. Switching to EV feels good knowing I'm reducing my carbon footprint.",7,"Topic 7: riding, low, smooth, level, impressively",0.04757341463644608
EV1490,EV Scooter,Ather 450X,4,"Fast charging network needs serious expansion on highways. Spare parts availability is a major issue, waited a month for a replacement part.",6,"Topic 6: app, keep, update, software update, need",0.04333876406243924
EV1491,EV Scooter,TVS iQube,5,"The battery warranty of 250 years gives me confidence in long term reliability. AC usage kills the range, on hot days I barely get half the claimed distance.",8,"Topic 8: service, service center, center, appointment long, center needed",0.034845492063249155
EV1492,EV Scooter,Hero Vida V1,4,I'm always worried about running out of charge before reaching my destination.,9,"Topic 9: dashboard, caused dashboard, caused, dashboard freeze, freeze twice",0.046160397272723315
EV1493,EV Car,Hyundai Kona,3,"Love the app that shows nearby charging stations, very convenient feature. Suspension is too stiff, ride quality is uncomfortable on bad roads.",6,"Topic 6: app, keep, update, software update, need",0.10343111723943534
EV1494,EV Car,Mahindra XUV400,4,Build materials feel sturdy but the design is a bit too plain compared to rivals.,8,"Topic 8: service, service center, center, appointment long, center needed",0.12733235366077575
EV1495,EV Scooter,Bajaj Chetak,4,I'm always worried about running out of charge before reaching my destination.,9,"Topic 9: dashboard, caused dashboard, caused, dashboard freeze, freeze twice",0.046160397272723315
EV1496,EV Car,Mahindra XUV400,5,Battery performance is stable even after two years of heavy usage.,8,"Topic 8: service, service center, center, appointment long, center needed",0.052289309383214015
EV1497,EV Scooter,TVS iQube,2,"Bluetooth connectivity drops frequently while riding, very frustrating. Finding a working charging station in my city is still very difficult. The design looks futuristic and attracts a lot of attention on the road.",7,"Topic 7: riding, low, smooth, level, impressively",0.08593308788199795
EV1498,EV Scooter,Hero Vida V1,4,"Concerned about environmental impact of battery disposal and recycling. Running cost is much lower than petrol, saving a lot on fuel every month.",5,"Topic 5: battery disposal, disposal recycling, concerned, environmental impact, environmental",0.27350939276348957
EV1499,EV Scooter,Hero Vida V1,3,"Interior quality feels cheap for the price point, needs improvement.",6,"Topic 6: app, keep, update, software update, need",0.05136137910714518
EV1500,EV Car,Tata Nexon EV,4,"The companion app keeps crashing, needs urgent software updates. Battery replacement cost is almost half the price of the vehicle, very concerning.",6,"Topic 6: app, keep, update, software update, need",0.2844002646916293
EV1501,EV Scooter,Ather 450X,4,"Read reports about battery fires, safety is my biggest concern before buying.",4,"Topic 4: use, daily use, daily, dropped, within month",0.06224454269100942
EV1502,EV Scooter,Bajaj Chetak,5,"Smart key and app based lock features work flawlessly, very convenient. Contributing to a cleaner city is a big motivation behind going electric. Charging infrastructure in tier 2 and tier 3 cities is almost non-existent.",6,"Topic 6: app, keep, update, software update, need",0.12566693251036531
EV1503,EV Scooter,Ola S1,3,"Compact size makes it easy to park and maneuver in city traffic. Energy used to charge still comes mostly from coal in my region, defeats the purpose somewhat. The real world range is much lower than advertised, I only get 100 km on a full charge.",1,"Topic 1: charge come, defeat purpose, defeat, come mostly, come",0.2702351369457502
EV1504,EV Scooter,Ampere Magnus,4,Acceleration is smooth and instant torque makes overtaking effortless.,7,"Topic 7: riding, low, smooth, level, impressively",0.07071550902865777
EV1505,EV Car,Mahindra XUV400,4,Build quality feels premium and the ride is extremely comfortable.,8,"Topic 8: service, service center, center, appointment long, center needed",0.03904935174823101
EV1506,EV Car,Tata Nexon EV,4,"Braking system feels sharp and responsive, regenerative braking works well.",2,"Topic 2: braking, system, work well, work, well",0.362732406370459
EV1507,EV Scooter,Hero Vida V1,4,"Smart key and app based lock features work flawlessly, very convenient. No proper information on how battery degrades over time, company should be transparent.",6,"Topic 6: app, keep, update, software update, need",0.16579920315839664
EV1508,EV Scooter,Ola S1,4,"Running cost is much lower than petrol, saving a lot on fuel every month.",9,"Topic 9: dashboard, caused dashboard, caused, dashboard freeze, freeze twice",0.0516280875000597
EV1509,EV Scooter,Ather 450X,4,Finding a working charging station in my city is still very difficult. Build materials feel sturdy but the design is a bit too plain compared to rivals.,8,"Topic 8: service, service center, center, appointment long, center needed",0.09927201992060009
EV1510,EV Car,Mahindra XUV400,4,"Battery performance is stable even after two years of heavy usage. Software glitches caused the dashboard to freeze twice in a month. The real world range is much lower than advertised, I only get 20 km on a full charge.",9,"Topic 9: dashboard, caused dashboard, caused, dashboard freeze, freeze twice",0.26614742525104257
EV1511,EV Scooter,Ampere Magnus,4,Zero tailpipe emissions is the main reason I chose an electric vehicle.,7,"Topic 7: riding, low, smooth, level, impressively",0.15348681555202068
EV1512,EV Car,Tata Nexon EV,4,Emergency braking and collision alert systems work really well in traffic.,2,"Topic 2: braking, system, work well, work, well",0.31909778238262776
EV1513,EV Scooter,Ampere Magnus,3,"Build quality feels premium and the ride is extremely comfortable. Had a great experience with the service team, they explained everything clearly.",8,"Topic 8: service, service center, center, appointment long, center needed",0.10218224786317233
EV1514,EV Car,MG ZS EV,3,"Had a great experience with the service team, they explained everything clearly. The vehicle has good crash test ratings which reassured my purchase decision.",8,"Topic 8: service, service center, center, appointment long, center needed",0.07895549663663158
EV1515,EV Car,MG ZS EV,4,"Top speed is decent for city use but not enough for highway cruising. No proper information on how battery degrades over time, company should be transparent. Advanced safety features like ABS and traction control give peace of mind.",3,"Topic 3: ab, ab traction, control give, traction, traction control",0.2486484192858164
EV1516,EV Scooter,Ampere Magnus,3,The vehicle has good crash test ratings which reassured my purchase decision.,9,"Topic 9: dashboard, caused dashboard, caused, dashboard freeze, freeze twice",0.10256815474960541
EV1517,EV Scooter,Ola S1,4,"No proper information on how battery degrades over time, company should be transparent. The real world range is much lower than advertised, I only get 150 km on a full charge.",8,"Topic 8: service, service center, center, appointment long, center needed",0.03789320447671905
EV1518,EV Scooter,Ather 450X,5,"Claimed range of 8 km is misleading, actual range is way less in city traffic. Customer support over phone is helpful and resolves issues quickly.",7,"Topic 7: riding, low, smooth, level, impressively",0.05123390477107338
EV1519,EV Car,Hyundai Kona,5,Emergency braking and collision alert systems work really well in traffic.,2,"Topic 2: braking, system, work well, work, well",0.31909778238262776
EV1520,EV Car,BYD Atto 3,4,Compact size makes it easy to park and maneuver in city traffic. Switching to EV feels good knowing I'm reducing my carbon footprint. Acceleration is smooth and instant torque makes overtaking effortless.,7,"Topic 7: riding, low, smooth, level, impressively",0.03895765618563265
EV1521,EV Scooter,Ather 450X,4,"Zero tailpipe emissions is the main reason I chose an electric vehicle. The vehicle has good crash test ratings which reassured my purchase decision. For the price, I expected better build quality and more features.",7,"Topic 7: riding, low, smooth, level, impressively",0.10859609742076201
EV1522,EV Car,Tesla Model 3,3,Advanced safety features like ABS and traction control give peace of mind.,3,"Topic 3: ab, ab traction, control give, traction, traction control",0.4034444933979644
EV1523,EV Scooter,Ola S1,5,Battery health dropped to 85% within 18 months of daily use.,4,"Topic 4: use, daily use, daily, dropped, within month",0.39372037011018973
EV1524,EV Scooter,Ola S1,4,"The real world range is much lower than advertised, I only get 8 km on a full charge. No proper information on how battery degrades over time, company should be transparent. Braking system feels sharp and responsive, regenerative braking works well.",2,"Topic 2: braking, system, work well, work, well",0.2411158789814597
EV1525,EV Scooter,Ampere Magnus,4,"Read reports about battery fires, safety is my biggest concern before buying.",4,"Topic 4: use, daily use, daily, dropped, within month",0.06224454269100942
EV1526,EV Car,BYD Atto 3,4,Compact size makes it easy to park and maneuver in city traffic.,0,"Topic 0: cost, replacement cost, replacement, price, battery",0.030857381256915433
EV1527,EV Scooter,Ola S1,4,Top speed is decent for city use but not enough for highway cruising.,4,"Topic 4: use, daily use, daily, dropped, within month",0.04123417232045928
EV1528,EV Scooter,TVS iQube,5,"Smart key and app based lock features work flawlessly, very convenient. Stability control on wet roads is impressive and inspires confidence.",7,"Topic 7: riding, low, smooth, level, impressively",0.16662957989210583
EV1529,EV Car,Tata Nexon EV,4,"Energy used to charge still comes mostly from coal in my region, defeats the purpose somewhat.",1,"Topic 1: charge come, defeat purpose, defeat, come mostly, come",0.4284350621768463
EV1530,EV Car,Tata Nexon EV,5,"Compact size makes it easy to park and maneuver in city traffic. Waiting time for service appointment is too long, more service centers needed.",8,"Topic 8: service, service center, center, appointment long, center needed",0.2637361521538612
EV1531,EV Scooter,Ola S1,4,"The companion app keeps crashing, needs urgent software updates. Concerned about environmental impact of battery disposal and recycling.",6,"Topic 6: app, keep, update, software update, need",0.29554656707783
EV1532,EV Car,Hyundai Kona,4,Advanced safety features like ABS and traction control give peace of mind. Switching to EV feels good knowing I'm reducing my carbon footprint.,3,"Topic 3: ab, ab traction, control give, traction, traction control",0.311794043246805
EV1533,EV Car,Tesla Model 3,4,Insurance premium for EV is surprisingly high compared to petrol vehicles.,7,"Topic 7: riding, low, smooth, level, impressively",0.02615054439024567
EV1534,EV Car,Tesla Model 3,4,"Handling and stability at high speed feels very confident and safe. The real world range is much lower than advertised, I only get 120 km on a full charge. Charging takes too long, almost 6 hours for a full charge at home.",1,"Topic 1: charge come, defeat purpose, defeat, come mostly, come",0.04017062383298558
EV1535,EV Car,BYD Atto 3,4,"Storage space under the seat is very limited, not practical for daily use.",4,"Topic 4: use, daily use, daily, dropped, within month",0.1489749552724736
EV1536,EV Scooter,Bajaj Chetak,4,Finding a working charging station in my city is still very difficult.,6,"Topic 6: app, keep, update, software update, need",0.06122660181627624
EV1537,EV Car,Tesla Model 3,4,Advanced safety features like ABS and traction control give peace of mind.,3,"Topic 3: ab, ab traction, control give, traction, traction control",0.4034444933979644
EV1538,EV Scooter,Hero Vida V1,4,"Had a great experience with the service team, they explained everything clearly.",8,"Topic 8: service, service center, center, appointment long, center needed",0.10310956465082646
EV1539,EV Scooter,Bajaj Chetak,4,"Battery health dropped to 85% within 18 months of daily use. Read reports about battery fires, safety is my biggest concern before buying.",4,"Topic 4: use, daily use, daily, dropped, within month",0.2922337853824494
EV1540,EV Scooter,Ampere Magnus,4,Acceleration is smooth and instant torque makes overtaking effortless.,7,"Topic 7: riding, low, smooth, level, impressively",0.07071550902865777
EV1541,EV Car,Tata Nexon EV,4,"Heard about a thermal runaway incident, this has shaken my trust in EV safety.",3,"Topic 3: ab, ab traction, control give, traction, traction control",0.03209915536470071
EV1542,EV Car,Hyundai Kona,4,Build materials feel sturdy but the design is a bit too plain compared to rivals.,8,"Topic 8: service, service center, center, appointment long, center needed",0.12733235366077575
EV1543,EV Car,MG ZS EV,3,"Running cost is much lower than petrol, saving a lot on fuel every month.",9,"Topic 9: dashboard, caused dashboard, caused, dashboard freeze, freeze twice",0.0516280875000597
EV1544,EV Car,Tesla Model 3,5,"The vehicle has good crash test ratings which reassured my purchase decision. Public chargers are often broken or occupied, need more charging stations urgently.",9,"Topic 9: dashboard, caused dashboard, caused, dashboard freeze, freeze twice",0.07272101409933479
EV1545,EV Scooter,Ola S1,3,"Suspension is too stiff, ride quality is uncomfortable on bad roads. Zero tailpipe emissions is the main reason I chose an electric vehicle.",7,"Topic 7: riding, low, smooth, level, impressively",0.12390445257915546
EV1546,EV Car,Hyundai Kona,4,"Touchscreen infotainment system lags and is not very intuitive to use. Energy used to charge still comes mostly from coal in my region, defeats the purpose somewhat.",1,"Topic 1: charge come, defeat purpose, defeat, come mostly, come",0.34908699916353836
EV1547,EV Scooter,Hero Vida V1,4,"Noise levels are impressively low, riding experience is very smooth and quiet.",7,"Topic 7: riding, low, smooth, level, impressively",0.3464796245824144
EV1548,EV Car,Tata Nexon EV,5,Loved the color options and the overall styling of the vehicle.,1,"Topic 1: charge come, defeat purpose, defeat, come mostly, come",0.016621025870109416
EV1549,EV Scooter,Ather 450X,4,"Smart key and app based lock features work flawlessly, very convenient. Braking system feels sharp and responsive, regenerative braking works well.",2,"Topic 2: braking, system, work well, work, well",0.28165239839156064
EV1550,EV Scooter,Ampere Magnus,3,Customer support over phone is helpful and resolves issues quickly. Battery health dropped to 85% within 18 months of daily use.,4,"Topic 4: use, daily use, daily, dropped, within month",0.2561369484523526
EV1551,EV Scooter,Hero Vida V1,4,Stability control on wet roads is impressive and inspires confidence.,7,"Topic 7: riding, low, smooth, level, impressively",0.25999823105925624
EV1552,EV Car,BYD Atto 3,4,"Range anxiety is real, I plan every trip around charging stops now.",9,"Topic 9: dashboard, caused dashboard, caused, dashboard freeze, freeze twice",0.026957354754958095
EV1553,EV Scooter,Hero Vida V1,3,EV subsidy scheme in my state got delayed and the discount amount reduced suddenly.,8,"Topic 8: service, service center, center, appointment long, center needed",0.01521381996855034
EV1554,EV Car,Mahindra XUV400,5,"Stability control on wet roads is impressive and inspires confidence. Claimed range of 8 km is misleading, actual range is way less in city traffic.",7,"Topic 7: riding, low, smooth, level, impressively",0.19445383801631558
EV1555,EV Car,BYD Atto 3,5,Battery performance is stable even after two years of heavy usage.,8,"Topic 8: service, service center, center, appointment long, center needed",0.052289309383214015
EV1556,EV Car,Tesla Model 3,4,"For the price, I expected better build quality and more features.",8,"Topic 8: service, service center, center, appointment long, center needed",0.03904638720375586
EV1557,EV Car,Tata Nexon EV,3,"AC usage kills the range, on hot days I barely get half the claimed distance. Insurance premium for EV is surprisingly high compared to petrol vehicles.",7,"Topic 7: riding, low, smooth, level, impressively",0.021361281759855622
EV1558,EV Scooter,Bajaj Chetak,5,"Charging takes too long, almost 6 hours for a full charge at home.",1,"Topic 1: charge come, defeat purpose, defeat, come mostly, come",0.04253603981861929
EV1559,EV Scooter,Ampere Magnus,4,"Braking system feels sharp and responsive, regenerative braking works well. Highway charging stops are rare, long distance travel is a nightmare.",2,"Topic 2: braking, system, work well, work, well",0.2659335009023103
EV1560,EV Car,BYD Atto 3,4,Navigation system integrated with range prediction is genuinely useful. Switching to EV feels good knowing I'm reducing my carbon footprint.,2,"Topic 2: braking, system, work well, work, well",0.05457592880079801
EV1561,EV Car,Mahindra XUV400,5,"Read reports about battery fires, safety is my biggest concern before buying. There are very few authorized service centers, had to travel 120 km for repair.",8,"Topic 8: service, service center, center, appointment long, center needed",0.1819338109136384
EV1562,EV Car,Hyundai Kona,4,Handling and stability at high speed feels very confident and safe.,7,"Topic 7: riding, low, smooth, level, impressively",0.042842528672923944
EV1563,EV Scooter,Hero Vida V1,4,Contributing to a cleaner city is a big motivation behind going electric. Worried about battery degradation and replacement cost after warranty ends.,0,"Topic 0: cost, replacement cost, replacement, price, battery",0.09011596548262854
EV1564,EV Car,Tata Nexon EV,4,"No proper information on how battery degrades over time, company should be transparent.",8,"Topic 8: service, service center, center, appointment long, center needed",0.052935026121235115
EV1565,EV Car,BYD Atto 3,5,"Customer support over phone is helpful and resolves issues quickly. Battery replacement cost is almost half the price of the vehicle, very concerning.",0,"Topic 0: cost, replacement cost, replacement, price, battery",0.07115763714692012
EV1566,EV Car,Tesla Model 3,4,Navigation system integrated with range prediction is genuinely useful.,7,"Topic 7: riding, low, smooth, level, impressively",0.07776545472498549
EV1567,EV Scooter,Bajaj Chetak,4,"Energy used to charge still comes mostly from coal in my region, defeats the purpose somewhat. Battery health dropped to 85% within 18 months of daily use.",1,"Topic 1: charge come, defeat purpose, defeat, come mostly, come",0.3358430707372105
EV1568,EV Scooter,Ather 450X,5,"Insurance premium for EV is surprisingly high compared to petrol vehicles. Interior quality feels cheap for the price point, needs improvement.",6,"Topic 6: app, keep, update, software update, need",0.037755714773644124
EV1569,EV Car,Tata Nexon EV,4,Compact size makes it easy to park and maneuver in city traffic. Worried about battery degradation and replacement cost after warranty ends.,0,"Topic 0: cost, replacement cost, replacement, price, battery",0.09270254729158602
EV1570,EV Car,Mahindra XUV400,4,"Public chargers are often broken or occupied, need more charging stations urgently.",6,"Topic 6: app, keep, update, software update, need",0.09851726439195248
EV1571,EV Scooter,Hero Vida V1,5,"Storage space under the seat is very limited, not practical for daily use. The vehicle has good crash test ratings which reassured my purchase decision.",4,"Topic 4: use, daily use, daily, dropped, within month",0.108377175285418
EV1572,EV Car,Tesla Model 3,5,Loved the color options and the overall styling of the vehicle.,1,"Topic 1: charge come, defeat purpose, defeat, come mostly, come",0.016621025870109416
EV1573,EV Car,Mahindra XUV400,3,"EV subsidy scheme in my state got delayed and the discount amount reduced suddenly. Highway charging stops are rare, long distance travel is a nightmare.",8,"Topic 8: service, service center, center, appointment long, center needed",0.05513222361626132
EV1574,EV Scooter,Ather 450X,3,Finding a working charging station in my city is still very difficult. Emergency braking and collision alert systems work really well in traffic.,2,"Topic 2: braking, system, work well, work, well",0.25653337578306146
EV1575,EV Car,Tesla Model 3,4,Home charging setup was expensive and took weeks to install.,5,"Topic 5: battery disposal, disposal recycling, concerned, environmental impact, environmental",0.034397188509763525
EV1576,EV Scooter,Hero Vida V1,3,"Contributing to a cleaner city is a big motivation behind going electric. The motor is powerful and pickup is much better than petrol variants. Spare parts availability is a major issue, waited a month for a replacement part.",0,"Topic 0: cost, replacement cost, replacement, price, battery",0.02711920341356742
EV1577,EV Scooter,Ather 450X,5,Customer support over phone is helpful and resolves issues quickly. Concerned about environmental impact of battery disposal and recycling.,5,"Topic 5: battery disposal, disposal recycling, concerned, environmental impact, environmental",0.2746615891345469
EV1578,EV Scooter,Hero Vida V1,3,"Smart key and app based lock features work flawlessly, very convenient.",6,"Topic 6: app, keep, update, software update, need",0.20397177287681528
EV1579,EV Car,Tata Nexon EV,4,"Acceleration is smooth and instant torque makes overtaking effortless. Read reports about battery fires, safety is my biggest concern before buying.",7,"Topic 7: riding, low, smooth, level, impressively",0.044685188176910515
EV1580,EV Scooter,Hero Vida V1,4,"The companion app keeps crashing, needs urgent software updates. Loved the color options and the overall styling of the vehicle. Fast charging network needs serious expansion on highways.",6,"Topic 6: app, keep, update, software update, need",0.27972406079670736
EV1581,EV Scooter,Ola S1,3,Concerned about environmental impact of battery disposal and recycling. Stability control on wet roads is impressive and inspires confidence.,5,"Topic 5: battery disposal, disposal recycling, concerned, environmental impact, environmental",0.28730792462805405
EV1582,EV Car,MG ZS EV,4,"EV subsidy scheme in my state got delayed and the discount amount reduced suddenly. Read reports about battery fires, safety is my biggest concern before buying.",4,"Topic 4: use, daily use, daily, dropped, within month",0.04292302948744767
EV1583,EV Car,BYD Atto 3,2,"The real world range is much lower than advertised, I only get 120 km on a full charge. Handling and stability at high speed feels very confident and safe. EV subsidy scheme in my state got delayed and the discount amount reduced suddenly.",7,"Topic 7: riding, low, smooth, level, impressively",0.034035503549977364
EV1584,EV Scooter,TVS iQube,4,Advanced safety features like ABS and traction control give peace of mind.,3,"Topic 3: ab, ab traction, control give, traction, traction control",0.4034444933979644
EV1585,EV Car,Tata Nexon EV,4,"Braking system feels sharp and responsive, regenerative braking works well.",2,"Topic 2: braking, system, work well, work, well",0.362732406370459
EV1586,EV Car,BYD Atto 3,4,Switching to EV feels good knowing I'm reducing my carbon footprint.,8,"Topic 8: service, service center, center, appointment long, center needed",0.0701157381403301
EV1587,EV Scooter,Ather 450X,5,Advanced safety features like ABS and traction control give peace of mind.,3,"Topic 3: ab, ab traction, control give, traction, traction control",0.4034444933979644
EV1588,EV Scooter,TVS iQube,3,"Heard about a thermal runaway incident, this has shaken my trust in EV safety.",3,"Topic 3: ab, ab traction, control give, traction, traction control",0.03209915536470071
EV1589,EV Scooter,Hero Vida V1,4,"Resale value of electric vehicles is still uncertain, worried about depreciation.",9,"Topic 9: dashboard, caused dashboard, caused, dashboard freeze, freeze twice",0.015858813342786358
EV1590,EV Scooter,Hero Vida V1,4,"The companion app keeps crashing, needs urgent software updates. Highway charging stops are rare, long distance travel is a nightmare. Waiting time for service appointment is too long, more service centers needed.",8,"Topic 8: service, service center, center, appointment long, center needed",0.2506301437537618
EV1591,EV Car,Tesla Model 3,3,Acceleration is smooth and instant torque makes overtaking effortless.,7,"Topic 7: riding, low, smooth, level, impressively",0.07071550902865777
EV1592,EV Scooter,Ather 450X,3,"Suspension is too stiff, ride quality is uncomfortable on bad roads. Charging infrastructure in tier 2 and tier 3 cities is almost non-existent.",0,"Topic 0: cost, replacement cost, replacement, price, battery",0.02018637628683675
EV1593,EV Scooter,TVS iQube,4,"No proper information on how battery degrades over time, company should be transparent.",8,"Topic 8: service, service center, center, appointment long, center needed",0.052935026121235115
EV1594,EV Car,Mahindra XUV400,3,"There are very few authorized service centers, had to travel 150 km for repair.",8,"Topic 8: service, service center, center, appointment long, center needed",0.27134328447285216
EV1595,EV Car,MG ZS EV,4,"Charging infrastructure in tier 2 and tier 3 cities is almost non-existent. Energy used to charge still comes mostly from coal in my region, defeats the purpose somewhat.",1,"Topic 1: charge come, defeat purpose, defeat, come mostly, come",0.3033458290990796
EV1596,EV Car,BYD Atto 3,5,Concerned about environmental impact of battery disposal and recycling.,5,"Topic 5: battery disposal, disposal recycling, concerned, environmental impact, environmental",0.4358654034600713
EV1597,EV Scooter,Ampere Magnus,3,"Emergency braking and collision alert systems work really well in traffic. There are very few authorized service centers, had to travel 8 km for repair.",2,"Topic 2: braking, system, work well, work, well",0.2463246437280043
EV1598,EV Car,Tata Nexon EV,5,The vehicle has good crash test ratings which reassured my purchase decision.,9,"Topic 9: dashboard, caused dashboard, caused, dashboard freeze, freeze twice",0.10256815474960541
EV1599,EV Scooter,Hero Vida V1,5,Emergency braking and collision alert systems work really well in traffic.,2,"Topic 2: braking, system, work well, work, well",0.31909778238262776
EV1600,EV Scooter,Hero Vida V1,4,"Loved the color options and the overall styling of the vehicle. Love the app that shows nearby charging stations, very convenient feature.",6,"Topic 6: app, keep, update, software update, need",0.11063952995673458
EV1601,EV Scooter,Ather 450X,5,"Touchscreen infotainment system lags and is not very intuitive to use. Suspension is too stiff, ride quality is uncomfortable on bad roads.",4,"Topic 4: use, daily use, daily, dropped, within month",0.04840232891943341
EV1602,EV Scooter,Bajaj Chetak,4,"Noise levels are impressively low, riding experience is very smooth and quiet.",7,"Topic 7: riding, low, smooth, level, impressively",0.3464796245824144
EV1603,EV Scooter,Bajaj Chetak,4,Zero tailpipe emissions is the main reason I chose an electric vehicle.,7,"Topic 7: riding, low, smooth, level, impressively",0.15348681555202068
EV1604,EV Car,Tesla Model 3,4,"Interior quality feels cheap for the price point, needs improvement.",6,"Topic 6: app, keep, update, software update, need",0.05136137910714518
EV1605,EV Car,Tesla Model 3,3,"Battery health dropped to 85% within 18 months of daily use. LED lighting and digital dashboard give it a premium, modern look. Software glitches caused the dashboard to freeze twice in a month.",9,"Topic 9: dashboard, caused dashboard, caused, dashboard freeze, freeze twice",0.33865879077096744
EV1606,EV Scooter,Bajaj Chetak,4,The design looks futuristic and attracts a lot of attention on the road.,7,"Topic 7: riding, low, smooth, level, impressively",0.03791100511224609
EV1607,EV Car,Tata Nexon EV,4,Charging infrastructure in tier 2 and tier 3 cities is almost non-existent.,0,"Topic 0: cost, replacement cost, replacement, price, battery",0.022957621508621948
EV1608,EV Scooter,TVS iQube,4,"Handling and stability at high speed feels very confident and safe. AC usage kills the range, on hot days I barely get half the claimed distance. LED lighting and digital dashboard give it a premium, modern look.",9,"Topic 9: dashboard, caused dashboard, caused, dashboard freeze, freeze twice",0.07999812821799307
EV1609,EV Car,BYD Atto 3,4,Build quality feels premium and the ride is extremely comfortable. Stability control on wet roads is impressive and inspires confidence.,7,"Topic 7: riding, low, smooth, level, impressively",0.18694842020357047
EV1610,EV Scooter,Ola S1,3,Software glitches caused the dashboard to freeze twice in a month.,9,"Topic 9: dashboard, caused dashboard, caused, dashboard freeze, freeze twice",0.4541679341646786
EV1611,EV Car,MG ZS EV,5,Home charging setup was expensive and took weeks to install. Concerned about environmental impact of battery disposal and recycling.,5,"Topic 5: battery disposal, disposal recycling, concerned, environmental impact, environmental",0.30539060587255284
EV1612,EV Car,Hyundai Kona,4,Contributing to a cleaner city is a big motivation behind going electric.,0,"Topic 0: cost, replacement cost, replacement, price, battery",0.02549945550685614
EV1613,EV Scooter,Bajaj Chetak,4,"Over the air software updates are a great feature, keeps improving over time. Interior quality feels cheap for the price point, needs improvement.",6,"Topic 6: app, keep, update, software update, need",0.1695451595081895
EV1614,EV Car,MG ZS EV,4,"Running cost is much lower than petrol, saving a lot on fuel every month. Worried about battery degradation and replacement cost after warranty ends. The design looks futuristic and attracts a lot of attention on the road.",0,"Topic 0: cost, replacement cost, replacement, price, battery",0.08646336167509094
EV1615,EV Scooter,Ampere Magnus,4,Advanced safety features like ABS and traction control give peace of mind.,3,"Topic 3: ab, ab traction, control give, traction, traction control",0.4034444933979644
EV1616,EV Car,Hyundai Kona,4,"There are very few authorized service centers, had to travel 5 km for repair. EV subsidy scheme in my state got delayed and the discount amount reduced suddenly.",8,"Topic 8: service, service center, center, appointment long, center needed",0.16530689425098813
EV1617,EV Scooter,Hero Vida V1,3,"Worried about battery degradation and replacement cost after warranty ends. AC usage kills the range, on hot days I barely get half the claimed distance.",0,"Topic 0: cost, replacement cost, replacement, price, battery",0.07830442607887073
EV1618,EV Scooter,Bajaj Chetak,4,Stability control on wet roads is impressive and inspires confidence. Navigation system integrated with range prediction is genuinely useful. Battery health dropped to 85% within 18 months of daily use.,4,"Topic 4: use, daily use, daily, dropped, within month",0.21411813545855463
EV1619,EV Scooter,Hero Vida V1,5,"The motor is powerful and pickup is much better than petrol variants. Smart key and app based lock features work flawlessly, very convenient.",6,"Topic 6: app, keep, update, software update, need",0.15065758951843147
EV1620,EV Car,Mahindra XUV400,4,"After sales support has been excellent, quick response and doorstep service. Worried about battery degradation and replacement cost after warranty ends.",0,"Topic 0: cost, replacement cost, replacement, price, battery",0.07758820525091928
EV1621,EV Car,BYD Atto 3,4,Software glitches caused the dashboard to freeze twice in a month. Emergency braking and collision alert systems work really well in traffic. Battery range degrades faster than expected after just one year of use.,9,"Topic 9: dashboard, caused dashboard, caused, dashboard freeze, freeze twice",0.25154609475780104
EV1622,EV Scooter,Ola S1,4,"AC usage kills the range, on hot days I barely get half the claimed distance. Read reports about battery fires, safety is my biggest concern before buying.",4,"Topic 4: use, daily use, daily, dropped, within month",0.04305178019436312
EV1623,EV Scooter,Ampere Magnus,4,"Battery replacement cost is almost half the price of the vehicle, very concerning. Interior quality feels cheap for the price point, needs improvement.",0,"Topic 0: cost, replacement cost, replacement, price, battery",0.09053252688872877
EV1624,EV Scooter,Ola S1,4,Concerned about environmental impact of battery disposal and recycling.,5,"Topic 5: battery disposal, disposal recycling, concerned, environmental impact, environmental",0.4358654034600713
EV1625,EV Scooter,Hero Vida V1,4,Home charging setup was expensive and took weeks to install. The battery warranty of 100 years gives me confidence in long term reliability.,8,"Topic 8: service, service center, center, appointment long, center needed",0.05788637134265545
EV1626,EV Scooter,Ampere Magnus,4,"Total cost of ownership is great once you factor in low maintenance and fuel savings. Acceleration is smooth and instant torque makes overtaking effortless. The real world range is much lower than advertised, I only get 120 km on a full charge.",7,"Topic 7: riding, low, smooth, level, impressively",0.08559761026649455
EV1627,EV Car,Hyundai Kona,4,"Range drops badly in winter, I lost almost 30% range in cold weather. Total cost of ownership is great once you factor in low maintenance and fuel savings.",7,"Topic 7: riding, low, smooth, level, impressively",0.08419343323279292
EV1628,EV Car,Mahindra XUV400,4,"After sales support has been excellent, quick response and doorstep service. Bluetooth connectivity drops frequently while riding, very frustrating.",7,"Topic 7: riding, low, smooth, level, impressively",0.08592290851683529
EV1629,EV Car,Hyundai Kona,4,"Had a great experience with the service team, they explained everything clearly.",8,"Topic 8: service, service center, center, appointment long, center needed",0.10310956465082646
EV1630,EV Scooter,Ola S1,5,"Had a great experience with the service team, they explained everything clearly.",8,"Topic 8: service, service center, center, appointment long, center needed",0.10310956465082646
EV1631,EV Scooter,Ola S1,4,Software glitches caused the dashboard to freeze twice in a month. The upfront price is high but government subsidy makes it affordable.,9,"Topic 9: dashboard, caused dashboard, caused, dashboard freeze, freeze twice",0.3169902646337796
EV1632,EV Car,Mahindra XUV400,5,Software glitches caused the dashboard to freeze twice in a month. Loved the color options and the overall styling of the vehicle.,9,"Topic 9: dashboard, caused dashboard, caused, dashboard freeze, freeze twice",0.33763306107201013
EV1633,EV Scooter,Ather 450X,4,"Charging takes too long, almost 6 hours for a full charge at home.",1,"Topic 1: charge come, defeat purpose, defeat, come mostly, come",0.04253603981861929
EV1634,EV Scooter,Hero Vida V1,3,"Claimed range of 100 km is misleading, actual range is way less in city traffic.",7,"Topic 7: riding, low, smooth, level, impressively",0.041861355679823284
EV1635,EV Car,Tesla Model 3,3,Battery performance is stable even after two years of heavy usage. Service center staff are not well trained to handle EV specific issues.,8,"Topic 8: service, service center, center, appointment long, center needed",0.25229620811259806
EV1636,EV Scooter,Ather 450X,3,Zero tailpipe emissions is the main reason I chose an electric vehicle.,7,"Topic 7: riding, low, smooth, level, impressively",0.15348681555202068
EV1637,EV Scooter,Ola S1,4,"Love the app that shows nearby charging stations, very convenient feature.",6,"Topic 6: app, keep, update, software update, need",0.13873149475387614
EV1638,EV Car,Tata Nexon EV,4,"Battery replacement cost is almost half the price of the vehicle, very concerning.",0,"Topic 0: cost, replacement cost, replacement, price, battery",0.10929763693684456
EV1639,EV Car,Hyundai Kona,4,"AC usage kills the range, on hot days I barely get half the claimed distance. Build materials feel sturdy but the design is a bit too plain compared to rivals.",8,"Topic 8: service, service center, center, appointment long, center needed",0.08984531166346052
EV1640,EV Car,Hyundai Kona,3,"Heard about a thermal runaway incident, this has shaken my trust in EV safety. Waiting time for service appointment is too long, more service centers needed.",8,"Topic 8: service, service center, center, appointment long, center needed",0.27523644528867214
EV1641,EV Scooter,Ather 450X,4,"Braking system feels sharp and responsive, regenerative braking works well. Smart key and app based lock features work flawlessly, very convenient.",2,"Topic 2: braking, system, work well, work, well",0.28165239839156064
EV1642,EV Car,Tata Nexon EV,4,Customer support over phone is helpful and resolves issues quickly.,7,"Topic 7: riding, low, smooth, level, impressively",0.029696184479411258
EV1643,EV Scooter,Bajaj Chetak,4,Worried about battery degradation and replacement cost after warranty ends.,0,"Topic 0: cost, replacement cost, replacement, price, battery",0.10728248170323222
EV1644,EV Scooter,Ampere Magnus,5,Emergency braking and collision alert systems work really well in traffic.,2,"Topic 2: braking, system, work well, work, well",0.31909778238262776
EV1645,EV Car,BYD Atto 3,3,Concerned about environmental impact of battery disposal and recycling.,5,"Topic 5: battery disposal, disposal recycling, concerned, environmental impact, environmental",0.4358654034600713
EV1646,EV Scooter,Bajaj Chetak,5,Advanced safety features like ABS and traction control give peace of mind. Home charging setup was expensive and took weeks to install.,3,"Topic 3: ab, ab traction, control give, traction, traction control",0.30027326513825536
EV1647,EV Car,Tata Nexon EV,4,"The upfront price is high but government subsidy makes it affordable. Highway charging stops are rare, long distance travel is a nightmare.",8,"Topic 8: service, service center, center, appointment long, center needed",0.0434175205545078
EV1648,EV Scooter,Ampere Magnus,3,"Price after subsidy is still higher than a comparable petrol scooter. Charging infrastructure in tier 2 and tier 3 cities is almost non-existent. Range drops badly in winter, I lost almost 30% range in cold weather.",0,"Topic 0: cost, replacement cost, replacement, price, battery",0.04074712938084471
EV1649,EV Scooter,Hero Vida V1,4,"Acceleration is smooth and instant torque makes overtaking effortless. Range drops badly in winter, I lost almost 30% range in cold weather. Had a great experience with the service team, they explained everything clearly.",7,"Topic 7: riding, low, smooth, level, impressively",0.10494042831044284
EV1650,EV Scooter,Ola S1,4,Fast charging network needs serious expansion on highways.,6,"Topic 6: app, keep, update, software update, need",0.07512874314890193
EV1651,EV Scooter,Ather 450X,5,Zero tailpipe emissions is the main reason I chose an electric vehicle.,7,"Topic 7: riding, low, smooth, level, impressively",0.15348681555202068
EV1652,EV Scooter,Hero Vida V1,3,Software glitches caused the dashboard to freeze twice in a month.,9,"Topic 9: dashboard, caused dashboard, caused, dashboard freeze, freeze twice",0.4541679341646786
EV1653,EV Scooter,Ola S1,4,The vehicle has good crash test ratings which reassured my purchase decision.,9,"Topic 9: dashboard, caused dashboard, caused, dashboard freeze, freeze twice",0.10256815474960541
EV1654,EV Car,BYD Atto 3,3,"The vehicle has good crash test ratings which reassured my purchase decision. Noise levels are impressively low, riding experience is very smooth and quiet.",7,"Topic 7: riding, low, smooth, level, impressively",0.2782412659844481
EV1655,EV Scooter,Hero Vida V1,4,Zero tailpipe emissions is the main reason I chose an electric vehicle. Emergency braking and collision alert systems work really well in traffic.,2,"Topic 2: braking, system, work well, work, well",0.23582115903866463
EV1656,EV Scooter,TVS iQube,4,"Range anxiety is real, I plan every trip around charging stops now. Energy used to charge still comes mostly from coal in my region, defeats the purpose somewhat.",1,"Topic 1: charge come, defeat purpose, defeat, come mostly, come",0.30839567154496045
EV1657,EV Car,BYD Atto 3,3,"There are very few authorized service centers, had to travel 150 km for repair.",8,"Topic 8: service, service center, center, appointment long, center needed",0.27134328447285216
EV1658,EV Scooter,Ola S1,3,"Heard about a thermal runaway incident, this has shaken my trust in EV safety.",3,"Topic 3: ab, ab traction, control give, traction, traction control",0.03209915536470071
EV1659,EV Car,Tata Nexon EV,5,Battery health dropped to 85% within 18 months of daily use.,4,"Topic 4: use, daily use, daily, dropped, within month",0.39372037011018973
EV1660,EV Scooter,TVS iQube,3,"Customer support over phone is helpful and resolves issues quickly. Highway charging stops are rare, long distance travel is a nightmare.",8,"Topic 8: service, service center, center, appointment long, center needed",0.06097134536123975
EV1661,EV Car,Tesla Model 3,3,"Battery replacement cost is almost half the price of the vehicle, very concerning.",0,"Topic 0: cost, replacement cost, replacement, price, battery",0.10929763693684456
EV1662,EV Car,BYD Atto 3,5,"Love the app that shows nearby charging stations, very convenient feature. For daily commute the range is fine but long trips are stressful because of low range. Noise levels are impressively low, riding experience is very smooth and quiet.",7,"Topic 7: riding, low, smooth, level, impressively",0.2515498152006924
EV1663,EV Car,MG ZS EV,4,Service center staff are not well trained to handle EV specific issues. The vehicle has good crash test ratings which reassured my purchase decision.,8,"Topic 8: service, service center, center, appointment long, center needed",0.22491607338183697
EV1664,EV Car,Hyundai Kona,4,"Storage space under the seat is very limited, not practical for daily use.",4,"Topic 4: use, daily use, daily, dropped, within month",0.1489749552724736
EV1665,EV Car,MG ZS EV,4,The battery warranty of 100 years gives me confidence in long term reliability. Contributing to a cleaner city is a big motivation behind going electric.,8,"Topic 8: service, service center, center, appointment long, center needed",0.031350398832046676
EV1666,EV Car,BYD Atto 3,4,"Storage space under the seat is very limited, not practical for daily use. Stability control on wet roads is impressive and inspires confidence.",7,"Topic 7: riding, low, smooth, level, impressively",0.18158010917500322
EV1667,EV Car,MG ZS EV,4,"Bluetooth connectivity drops frequently while riding, very frustrating.",7,"Topic 7: riding, low, smooth, level, impressively",0.10316261143529813
EV1668,EV Car,BYD Atto 3,5,"After sales support has been excellent, quick response and doorstep service. Build materials feel sturdy but the design is a bit too plain compared to rivals.",8,"Topic 8: service, service center, center, appointment long, center needed",0.17074246930422676
EV1669,EV Car,Tata Nexon EV,4,Top speed is decent for city use but not enough for highway cruising. The upfront price is high but government subsidy makes it affordable. Concerned about environmental impact of battery disposal and recycling.,5,"Topic 5: battery disposal, disposal recycling, concerned, environmental impact, environmental",0.21286342245310963
EV1670,EV Car,Hyundai Kona,4,"The companion app keeps crashing, needs urgent software updates.",6,"Topic 6: app, keep, update, software update, need",0.3913111625379394
EV1671,EV Car,MG ZS EV,3,Finding a working charging station in my city is still very difficult.,6,"Topic 6: app, keep, update, software update, need",0.06122660181627624
EV1672,EV Car,BYD Atto 3,5,"Braking system feels sharp and responsive, regenerative braking works well. Charging infrastructure in tier 2 and tier 3 cities is almost non-existent.",2,"Topic 2: braking, system, work well, work, well",0.25807046203872597
EV1673,EV Scooter,Ola S1,3,EV subsidy scheme in my state got delayed and the discount amount reduced suddenly.,8,"Topic 8: service, service center, center, appointment long, center needed",0.01521381996855034
EV1674,EV Scooter,Ampere Magnus,5,Switching to EV feels good knowing I'm reducing my carbon footprint. The vehicle has good crash test ratings which reassured my purchase decision.,9,"Topic 9: dashboard, caused dashboard, caused, dashboard freeze, freeze twice",0.08037663804117354
EV1675,EV Car,Tata Nexon EV,3,Battery range degrades faster than expected after just one year of use.,4,"Topic 4: use, daily use, daily, dropped, within month",0.06755701621713178
EV1676,EV Car,Tata Nexon EV,4,"Charging takes too long, almost 6 hours for a full charge at home. For daily commute the range is fine but long trips are stressful because of low range.",7,"Topic 7: riding, low, smooth, level, impressively",0.07149405798357031
EV1677,EV Car,Mahindra XUV400,4,"Energy used to charge still comes mostly from coal in my region, defeats the purpose somewhat.",1,"Topic 1: charge come, defeat purpose, defeat, come mostly, come",0.4284350621768463
EV1678,EV Car,MG ZS EV,5,Stability control on wet roads is impressive and inspires confidence.,7,"Topic 7: riding, low, smooth, level, impressively",0.25999823105925624
EV1679,EV Car,Tata Nexon EV,5,Build quality feels premium and the ride is extremely comfortable.,8,"Topic 8: service, service center, center, appointment long, center needed",0.03904935174823101
EV1680,EV Scooter,Hero Vida V1,5,Top speed is decent for city use but not enough for highway cruising.,4,"Topic 4: use, daily use, daily, dropped, within month",0.04123417232045928
EV1681,EV Scooter,Ather 450X,3,"LED lighting and digital dashboard give it a premium, modern look.",9,"Topic 9: dashboard, caused dashboard, caused, dashboard freeze, freeze twice",0.1459803170732589
EV1682,EV Car,BYD Atto 3,4,"Handling and stability at high speed feels very confident and safe. Build materials feel sturdy but the design is a bit too plain compared to rivals. Battery replacement cost is almost half the price of the vehicle, very concerning.",8,"Topic 8: service, service center, center, appointment long, center needed",0.07803408579701313
EV1683,EV Car,Mahindra XUV400,4,Loved the color options and the overall styling of the vehicle.,1,"Topic 1: charge come, defeat purpose, defeat, come mostly, come",0.016621025870109416
EV1684,EV Scooter,Bajaj Chetak,5,"Energy used to charge still comes mostly from coal in my region, defeats the purpose somewhat.",1,"Topic 1: charge come, defeat purpose, defeat, come mostly, come",0.4284350621768463
EV1685,EV Car,MG ZS EV,4,"Loved the color options and the overall styling of the vehicle. Worried about battery degradation and replacement cost after warranty ends. Heard about a thermal runaway incident, this has shaken my trust in EV safety.",0,"Topic 0: cost, replacement cost, replacement, price, battery",0.061133912300577145
EV1686,EV Car,MG ZS EV,4,"Noise levels are impressively low, riding experience is very smooth and quiet.",7,"Topic 7: riding, low, smooth, level, impressively",0.3464796245824144
EV1687,EV Scooter,TVS iQube,4,Total cost of ownership is great once you factor in low maintenance and fuel savings. Home charging setup was expensive and took weeks to install.,7,"Topic 7: riding, low, smooth, level, impressively",0.04185604286395752
EV1688,EV Car,BYD Atto 3,4,Zero tailpipe emissions is the main reason I chose an electric vehicle.,7,"Topic 7: riding, low, smooth, level, impressively",0.15348681555202068
EV1689,EV Car,Tesla Model 3,4,"Over the air software updates are a great feature, keeps improving over time.",6,"Topic 6: app, keep, update, software update, need",0.18863644383392794
EV1690,EV Scooter,Hero Vida V1,3,"Bluetooth connectivity drops frequently while riding, very frustrating.",7,"Topic 7: riding, low, smooth, level, impressively",0.10316261143529813
EV1691,EV Car,MG ZS EV,4,Loved the color options and the overall styling of the vehicle. For daily commute the range is fine but long trips are stressful because of low range.,7,"Topic 7: riding, low, smooth, level, impressively",0.07536380751481866
EV1692,EV Car,Tesla Model 3,4,"Battery replacement cost is almost half the price of the vehicle, very concerning.",0,"Topic 0: cost, replacement cost, replacement, price, battery",0.10929763693684456
EV1693,EV Scooter,Hero Vida V1,4,"LED lighting and digital dashboard give it a premium, modern look. Switching to EV feels good knowing I'm reducing my carbon footprint.",9,"Topic 9: dashboard, caused dashboard, caused, dashboard freeze, freeze twice",0.11823271668529103
EV1694,EV Scooter,Hero Vida V1,3,"Range drops badly in winter, I lost almost 30% range in cold weather.",7,"Topic 7: riding, low, smooth, level, impressively",0.06257870840187371
EV1695,EV Scooter,Bajaj Chetak,3,Stability control on wet roads is impressive and inspires confidence. The design looks futuristic and attracts a lot of attention on the road.,7,"Topic 7: riding, low, smooth, level, impressively",0.20202779010863342
EV1696,EV Scooter,Ampere Magnus,5,"Smart key and app based lock features work flawlessly, very convenient. LED lighting and digital dashboard give it a premium, modern look. After sales support has been excellent, quick response and doorstep service.",6,"Topic 6: app, keep, update, software update, need",0.11818600140700555
EV1697,EV Scooter,Ather 450X,5,"Emergency braking and collision alert systems work really well in traffic. No proper information on how battery degrades over time, company should be transparent.",2,"Topic 2: braking, system, work well, work, well",0.24443572481467965
EV1698,EV Scooter,Ola S1,4,"Storage space under the seat is very limited, not practical for daily use.",4,"Topic 4: use, daily use, daily, dropped, within month",0.1489749552724736
EV1699,EV Scooter,Bajaj Chetak,3,Switching to EV feels good knowing I'm reducing my carbon footprint. EV subsidy scheme in my state got delayed and the discount amount reduced suddenly. Touchscreen infotainment system lags and is not very intuitive to use.,8,"Topic 8: service, service center, center, appointment long, center needed",0.04374546492207099
EV1700,EV Car,Tesla Model 3,3,Software glitches caused the dashboard to freeze twice in a month.,9,"Topic 9: dashboard, caused dashboard, caused, dashboard freeze, freeze twice",0.4541679341646786
EV1701,EV Scooter,Ola S1,5,Compact size makes it easy to park and maneuver in city traffic.,0,"Topic 0: cost, replacement cost, replacement, price, battery",0.030857381256915433
EV1702,EV Scooter,Ola S1,5,Battery health dropped to 85% within 18 months of daily use.,4,"Topic 4: use, daily use, daily, dropped, within month",0.39372037011018973
EV1703,EV Car,Tesla Model 3,4,"Waiting time for service appointment is too long, more service centers needed.",8,"Topic 8: service, service center, center, appointment long, center needed",0.3799067759679156
EV1704,EV Scooter,TVS iQube,3,"EV subsidy scheme in my state got delayed and the discount amount reduced suddenly. The real world range is much lower than advertised, I only get 15 km on a full charge.",1,"Topic 1: charge come, defeat purpose, defeat, come mostly, come",0.03205754595982025
EV1705,EV Scooter,Bajaj Chetak,3,Price after subsidy is still higher than a comparable petrol scooter.,0,"Topic 0: cost, replacement cost, replacement, price, battery",0.029697944429557754
EV1706,EV Scooter,Bajaj Chetak,4,"Energy used to charge still comes mostly from coal in my region, defeats the purpose somewhat. Range anxiety is real, I plan every trip around charging stops now. Price after subsidy is still higher than a comparable petrol scooter.",1,"Topic 1: charge come, defeat purpose, defeat, come mostly, come",0.2797423671298954
EV1707,EV Car,MG ZS EV,4,"The real world range is much lower than advertised, I only get 3 km on a full charge. Battery performance is stable even after two years of heavy usage.",8,"Topic 8: service, service center, center, appointment long, center needed",0.0373812730232448
EV1708,EV Scooter,TVS iQube,3,"Interior quality feels cheap for the price point, needs improvement.",6,"Topic 6: app, keep, update, software update, need",0.05136137910714518
EV1709,EV Car,Tesla Model 3,4,"The companion app keeps crashing, needs urgent software updates. Handling and stability at high speed feels very confident and safe.",6,"Topic 6: app, keep, update, software update, need",0.3042778530786446
EV1710,EV Scooter,TVS iQube,5,"LED lighting and digital dashboard give it a premium, modern look.",9,"Topic 9: dashboard, caused dashboard, caused, dashboard freeze, freeze twice",0.1459803170732589
EV1711,EV Car,Hyundai Kona,4,"Customer support over phone is helpful and resolves issues quickly. Noise levels are impressively low, riding experience is very smooth and quiet.",7,"Topic 7: riding, low, smooth, level, impressively",0.26253648416367115
EV1712,EV Car,Tesla Model 3,4,"Public chargers are often broken or occupied, need more charging stations urgently.",6,"Topic 6: app, keep, update, software update, need",0.09851726439195248
EV1713,EV Scooter,Hero Vida V1,3,Customer support over phone is helpful and resolves issues quickly.,7,"Topic 7: riding, low, smooth, level, impressively",0.029696184479411258
EV1714,EV Scooter,Ather 450X,4,"Smart key and app based lock features work flawlessly, very convenient.",6,"Topic 6: app, keep, update, software update, need",0.20397177287681528
EV1715,EV Car,BYD Atto 3,4,"Range drops badly in winter, I lost almost 30% range in cold weather.",7,"Topic 7: riding, low, smooth, level, impressively",0.06257870840187371
EV1716,EV Car,Mahindra XUV400,5,The design looks futuristic and attracts a lot of attention on the road.,7,"Topic 7: riding, low, smooth, level, impressively",0.03791100511224609
EV1717,EV Scooter,TVS iQube,4,"After sales support has been excellent, quick response and doorstep service.",8,"Topic 8: service, service center, center, appointment long, center needed",0.112987380464634
EV1718,EV Car,Hyundai Kona,4,"AC usage kills the range, on hot days I barely get half the claimed distance. Highway charging stops are rare, long distance travel is a nightmare. Acceleration is smooth and instant torque makes overtaking effortless.",7,"Topic 7: riding, low, smooth, level, impressively",0.042024692607356536
EV1719,EV Car,MG ZS EV,3,Software glitches caused the dashboard to freeze twice in a month. I'm always worried about running out of charge before reaching my destination.,9,"Topic 9: dashboard, caused dashboard, caused, dashboard freeze, freeze twice",0.35262266358256167
EV1720,EV Scooter,Ather 450X,4,"Smart key and app based lock features work flawlessly, very convenient.",6,"Topic 6: app, keep, update, software update, need",0.20397177287681528
EV1721,EV Scooter,Hero Vida V1,5,"Energy used to charge still comes mostly from coal in my region, defeats the purpose somewhat. Acceleration is smooth and instant torque makes overtaking effortless.",1,"Topic 1: charge come, defeat purpose, defeat, come mostly, come",0.31677843027615116
EV1722,EV Car,BYD Atto 3,4,"Worried about battery degradation and replacement cost after warranty ends. After sales support has been excellent, quick response and doorstep service.",0,"Topic 0: cost, replacement cost, replacement, price, battery",0.07758820525091928
EV1723,EV Scooter,Hero Vida V1,5,Battery performance is stable even after two years of heavy usage.,8,"Topic 8: service, service center, center, appointment long, center needed",0.052289309383214015
EV1724,EV Car,Hyundai Kona,3,The design looks futuristic and attracts a lot of attention on the road.,7,"Topic 7: riding, low, smooth, level, impressively",0.03791100511224609
EV1725,EV Scooter,Ather 450X,3,"EV subsidy scheme in my state got delayed and the discount amount reduced suddenly. Read reports about battery fires, safety is my biggest concern before buying.",4,"Topic 4: use, daily use, daily, dropped, within month",0.04292302948744767
EV1726,EV Car,Hyundai Kona,4,Navigation system integrated with range prediction is genuinely useful.,7,"Topic 7: riding, low, smooth, level, impressively",0.07776545472498549
EV1727,EV Car,Mahindra XUV400,4,Touchscreen infotainment system lags and is not very intuitive to use. The vehicle has good crash test ratings which reassured my purchase decision.,9,"Topic 9: dashboard, caused dashboard, caused, dashboard freeze, freeze twice",0.06895038645040345
EV1728,EV Car,Tata Nexon EV,5,"Bluetooth connectivity drops frequently while riding, very frustrating.",7,"Topic 7: riding, low, smooth, level, impressively",0.10316261143529813
EV1729,EV Car,Tata Nexon EV,4,"Acceleration is smooth and instant torque makes overtaking effortless. The companion app keeps crashing, needs urgent software updates.",6,"Topic 6: app, keep, update, software update, need",0.28150000021160937
EV1730,EV Scooter,Ola S1,2,Price after subsidy is still higher than a comparable petrol scooter.,0,"Topic 0: cost, replacement cost, replacement, price, battery",0.029697944429557754
EV1731,EV Scooter,TVS iQube,4,"There are very few authorized service centers, had to travel 120 km for repair.",8,"Topic 8: service, service center, center, appointment long, center needed",0.27134328447285216
EV1732,EV Scooter,Ola S1,4,Fast charging network needs serious expansion on highways.,6,"Topic 6: app, keep, update, software update, need",0.07512874314890193
EV1733,EV Scooter,Ampere Magnus,4,Customer support over phone is helpful and resolves issues quickly.,7,"Topic 7: riding, low, smooth, level, impressively",0.029696184479411258
EV1734,EV Car,MG ZS EV,2,Emergency braking and collision alert systems work really well in traffic.,2,"Topic 2: braking, system, work well, work, well",0.31909778238262776
EV1735,EV Car,MG ZS EV,4,"Highway charging stops are rare, long distance travel is a nightmare.",8,"Topic 8: service, service center, center, appointment long, center needed",0.06565737663785687
EV1736,EV Car,Tata Nexon EV,5,"Energy used to charge still comes mostly from coal in my region, defeats the purpose somewhat. Touchscreen infotainment system lags and is not very intuitive to use.",1,"Topic 1: charge come, defeat purpose, defeat, come mostly, come",0.34908699916353836
EV1737,EV Scooter,TVS iQube,3,"The companion app keeps crashing, needs urgent software updates. No proper information on how battery degrades over time, company should be transparent.",6,"Topic 6: app, keep, update, software update, need",0.2954020425638708
EV1738,EV Scooter,Ola S1,4,"Over the air software updates are a great feature, keeps improving over time.",6,"Topic 6: app, keep, update, software update, need",0.18863644383392794
EV1739,EV Car,MG ZS EV,4,"Battery replacement cost is almost half the price of the vehicle, very concerning. Build quality feels premium and the ride is extremely comfortable. Advanced safety features like ABS and traction control give peace of mind.",3,"Topic 3: ab, ab traction, control give, traction, traction control",0.26485204693600967
EV1740,EV Car,Mahindra XUV400,4,"Smart key and app based lock features work flawlessly, very convenient.",6,"Topic 6: app, keep, update, software update, need",0.20397177287681528
EV1741,EV Car,Hyundai Kona,4,Advanced safety features like ABS and traction control give peace of mind.,3,"Topic 3: ab, ab traction, control give, traction, traction control",0.4034444933979644
EV1742,EV Scooter,Hero Vida V1,4,Customer support over phone is helpful and resolves issues quickly.,7,"Topic 7: riding, low, smooth, level, impressively",0.029696184479411258
EV1743,EV Scooter,Bajaj Chetak,4,"Read reports about battery fires, safety is my biggest concern before buying.",4,"Topic 4: use, daily use, daily, dropped, within month",0.06224454269100942
EV1744,EV Scooter,Bajaj Chetak,3,Contributing to a cleaner city is a big motivation behind going electric.,0,"Topic 0: cost, replacement cost, replacement, price, battery",0.02549945550685614
EV1745,EV Scooter,Ampere Magnus,5,"No proper information on how battery degrades over time, company should be transparent. Charging infrastructure in tier 2 and tier 3 cities is almost non-existent.",8,"Topic 8: service, service center, center, appointment long, center needed",0.032407797118676106
EV1746,EV Car,BYD Atto 3,4,"Over the air software updates are a great feature, keeps improving over time.",6,"Topic 6: app, keep, update, software update, need",0.18863644383392794
EV1747,EV Scooter,Bajaj Chetak,4,"Concerned about environmental impact of battery disposal and recycling. Storage space under the seat is very limited, not practical for daily use.",5,"Topic 5: battery disposal, disposal recycling, concerned, environmental impact, environmental",0.2831583250483784
EV1748,EV Car,Tata Nexon EV,4,"No proper information on how battery degrades over time, company should be transparent.",8,"Topic 8: service, service center, center, appointment long, center needed",0.052935026121235115
EV1749,EV Car,Mahindra XUV400,3,Price after subsidy is still higher than a comparable petrol scooter.,0,"Topic 0: cost, replacement cost, replacement, price, battery",0.029697944429557754
EV1750,EV Scooter,TVS iQube,4,"Highway charging stops are rare, long distance travel is a nightmare. I'm always worried about running out of charge before reaching my destination.",8,"Topic 8: service, service center, center, appointment long, center needed",0.04964105214851303
EV1751,EV Scooter,Ola S1,5,"AC usage kills the range, on hot days I barely get half the claimed distance.",0,"Topic 0: cost, replacement cost, replacement, price, battery",0.018164580461625075
EV1752,EV Car,Hyundai Kona,4,Contributing to a cleaner city is a big motivation behind going electric.,0,"Topic 0: cost, replacement cost, replacement, price, battery",0.02549945550685614
EV1753,EV Scooter,Hero Vida V1,4,Compact size makes it easy to park and maneuver in city traffic.,0,"Topic 0: cost, replacement cost, replacement, price, battery",0.030857381256915433
EV1754,EV Car,Tesla Model 3,4,Insurance premium for EV is surprisingly high compared to petrol vehicles. The vehicle has good crash test ratings which reassured my purchase decision.,9,"Topic 9: dashboard, caused dashboard, caused, dashboard freeze, freeze twice",0.08357495327707548
EV1755,EV Scooter,Ather 450X,3,"Range drops badly in winter, I lost almost 30% range in cold weather.",7,"Topic 7: riding, low, smooth, level, impressively",0.06257870840187371
EV1756,EV Car,MG ZS EV,4,Home charging setup was expensive and took weeks to install.,5,"Topic 5: battery disposal, disposal recycling, concerned, environmental impact, environmental",0.034397188509763525
EV1757,EV Scooter,Bajaj Chetak,4,Navigation system integrated with range prediction is genuinely useful.,7,"Topic 7: riding, low, smooth, level, impressively",0.07776545472498549
EV1758,EV Scooter,Ampere Magnus,3,Total cost of ownership is great once you factor in low maintenance and fuel savings.,7,"Topic 7: riding, low, smooth, level, impressively",0.05644573421802956
EV1759,EV Scooter,Ampere Magnus,3,EV subsidy scheme in my state got delayed and the discount amount reduced suddenly.,8,"Topic 8: service, service center, center, appointment long, center needed",0.01521381996855034
EV1760,EV Scooter,Ampere Magnus,2,"Concerned about environmental impact of battery disposal and recycling. The companion app keeps crashing, needs urgent software updates.",6,"Topic 6: app, keep, update, software update, need",0.29554656707783
EV1761,EV Scooter,Hero Vida V1,3,"Spare parts availability is a major issue, waited a month for a replacement part.",9,"Topic 9: dashboard, caused dashboard, caused, dashboard freeze, freeze twice",0.022143653435404812
EV1762,EV Car,BYD Atto 3,4,"Charging takes too long, almost 6 hours for a full charge at home.",1,"Topic 1: charge come, defeat purpose, defeat, come mostly, come",0.04253603981861929
EV1763,EV Car,Hyundai Kona,4,"Emergency braking and collision alert systems work really well in traffic. Touchscreen infotainment system lags and is not very intuitive to use. Braking system feels sharp and responsive, regenerative braking works well.",2,"Topic 2: braking, system, work well, work, well",0.4031164544221044
EV1764,EV Scooter,Ather 450X,5,"Switching to EV feels good knowing I'm reducing my carbon footprint. Waiting time for service appointment is too long, more service centers needed.",8,"Topic 8: service, service center, center, appointment long, center needed",0.3333742944285136
EV1765,EV Scooter,Ampere Magnus,4,"Had a great experience with the service team, they explained everything clearly.",8,"Topic 8: service, service center, center, appointment long, center needed",0.10310956465082646
EV1766,EV Car,Hyundai Kona,4,Advanced safety features like ABS and traction control give peace of mind.,3,"Topic 3: ab, ab traction, control give, traction, traction control",0.4034444933979644
EV1767,EV Scooter,TVS iQube,4,Service center staff are not well trained to handle EV specific issues. Switching to EV feels good knowing I'm reducing my carbon footprint.,8,"Topic 8: service, service center, center, appointment long, center needed",0.26944630675221254
EV1768,EV Car,BYD Atto 3,4,"No proper information on how battery degrades over time, company should be transparent. There are very few authorized service centers, had to travel 15 km for repair.",8,"Topic 8: service, service center, center, appointment long, center needed",0.21384663092635006
EV1769,EV Car,BYD Atto 3,4,"Battery replacement cost is almost half the price of the vehicle, very concerning. Contributing to a cleaner city is a big motivation behind going electric.",0,"Topic 0: cost, replacement cost, replacement, price, battery",0.09116781351443716
EV1770,EV Scooter,Ather 450X,3,Concerned about environmental impact of battery disposal and recycling.,5,"Topic 5: battery disposal, disposal recycling, concerned, environmental impact, environmental",0.4358654034600713
EV1771,EV Car,Tesla Model 3,3,"Battery replacement cost is almost half the price of the vehicle, very concerning. Bluetooth connectivity drops frequently while riding, very frustrating.",0,"Topic 0: cost, replacement cost, replacement, price, battery",0.07562583200414948
EV1772,EV Scooter,Bajaj Chetak,4,Touchscreen infotainment system lags and is not very intuitive to use.,2,"Topic 2: braking, system, work well, work, well",0.07261313254748547
EV1773,EV Car,BYD Atto 3,4,"Bluetooth connectivity drops frequently while riding, very frustrating.",7,"Topic 7: riding, low, smooth, level, impressively",0.10316261143529813
EV1774,EV Scooter,Ampere Magnus,4,"Braking system feels sharp and responsive, regenerative braking works well. Loved the color options and the overall styling of the vehicle.",2,"Topic 2: braking, system, work well, work, well",0.2936517308833523
EV1775,EV Scooter,TVS iQube,5,"Smart key and app based lock features work flawlessly, very convenient.",6,"Topic 6: app, keep, update, software update, need",0.20397177287681528
EV1776,EV Car,Tesla Model 3,5,The battery warranty of 20 years gives me confidence in long term reliability.,8,"Topic 8: service, service center, center, appointment long, center needed",0.04865305209709307
EV1777,EV Car,Tesla Model 3,5,The design looks futuristic and attracts a lot of attention on the road.,7,"Topic 7: riding, low, smooth, level, impressively",0.03791100511224609
EV1778,EV Car,Tesla Model 3,4,"After sales support has been excellent, quick response and doorstep service.",8,"Topic 8: service, service center, center, appointment long, center needed",0.112987380464634
EV1779,EV Car,Tata Nexon EV,3,"Range drops badly in winter, I lost almost 30% range in cold weather. Running cost is much lower than petrol, saving a lot on fuel every month.",0,"Topic 0: cost, replacement cost, replacement, price, battery",0.04557518275880622
EV1780,EV Car,BYD Atto 3,5,Home charging setup was expensive and took weeks to install.,5,"Topic 5: battery disposal, disposal recycling, concerned, environmental impact, environmental",0.034397188509763525
EV1781,EV Scooter,TVS iQube,5,"Had a great experience with the service team, they explained everything clearly.",8,"Topic 8: service, service center, center, appointment long, center needed",0.10310956465082646
EV1782,EV Scooter,Hero Vida V1,4,"Charging takes too long, almost 6 hours for a full charge at home.",1,"Topic 1: charge come, defeat purpose, defeat, come mostly, come",0.04253603981861929
EV1783,EV Car,Mahindra XUV400,4,"There are very few authorized service centers, had to travel 15 km for repair. Switching to EV feels good knowing I'm reducing my carbon footprint.",8,"Topic 8: service, service center, center, appointment long, center needed",0.2320614453026668
EV1784,EV Scooter,Ather 450X,3,"Highway charging stops are rare, long distance travel is a nightmare. Battery health dropped to 85% within 18 months of daily use.",4,"Topic 4: use, daily use, daily, dropped, within month",0.26331516212920736
EV1785,EV Car,Mahindra XUV400,4,"Charging infrastructure in tier 2 and tier 3 cities is almost non-existent. Switching to EV feels good knowing I'm reducing my carbon footprint. Spare parts availability is a major issue, waited a month for a replacement part.",8,"Topic 8: service, service center, center, appointment long, center needed",0.03490586951112012
EV1786,EV Car,Tesla Model 3,5,"Waiting time for service appointment is too long, more service centers needed. The battery warranty of 300 years gives me confidence in long term reliability.",8,"Topic 8: service, service center, center, appointment long, center needed",0.30298667471112745
EV1787,EV Car,BYD Atto 3,5,Compact size makes it easy to park and maneuver in city traffic. Fast charging network needs serious expansion on highways.,6,"Topic 6: app, keep, update, software update, need",0.04981887844370589
EV1788,EV Car,Mahindra XUV400,3,"Noise levels are impressively low, riding experience is very smooth and quiet. Service center staff are not well trained to handle EV specific issues.",7,"Topic 7: riding, low, smooth, level, impressively",0.23672344723565142
EV1789,EV Car,Hyundai Kona,4,"Waiting time for service appointment is too long, more service centers needed.",8,"Topic 8: service, service center, center, appointment long, center needed",0.3799067759679156
EV1790,EV Car,MG ZS EV,4,"Waiting time for service appointment is too long, more service centers needed. Build materials feel sturdy but the design is a bit too plain compared to rivals. Love the app that shows nearby charging stations, very convenient feature.",8,"Topic 8: service, service center, center, appointment long, center needed",0.29114979426289583
EV1791,EV Scooter,Ola S1,3,"Claimed range of 80 km is misleading, actual range is way less in city traffic.",7,"Topic 7: riding, low, smooth, level, impressively",0.041861355679823284
EV1792,EV Car,Mahindra XUV400,5,Navigation system integrated with range prediction is genuinely useful.,7,"Topic 7: riding, low, smooth, level, impressively",0.07776545472498549
EV1793,EV Scooter,Ola S1,4,Acceleration is smooth and instant torque makes overtaking effortless.,7,"Topic 7: riding, low, smooth, level, impressively",0.07071550902865777
EV1794,EV Scooter,Ola S1,4,"Read reports about battery fires, safety is my biggest concern before buying.",4,"Topic 4: use, daily use, daily, dropped, within month",0.06224454269100942
EV1795,EV Car,Tata Nexon EV,3,"The real world range is much lower than advertised, I only get 150 km on a full charge. Software glitches caused the dashboard to freeze twice in a month.",9,"Topic 9: dashboard, caused dashboard, caused, dashboard freeze, freeze twice",0.3252872804474583
EV1796,EV Car,Tata Nexon EV,4,Charging infrastructure in tier 2 and tier 3 cities is almost non-existent.,0,"Topic 0: cost, replacement cost, replacement, price, battery",0.022957621508621948
EV1797,EV Car,BYD Atto 3,4,"The companion app keeps crashing, needs urgent software updates. Price after subsidy is still higher than a comparable petrol scooter.",6,"Topic 6: app, keep, update, software update, need",0.28802470336071323
EV1798,EV Scooter,TVS iQube,4,"Concerned about environmental impact of battery disposal and recycling. Read reports about battery fires, safety is my biggest concern before buying. Worried about battery degradation and replacement cost after warranty ends.",5,"Topic 5: battery disposal, disposal recycling, concerned, environmental impact, environmental",0.23563840285149104
EV1799,EV Car,Hyundai Kona,3,"Battery replacement cost is almost half the price of the vehicle, very concerning.",0,"Topic 0: cost, replacement cost, replacement, price, battery",0.10929763693684456
EV1800,EV Car,Tesla Model 3,4,Navigation system integrated with range prediction is genuinely useful. The upfront price is high but government subsidy makes it affordable.,7,"Topic 7: riding, low, smooth, level, impressively",0.05199653010322802
EV1801,EV Car,Tata Nexon EV,4,"The companion app keeps crashing, needs urgent software updates. Finding a working charging station in my city is still very difficult.",6,"Topic 6: app, keep, update, software update, need",0.33610909279339757
EV1802,EV Car,Tata Nexon EV,4,Battery health dropped to 85% within 18 months of daily use.,4,"Topic 4: use, daily use, daily, dropped, within month",0.39372037011018973
EV1803,EV Car,Tesla Model 3,4,Compact size makes it easy to park and maneuver in city traffic. The upfront price is high but government subsidy makes it affordable. Battery performance is stable even after two years of heavy usage.,0,"Topic 0: cost, replacement cost, replacement, price, battery",0.05379924858731186
EV1804,EV Car,Tesla Model 3,4,"After sales support has been excellent, quick response and doorstep service.",8,"Topic 8: service, service center, center, appointment long, center needed",0.112987380464634
EV1805,EV Scooter,Ola S1,4,"Heard about a thermal runaway incident, this has shaken my trust in EV safety. Love the app that shows nearby charging stations, very convenient feature.",6,"Topic 6: app, keep, update, software update, need",0.09657601555592235
EV1806,EV Car,Mahindra XUV400,4,Total cost of ownership is great once you factor in low maintenance and fuel savings. Charging infrastructure in tier 2 and tier 3 cities is almost non-existent.,7,"Topic 7: riding, low, smooth, level, impressively",0.04307258169281616
EV1807,EV Scooter,Ather 450X,3,"The motor is powerful and pickup is much better than petrol variants. Spare parts availability is a major issue, waited a month for a replacement part.",9,"Topic 9: dashboard, caused dashboard, caused, dashboard freeze, freeze twice",0.019143336777956533
EV1808,EV Scooter,TVS iQube,5,"I'm always worried about running out of charge before reaching my destination. Read reports about battery fires, safety is my biggest concern before buying.",4,"Topic 4: use, daily use, daily, dropped, within month",0.04818793906220465
EV1809,EV Car,Mahindra XUV400,5,Navigation system integrated with range prediction is genuinely useful.,7,"Topic 7: riding, low, smooth, level, impressively",0.07776545472498549
EV1810,EV Scooter,Bajaj Chetak,5,"Love the app that shows nearby charging stations, very convenient feature.",6,"Topic 6: app, keep, update, software update, need",0.13873149475387614
EV1811,EV Car,Tata Nexon EV,5,"The design looks futuristic and attracts a lot of attention on the road. For the price, I expected better build quality and more features.",8,"Topic 8: service, service center, center, appointment long, center needed",0.043175706127668474
EV1812,EV Scooter,Ola S1,3,"Zero tailpipe emissions is the main reason I chose an electric vehicle. Bluetooth connectivity drops frequently while riding, very frustrating.",7,"Topic 7: riding, low, smooth, level, impressively",0.1811314358168635
EV1813,EV Scooter,Ather 450X,4,"There are very few authorized service centers, had to travel 250 km for repair.",8,"Topic 8: service, service center, center, appointment long, center needed",0.27134328447285216
EV1814,EV Car,Tata Nexon EV,5,Charging infrastructure in tier 2 and tier 3 cities is almost non-existent.,0,"Topic 0: cost, replacement cost, replacement, price, battery",0.022957621508621948
EV1815,EV Scooter,Bajaj Chetak,3,"Customer support over phone is helpful and resolves issues quickly. Battery performance is stable even after two years of heavy usage. Read reports about battery fires, safety is my biggest concern before buying.",8,"Topic 8: service, service center, center, appointment long, center needed",0.054294720431723384
EV1816,EV Car,Mahindra XUV400,5,Touchscreen infotainment system lags and is not very intuitive to use.,2,"Topic 2: braking, system, work well, work, well",0.07261313254748547
EV1817,EV Car,Tesla Model 3,4,"Noise levels are impressively low, riding experience is very smooth and quiet.",7,"Topic 7: riding, low, smooth, level, impressively",0.3464796245824144
EV1818,EV Car,BYD Atto 3,5,The design looks futuristic and attracts a lot of attention on the road. Battery range degrades faster than expected after just one year of use.,4,"Topic 4: use, daily use, daily, dropped, within month",0.05906240423143003
EV1819,EV Car,Mahindra XUV400,4,"Bluetooth connectivity drops frequently while riding, very frustrating.",7,"Topic 7: riding, low, smooth, level, impressively",0.10316261143529813
EV1820,EV Car,Tata Nexon EV,4,The battery warranty of 200 years gives me confidence in long term reliability.,8,"Topic 8: service, service center, center, appointment long, center needed",0.04865305209709307
EV1821,EV Car,Tesla Model 3,5,"There are very few authorized service centers, had to travel 5 km for repair.",8,"Topic 8: service, service center, center, appointment long, center needed",0.27134328447285216
EV1822,EV Scooter,Ampere Magnus,3,"Battery health dropped to 85% within 18 months of daily use. LED lighting and digital dashboard give it a premium, modern look.",4,"Topic 4: use, daily use, daily, dropped, within month",0.24496807005303187
EV1823,EV Scooter,Hero Vida V1,4,Build materials feel sturdy but the design is a bit too plain compared to rivals.,8,"Topic 8: service, service center, center, appointment long, center needed",0.12733235366077575
EV1824,EV Scooter,Ampere Magnus,4,"Waiting time for service appointment is too long, more service centers needed.",8,"Topic 8: service, service center, center, appointment long, center needed",0.3799067759679156
EV1825,EV Car,Tesla Model 3,3,"AC usage kills the range, on hot days I barely get half the claimed distance. Advanced safety features like ABS and traction control give peace of mind.",3,"Topic 3: ab, ab traction, control give, traction, traction control",0.2717318754509835
EV1826,EV Car,Mahindra XUV400,3,"Suspension is too stiff, ride quality is uncomfortable on bad roads. Energy used to charge still comes mostly from coal in my region, defeats the purpose somewhat.",1,"Topic 1: charge come, defeat purpose, defeat, come mostly, come",0.32411255774799624
EV1827,EV Car,BYD Atto 3,5,"Running cost is much lower than petrol, saving a lot on fuel every month.",9,"Topic 9: dashboard, caused dashboard, caused, dashboard freeze, freeze twice",0.0516280875000597
EV1828,EV Scooter,Hero Vida V1,5,"Noise levels are impressively low, riding experience is very smooth and quiet. After sales support has been excellent, quick response and doorstep service.",7,"Topic 7: riding, low, smooth, level, impressively",0.2648293055086218
EV1829,EV Car,Tata Nexon EV,4,Navigation system integrated with range prediction is genuinely useful.,7,"Topic 7: riding, low, smooth, level, impressively",0.07776545472498549
EV1830,EV Car,Mahindra XUV400,5,"Charging infrastructure in tier 2 and tier 3 cities is almost non-existent. Running cost is much lower than petrol, saving a lot on fuel every month.",0,"Topic 0: cost, replacement cost, replacement, price, battery",0.04788926757618778
EV1831,EV Car,Mahindra XUV400,4,Home charging setup was expensive and took weeks to install.,5,"Topic 5: battery disposal, disposal recycling, concerned, environmental impact, environmental",0.034397188509763525
EV1832,EV Scooter,Ola S1,5,The upfront price is high but government subsidy makes it affordable. The vehicle has good crash test ratings which reassured my purchase decision.,9,"Topic 9: dashboard, caused dashboard, caused, dashboard freeze, freeze twice",0.06803602475344007
EV1833,EV Scooter,Hero Vida V1,5,Build materials feel sturdy but the design is a bit too plain compared to rivals. Software glitches caused the dashboard to freeze twice in a month.,9,"Topic 9: dashboard, caused dashboard, caused, dashboard freeze, freeze twice",0.30370627723494287
EV1834,EV Car,Hyundai Kona,3,"Resale value of electric vehicles is still uncertain, worried about depreciation. Emergency braking and collision alert systems work really well in traffic.",2,"Topic 2: braking, system, work well, work, well",0.23932184016447583
EV1835,EV Scooter,Hero Vida V1,5,Emergency braking and collision alert systems work really well in traffic. Touchscreen infotainment system lags and is not very intuitive to use.,2,"Topic 2: braking, system, work well, work, well",0.28040817781616406
EV1836,EV Car,Hyundai Kona,5,Touchscreen infotainment system lags and is not very intuitive to use.,2,"Topic 2: braking, system, work well, work, well",0.07261313254748547
EV1837,EV Scooter,Ola S1,4,Navigation system integrated with range prediction is genuinely useful. Battery health dropped to 85% within 18 months of daily use.,4,"Topic 4: use, daily use, daily, dropped, within month",0.26944228970214795
EV1838,EV Scooter,Ather 450X,2,"The upfront price is high but government subsidy makes it affordable. Love the app that shows nearby charging stations, very convenient feature.",6,"Topic 6: app, keep, update, software update, need",0.10057197680962021
EV1839,EV Car,Mahindra XUV400,4,The upfront price is high but government subsidy makes it affordable.,0,"Topic 0: cost, replacement cost, replacement, price, battery",0.05427867857583784
EV1840,EV Scooter,TVS iQube,4,"Read reports about battery fires, safety is my biggest concern before buying.",4,"Topic 4: use, daily use, daily, dropped, within month",0.06224454269100942
EV1841,EV Scooter,Ola S1,4,"Battery replacement cost is almost half the price of the vehicle, very concerning.",0,"Topic 0: cost, replacement cost, replacement, price, battery",0.10929763693684456
EV1842,EV Scooter,Ather 450X,4,"Build quality feels premium and the ride is extremely comfortable. After sales support has been excellent, quick response and doorstep service.",8,"Topic 8: service, service center, center, appointment long, center needed",0.1082068811200958
EV1843,EV Car,BYD Atto 3,4,"The companion app keeps crashing, needs urgent software updates.",6,"Topic 6: app, keep, update, software update, need",0.3913111625379394
EV1844,EV Car,Tesla Model 3,3,"Storage space under the seat is very limited, not practical for daily use. Resale value of electric vehicles is still uncertain, worried about depreciation.",4,"Topic 4: use, daily use, daily, dropped, within month",0.10974223819750532
EV1845,EV Car,Hyundai Kona,4,"Energy used to charge still comes mostly from coal in my region, defeats the purpose somewhat.",1,"Topic 1: charge come, defeat purpose, defeat, come mostly, come",0.4284350621768463
EV1846,EV Car,Hyundai Kona,5,Stability control on wet roads is impressive and inspires confidence. Software glitches caused the dashboard to freeze twice in a month.,9,"Topic 9: dashboard, caused dashboard, caused, dashboard freeze, freeze twice",0.31675559200274533
EV1847,EV Car,BYD Atto 3,3,Acceleration is smooth and instant torque makes overtaking effortless. Stability control on wet roads is impressive and inspires confidence.,7,"Topic 7: riding, low, smooth, level, impressively",0.22865273501408306
EV1848,EV Scooter,Bajaj Chetak,3,Loved the color options and the overall styling of the vehicle.,1,"Topic 1: charge come, defeat purpose, defeat, come mostly, come",0.016621025870109416
EV1849,EV Car,Hyundai Kona,3,"Smart key and app based lock features work flawlessly, very convenient.",6,"Topic 6: app, keep, update, software update, need",0.20397177287681528
EV1850,EV Car,MG ZS EV,4,"There are very few authorized service centers, had to travel 8 km for repair.",8,"Topic 8: service, service center, center, appointment long, center needed",0.27134328447285216
EV1851,EV Scooter,Hero Vida V1,5,Battery health dropped to 85% within 18 months of daily use.,4,"Topic 4: use, daily use, daily, dropped, within month",0.39372037011018973
EV1852,EV Scooter,Bajaj Chetak,4,Finding a working charging station in my city is still very difficult.,6,"Topic 6: app, keep, update, software update, need",0.06122660181627624
EV1853,EV Scooter,Hero Vida V1,4,Stability control on wet roads is impressive and inspires confidence. Navigation system integrated with range prediction is genuinely useful.,7,"Topic 7: riding, low, smooth, level, impressively",0.23802724212034296
EV1854,EV Car,MG ZS EV,4,Emergency braking and collision alert systems work really well in traffic.,2,"Topic 2: braking, system, work well, work, well",0.31909778238262776
EV1855,EV Car,Hyundai Kona,5,The upfront price is high but government subsidy makes it affordable.,0,"Topic 0: cost, replacement cost, replacement, price, battery",0.05427867857583784
EV1856,EV Car,MG ZS EV,4,"Charging takes too long, almost 6 hours for a full charge at home.",1,"Topic 1: charge come, defeat purpose, defeat, come mostly, come",0.04253603981861929
EV1857,EV Scooter,Ather 450X,4,"Charging takes too long, almost 6 hours for a full charge at home.",1,"Topic 1: charge come, defeat purpose, defeat, come mostly, come",0.04253603981861929
EV1858,EV Scooter,Ola S1,5,Contributing to a cleaner city is a big motivation behind going electric.,0,"Topic 0: cost, replacement cost, replacement, price, battery",0.02549945550685614
EV1859,EV Scooter,Hero Vida V1,5,Stability control on wet roads is impressive and inspires confidence.,7,"Topic 7: riding, low, smooth, level, impressively",0.25999823105925624
EV1860,EV Car,Hyundai Kona,4,"Battery replacement cost is almost half the price of the vehicle, very concerning. Suspension is too stiff, ride quality is uncomfortable on bad roads.",0,"Topic 0: cost, replacement cost, replacement, price, battery",0.07638718653137812
EV1861,EV Scooter,Ather 450X,4,"The design looks futuristic and attracts a lot of attention on the road. Braking system feels sharp and responsive, regenerative braking works well.",2,"Topic 2: braking, system, work well, work, well",0.2687384986900268
EV1862,EV Scooter,Ampere Magnus,4,"Battery performance is stable even after two years of heavy usage. Love the app that shows nearby charging stations, very convenient feature. Concerned about environmental impact of battery disposal and recycling.",5,"Topic 5: battery disposal, disposal recycling, concerned, environmental impact, environmental",0.24024632451266686
EV1863,EV Scooter,TVS iQube,3,Worried about battery degradation and replacement cost after warranty ends.,0,"Topic 0: cost, replacement cost, replacement, price, battery",0.10728248170323222
EV1864,EV Car,BYD Atto 3,4,The design looks futuristic and attracts a lot of attention on the road. The motor is powerful and pickup is much better than petrol variants. Battery health dropped to 85% within 18 months of daily use.,4,"Topic 4: use, daily use, daily, dropped, within month",0.2147013188264369
EV1865,EV Car,MG ZS EV,4,Home charging setup was expensive and took weeks to install. Switching to EV feels good knowing I'm reducing my carbon footprint.,8,"Topic 8: service, service center, center, appointment long, center needed",0.07166046818046379
EV1866,EV Scooter,TVS iQube,4,Navigation system integrated with range prediction is genuinely useful.,7,"Topic 7: riding, low, smooth, level, impressively",0.07776545472498549
EV1867,EV Scooter,Ather 450X,4,Total cost of ownership is great once you factor in low maintenance and fuel savings.,7,"Topic 7: riding, low, smooth, level, impressively",0.05644573421802956
EV1868,EV Car,Tesla Model 3,4,"Insurance premium for EV is surprisingly high compared to petrol vehicles. No proper information on how battery degrades over time, company should be transparent. Public chargers are often broken or occupied, need more charging stations urgently.",6,"Topic 6: app, keep, update, software update, need",0.07435347885012843
EV1869,EV Car,Tata Nexon EV,3,"Running cost is much lower than petrol, saving a lot on fuel every month.",9,"Topic 9: dashboard, caused dashboard, caused, dashboard freeze, freeze twice",0.0516280875000597
EV1870,EV Car,Tesla Model 3,4,Service center staff are not well trained to handle EV specific issues.,8,"Topic 8: service, service center, center, appointment long, center needed",0.2956903099765675
EV1871,EV Car,Hyundai Kona,4,"Energy used to charge still comes mostly from coal in my region, defeats the purpose somewhat. Price after subsidy is still higher than a comparable petrol scooter.",1,"Topic 1: charge come, defeat purpose, defeat, come mostly, come",0.34529006199337636
EV1872,EV Car,Tesla Model 3,4,"The battery warranty of 120 years gives me confidence in long term reliability. Had a great experience with the service team, they explained everything clearly. The motor is powerful and pickup is much better than petrol variants.",8,"Topic 8: service, service center, center, appointment long, center needed",0.08902858388962306
EV1873,EV Car,Tata Nexon EV,3,EV subsidy scheme in my state got delayed and the discount amount reduced suddenly.,8,"Topic 8: service, service center, center, appointment long, center needed",0.01521381996855034
EV1874,EV Car,BYD Atto 3,3,The vehicle has good crash test ratings which reassured my purchase decision. Software glitches caused the dashboard to freeze twice in a month.,9,"Topic 9: dashboard, caused dashboard, caused, dashboard freeze, freeze twice",0.3976328337334849
EV1875,EV Car,Mahindra XUV400,4,"Interior quality feels cheap for the price point, needs improvement. Energy used to charge still comes mostly from coal in my region, defeats the purpose somewhat.",1,"Topic 1: charge come, defeat purpose, defeat, come mostly, come",0.3170291616986451
EV1876,EV Car,Mahindra XUV400,4,"The companion app keeps crashing, needs urgent software updates.",6,"Topic 6: app, keep, update, software update, need",0.3913111625379394
EV1877,EV Car,Mahindra XUV400,4,"Love the app that shows nearby charging stations, very convenient feature.",6,"Topic 6: app, keep, update, software update, need",0.13873149475387614
EV1878,EV Scooter,Ola S1,4,Concerned about environmental impact of battery disposal and recycling.,5,"Topic 5: battery disposal, disposal recycling, concerned, environmental impact, environmental",0.4358654034600713
EV1879,EV Scooter,Ather 450X,4,"Running cost is much lower than petrol, saving a lot on fuel every month.",9,"Topic 9: dashboard, caused dashboard, caused, dashboard freeze, freeze twice",0.0516280875000597
EV1880,EV Scooter,Hero Vida V1,4,"Bluetooth connectivity drops frequently while riding, very frustrating. Charging infrastructure in tier 2 and tier 3 cities is almost non-existent.",7,"Topic 7: riding, low, smooth, level, impressively",0.06729394125859318
EV1881,EV Car,Tata Nexon EV,5,Switching to EV feels good knowing I'm reducing my carbon footprint.,8,"Topic 8: service, service center, center, appointment long, center needed",0.0701157381403301
EV1882,EV Car,Tata Nexon EV,3,"Running cost is much lower than petrol, saving a lot on fuel every month. Interior quality feels cheap for the price point, needs improvement.",0,"Topic 0: cost, replacement cost, replacement, price, battery",0.05240377160135242
EV1883,EV Scooter,Hero Vida V1,4,"Storage space under the seat is very limited, not practical for daily use. Noise levels are impressively low, riding experience is very smooth and quiet.",7,"Topic 7: riding, low, smooth, level, impressively",0.25212893238059114
EV1884,EV Scooter,Ampere Magnus,4,"Public chargers are often broken or occupied, need more charging stations urgently.",6,"Topic 6: app, keep, update, software update, need",0.09851726439195248
EV1885,EV Scooter,Bajaj Chetak,3,"Range drops badly in winter, I lost almost 30% range in cold weather.",7,"Topic 7: riding, low, smooth, level, impressively",0.06257870840187371
EV1886,EV Car,Tata Nexon EV,4,Compact size makes it easy to park and maneuver in city traffic.,0,"Topic 0: cost, replacement cost, replacement, price, battery",0.030857381256915433
EV1887,EV Scooter,Ather 450X,5,Charging infrastructure in tier 2 and tier 3 cities is almost non-existent.,0,"Topic 0: cost, replacement cost, replacement, price, battery",0.022957621508621948
EV1888,EV Scooter,Ather 450X,3,"Heard about a thermal runaway incident, this has shaken my trust in EV safety. After sales support has been excellent, quick response and doorstep service.",8,"Topic 8: service, service center, center, appointment long, center needed",0.08844118659589764
EV1889,EV Car,Tata Nexon EV,4,Touchscreen infotainment system lags and is not very intuitive to use.,2,"Topic 2: braking, system, work well, work, well",0.07261313254748547
EV1890,EV Scooter,Bajaj Chetak,4,"No proper information on how battery degrades over time, company should be transparent. The vehicle has good crash test ratings which reassured my purchase decision.",9,"Topic 9: dashboard, caused dashboard, caused, dashboard freeze, freeze twice",0.06726222390941973
EV1891,EV Car,Mahindra XUV400,4,"LED lighting and digital dashboard give it a premium, modern look. The companion app keeps crashing, needs urgent software updates.",6,"Topic 6: app, keep, update, software update, need",0.26374846161749493
EV1892,EV Scooter,Hero Vida V1,4,Advanced safety features like ABS and traction control give peace of mind.,3,"Topic 3: ab, ab traction, control give, traction, traction control",0.4034444933979644
EV1893,EV Scooter,TVS iQube,4,Concerned about environmental impact of battery disposal and recycling.,5,"Topic 5: battery disposal, disposal recycling, concerned, environmental impact, environmental",0.4358654034600713
EV1894,EV Scooter,TVS iQube,3,The battery warranty of 8 years gives me confidence in long term reliability. Acceleration is smooth and instant torque makes overtaking effortless.,7,"Topic 7: riding, low, smooth, level, impressively",0.06253684817582854
EV1895,EV Scooter,Bajaj Chetak,4,Top speed is decent for city use but not enough for highway cruising. The design looks futuristic and attracts a lot of attention on the road.,4,"Topic 4: use, daily use, daily, dropped, within month",0.04172865094671043
EV1896,EV Car,MG ZS EV,4,"Public chargers are often broken or occupied, need more charging stations urgently. After sales support has been excellent, quick response and doorstep service.",8,"Topic 8: service, service center, center, appointment long, center needed",0.0729848313881994
EV1897,EV Car,Tata Nexon EV,5,Compact size makes it easy to park and maneuver in city traffic.,0,"Topic 0: cost, replacement cost, replacement, price, battery",0.030857381256915433
EV1898,EV Scooter,TVS iQube,4,Top speed is decent for city use but not enough for highway cruising. Compact size makes it easy to park and maneuver in city traffic. Advanced safety features like ABS and traction control give peace of mind.,3,"Topic 3: ab, ab traction, control give, traction, traction control",0.23354487853441924
EV1899,EV Scooter,Ola S1,3,"Heard about a thermal runaway incident, this has shaken my trust in EV safety. Braking system feels sharp and responsive, regenerative braking works well. The battery warranty of 300 years gives me confidence in long term reliability.",2,"Topic 2: braking, system, work well, work, well",0.21687736869381755
EV1900,EV Car,Mahindra XUV400,4,"After sales support has been excellent, quick response and doorstep service.",8,"Topic 8: service, service center, center, appointment long, center needed",0.112987380464634
EV1901,EV Car,Hyundai Kona,4,"Energy used to charge still comes mostly from coal in my region, defeats the purpose somewhat. Love the app that shows nearby charging stations, very convenient feature.",1,"Topic 1: charge come, defeat purpose, defeat, come mostly, come",0.31750965250484603
EV1902,EV Scooter,Ola S1,5,"Braking system feels sharp and responsive, regenerative braking works well. Charging takes too long, almost 6 hours for a full charge at home.",2,"Topic 2: braking, system, work well, work, well",0.2686275312562627
EV1903,EV Scooter,Hero Vida V1,4,"Build materials feel sturdy but the design is a bit too plain compared to rivals. Had a great experience with the service team, they explained everything clearly. Navigation system integrated with range prediction is genuinely useful.",8,"Topic 8: service, service center, center, appointment long, center needed",0.1343382241301193
EV1904,EV Car,Tata Nexon EV,3,"For the price, I expected better build quality and more features.",8,"Topic 8: service, service center, center, appointment long, center needed",0.03904638720375586
EV1905,EV Scooter,Hero Vida V1,4,"The vehicle has good crash test ratings which reassured my purchase decision. For the price, I expected better build quality and more features.",9,"Topic 9: dashboard, caused dashboard, caused, dashboard freeze, freeze twice",0.08663159968087893
EV1906,EV Car,MG ZS EV,5,"LED lighting and digital dashboard give it a premium, modern look. Handling and stability at high speed feels very confident and safe.",9,"Topic 9: dashboard, caused dashboard, caused, dashboard freeze, freeze twice",0.10681878988484837
EV1907,EV Car,Mahindra XUV400,5,"Waiting time for service appointment is too long, more service centers needed.",8,"Topic 8: service, service center, center, appointment long, center needed",0.3799067759679156
EV1908,EV Car,Mahindra XUV400,3,EV subsidy scheme in my state got delayed and the discount amount reduced suddenly. Battery range degrades faster than expected after just one year of use. Contributing to a cleaner city is a big motivation behind going electric.,4,"Topic 4: use, daily use, daily, dropped, within month",0.035154775346396785
EV1909,EV Scooter,Bajaj Chetak,4,Service center staff are not well trained to handle EV specific issues. The battery warranty of 8 years gives me confidence in long term reliability.,8,"Topic 8: service, service center, center, appointment long, center needed",0.24763669556569298
EV1910,EV Scooter,Hero Vida V1,4,"Range drops badly in winter, I lost almost 30% range in cold weather. Concerned about environmental impact of battery disposal and recycling.",5,"Topic 5: battery disposal, disposal recycling, concerned, environmental impact, environmental",0.25725451918188347
EV1911,EV Scooter,Ola S1,4,"The design looks futuristic and attracts a lot of attention on the road. Battery performance is stable even after two years of heavy usage. Running cost is much lower than petrol, saving a lot on fuel every month.",9,"Topic 9: dashboard, caused dashboard, caused, dashboard freeze, freeze twice",0.040999498665205254
EV1912,EV Scooter,Bajaj Chetak,4,Top speed is decent for city use but not enough for highway cruising.,4,"Topic 4: use, daily use, daily, dropped, within month",0.04123417232045928
EV1913,EV Scooter,Hero Vida V1,4,Battery health dropped to 85% within 18 months of daily use. Fast charging network needs serious expansion on highways.,4,"Topic 4: use, daily use, daily, dropped, within month",0.2729087665899446
EV1914,EV Scooter,Bajaj Chetak,4,Touchscreen infotainment system lags and is not very intuitive to use. Stability control on wet roads is impressive and inspires confidence.,7,"Topic 7: riding, low, smooth, level, impressively",0.18720050149702783
EV1915,EV Car,Hyundai Kona,3,"After sales support has been excellent, quick response and doorstep service. Battery replacement cost is almost half the price of the vehicle, very concerning.",0,"Topic 0: cost, replacement cost, replacement, price, battery",0.07858144317370037
EV1916,EV Scooter,TVS iQube,4,"Claimed range of 200 km is misleading, actual range is way less in city traffic.",7,"Topic 7: riding, low, smooth, level, impressively",0.041861355679823284
EV1917,EV Scooter,TVS iQube,4,"Bluetooth connectivity drops frequently while riding, very frustrating.",7,"Topic 7: riding, low, smooth, level, impressively",0.10316261143529813
EV1918,EV Car,Mahindra XUV400,4,"Total cost of ownership is great once you factor in low maintenance and fuel savings. Spare parts availability is a major issue, waited a month for a replacement part. Concerned about environmental impact of battery disposal and recycling.",5,"Topic 5: battery disposal, disposal recycling, concerned, environmental impact, environmental",0.18731297743750402
EV1919,EV Scooter,Ola S1,4,"Smart key and app based lock features work flawlessly, very convenient. Loved the color options and the overall styling of the vehicle.",6,"Topic 6: app, keep, update, software update, need",0.1635941488098559
EV1920,EV Scooter,Ola S1,3,"Highway charging stops are rare, long distance travel is a nightmare. Top speed is decent for city use but not enough for highway cruising.",8,"Topic 8: service, service center, center, appointment long, center needed",0.04288448623659949
EV1921,EV Scooter,Hero Vida V1,4,"Smart key and app based lock features work flawlessly, very convenient.",6,"Topic 6: app, keep, update, software update, need",0.20397177287681528
EV1922,EV Car,Tata Nexon EV,5,Handling and stability at high speed feels very confident and safe. Home charging setup was expensive and took weeks to install.,6,"Topic 6: app, keep, update, software update, need",0.03279283445731153
EV1923,EV Car,BYD Atto 3,4,"Build quality feels premium and the ride is extremely comfortable. Smart key and app based lock features work flawlessly, very convenient.",6,"Topic 6: app, keep, update, software update, need",0.15418882135887096
EV1924,EV Car,Hyundai Kona,4,"There are very few authorized service centers, had to travel 100 km for repair.",8,"Topic 8: service, service center, center, appointment long, center needed",0.27134328447285216
EV1925,EV Scooter,TVS iQube,4,Switching to EV feels good knowing I'm reducing my carbon footprint. The upfront price is high but government subsidy makes it affordable.,8,"Topic 8: service, service center, center, appointment long, center needed",0.04310809800748184
EV1926,EV Car,Tata Nexon EV,5,"Battery replacement cost is almost half the price of the vehicle, very concerning. For daily commute the range is fine but long trips are stressful because of low range.",0,"Topic 0: cost, replacement cost, replacement, price, battery",0.07193924234910096
EV1927,EV Scooter,Ather 450X,4,Switching to EV feels good knowing I'm reducing my carbon footprint.,8,"Topic 8: service, service center, center, appointment long, center needed",0.0701157381403301
EV1928,EV Car,Tesla Model 3,4,Fast charging network needs serious expansion on highways.,6,"Topic 6: app, keep, update, software update, need",0.07512874314890193
EV1929,EV Car,MG ZS EV,5,"Interior quality feels cheap for the price point, needs improvement.",6,"Topic 6: app, keep, update, software update, need",0.05136137910714518
EV1930,EV Scooter,Ather 450X,4,"Interior quality feels cheap for the price point, needs improvement.",6,"Topic 6: app, keep, update, software update, need",0.05136137910714518
EV1931,EV Scooter,Ather 450X,5,"For the price, I expected better build quality and more features.",8,"Topic 8: service, service center, center, appointment long, center needed",0.03904638720375586
EV1932,EV Car,Hyundai Kona,4,"Smart key and app based lock features work flawlessly, very convenient. The battery warranty of 5 years gives me confidence in long term reliability.",6,"Topic 6: app, keep, update, software update, need",0.16546120498274774
EV1933,EV Scooter,Hero Vida V1,4,Concerned about environmental impact of battery disposal and recycling.,5,"Topic 5: battery disposal, disposal recycling, concerned, environmental impact, environmental",0.4358654034600713
EV1934,EV Car,Tata Nexon EV,5,"For the price, I expected better build quality and more features.",8,"Topic 8: service, service center, center, appointment long, center needed",0.03904638720375586
EV1935,EV Scooter,Ampere Magnus,5,"The vehicle has good crash test ratings which reassured my purchase decision. Storage space under the seat is very limited, not practical for daily use.",4,"Topic 4: use, daily use, daily, dropped, within month",0.108377175285418
EV1936,EV Scooter,Ather 450X,4,"There are very few authorized service centers, had to travel 20 km for repair.",8,"Topic 8: service, service center, center, appointment long, center needed",0.27134328447285216
EV1937,EV Scooter,TVS iQube,5,"Suspension is too stiff, ride quality is uncomfortable on bad roads. The vehicle has good crash test ratings which reassured my purchase decision. The design looks futuristic and attracts a lot of attention on the road.",9,"Topic 9: dashboard, caused dashboard, caused, dashboard freeze, freeze twice",0.06765075746324258
EV1938,EV Scooter,Ola S1,4,"Braking system feels sharp and responsive, regenerative braking works well. Loved the color options and the overall styling of the vehicle.",2,"Topic 2: braking, system, work well, work, well",0.2936517308833523
EV1939,EV Scooter,Ampere Magnus,4,Build quality feels premium and the ride is extremely comfortable.,8,"Topic 8: service, service center, center, appointment long, center needed",0.03904935174823101
EV1940,EV Car,BYD Atto 3,4,Battery health dropped to 85% within 18 months of daily use. I'm always worried about running out of charge before reaching my destination.,4,"Topic 4: use, daily use, daily, dropped, within month",0.2644006115636697
EV1941,EV Car,Mahindra XUV400,4,"Storage space under the seat is very limited, not practical for daily use. Finding a working charging station in my city is still very difficult.",4,"Topic 4: use, daily use, daily, dropped, within month",0.112798320498432
EV1942,EV Scooter,TVS iQube,5,Home charging setup was expensive and took weeks to install.,5,"Topic 5: battery disposal, disposal recycling, concerned, environmental impact, environmental",0.034397188509763525
EV1943,EV Car,Hyundai Kona,5,Battery health dropped to 85% within 18 months of daily use.,4,"Topic 4: use, daily use, daily, dropped, within month",0.39372037011018973
EV1944,EV Scooter,Ampere Magnus,4,"Heard about a thermal runaway incident, this has shaken my trust in EV safety.",3,"Topic 3: ab, ab traction, control give, traction, traction control",0.03209915536470071
EV1945,EV Car,Mahindra XUV400,3,"Charging takes too long, almost 6 hours for a full charge at home. Handling and stability at high speed feels very confident and safe. For daily commute the range is fine but long trips are stressful because of low range.",7,"Topic 7: riding, low, smooth, level, impressively",0.08337341045871069
EV1946,EV Scooter,Ampere Magnus,5,Battery range degrades faster than expected after just one year of use. Charging infrastructure in tier 2 and tier 3 cities is almost non-existent.,4,"Topic 4: use, daily use, daily, dropped, within month",0.041610142054451266
EV1947,EV Scooter,Hero Vida V1,5,"Build quality feels premium and the ride is extremely comfortable. AC usage kills the range, on hot days I barely get half the claimed distance.",8,"Topic 8: service, service center, center, appointment long, center needed",0.028348630500679525
EV1948,EV Car,MG ZS EV,4,"Range drops badly in winter, I lost almost 30% range in cold weather.",7,"Topic 7: riding, low, smooth, level, impressively",0.06257870840187371
EV1949,EV Scooter,Ola S1,4,"Running cost is much lower than petrol, saving a lot on fuel every month. The design looks futuristic and attracts a lot of attention on the road.",9,"Topic 9: dashboard, caused dashboard, caused, dashboard freeze, freeze twice",0.048341567914026363
EV1950,EV Car,MG ZS EV,3,Worried about battery degradation and replacement cost after warranty ends.,0,"Topic 0: cost, replacement cost, replacement, price, battery",0.10728248170323222
EV1951,EV Scooter,Bajaj Chetak,2,Top speed is decent for city use but not enough for highway cruising. Fast charging network needs serious expansion on highways.,6,"Topic 6: app, keep, update, software update, need",0.05913860783717436
EV1952,EV Scooter,Bajaj Chetak,4,"Energy used to charge still comes mostly from coal in my region, defeats the purpose somewhat.",1,"Topic 1: charge come, defeat purpose, defeat, come mostly, come",0.4284350621768463
EV1953,EV Scooter,Ola S1,4,Build materials feel sturdy but the design is a bit too plain compared to rivals.,8,"Topic 8: service, service center, center, appointment long, center needed",0.12733235366077575
EV1954,EV Scooter,Ola S1,4,Software glitches caused the dashboard to freeze twice in a month.,9,"Topic 9: dashboard, caused dashboard, caused, dashboard freeze, freeze twice",0.4541679341646786
EV1955,EV Car,Tesla Model 3,4,The vehicle has good crash test ratings which reassured my purchase decision. Charging infrastructure in tier 2 and tier 3 cities is almost non-existent.,9,"Topic 9: dashboard, caused dashboard, caused, dashboard freeze, freeze twice",0.06200615648641255
EV1956,EV Scooter,Ola S1,4,"No proper information on how battery degrades over time, company should be transparent.",8,"Topic 8: service, service center, center, appointment long, center needed",0.052935026121235115
EV1957,EV Scooter,Ather 450X,4,"Advanced safety features like ABS and traction control give peace of mind. Public chargers are often broken or occupied, need more charging stations urgently.",3,"Topic 3: ab, ab traction, control give, traction, traction control",0.27490139549460807
EV1958,EV Scooter,Bajaj Chetak,5,"Braking system feels sharp and responsive, regenerative braking works well.",2,"Topic 2: braking, system, work well, work, well",0.362732406370459
EV1959,EV Car,BYD Atto 3,4,Battery health dropped to 85% within 18 months of daily use.,4,"Topic 4: use, daily use, daily, dropped, within month",0.39372037011018973
EV1960,EV Scooter,Ola S1,4,Build quality feels premium and the ride is extremely comfortable. Navigation system integrated with range prediction is genuinely useful.,7,"Topic 7: riding, low, smooth, level, impressively",0.06089644997989106
EV1961,EV Scooter,TVS iQube,4,"Charging takes too long, almost 6 hours for a full charge at home.",1,"Topic 1: charge come, defeat purpose, defeat, come mostly, come",0.04253603981861929
EV1962,EV Car,Mahindra XUV400,3,Finding a working charging station in my city is still very difficult.,6,"Topic 6: app, keep, update, software update, need",0.06122660181627624
EV1963,EV Car,Tesla Model 3,4,Concerned about environmental impact of battery disposal and recycling. Navigation system integrated with range prediction is genuinely useful.,5,"Topic 5: battery disposal, disposal recycling, concerned, environmental impact, environmental",0.31128956994440216
EV1964,EV Scooter,Hero Vida V1,5,Battery health dropped to 85% within 18 months of daily use.,4,"Topic 4: use, daily use, daily, dropped, within month",0.39372037011018973
EV1965,EV Car,MG ZS EV,4,"Claimed range of 15 km is misleading, actual range is way less in city traffic.",7,"Topic 7: riding, low, smooth, level, impressively",0.041861355679823284
EV1966,EV Car,Tesla Model 3,3,"Home charging setup was expensive and took weeks to install. Spare parts availability is a major issue, waited a month for a replacement part. Bluetooth connectivity drops frequently while riding, very frustrating.",7,"Topic 7: riding, low, smooth, level, impressively",0.047800478328302844
EV1967,EV Car,Tata Nexon EV,4,"The companion app keeps crashing, needs urgent software updates. Contributing to a cleaner city is a big motivation behind going electric.",6,"Topic 6: app, keep, update, software update, need",0.28114089479270293
EV1968,EV Car,MG ZS EV,4,"The real world range is much lower than advertised, I only get 100 km on a full charge. Noise levels are impressively low, riding experience is very smooth and quiet.",7,"Topic 7: riding, low, smooth, level, impressively",0.2620175755089682
EV1969,EV Scooter,Bajaj Chetak,4,"Storage space under the seat is very limited, not practical for daily use.",4,"Topic 4: use, daily use, daily, dropped, within month",0.1489749552724736
EV1970,EV Scooter,Ather 450X,3,Compact size makes it easy to park and maneuver in city traffic. Handling and stability at high speed feels very confident and safe.,0,"Topic 0: cost, replacement cost, replacement, price, battery",0.028378739888326055
EV1971,EV Scooter,Hero Vida V1,4,"Bluetooth connectivity drops frequently while riding, very frustrating. Noise levels are impressively low, riding experience is very smooth and quiet.",7,"Topic 7: riding, low, smooth, level, impressively",0.3163403566773262
EV1972,EV Car,MG ZS EV,4,The motor is powerful and pickup is much better than petrol variants. Navigation system integrated with range prediction is genuinely useful.,7,"Topic 7: riding, low, smooth, level, impressively",0.05789069470208838
EV1973,EV Car,BYD Atto 3,5,"No proper information on how battery degrades over time, company should be transparent. Waiting time for service appointment is too long, more service centers needed.",8,"Topic 8: service, service center, center, appointment long, center needed",0.3081800362158207
EV1974,EV Scooter,Bajaj Chetak,4,"Concerned about environmental impact of battery disposal and recycling. Running cost is much lower than petrol, saving a lot on fuel every month.",5,"Topic 5: battery disposal, disposal recycling, concerned, environmental impact, environmental",0.27350939276348957
EV1975,EV Scooter,Ather 450X,5,Contributing to a cleaner city is a big motivation behind going electric.,0,"Topic 0: cost, replacement cost, replacement, price, battery",0.02549945550685614
EV1976,EV Car,Mahindra XUV400,5,The upfront price is high but government subsidy makes it affordable.,0,"Topic 0: cost, replacement cost, replacement, price, battery",0.05427867857583784
EV1977,EV Car,Hyundai Kona,4,Worried about battery degradation and replacement cost after warranty ends. Advanced safety features like ABS and traction control give peace of mind.,3,"Topic 3: ab, ab traction, control give, traction, traction control",0.30597218160454404
EV1978,EV Scooter,Bajaj Chetak,5,Fast charging network needs serious expansion on highways. Emergency braking and collision alert systems work really well in traffic.,2,"Topic 2: braking, system, work well, work, well",0.22590417919348713
EV1979,EV Scooter,TVS iQube,4,Battery performance is stable even after two years of heavy usage. Stability control on wet roads is impressive and inspires confidence.,7,"Topic 7: riding, low, smooth, level, impressively",0.18356002406800376
EV1980,EV Car,Tesla Model 3,4,"Public chargers are often broken or occupied, need more charging stations urgently. Energy used to charge still comes mostly from coal in my region, defeats the purpose somewhat.",1,"Topic 1: charge come, defeat purpose, defeat, come mostly, come",0.30440015568287443
EV1981,EV Car,BYD Atto 3,4,"Resale value of electric vehicles is still uncertain, worried about depreciation.",9,"Topic 9: dashboard, caused dashboard, caused, dashboard freeze, freeze twice",0.015858813342786358
EV1982,EV Car,Tesla Model 3,4,Software glitches caused the dashboard to freeze twice in a month.,9,"Topic 9: dashboard, caused dashboard, caused, dashboard freeze, freeze twice",0.4541679341646786
EV1983,EV Car,MG ZS EV,2,Charging infrastructure in tier 2 and tier 3 cities is almost non-existent. Insurance premium for EV is surprisingly high compared to petrol vehicles.,0,"Topic 0: cost, replacement cost, replacement, price, battery",0.02221847173768385
EV1984,EV Car,MG ZS EV,4,"The vehicle has good crash test ratings which reassured my purchase decision. The battery warranty of 5 years gives me confidence in long term reliability. Highway charging stops are rare, long distance travel is a nightmare.",8,"Topic 8: service, service center, center, appointment long, center needed",0.06956189952439494
EV1985,EV Scooter,Hero Vida V1,5,"LED lighting and digital dashboard give it a premium, modern look.",9,"Topic 9: dashboard, caused dashboard, caused, dashboard freeze, freeze twice",0.1459803170732589
EV1986,EV Car,MG ZS EV,4,"Smart key and app based lock features work flawlessly, very convenient. Stability control on wet roads is impressive and inspires confidence.",7,"Topic 7: riding, low, smooth, level, impressively",0.16662957989210583
EV1987,EV Scooter,Ola S1,4,Advanced safety features like ABS and traction control give peace of mind.,3,"Topic 3: ab, ab traction, control give, traction, traction control",0.4034444933979644
EV1988,EV Car,Hyundai Kona,4,The design looks futuristic and attracts a lot of attention on the road.,7,"Topic 7: riding, low, smooth, level, impressively",0.03791100511224609
EV1989,EV Scooter,Ola S1,3,The vehicle has good crash test ratings which reassured my purchase decision.,9,"Topic 9: dashboard, caused dashboard, caused, dashboard freeze, freeze twice",0.10256815474960541
EV1990,EV Scooter,Bajaj Chetak,3,"I'm always worried about running out of charge before reaching my destination. Waiting time for service appointment is too long, more service centers needed.",8,"Topic 8: service, service center, center, appointment long, center needed",0.28278819062848287
EV1991,EV Scooter,Bajaj Chetak,4,"Noise levels are impressively low, riding experience is very smooth and quiet.",7,"Topic 7: riding, low, smooth, level, impressively",0.3464796245824144
EV1992,EV Car,Hyundai Kona,5,Build materials feel sturdy but the design is a bit too plain compared to rivals.,8,"Topic 8: service, service center, center, appointment long, center needed",0.12733235366077575
EV1993,EV Car,BYD Atto 3,4,"The vehicle has good crash test ratings which reassured my purchase decision. Energy used to charge still comes mostly from coal in my region, defeats the purpose somewhat.",1,"Topic 1: charge come, defeat purpose, defeat, come mostly, come",0.3332796167892135
EV1994,EV Scooter,Hero Vida V1,4,"Heard about a thermal runaway incident, this has shaken my trust in EV safety.",3,"Topic 3: ab, ab traction, control give, traction, traction control",0.03209915536470071
EV1995,EV Scooter,Ather 450X,4,Finding a working charging station in my city is still very difficult.,6,"Topic 6: app, keep, update, software update, need",0.06122660181627624
EV1996,EV Scooter,TVS iQube,4,Charging infrastructure in tier 2 and tier 3 cities is almost non-existent.,0,"Topic 0: cost, replacement cost, replacement, price, battery",0.022957621508621948
EV1997,EV Scooter,Ampere Magnus,4,Price after subsidy is still higher than a comparable petrol scooter.,0,"Topic 0: cost, replacement cost, replacement, price, battery",0.029697944429557754
EV1998,EV Scooter,TVS iQube,4,Compact size makes it easy to park and maneuver in city traffic.,0,"Topic 0: cost, replacement cost, replacement, price, battery",0.030857381256915433
EV1999,EV Car,Tata Nexon EV,4,"Handling and stability at high speed feels very confident and safe. Over the air software updates are a great feature, keeps improving over time.",6,"Topic 6: app, keep, update, software update, need",0.1611873403104377
EV2000,EV Scooter,Bajaj Chetak,3,"Interior quality feels cheap for the price point, needs improvement. Battery replacement cost is almost half the price of the vehicle, very concerning. The companion app keeps crashing, needs urgent software updates.",6,"Topic 6: app, keep, update, software update, need",0.24834921152143963
EV2001,EV Scooter,Hero Vida V1,4,"LED lighting and digital dashboard give it a premium, modern look.",9,"Topic 9: dashboard, caused dashboard, caused, dashboard freeze, freeze twice",0.1459803170732589
EV2002,EV Scooter,Ampere Magnus,4,Software glitches caused the dashboard to freeze twice in a month.,9,"Topic 9: dashboard, caused dashboard, caused, dashboard freeze, freeze twice",0.4541679341646786
EV2003,EV Scooter,Ather 450X,4,"Over the air software updates are a great feature, keeps improving over time. Energy used to charge still comes mostly from coal in my region, defeats the purpose somewhat.",1,"Topic 1: charge come, defeat purpose, defeat, come mostly, come",0.31211064206786704
EV2004,EV Car,Tesla Model 3,4,"AC usage kills the range, on hot days I barely get half the claimed distance. Worried about battery degradation and replacement cost after warranty ends.",0,"Topic 0: cost, replacement cost, replacement, price, battery",0.07830442607887073
EV2005,EV Scooter,Ola S1,4,"Range drops badly in winter, I lost almost 30% range in cold weather. The vehicle has good crash test ratings which reassured my purchase decision. The battery warranty of 250 years gives me confidence in long term reliability.",7,"Topic 7: riding, low, smooth, level, impressively",0.06506051515503913
EV2006,EV Scooter,TVS iQube,4,Worried about battery degradation and replacement cost after warranty ends. Loved the color options and the overall styling of the vehicle.,0,"Topic 0: cost, replacement cost, replacement, price, battery",0.08013335995915626
EV2007,EV Scooter,Ather 450X,4,"Love the app that shows nearby charging stations, very convenient feature. Advanced safety features like ABS and traction control give peace of mind.",3,"Topic 3: ab, ab traction, control give, traction, traction control",0.30028314492829866
EV2008,EV Car,Mahindra XUV400,4,Contributing to a cleaner city is a big motivation behind going electric.,0,"Topic 0: cost, replacement cost, replacement, price, battery",0.02549945550685614
EV2009,EV Scooter,Bajaj Chetak,3,Battery performance is stable even after two years of heavy usage.,8,"Topic 8: service, service center, center, appointment long, center needed",0.052289309383214015
EV2010,EV Scooter,Bajaj Chetak,4,"Highway charging stops are rare, long distance travel is a nightmare.",8,"Topic 8: service, service center, center, appointment long, center needed",0.06565737663785687
EV2011,EV Scooter,Ather 450X,4,Software glitches caused the dashboard to freeze twice in a month.,9,"Topic 9: dashboard, caused dashboard, caused, dashboard freeze, freeze twice",0.4541679341646786
EV2012,EV Scooter,Hero Vida V1,5,Concerned about environmental impact of battery disposal and recycling.,5,"Topic 5: battery disposal, disposal recycling, concerned, environmental impact, environmental",0.4358654034600713
EV2013,EV Car,Tesla Model 3,4,Zero tailpipe emissions is the main reason I chose an electric vehicle. Emergency braking and collision alert systems work really well in traffic.,2,"Topic 2: braking, system, work well, work, well",0.23582115903866463
EV2014,EV Car,Tata Nexon EV,5,"For the price, I expected better build quality and more features. Switching to EV feels good knowing I'm reducing my carbon footprint.",8,"Topic 8: service, service center, center, appointment long, center needed",0.0777701548142984
EV2015,EV Scooter,Bajaj Chetak,3,"Noise levels are impressively low, riding experience is very smooth and quiet.",7,"Topic 7: riding, low, smooth, level, impressively",0.3464796245824144
EV2016,EV Car,Mahindra XUV400,4,The design looks futuristic and attracts a lot of attention on the road. Service center staff are not well trained to handle EV specific issues.,8,"Topic 8: service, service center, center, appointment long, center needed",0.23104377449242194
EV2017,EV Car,BYD Atto 3,4,"Worried about battery degradation and replacement cost after warranty ends. There are very few authorized service centers, had to travel 200 km for repair.",8,"Topic 8: service, service center, center, appointment long, center needed",0.17049413789329276
EV2018,EV Scooter,Hero Vida V1,4,"No proper information on how battery degrades over time, company should be transparent. The real world range is much lower than advertised, I only get 200 km on a full charge.",8,"Topic 8: service, service center, center, appointment long, center needed",0.03789320447671905
EV2019,EV Scooter,Ola S1,4,"Braking system feels sharp and responsive, regenerative braking works well.",2,"Topic 2: braking, system, work well, work, well",0.362732406370459
EV2020,EV Scooter,Ola S1,3,"Energy used to charge still comes mostly from coal in my region, defeats the purpose somewhat.",1,"Topic 1: charge come, defeat purpose, defeat, come mostly, come",0.4284350621768463
EV2021,EV Car,Mahindra XUV400,4,"AC usage kills the range, on hot days I barely get half the claimed distance.",0,"Topic 0: cost, replacement cost, replacement, price, battery",0.018164580461625075
EV2022,EV Scooter,Ampere Magnus,3,"Claimed range of 80 km is misleading, actual range is way less in city traffic. Loved the color options and the overall styling of the vehicle.",7,"Topic 7: riding, low, smooth, level, impressively",0.03204070875021007
EV2023,EV Car,MG ZS EV,4,"Smart key and app based lock features work flawlessly, very convenient. Fast charging network needs serious expansion on highways.",6,"Topic 6: app, keep, update, software update, need",0.2011722434783232
EV2024,EV Car,Hyundai Kona,4,"Advanced safety features like ABS and traction control give peace of mind. The companion app keeps crashing, needs urgent software updates.",3,"Topic 3: ab, ab traction, control give, traction, traction control",0.2848601761064199
EV2025,EV Scooter,Ampere Magnus,5,Battery range degrades faster than expected after just one year of use.,4,"Topic 4: use, daily use, daily, dropped, within month",0.06755701621713178
EV2026,EV Scooter,Ampere Magnus,3,EV subsidy scheme in my state got delayed and the discount amount reduced suddenly. Advanced safety features like ABS and traction control give peace of mind.,3,"Topic 3: ab, ab traction, control give, traction, traction control",0.28111452320982716
EV2027,EV Car,Tesla Model 3,4,"LED lighting and digital dashboard give it a premium, modern look. Home charging setup was expensive and took weeks to install.",9,"Topic 9: dashboard, caused dashboard, caused, dashboard freeze, freeze twice",0.10546558924016891
EV2028,EV Scooter,Bajaj Chetak,4,Top speed is decent for city use but not enough for highway cruising.,4,"Topic 4: use, daily use, daily, dropped, within month",0.04123417232045928
EV2029,EV Scooter,Hero Vida V1,4,The motor is powerful and pickup is much better than petrol variants. Contributing to a cleaner city is a big motivation behind going electric.,0,"Topic 0: cost, replacement cost, replacement, price, battery",0.02121970724852543
EV2030,EV Scooter,Ola S1,3,"For daily commute the range is fine but long trips are stressful because of low range. Energy used to charge still comes mostly from coal in my region, defeats the purpose somewhat. No proper information on how battery degrades over time, company should be transparent.",1,"Topic 1: charge come, defeat purpose, defeat, come mostly, come",0.26225387992993476
EV2031,EV Scooter,Bajaj Chetak,3,"Touchscreen infotainment system lags and is not very intuitive to use. Highway charging stops are rare, long distance travel is a nightmare.",4,"Topic 4: use, daily use, daily, dropped, within month",0.05644952041593544
EV2032,EV Scooter,Bajaj Chetak,5,Touchscreen infotainment system lags and is not very intuitive to use.,2,"Topic 2: braking, system, work well, work, well",0.07261313254748547
EV2033,EV Car,Mahindra XUV400,5,"There are very few authorized service centers, had to travel 100 km for repair. Braking system feels sharp and responsive, regenerative braking works well.",2,"Topic 2: braking, system, work well, work, well",0.28925345250748014
EV2034,EV Car,MG ZS EV,3,"Spare parts availability is a major issue, waited a month for a replacement part.",9,"Topic 9: dashboard, caused dashboard, caused, dashboard freeze, freeze twice",0.022143653435404812
EV2035,EV Car,Tata Nexon EV,3,Customer support over phone is helpful and resolves issues quickly.,7,"Topic 7: riding, low, smooth, level, impressively",0.029696184479411258
EV2036,EV Scooter,Ather 450X,4,"Public chargers are often broken or occupied, need more charging stations urgently. Battery health dropped to 85% within 18 months of daily use.",4,"Topic 4: use, daily use, daily, dropped, within month",0.24225339223848358
EV2037,EV Scooter,Ampere Magnus,4,The upfront price is high but government subsidy makes it affordable.,0,"Topic 0: cost, replacement cost, replacement, price, battery",0.05427867857583784
EV2038,EV Scooter,Hero Vida V1,3,"For daily commute the range is fine but long trips are stressful because of low range. Noise levels are impressively low, riding experience is very smooth and quiet.",7,"Topic 7: riding, low, smooth, level, impressively",0.29853700479480655
EV2039,EV Scooter,Ola S1,5,Advanced safety features like ABS and traction control give peace of mind.,3,"Topic 3: ab, ab traction, control give, traction, traction control",0.4034444933979644
EV2040,EV Car,Tata Nexon EV,5,Touchscreen infotainment system lags and is not very intuitive to use.,2,"Topic 2: braking, system, work well, work, well",0.07261313254748547
EV2041,EV Car,Mahindra XUV400,3,Zero tailpipe emissions is the main reason I chose an electric vehicle. For daily commute the range is fine but long trips are stressful because of low range.,7,"Topic 7: riding, low, smooth, level, impressively",0.1722577068574355
EV2042,EV Car,MG ZS EV,5,Service center staff are not well trained to handle EV specific issues.,8,"Topic 8: service, service center, center, appointment long, center needed",0.2956903099765675
EV2043,EV Car,Tata Nexon EV,4,Concerned about environmental impact of battery disposal and recycling.,5,"Topic 5: battery disposal, disposal recycling, concerned, environmental impact, environmental",0.4358654034600713
EV2044,EV Scooter,Ather 450X,4,Acceleration is smooth and instant torque makes overtaking effortless.,7,"Topic 7: riding, low, smooth, level, impressively",0.07071550902865777
EV2045,EV Scooter,Ampere Magnus,4,"Public chargers are often broken or occupied, need more charging stations urgently. The companion app keeps crashing, needs urgent software updates. Switching to EV feels good knowing I'm reducing my carbon footprint.",6,"Topic 6: app, keep, update, software update, need",0.2899044120433493
EV2046,EV Scooter,TVS iQube,3,"The companion app keeps crashing, needs urgent software updates.",6,"Topic 6: app, keep, update, software update, need",0.3913111625379394
EV2047,EV Scooter,Ampere Magnus,4,"The real world range is much lower than advertised, I only get 200 km on a full charge.",1,"Topic 1: charge come, defeat purpose, defeat, come mostly, come",0.03176010629300375
EV2048,EV Scooter,Bajaj Chetak,3,"For the price, I expected better build quality and more features. For daily commute the range is fine but long trips are stressful because of low range.",7,"Topic 7: riding, low, smooth, level, impressively",0.07885597541560561
EV2049,EV Scooter,Bajaj Chetak,4,"Navigation system integrated with range prediction is genuinely useful. Read reports about battery fires, safety is my biggest concern before buying. Handling and stability at high speed feels very confident and safe.",7,"Topic 7: riding, low, smooth, level, impressively",0.06364705186753865
EV2050,EV Car,Tata Nexon EV,4,Zero tailpipe emissions is the main reason I chose an electric vehicle.,7,"Topic 7: riding, low, smooth, level, impressively",0.15348681555202068
EV2051,EV Scooter,TVS iQube,4,Battery health dropped to 85% within 18 months of daily use. The upfront price is high but government subsidy makes it affordable.,4,"Topic 4: use, daily use, daily, dropped, within month",0.2629233075086942
EV2052,EV Car,MG ZS EV,3,"The vehicle has good crash test ratings which reassured my purchase decision. Suspension is too stiff, ride quality is uncomfortable on bad roads.",9,"Topic 9: dashboard, caused dashboard, caused, dashboard freeze, freeze twice",0.0730670417392001
EV2053,EV Car,Mahindra XUV400,3,"After sales support has been excellent, quick response and doorstep service.",8,"Topic 8: service, service center, center, appointment long, center needed",0.112987380464634
EV2054,EV Car,BYD Atto 3,4,"Heard about a thermal runaway incident, this has shaken my trust in EV safety.",3,"Topic 3: ab, ab traction, control give, traction, traction control",0.03209915536470071
EV2055,EV Car,Mahindra XUV400,3,"Running cost is much lower than petrol, saving a lot on fuel every month.",9,"Topic 9: dashboard, caused dashboard, caused, dashboard freeze, freeze twice",0.0516280875000597
EV2056,EV Scooter,Ather 450X,4,"Energy used to charge still comes mostly from coal in my region, defeats the purpose somewhat. Braking system feels sharp and responsive, regenerative braking works well.",1,"Topic 1: charge come, defeat purpose, defeat, come mostly, come",0.30003359275963354
EV2057,EV Scooter,TVS iQube,5,Battery range degrades faster than expected after just one year of use.,4,"Topic 4: use, daily use, daily, dropped, within month",0.06755701621713178
EV2058,EV Car,Tata Nexon EV,3,Zero tailpipe emissions is the main reason I chose an electric vehicle.,7,"Topic 7: riding, low, smooth, level, impressively",0.15348681555202068
EV2059,EV Car,Mahindra XUV400,3,"Loved the color options and the overall styling of the vehicle. Worried about battery degradation and replacement cost after warranty ends. Range drops badly in winter, I lost almost 30% range in cold weather.",0,"Topic 0: cost, replacement cost, replacement, price, battery",0.07260566779608352
EV2060,EV Scooter,Ola S1,4,"Software glitches caused the dashboard to freeze twice in a month. Resale value of electric vehicles is still uncertain, worried about depreciation.",9,"Topic 9: dashboard, caused dashboard, caused, dashboard freeze, freeze twice",0.3379383050366368
EV2061,EV Car,Tata Nexon EV,3,Battery health dropped to 85% within 18 months of daily use.,4,"Topic 4: use, daily use, daily, dropped, within month",0.39372037011018973
EV2062,EV Scooter,Hero Vida V1,4,Battery health dropped to 85% within 18 months of daily use.,4,"Topic 4: use, daily use, daily, dropped, within month",0.39372037011018973
EV2063,EV Car,MG ZS EV,5,"Battery replacement cost is almost half the price of the vehicle, very concerning.",0,"Topic 0: cost, replacement cost, replacement, price, battery",0.10929763693684456
EV2064,EV Car,Hyundai Kona,4,"Total cost of ownership is great once you factor in low maintenance and fuel savings. Noise levels are impressively low, riding experience is very smooth and quiet. Stability control on wet roads is impressive and inspires confidence.",7,"Topic 7: riding, low, smooth, level, impressively",0.3572205487081007
EV2065,EV Car,Tata Nexon EV,4,Insurance premium for EV is surprisingly high compared to petrol vehicles. Stability control on wet roads is impressive and inspires confidence.,7,"Topic 7: riding, low, smooth, level, impressively",0.20609284500216143
EV2066,EV Scooter,TVS iQube,3,"Energy used to charge still comes mostly from coal in my region, defeats the purpose somewhat. EV subsidy scheme in my state got delayed and the discount amount reduced suddenly.",1,"Topic 1: charge come, defeat purpose, defeat, come mostly, come",0.30494593983194307
EV2067,EV Car,Hyundai Kona,3,Battery performance is stable even after two years of heavy usage.,8,"Topic 8: service, service center, center, appointment long, center needed",0.052289309383214015
EV2068,EV Scooter,Ather 450X,3,Battery performance is stable even after two years of heavy usage.,8,"Topic 8: service, service center, center, appointment long, center needed",0.052289309383214015
EV2069,EV Scooter,Hero Vida V1,4,Software glitches caused the dashboard to freeze twice in a month. The battery warranty of 20 years gives me confidence in long term reliability. Build quality feels premium and the ride is extremely comfortable.,9,"Topic 9: dashboard, caused dashboard, caused, dashboard freeze, freeze twice",0.2787822214365108
EV2070,EV Scooter,Bajaj Chetak,4,"Zero tailpipe emissions is the main reason I chose an electric vehicle. Claimed range of 15 km is misleading, actual range is way less in city traffic. Price after subsidy is still higher than a comparable petrol scooter.",7,"Topic 7: riding, low, smooth, level, impressively",0.10790340817732878
EV2071,EV Scooter,Ather 450X,5,Concerned about environmental impact of battery disposal and recycling. The battery warranty of 20 years gives me confidence in long term reliability.,5,"Topic 5: battery disposal, disposal recycling, concerned, environmental impact, environmental",0.29865062150187976
EV2072,EV Car,MG ZS EV,4,The vehicle has good crash test ratings which reassured my purchase decision.,9,"Topic 9: dashboard, caused dashboard, caused, dashboard freeze, freeze twice",0.10256815474960541
EV2073,EV Car,BYD Atto 3,4,Contributing to a cleaner city is a big motivation behind going electric. Build quality feels premium and the ride is extremely comfortable.,8,"Topic 8: service, service center, center, appointment long, center needed",0.024004655803636116
EV2074,EV Scooter,Bajaj Chetak,4,"Braking system feels sharp and responsive, regenerative braking works well.",2,"Topic 2: braking, system, work well, work, well",0.362732406370459
EV2075,EV Scooter,Ola S1,3,"Service center staff are not well trained to handle EV specific issues. Charging takes too long, almost 6 hours for a full charge at home. Handling and stability at high speed feels very confident and safe.",8,"Topic 8: service, service center, center, appointment long, center needed",0.20005258394822067
EV2076,EV Scooter,Ather 450X,4,Acceleration is smooth and instant torque makes overtaking effortless.,7,"Topic 7: riding, low, smooth, level, impressively",0.07071550902865777
EV2077,EV Car,Hyundai Kona,5,"Waiting time for service appointment is too long, more service centers needed.",8,"Topic 8: service, service center, center, appointment long, center needed",0.3799067759679156
EV2078,EV Scooter,Ather 450X,5,"Range anxiety is real, I plan every trip around charging stops now.",9,"Topic 9: dashboard, caused dashboard, caused, dashboard freeze, freeze twice",0.026957354754958095
EV2079,EV Scooter,TVS iQube,3,Software glitches caused the dashboard to freeze twice in a month.,9,"Topic 9: dashboard, caused dashboard, caused, dashboard freeze, freeze twice",0.4541679341646786
EV2080,EV Car,Mahindra XUV400,5,"Over the air software updates are a great feature, keeps improving over time.",6,"Topic 6: app, keep, update, software update, need",0.18863644383392794
EV2081,EV Scooter,Hero Vida V1,4,"Noise levels are impressively low, riding experience is very smooth and quiet. Insurance premium for EV is surprisingly high compared to petrol vehicles.",7,"Topic 7: riding, low, smooth, level, impressively",0.27868659032810933
EV2082,EV Car,Mahindra XUV400,5,"Braking system feels sharp and responsive, regenerative braking works well. No proper information on how battery degrades over time, company should be transparent. Advanced safety features like ABS and traction control give peace of mind.",3,"Topic 3: ab, ab traction, control give, traction, traction control",0.24219883953076765
EV2083,EV Scooter,Hero Vida V1,4,Build materials feel sturdy but the design is a bit too plain compared to rivals. Contributing to a cleaner city is a big motivation behind going electric.,8,"Topic 8: service, service center, center, appointment long, center needed",0.09151251914340688
EV2084,EV Scooter,TVS iQube,5,"The battery warranty of 30 years gives me confidence in long term reliability. Energy used to charge still comes mostly from coal in my region, defeats the purpose somewhat.",1,"Topic 1: charge come, defeat purpose, defeat, come mostly, come",0.31784838238287416
EV2085,EV Scooter,Bajaj Chetak,4,"Read reports about battery fires, safety is my biggest concern before buying. Storage space under the seat is very limited, not practical for daily use.",4,"Topic 4: use, daily use, daily, dropped, within month",0.1484231255711618
EV2086,EV Car,Hyundai Kona,4,Worried about battery degradation and replacement cost after warranty ends.,0,"Topic 0: cost, replacement cost, replacement, price, battery",0.10728248170323222
EV2087,EV Car,Tata Nexon EV,4,"Running cost is much lower than petrol, saving a lot on fuel every month.",9,"Topic 9: dashboard, caused dashboard, caused, dashboard freeze, freeze twice",0.0516280875000597
EV2088,EV Scooter,TVS iQube,5,Emergency braking and collision alert systems work really well in traffic. Finding a working charging station in my city is still very difficult.,2,"Topic 2: braking, system, work well, work, well",0.25653337578306146
EV2089,EV Scooter,Ampere Magnus,4,"Interior quality feels cheap for the price point, needs improvement. Switching to EV feels good knowing I'm reducing my carbon footprint.",6,"Topic 6: app, keep, update, software update, need",0.04968466835064815
EV2090,EV Car,BYD Atto 3,3,"Interior quality feels cheap for the price point, needs improvement. Price after subsidy is still higher than a comparable petrol scooter.",0,"Topic 0: cost, replacement cost, replacement, price, battery",0.04014478895686731
EV2091,EV Scooter,Bajaj Chetak,4,Zero tailpipe emissions is the main reason I chose an electric vehicle.,7,"Topic 7: riding, low, smooth, level, impressively",0.15348681555202068
EV2092,EV Scooter,TVS iQube,3,"Smart key and app based lock features work flawlessly, very convenient. Highway charging stops are rare, long distance travel is a nightmare.",6,"Topic 6: app, keep, update, software update, need",0.1613947924297479
EV2093,EV Car,BYD Atto 3,3,"Software glitches caused the dashboard to freeze twice in a month. Switching to EV feels good knowing I'm reducing my carbon footprint. Range anxiety is real, I plan every trip around charging stops now.",9,"Topic 9: dashboard, caused dashboard, caused, dashboard freeze, freeze twice",0.2663315513112984
EV2094,EV Scooter,TVS iQube,4,"Interior quality feels cheap for the price point, needs improvement.",6,"Topic 6: app, keep, update, software update, need",0.05136137910714518
EV2095,EV Car,BYD Atto 3,5,"No proper information on how battery degrades over time, company should be transparent.",8,"Topic 8: service, service center, center, appointment long, center needed",0.052935026121235115
EV2096,EV Car,Mahindra XUV400,5,"After sales support has been excellent, quick response and doorstep service. Stability control on wet roads is impressive and inspires confidence.",7,"Topic 7: riding, low, smooth, level, impressively",0.19424448906797645
EV2097,EV Car,Tesla Model 3,5,Advanced safety features like ABS and traction control give peace of mind.,3,"Topic 3: ab, ab traction, control give, traction, traction control",0.4034444933979644
EV2098,EV Scooter,Ola S1,4,"Interior quality feels cheap for the price point, needs improvement. Touchscreen infotainment system lags and is not very intuitive to use.",2,"Topic 2: braking, system, work well, work, well",0.05019535284043707
EV2099,EV Car,BYD Atto 3,4,"Highway charging stops are rare, long distance travel is a nightmare. Touchscreen infotainment system lags and is not very intuitive to use.",4,"Topic 4: use, daily use, daily, dropped, within month",0.05644952041593544
EV2100,EV Scooter,Ather 450X,4,"Waiting time for service appointment is too long, more service centers needed. Home charging setup was expensive and took weeks to install.",8,"Topic 8: service, service center, center, appointment long, center needed",0.2969525960887828
EV2101,EV Scooter,Hero Vida V1,4,"Public chargers are often broken or occupied, need more charging stations urgently.",6,"Topic 6: app, keep, update, software update, need",0.09851726439195248
EV2102,EV Car,Tesla Model 3,3,"Had a great experience with the service team, they explained everything clearly.",8,"Topic 8: service, service center, center, appointment long, center needed",0.10310956465082646
EV2103,EV Car,MG ZS EV,3,The battery warranty of 100 years gives me confidence in long term reliability.,8,"Topic 8: service, service center, center, appointment long, center needed",0.04865305209709307
EV2104,EV Scooter,Ather 450X,4,"Battery replacement cost is almost half the price of the vehicle, very concerning.",0,"Topic 0: cost, replacement cost, replacement, price, battery",0.10929763693684456
EV2105,EV Scooter,Ather 450X,3,"Running cost is much lower than petrol, saving a lot on fuel every month. Bluetooth connectivity drops frequently while riding, very frustrating. Range anxiety is real, I plan every trip around charging stops now.",7,"Topic 7: riding, low, smooth, level, impressively",0.06502415734504424
EV2106,EV Scooter,Ola S1,4,Price after subsidy is still higher than a comparable petrol scooter.,0,"Topic 0: cost, replacement cost, replacement, price, battery",0.029697944429557754
EV2107,EV Scooter,Ather 450X,5,The design looks futuristic and attracts a lot of attention on the road.,7,"Topic 7: riding, low, smooth, level, impressively",0.03791100511224609
EV2108,EV Car,Hyundai Kona,5,Home charging setup was expensive and took weeks to install.,5,"Topic 5: battery disposal, disposal recycling, concerned, environmental impact, environmental",0.034397188509763525
EV2109,EV Car,Tata Nexon EV,4,"The motor is powerful and pickup is much better than petrol variants. Energy used to charge still comes mostly from coal in my region, defeats the purpose somewhat.",1,"Topic 1: charge come, defeat purpose, defeat, come mostly, come",0.32209520083914567
EV2110,EV Car,BYD Atto 3,4,Price after subsidy is still higher than a comparable petrol scooter.,0,"Topic 0: cost, replacement cost, replacement, price, battery",0.029697944429557754
EV2111,EV Car,Hyundai Kona,4,Build materials feel sturdy but the design is a bit too plain compared to rivals.,8,"Topic 8: service, service center, center, appointment long, center needed",0.12733235366077575
EV2112,EV Scooter,Ola S1,4,"Running cost is much lower than petrol, saving a lot on fuel every month.",9,"Topic 9: dashboard, caused dashboard, caused, dashboard freeze, freeze twice",0.0516280875000597
EV2113,EV Scooter,Hero Vida V1,4,"For the price, I expected better build quality and more features. The design looks futuristic and attracts a lot of attention on the road. Waiting time for service appointment is too long, more service centers needed.",8,"Topic 8: service, service center, center, appointment long, center needed",0.27023960855644413
EV2114,EV Car,Hyundai Kona,4,Build materials feel sturdy but the design is a bit too plain compared to rivals.,8,"Topic 8: service, service center, center, appointment long, center needed",0.12733235366077575
EV2115,EV Car,Hyundai Kona,5,"Love the app that shows nearby charging stations, very convenient feature.",6,"Topic 6: app, keep, update, software update, need",0.13873149475387614
EV2116,EV Car,BYD Atto 3,4,The upfront price is high but government subsidy makes it affordable.,0,"Topic 0: cost, replacement cost, replacement, price, battery",0.05427867857583784
EV2117,EV Car,Tata Nexon EV,4,"Compact size makes it easy to park and maneuver in city traffic. Running cost is much lower than petrol, saving a lot on fuel every month.",0,"Topic 0: cost, replacement cost, replacement, price, battery",0.054021921462537974
EV2118,EV Car,MG ZS EV,4,Total cost of ownership is great once you factor in low maintenance and fuel savings.,7,"Topic 7: riding, low, smooth, level, impressively",0.05644573421802956
EV2119,EV Scooter,Ather 450X,4,"Braking system feels sharp and responsive, regenerative braking works well. The battery warranty of 3 years gives me confidence in long term reliability.",2,"Topic 2: braking, system, work well, work, well",0.2671363912267117
EV2120,EV Car,BYD Atto 3,5,"Resale value of electric vehicles is still uncertain, worried about depreciation.",9,"Topic 9: dashboard, caused dashboard, caused, dashboard freeze, freeze twice",0.015858813342786358
EV2121,EV Scooter,Ather 450X,3,"Insurance premium for EV is surprisingly high compared to petrol vehicles. Energy used to charge still comes mostly from coal in my region, defeats the purpose somewhat.",1,"Topic 1: charge come, defeat purpose, defeat, come mostly, come",0.3421056237746848
EV2122,EV Scooter,Ather 450X,3,"The companion app keeps crashing, needs urgent software updates.",6,"Topic 6: app, keep, update, software update, need",0.3913111625379394
EV2123,EV Car,Tata Nexon EV,4,Fast charging network needs serious expansion on highways. Battery health dropped to 85% within 18 months of daily use.,4,"Topic 4: use, daily use, daily, dropped, within month",0.2729087665899446
EV2124,EV Car,Mahindra XUV400,4,Insurance premium for EV is surprisingly high compared to petrol vehicles. Zero tailpipe emissions is the main reason I chose an electric vehicle.,7,"Topic 7: riding, low, smooth, level, impressively",0.12793222573218743
EV2125,EV Car,Hyundai Kona,4,EV subsidy scheme in my state got delayed and the discount amount reduced suddenly.,8,"Topic 8: service, service center, center, appointment long, center needed",0.01521381996855034
EV2126,EV Scooter,Ola S1,3,"Battery replacement cost is almost half the price of the vehicle, very concerning.",0,"Topic 0: cost, replacement cost, replacement, price, battery",0.10929763693684456
EV2127,EV Scooter,Bajaj Chetak,5,For daily commute the range is fine but long trips are stressful because of low range.,7,"Topic 7: riding, low, smooth, level, impressively",0.09687328225076879
EV2128,EV Scooter,Ola S1,4,Stability control on wet roads is impressive and inspires confidence.,7,"Topic 7: riding, low, smooth, level, impressively",0.25999823105925624
EV2129,EV Car,Hyundai Kona,4,Touchscreen infotainment system lags and is not very intuitive to use.,2,"Topic 2: braking, system, work well, work, well",0.07261313254748547
EV2130,EV Scooter,Ampere Magnus,4,"Battery health dropped to 85% within 18 months of daily use. Over the air software updates are a great feature, keeps improving over time.",4,"Topic 4: use, daily use, daily, dropped, within month",0.25019212899172183
EV2131,EV Car,Tata Nexon EV,4,"Bluetooth connectivity drops frequently while riding, very frustrating.",7,"Topic 7: riding, low, smooth, level, impressively",0.10316261143529813
EV2132,EV Scooter,Bajaj Chetak,3,"Spare parts availability is a major issue, waited a month for a replacement part. Finding a working charging station in my city is still very difficult.",6,"Topic 6: app, keep, update, software update, need",0.030965612798286433
EV2133,EV Car,Mahindra XUV400,5,"Had a great experience with the service team, they explained everything clearly.",8,"Topic 8: service, service center, center, appointment long, center needed",0.10310956465082646
EV2134,EV Scooter,Ampere Magnus,5,"Storage space under the seat is very limited, not practical for daily use.",4,"Topic 4: use, daily use, daily, dropped, within month",0.1489749552724736
EV2135,EV Car,MG ZS EV,4,I'm always worried about running out of charge before reaching my destination.,9,"Topic 9: dashboard, caused dashboard, caused, dashboard freeze, freeze twice",0.046160397272723315
EV2136,EV Scooter,Ampere Magnus,3,The upfront price is high but government subsidy makes it affordable. Worried about battery degradation and replacement cost after warranty ends.,0,"Topic 0: cost, replacement cost, replacement, price, battery",0.11315006458865816
EV2137,EV Car,Tesla Model 3,4,"Read reports about battery fires, safety is my biggest concern before buying. Insurance premium for EV is surprisingly high compared to petrol vehicles. Loved the color options and the overall styling of the vehicle.",4,"Topic 4: use, daily use, daily, dropped, within month",0.03745157455897793
EV2138,EV Scooter,Ampere Magnus,4,"LED lighting and digital dashboard give it a premium, modern look.",9,"Topic 9: dashboard, caused dashboard, caused, dashboard freeze, freeze twice",0.1459803170732589
EV2139,EV Car,Tata Nexon EV,5,Insurance premium for EV is surprisingly high compared to petrol vehicles.,7,"Topic 7: riding, low, smooth, level, impressively",0.02615054439024567
EV2140,EV Scooter,Ola S1,4,"Highway charging stops are rare, long distance travel is a nightmare. Energy used to charge still comes mostly from coal in my region, defeats the purpose somewhat.",1,"Topic 1: charge come, defeat purpose, defeat, come mostly, come",0.32186457467399854
EV2141,EV Scooter,Hero Vida V1,3,"Battery health dropped to 85% within 18 months of daily use. Suspension is too stiff, ride quality is uncomfortable on bad roads.",4,"Topic 4: use, daily use, daily, dropped, within month",0.2613539395454684
EV2142,EV Car,Mahindra XUV400,3,"Over the air software updates are a great feature, keeps improving over time. The upfront price is high but government subsidy makes it affordable. No proper information on how battery degrades over time, company should be transparent.",6,"Topic 6: app, keep, update, software update, need",0.1231675163363967
EV2143,EV Car,MG ZS EV,5,Switching to EV feels good knowing I'm reducing my carbon footprint.,8,"Topic 8: service, service center, center, appointment long, center needed",0.0701157381403301
EV2144,EV Car,Tata Nexon EV,4,"Public chargers are often broken or occupied, need more charging stations urgently. After sales support has been excellent, quick response and doorstep service.",8,"Topic 8: service, service center, center, appointment long, center needed",0.0729848313881994
EV2145,EV Car,BYD Atto 3,4,Finding a working charging station in my city is still very difficult.,6,"Topic 6: app, keep, update, software update, need",0.06122660181627624
EV2146,EV Car,Hyundai Kona,1,"Highway charging stops are rare, long distance travel is a nightmare. EV subsidy scheme in my state got delayed and the discount amount reduced suddenly. Battery range degrades faster than expected after just one year of use.",8,"Topic 8: service, service center, center, appointment long, center needed",0.0514594468531878
EV2147,EV Scooter,TVS iQube,4,Top speed is decent for city use but not enough for highway cruising.,4,"Topic 4: use, daily use, daily, dropped, within month",0.04123417232045928
EV2148,EV Car,Hyundai Kona,3,Top speed is decent for city use but not enough for highway cruising.,4,"Topic 4: use, daily use, daily, dropped, within month",0.04123417232045928
EV2149,EV Car,Tata Nexon EV,3,"Range drops badly in winter, I lost almost 30% range in cold weather.",7,"Topic 7: riding, low, smooth, level, impressively",0.06257870840187371
EV2150,EV Scooter,Hero Vida V1,4,"Energy used to charge still comes mostly from coal in my region, defeats the purpose somewhat. Bluetooth connectivity drops frequently while riding, very frustrating.",1,"Topic 1: charge come, defeat purpose, defeat, come mostly, come",0.3360894290360636
EV2151,EV Car,Tata Nexon EV,4,Battery range degrades faster than expected after just one year of use. The motor is powerful and pickup is much better than petrol variants.,4,"Topic 4: use, daily use, daily, dropped, within month",0.049431928934114244
EV2152,EV Scooter,Bajaj Chetak,4,Software glitches caused the dashboard to freeze twice in a month.,9,"Topic 9: dashboard, caused dashboard, caused, dashboard freeze, freeze twice",0.4541679341646786
EV2153,EV Car,Tesla Model 3,5,Battery performance is stable even after two years of heavy usage. Stability control on wet roads is impressive and inspires confidence.,7,"Topic 7: riding, low, smooth, level, impressively",0.18356002406800376
EV2154,EV Car,MG ZS EV,5,Emergency braking and collision alert systems work really well in traffic.,2,"Topic 2: braking, system, work well, work, well",0.31909778238262776
EV2155,EV Car,Mahindra XUV400,5,Price after subsidy is still higher than a comparable petrol scooter.,0,"Topic 0: cost, replacement cost, replacement, price, battery",0.029697944429557754
EV2156,EV Car,Tesla Model 3,5,I'm always worried about running out of charge before reaching my destination.,9,"Topic 9: dashboard, caused dashboard, caused, dashboard freeze, freeze twice",0.046160397272723315
EV2157,EV Scooter,Bajaj Chetak,4,Software glitches caused the dashboard to freeze twice in a month.,9,"Topic 9: dashboard, caused dashboard, caused, dashboard freeze, freeze twice",0.4541679341646786
EV2158,EV Car,Tesla Model 3,5,Fast charging network needs serious expansion on highways. Handling and stability at high speed feels very confident and safe.,6,"Topic 6: app, keep, update, software update, need",0.0772434295283031
EV2159,EV Scooter,Bajaj Chetak,3,Price after subsidy is still higher than a comparable petrol scooter.,0,"Topic 0: cost, replacement cost, replacement, price, battery",0.029697944429557754
EV2160,EV Scooter,Ola S1,3,Fast charging network needs serious expansion on highways. Handling and stability at high speed feels very confident and safe.,6,"Topic 6: app, keep, update, software update, need",0.0772434295283031
EV2161,EV Scooter,Ather 450X,3,Service center staff are not well trained to handle EV specific issues.,8,"Topic 8: service, service center, center, appointment long, center needed",0.2956903099765675
EV2162,EV Car,Mahindra XUV400,3,Battery performance is stable even after two years of heavy usage.,8,"Topic 8: service, service center, center, appointment long, center needed",0.052289309383214015
EV2163,EV Car,Tata Nexon EV,4,"Braking system feels sharp and responsive, regenerative braking works well. Battery health dropped to 85% within 18 months of daily use.",2,"Topic 2: braking, system, work well, work, well",0.2792119537369294
EV2164,EV Scooter,Hero Vida V1,3,"No proper information on how battery degrades over time, company should be transparent.",8,"Topic 8: service, service center, center, appointment long, center needed",0.052935026121235115
EV2165,EV Car,BYD Atto 3,4,"Charging takes too long, almost 6 hours for a full charge at home.",1,"Topic 1: charge come, defeat purpose, defeat, come mostly, come",0.04253603981861929
EV2166,EV Scooter,Hero Vida V1,4,The design looks futuristic and attracts a lot of attention on the road.,7,"Topic 7: riding, low, smooth, level, impressively",0.03791100511224609
EV2167,EV Scooter,Ather 450X,2,"Battery replacement cost is almost half the price of the vehicle, very concerning.",0,"Topic 0: cost, replacement cost, replacement, price, battery",0.10929763693684456
EV2168,EV Scooter,TVS iQube,4,"Noise levels are impressively low, riding experience is very smooth and quiet.",7,"Topic 7: riding, low, smooth, level, impressively",0.3464796245824144
EV2169,EV Scooter,TVS iQube,4,Stability control on wet roads is impressive and inspires confidence.,7,"Topic 7: riding, low, smooth, level, impressively",0.25999823105925624
EV2170,EV Scooter,TVS iQube,5,"Finding a working charging station in my city is still very difficult. No proper information on how battery degrades over time, company should be transparent. Braking system feels sharp and responsive, regenerative braking works well.",2,"Topic 2: braking, system, work well, work, well",0.25636524400427524
EV2171,EV Scooter,Hero Vida V1,4,Software glitches caused the dashboard to freeze twice in a month.,9,"Topic 9: dashboard, caused dashboard, caused, dashboard freeze, freeze twice",0.4541679341646786
EV2172,EV Scooter,TVS iQube,3,"Resale value of electric vehicles is still uncertain, worried about depreciation. Range drops badly in winter, I lost almost 30% range in cold weather.",7,"Topic 7: riding, low, smooth, level, impressively",0.0503982676146272
EV2173,EV Car,Mahindra XUV400,5,"Home charging setup was expensive and took weeks to install. Acceleration is smooth and instant torque makes overtaking effortless. The companion app keeps crashing, needs urgent software updates.",6,"Topic 6: app, keep, update, software update, need",0.238198922944818
EV2174,EV Scooter,Ampere Magnus,4,The upfront price is high but government subsidy makes it affordable.,0,"Topic 0: cost, replacement cost, replacement, price, battery",0.05427867857583784
EV2175,EV Car,MG ZS EV,4,Zero tailpipe emissions is the main reason I chose an electric vehicle.,7,"Topic 7: riding, low, smooth, level, impressively",0.15348681555202068
EV2176,EV Scooter,Hero Vida V1,5,"Waiting time for service appointment is too long, more service centers needed.",8,"Topic 8: service, service center, center, appointment long, center needed",0.3799067759679156
EV2177,EV Scooter,TVS iQube,4,"Public chargers are often broken or occupied, need more charging stations urgently.",6,"Topic 6: app, keep, update, software update, need",0.09851726439195248
EV2178,EV Scooter,Hero Vida V1,5,"Waiting time for service appointment is too long, more service centers needed.",8,"Topic 8: service, service center, center, appointment long, center needed",0.3799067759679156
EV2179,EV Car,BYD Atto 3,3,"The design looks futuristic and attracts a lot of attention on the road. After sales support has been excellent, quick response and doorstep service. Worried about battery degradation and replacement cost after warranty ends.",8,"Topic 8: service, service center, center, appointment long, center needed",0.07455716208787481
EV2180,EV Car,Mahindra XUV400,5,"Navigation system integrated with range prediction is genuinely useful. Public chargers are often broken or occupied, need more charging stations urgently.",6,"Topic 6: app, keep, update, software update, need",0.0706902535171357
EV2181,EV Car,Tesla Model 3,5,Battery range degrades faster than expected after just one year of use.,4,"Topic 4: use, daily use, daily, dropped, within month",0.06755701621713178
EV2182,EV Scooter,Ola S1,4,Worried about battery degradation and replacement cost after warranty ends.,0,"Topic 0: cost, replacement cost, replacement, price, battery",0.10728248170323222
EV2183,EV Scooter,Ola S1,4,"After sales support has been excellent, quick response and doorstep service.",8,"Topic 8: service, service center, center, appointment long, center needed",0.112987380464634
EV2184,EV Car,Mahindra XUV400,5,"Range anxiety is real, I plan every trip around charging stops now.",9,"Topic 9: dashboard, caused dashboard, caused, dashboard freeze, freeze twice",0.026957354754958095
EV2185,EV Scooter,Ather 450X,4,The motor is powerful and pickup is much better than petrol variants.,5,"Topic 5: battery disposal, disposal recycling, concerned, environmental impact, environmental",0.012919841213890379
EV2186,EV Car,Tesla Model 3,5,Total cost of ownership is great once you factor in low maintenance and fuel savings.,7,"Topic 7: riding, low, smooth, level, impressively",0.05644573421802956
EV2187,EV Scooter,Ather 450X,4,Concerned about environmental impact of battery disposal and recycling.,5,"Topic 5: battery disposal, disposal recycling, concerned, environmental impact, environmental",0.4358654034600713
EV2188,EV Scooter,Ather 450X,3,"Spare parts availability is a major issue, waited a month for a replacement part.",9,"Topic 9: dashboard, caused dashboard, caused, dashboard freeze, freeze twice",0.022143653435404812
EV2189,EV Car,Mahindra XUV400,4,Build materials feel sturdy but the design is a bit too plain compared to rivals.,8,"Topic 8: service, service center, center, appointment long, center needed",0.12733235366077575
EV2190,EV Car,BYD Atto 3,4,"Total cost of ownership is great once you factor in low maintenance and fuel savings. Noise levels are impressively low, riding experience is very smooth and quiet.",7,"Topic 7: riding, low, smooth, level, impressively",0.26154897434644325
EV2191,EV Car,Hyundai Kona,5,Zero tailpipe emissions is the main reason I chose an electric vehicle.,7,"Topic 7: riding, low, smooth, level, impressively",0.15348681555202068
EV2192,EV Car,Hyundai Kona,3,Advanced safety features like ABS and traction control give peace of mind. Loved the color options and the overall styling of the vehicle.,3,"Topic 3: ab, ab traction, control give, traction, traction control",0.31833268812600984
EV2193,EV Car,Hyundai Kona,4,The upfront price is high but government subsidy makes it affordable. Service center staff are not well trained to handle EV specific issues.,8,"Topic 8: service, service center, center, appointment long, center needed",0.21414587731372656
EV2194,EV Scooter,Ather 450X,5,Battery performance is stable even after two years of heavy usage.,8,"Topic 8: service, service center, center, appointment long, center needed",0.052289309383214015
EV2195,EV Scooter,Ampere Magnus,4,"Braking system feels sharp and responsive, regenerative braking works well.",2,"Topic 2: braking, system, work well, work, well",0.362732406370459
EV2196,EV Scooter,Ampere Magnus,4,"Noise levels are impressively low, riding experience is very smooth and quiet.",7,"Topic 7: riding, low, smooth, level, impressively",0.3464796245824144
EV2197,EV Car,Hyundai Kona,4,Service center staff are not well trained to handle EV specific issues.,8,"Topic 8: service, service center, center, appointment long, center needed",0.2956903099765675
EV2198,EV Car,Tesla Model 3,4,Concerned about environmental impact of battery disposal and recycling.,5,"Topic 5: battery disposal, disposal recycling, concerned, environmental impact, environmental",0.4358654034600713
EV2199,EV Car,Tesla Model 3,4,"Touchscreen infotainment system lags and is not very intuitive to use. Battery replacement cost is almost half the price of the vehicle, very concerning. Energy used to charge still comes mostly from coal in my region, defeats the purpose somewhat.",1,"Topic 1: charge come, defeat purpose, defeat, come mostly, come",0.2914139370933124
